1.015419e+00 1.013348e+00 1.014979e+00 1.016856e+00 1.010160e+00 9.979835e-01 9.866077e-01 9.778284e-01 9.737002e-01 9.722635e-01 9.749964e-01 9.754707e-01 9.669539e-01 9.611624e-01 9.632422e-01 9.615349e-01 9.519501e-01 9.467439e-01 9.464579e-01 9.470030e-01 9.525824e-01 9.496150e-01 9.426890e-01 9.378541e-01 9.386628e-01 9.385452e-01 9.362993e-01 9.366487e-01 9.381183e-01 9.418432e-01 9.411159e-01 9.392086e-01 9.418722e-01 9.443038e-01 9.467034e-01 9.443691e-01 9.447103e-01 9.477602e-01 9.529176e-01 9.579016e-01 9.565665e-01 9.590062e-01 9.634077e-01 9.643591e-01 9.606826e-01 9.573811e-01 9.611570e-01 9.608203e-01 9.617460e-01 9.688002e-01 9.769484e-01 9.807538e-01 9.778991e-01 9.736712e-01 9.734096e-01 9.745132e-01 9.813066e-01 9.830123e-01 9.840739e-01 9.812976e-01 9.767274e-01 9.750732e-01 9.762101e-01 9.787017e-01 9.791932e-01 9.799125e-01 9.805953e-01 9.794153e-01 9.819386e-01 9.816009e-01 9.847528e-01 9.877315e-01 9.890199e-01 9.852737e-01 9.813218e-01 9.760648e-01 9.707544e-01 9.700147e-01 9.703735e-01 9.775255e-01 9.869436e-01 9.879989e-01 9.871180e-01 9.893587e-01 9.859829e-01 9.742786e-01 9.676428e-01 9.648005e-01 9.673992e-01 9.612368e-01 9.562661e-01 9.643145e-01 9.711905e-01 9.699399e-01 9.662295e-01 9.639222e-01 9.615700e-01 9.657154e-01 9.699570e-01 9.688088e-01 9.655226e-01 9.655768e-01 9.681045e-01 9.678997e-01 9.654385e-01 9.615612e-01 9.585119e-01 9.597898e-01 9.594476e-01 9.533967e-01 9.516481e-01 9.476187e-01 9.493400e-01 9.463474e-01 9.408923e-01 9.334931e-01 9.325718e-01 9.347728e-01 9.375511e-01 9.370291e-01 9.375556e-01 9.379298e-01 9.341166e-01 9.342293e-01 9.385624e-01 9.353464e-01 9.262756e-01 9.192758e-01 9.149622e-01 9.185021e-01 9.255617e-01 9.330944e-01 9.350206e-01 9.408370e-01 9.367030e-01 9.317135e-01 9.292237e-01 9.290879e-01 9.318550e-01 9.301193e-01 9.354979e-01 9.426509e-01 9.429107e-01 9.418588e-01 9.402784e-01 9.439981e-01 9.424382e-01 9.380104e-01 9.332528e-01 9.305996e-01 9.327819e-01 9.344517e-01 9.302747e-01 9.315090e-01 9.349813e-01 9.338937e-01 9.340569e-01 9.318479e-01 9.280017e-01 9.301811e-01 9.325495e-01 9.278247e-01 9.234822e-01 9.243754e-01 9.264126e-01 9.263759e-01 9.272832e-01 9.252473e-01 9.248629e-01 9.227073e-01 9.207196e-01 9.233288e-01 9.248561e-01 9.229962e-01 9.230884e-01 9.218627e-01 9.270104e-01 9.276514e-01 9.299263e-01 9.382035e-01 9.435182e-01 9.459062e-01 9.418476e-01 9.418118e-01 9.491686e-01 9.536036e-01 9.591405e-01 9.633353e-01 9.663750e-01 9.682411e-01 9.649509e-01 9.603803e-01 9.653790e-01 9.696494e-01 9.700130e-01 9.677078e-01 9.661402e-01 9.709229e-01 9.759538e-01 9.794512e-01 9.753319e-01 9.728128e-01 9.734389e-01 9.774776e-01 9.820289e-01 9.837701e-01 9.827724e-01 9.852080e-01 9.863061e-01 9.866889e-01 9.872932e-01 9.892016e-01 9.862482e-01 9.848765e-01 9.832279e-01 9.791155e-01 9.753164e-01 9.778447e-01 9.809765e-01 9.812357e-01 9.837765e-01 9.856358e-01 9.826167e-01 9.787107e-01 9.787209e-01 9.810746e-01 9.793038e-01 9.800285e-01 9.836227e-01 9.915743e-01 9.963125e-01 1.002312e+00 1.010286e+00 1.013750e+00 1.014942e+00 1.019547e+00 1.018214e+00 1.014824e+00 1.012739e+00 1.012011e+00 1.011559e+00 9.990540e-01 9.795827e-01 9.795613e-01 9.755305e-01 9.788491e-01 9.600400e-01 9.509834e-01 9.675125e-01 9.663102e-01 9.352774e-01 9.745439e-01 9.785323e-01 9.703442e-01 9.821404e-01 9.005558e-01
1.005319e+00 1.002179e+00 1.002501e+00 1.004591e+00 9.980348e-01 9.871396e-01 9.718066e-01 9.612384e-01 9.596325e-01 9.644639e-01 9.708115e-01 9.727156e-01 9.677748e-01 9.632144e-01 9.596400e-01 9.513003e-01 9.434466e-01 9.416988e-01 9.415829e-01 9.412559e-01 9.442549e-01 9.429526e-01 9.377213e-01 9.350144e-01 9.371069e-01 9.328598e-01 9.291515e-01 9.311693e-01 9.325576e-01 9.326185e-01 9.319342e-01 9.355708e-01 9.382014e-01 9.367687e-01 9.383144e-01 9.364862e-01 9.363756e-01 9.411421e-01 9.465537e-01 9.495030e-01 9.522791e-01 9.533192e-01 9.509770e-01 9.469376e-01 9.510344e-01 9.561107e-01 9.572440e-01 9.534366e-01 9.574897e-01 9.637843e-01 9.682308e-01 9.698718e-01 9.733661e-01 9.735402e-01 9.707894e-01 9.639444e-01 9.657342e-01 9.735960e-01 9.782385e-01 9.753107e-01 9.750576e-01 9.754894e-01 9.714999e-01 9.736333e-01 9.822367e-01 9.830458e-01 9.774517e-01 9.732565e-01 9.730622e-01 9.744430e-01 9.794523e-01 9.828470e-01 9.848440e-01 9.879766e-01 9.818618e-01 9.725714e-01 9.683309e-01 9.693875e-01 9.708500e-01 9.729643e-01 9.809589e-01 9.822004e-01 9.839960e-01 9.837595e-01 9.788136e-01 9.713132e-01 9.694040e-01 9.668056e-01 9.636503e-01 9.563045e-01 9.617549e-01 9.680352e-01 9.659790e-01 9.557326e-01 9.518960e-01 9.562747e-01 9.543871e-01 9.571718e-01 9.626103e-01 9.650750e-01 9.603535e-01 9.572236e-01 9.587324e-01 9.618394e-01 9.606286e-01 9.560293e-01 9.563739e-01 9.568924e-01 9.510677e-01 9.432976e-01 9.467140e-01 9.484257e-01 9.474314e-01 9.414767e-01 9.382438e-01 9.358712e-01 9.343870e-01 9.308262e-01 9.333012e-01 9.341105e-01 9.355101e-01 9.448417e-01 9.413732e-01 9.359664e-01 9.323314e-01 9.303498e-01 9.276167e-01 9.234329e-01 9.195801e-01 9.246162e-01 9.328202e-01 9.414619e-01 9.451675e-01 9.505993e-01 9.469901e-01 9.394192e-01 9.382010e-01 9.364839e-01 9.286050e-01 9.296829e-01 9.404966e-01 9.462265e-01 9.445483e-01 9.433436e-01 9.433657e-01 9.437560e-01 9.447969e-01 9.424204e-01 9.367513e-01 9.357712e-01 9.349588e-01 9.334671e-01 9.321170e-01 9.312578e-01 9.323509e-01 9.345443e-01 9.334597e-01 9.291598e-01 9.244373e-01 9.289489e-01 9.318022e-01 9.230137e-01 9.203939e-01 9.233423e-01 9.276245e-01 9.242073e-01 9.254202e-01 9.244350e-01 9.233325e-01 9.267706e-01 9.279346e-01 9.259112e-01 9.253334e-01 9.240988e-01 9.173716e-01 9.118572e-01 9.165426e-01 9.221175e-01 9.258534e-01 9.341850e-01 9.374936e-01 9.414862e-01 9.387984e-01 9.375691e-01 9.430934e-01 9.537964e-01 9.607401e-01 9.617403e-01 9.643691e-01 9.568701e-01 9.463794e-01 9.481490e-01 9.580615e-01 9.634615e-01 9.656622e-01 9.652931e-01 9.647226e-01 9.689602e-01 9.733930e-01 9.730289e-01 9.726130e-01 9.738078e-01 9.748349e-01 9.766547e-01 9.795393e-01 9.836742e-01 9.861904e-01 9.838362e-01 9.865253e-01 9.886104e-01 9.854730e-01 9.801365e-01 9.800801e-01 9.790686e-01 9.749849e-01 9.725378e-01 9.684603e-01 9.692796e-01 9.733279e-01 9.729000e-01 9.748955e-01 9.763989e-01 9.738353e-01 9.703532e-01 9.717967e-01 9.748490e-01 9.744487e-01 9.743008e-01 9.782320e-01 9.856021e-01 9.907522e-01 9.951155e-01 1.005036e+00 1.012629e+00 1.013965e+00 1.014667e+00 1.010016e+00 1.007937e+00 1.005910e+00 1.004277e+00 1.000744e+00 9.960298e-01 9.808658e-01 9.792012e-01 9.711218e-01 9.608871e-01 9.516007e-01 9.435807e-01 9.667631e-01 9.565095e-01 9.193612e-01 9.107684e-01 9.198389e-01 9.067007e-01 9.247400e-01 8.473976e-01
1.007344e+00 1.004401e+00 9.993309e-01 9.976584e-01 9.973059e-01 9.883984e-01 9.762636e-01 9.667103e-01 9.753215e-01 9.764975e-01 9.775846e-01 9.728953e-01 9.641065e-01 9.588416e-01 9.613944e-01 9.594291e-01 9.517756e-01 9.421861e-01 9.418206e-01 9.395134e-01 9.386492e-01 9.392733e-01 9.367467e-01 9.340801e-01 9.327828e-01 9.258024e-01 9.230760e-01 9.242542e-01 9.248657e-01 9.261581e-01 9.265002e-01 9.279869e-01 9.341852e-01 9.397127e-01 9.423987e-01 9.399235e-01 9.355436e-01 9.377413e-01 9.471080e-01 9.477465e-01 9.445426e-01 9.426212e-01 9.433122e-01 9.452647e-01 9.531919e-01 9.606543e-01 9.657706e-01 9.656013e-01 9.659009e-01 9.691223e-01 9.703806e-01 9.731239e-01 9.744383e-01 9.728920e-01 9.673917e-01 9.635375e-01 9.649572e-01 9.680828e-01 9.694144e-01 9.713897e-01 9.759045e-01 9.750631e-01 9.688358e-01 9.697418e-01 9.742478e-01 9.750528e-01 9.741204e-01 9.709700e-01 9.713188e-01 9.722634e-01 9.752777e-01 9.792416e-01 9.806554e-01 9.830284e-01 9.761140e-01 9.682320e-01 9.643099e-01 9.660394e-01 9.681568e-01 9.711917e-01 9.788382e-01 9.817162e-01 9.808840e-01 9.822602e-01 9.772044e-01 9.716761e-01 9.735154e-01 9.692733e-01 9.646761e-01 9.568438e-01 9.568287e-01 9.611033e-01 9.562682e-01 9.459808e-01 9.446557e-01 9.483381e-01 9.504320e-01 9.551569e-01 9.588182e-01 9.571329e-01 9.526328e-01 9.511808e-01 9.479248e-01 9.474564e-01 9.466523e-01 9.452549e-01 9.470165e-01 9.475928e-01 9.474385e-01 9.482534e-01 9.495362e-01 9.515228e-01 9.449009e-01 9.351684e-01 9.305020e-01 9.335790e-01 9.397392e-01 9.430810e-01 9.448274e-01 9.455717e-01 9.498610e-01 9.551956e-01 9.531876e-01 9.421384e-01 9.410440e-01 9.408818e-01 9.444444e-01 9.441649e-01 9.424937e-01 9.481578e-01 9.541519e-01 9.590970e-01 9.589673e-01 9.575559e-01 9.558592e-01 9.520536e-01 9.513416e-01 9.507461e-01 9.427362e-01 9.364959e-01 9.403419e-01 9.427829e-01 9.409649e-01 9.448856e-01 9.516701e-01 9.544193e-01 9.539344e-01 9.548467e-01 9.538153e-01 9.489915e-01 9.483910e-01 9.479336e-01 9.443982e-01 9.431486e-01 9.425420e-01 9.436200e-01 9.411969e-01 9.357084e-01 9.336637e-01 9.351543e-01 9.334794e-01 9.303042e-01 9.326631e-01 9.350098e-01 9.379576e-01 9.339886e-01 9.331091e-01 9.335488e-01 9.403661e-01 9.384554e-01 9.404966e-01 9.390074e-01 9.406870e-01 9.411600e-01 9.354992e-01 9.267979e-01 9.289157e-01 9.349960e-01 9.387077e-01 9.387180e-01 9.406729e-01 9.491188e-01 9.477019e-01 9.503042e-01 9.561247e-01 9.583429e-01 9.612261e-01 9.638159e-01 9.621667e-01 9.583828e-01 9.599181e-01 9.635086e-01 9.690551e-01 9.706226e-01 9.699740e-01 9.655135e-01 9.629718e-01 9.649015e-01 9.693971e-01 9.666933e-01 9.622654e-01 9.632705e-01 9.696150e-01 9.738417e-01 9.787161e-01 9.822131e-01 9.803999e-01 9.833277e-01 9.856207e-01 9.829116e-01 9.769678e-01 9.728736e-01 9.731010e-01 9.737993e-01 9.709809e-01 9.679276e-01 9.691511e-01 9.739043e-01 9.751056e-01 9.729726e-01 9.757184e-01 9.768476e-01 9.746419e-01 9.710668e-01 9.708608e-01 9.734458e-01 9.750995e-01 9.765743e-01 9.814276e-01 9.910188e-01 9.947128e-01 9.976228e-01 1.007522e+00 1.015360e+00 1.015828e+00 1.010246e+00 1.004852e+00 1.008688e+00 1.013529e+00 1.015238e+00 1.011067e+00 1.000007e+00 9.927176e-01 9.911702e-01 9.925683e-01 9.922619e-01 9.685454e-01 9.539939e-01 9.781398e-01 9.535182e-01 9.069117e-01 9.541152e-01 9.870929e-01 9.408505e-01 9.189529e-01 8.703292e-01
1.004584e+00 1.000216e+00 9.982395e-01 9.928627e-01 9.928569e-01 9.827439e-01 9.663683e-01 9.586775e-01 9.695569e-01 9.730431e-01 9.683396e-01 9.719430e-01 9.656901e-01 9.548814e-01 9.493600e-01 9.458407e-01 9.383861e-01 9.327976e-01 9.323047e-01 9.302065e-01 9.268065e-01 9.269498e-01 9.238140e-01 9.234334e-01 9.238428e-01 9.182728e-01 9.158153e-01 9.169300e-01 9.175403e-01 9.198455e-01 9.210181e-01 9.200658e-01 9.218612e-01 9.219322e-01 9.239222e-01 9.218724e-01 9.215903e-01 9.290237e-01 9.397393e-01 9.433215e-01 9.432001e-01 9.415554e-01 9.404146e-01 9.389960e-01 9.436933e-01 9.487857e-01 9.512789e-01 9.545958e-01 9.565919e-01 9.593059e-01 9.600251e-01 9.646251e-01 9.665716e-01 9.609779e-01 9.539402e-01 9.506546e-01 9.559020e-01 9.628053e-01 9.636178e-01 9.614218e-01 9.611813e-01 9.601815e-01 9.598751e-01 9.609061e-01 9.642189e-01 9.655618e-01 9.646282e-01 9.632216e-01 9.681481e-01 9.661350e-01 9.609159e-01 9.654988e-01 9.693819e-01 9.717947e-01 9.675868e-01 9.608852e-01 9.598546e-01 9.603495e-01 9.594998e-01 9.609254e-01 9.699566e-01 9.716265e-01 9.693949e-01 9.704356e-01 9.707776e-01 9.677398e-01 9.676296e-01 9.634562e-01 9.526752e-01 9.448298e-01 9.452457e-01 9.474400e-01 9.501165e-01 9.455956e-01 9.436893e-01 9.481807e-01 9.476482e-01 9.487457e-01 9.507489e-01 9.522123e-01 9.488082e-01 9.471000e-01 9.437929e-01 9.467534e-01 9.466947e-01 9.420779e-01 9.404333e-01 9.391941e-01 9.339694e-01 9.357648e-01 9.349222e-01 9.409085e-01 9.362851e-01 9.278340e-01 9.223680e-01 9.234763e-01 9.284398e-01 9.282590e-01 9.383210e-01 9.435902e-01 9.441742e-01 9.478154e-01 9.431224e-01 9.355906e-01 9.371321e-01 9.426071e-01 9.457169e-01 9.438535e-01 9.403732e-01 9.390163e-01 9.459402e-01 9.535488e-01 9.618489e-01 9.604726e-01 9.591704e-01 9.548187e-01 9.545192e-01 9.495893e-01 9.406723e-01 9.392986e-01 9.422649e-01 9.416286e-01 9.417495e-01 9.448881e-01 9.501169e-01 9.503912e-01 9.439840e-01 9.431062e-01 9.382035e-01 9.331027e-01 9.368296e-01 9.458216e-01 9.411926e-01 9.370232e-01 9.376556e-01 9.396287e-01 9.380680e-01 9.311526e-01 9.309757e-01 9.278065e-01 9.288158e-01 9.334978e-01 9.366493e-01 9.365450e-01 9.356673e-01 9.317302e-01 9.289561e-01 9.294432e-01 9.352528e-01 9.338613e-01 9.423141e-01 9.395104e-01 9.360490e-01 9.340194e-01 9.270983e-01 9.261175e-01 9.334896e-01 9.408438e-01 9.431651e-01 9.415416e-01 9.427181e-01 9.435285e-01 9.377812e-01 9.356126e-01 9.400182e-01 9.460414e-01 9.562367e-01 9.593876e-01 9.588470e-01 9.606575e-01 9.547594e-01 9.557794e-01 9.588156e-01 9.624406e-01 9.599096e-01 9.602255e-01 9.560302e-01 9.595415e-01 9.664614e-01 9.677621e-01 9.595087e-01 9.550344e-01 9.585741e-01 9.590728e-01 9.637858e-01 9.648532e-01 9.658822e-01 9.754658e-01 9.798163e-01 9.805835e-01 9.721749e-01 9.665179e-01 9.691668e-01 9.707679e-01 9.694166e-01 9.625953e-01 9.597600e-01 9.631149e-01 9.656700e-01 9.670262e-01 9.685503e-01 9.704013e-01 9.692140e-01 9.653094e-01 9.661930e-01 9.675804e-01 9.704765e-01 9.700324e-01 9.748084e-01 9.846560e-01 9.887956e-01 9.872121e-01 9.961085e-01 1.005564e+00 1.004101e+00 9.976727e-01 9.974036e-01 1.007726e+00 1.011018e+00 1.010494e+00 1.009551e+00 1.002689e+00 9.906453e-01 9.904814e-01 9.955842e-01 9.842517e-01 9.746779e-01 9.525856e-01 9.580696e-01 9.376383e-01 8.991139e-01 9.293795e-01 9.401501e-01 9.288899e-01 8.992353e-01 8.776577e-01
9.984348e-01 9.971985e-01 9.993773e-01 9.986801e-01 9.922823e-01 9.790997e-01 9.687911e-01 9.678872e-01 9.787447e-01 9.783997e-01 9.697367e-01 9.700165e-01 9.644790e-01 9.571552e-01 9.530311e-01 9.481012e-01 9.435706e-01 9.397225e-01 9.365665e-01 9.350628e-01 9.304624e-01 9.255331e-01 9.223686e-01 9.211075e-01 9.203280e-01 9.183810e-01 9.170222e-01 9.147626e-01 9.165900e-01 9.184322e-01 9.193665e-01 9.219428e-01 9.228568e-01 9.255902e-01 9.227524e-01 9.165216e-01 9.212022e-01 9.280707e-01 9.413298e-01 9.444596e-01 9.463276e-01 9.465311e-01 9.431889e-01 9.395778e-01 9.425242e-01 9.515125e-01 9.526581e-01 9.500231e-01 9.515160e-01 9.566521e-01 9.595618e-01 9.609951e-01 9.602821e-01 9.547436e-01 9.501041e-01 9.490457e-01 9.527928e-01 9.580030e-01 9.610759e-01 9.599164e-01 9.616441e-01 9.615714e-01 9.586138e-01 9.565120e-01 9.620661e-01 9.660024e-01 9.643085e-01 9.615369e-01 9.639026e-01 9.622535e-01 9.602397e-01 9.631215e-01 9.630504e-01 9.646776e-01 9.633061e-01 9.608890e-01 9.596598e-01 9.579555e-01 9.521295e-01 9.530051e-01 9.605677e-01 9.626074e-01 9.650185e-01 9.716668e-01 9.697924e-01 9.632201e-01 9.603881e-01 9.580808e-01 9.494331e-01 9.392360e-01 9.396921e-01 9.429764e-01 9.452921e-01 9.433140e-01 9.409515e-01 9.462216e-01 9.480436e-01 9.471368e-01 9.506384e-01 9.501594e-01 9.424420e-01 9.401815e-01 9.427387e-01 9.481426e-01 9.481141e-01 9.426005e-01 9.429065e-01 9.414364e-01 9.365199e-01 9.401755e-01 9.465688e-01 9.467229e-01 9.392605e-01 9.364258e-01 9.335282e-01 9.344688e-01 9.350841e-01 9.319599e-01 9.438335e-01 9.502834e-01 9.498451e-01 9.514860e-01 9.501095e-01 9.475427e-01 9.469168e-01 9.502915e-01 9.446478e-01 9.429556e-01 9.461480e-01 9.471652e-01 9.527534e-01 9.586818e-01 9.666689e-01 9.692177e-01 9.638408e-01 9.551022e-01 9.537226e-01 9.488940e-01 9.454474e-01 9.480001e-01 9.499183e-01 9.510300e-01 9.534183e-01 9.562278e-01 9.609763e-01 9.599747e-01 9.583997e-01 9.497246e-01 9.406397e-01 9.363124e-01 9.426647e-01 9.490199e-01 9.502655e-01 9.472807e-01 9.506199e-01 9.518109e-01 9.427959e-01 9.353756e-01 9.372701e-01 9.356163e-01 9.367993e-01 9.368249e-01 9.424503e-01 9.474987e-01 9.470928e-01 9.434643e-01 9.456986e-01 9.404708e-01 9.356785e-01 9.283352e-01 9.322520e-01 9.345859e-01 9.264435e-01 9.250566e-01 9.276496e-01 9.315889e-01 9.365750e-01 9.387435e-01 9.374014e-01 9.350031e-01 9.322193e-01 9.298545e-01 9.299805e-01 9.354847e-01 9.451067e-01 9.514935e-01 9.528358e-01 9.507143e-01 9.541321e-01 9.530711e-01 9.525356e-01 9.526731e-01 9.574172e-01 9.608651e-01 9.639389e-01 9.594900e-01 9.512620e-01 9.553407e-01 9.620610e-01 9.587915e-01 9.495609e-01 9.474919e-01 9.529310e-01 9.585821e-01 9.585984e-01 9.565678e-01 9.618803e-01 9.667161e-01 9.711528e-01 9.710184e-01 9.698592e-01 9.699526e-01 9.641922e-01 9.598475e-01 9.638504e-01 9.628962e-01 9.605826e-01 9.653205e-01 9.698150e-01 9.727494e-01 9.744274e-01 9.748281e-01 9.705332e-01 9.646827e-01 9.662136e-01 9.691367e-01 9.687808e-01 9.678276e-01 9.757877e-01 9.867960e-01 9.909093e-01 9.932815e-01 1.000890e+00 1.005985e+00 9.999592e-01 9.991344e-01 9.999093e-01 1.005872e+00 1.015937e+00 1.017788e+00 1.014210e+00 1.005006e+00 9.966460e-01 9.896527e-01 9.859540e-01 9.796873e-01 9.729127e-01 9.617596e-01 9.679202e-01 9.437628e-01 9.425780e-01 9.663811e-01 9.838181e-01 9.811369e-01 9.675332e-01 9.350790e-01
9.916358e-01 9.941264e-01 9.979487e-01 9.965107e-01 9.821045e-01 9.721439e-01 9.676432e-01 9.676126e-01 9.766267e-01 9.756223e-01 9.671652e-01 9.613578e-01 9.599666e-01 9.547898e-01 9.514874e-01 9.518433e-01 9.510760e-01 9.462124e-01 9.349766e-01 9.328824e-01 9.325407e-01 9.279785e-01 9.231265e-01 9.211375e-01 9.205955e-01 9.187819e-01 9.171281e-01 9.188758e-01 9.188363e-01 9.176834e-01 9.211124e-01 9.240287e-01 9.216287e-01 9.202956e-01 9.179309e-01 9.153994e-01 9.212217e-01 9.290564e-01 9.407262e-01 9.436703e-01 9.475818e-01 9.484714e-01 9.442924e-01 9.397821e-01 9.401802e-01 9.470287e-01 9.472568e-01 9.453835e-01 9.525664e-01 9.557413e-01 9.561245e-01 9.575865e-01 9.590751e-01 9.571261e-01 9.533433e-01 9.508930e-01 9.526676e-01 9.536686e-01 9.537122e-01 9.532593e-01 9.589166e-01 9.592808e-01 9.545888e-01 9.565390e-01 9.634891e-01 9.645578e-01 9.597061e-01 9.563448e-01 9.578142e-01 9.566864e-01 9.532793e-01 9.526602e-01 9.533173e-01 9.552857e-01 9.559649e-01 9.511992e-01 9.460487e-01 9.466412e-01 9.370247e-01 9.325352e-01 9.413251e-01 9.454636e-01 9.493748e-01 9.544624e-01 9.535943e-01 9.480035e-01 9.419672e-01 9.425678e-01 9.404920e-01 9.308020e-01 9.286292e-01 9.329290e-01 9.338167e-01 9.291259e-01 9.246797e-01 9.243648e-01 9.262403e-01 9.315589e-01 9.372602e-01 9.370419e-01 9.250581e-01 9.238213e-01 9.289702e-01 9.347687e-01 9.332380e-01 9.343172e-01 9.369066e-01 9.324982e-01 9.273893e-01 9.319777e-01 9.395985e-01 9.395089e-01 9.363333e-01 9.362786e-01 9.357209e-01 9.361721e-01 9.399303e-01 9.394028e-01 9.401485e-01 9.429101e-01 9.482837e-01 9.494485e-01 9.532283e-01 9.579831e-01 9.566159e-01 9.499179e-01 9.382010e-01 9.418743e-01 9.535231e-01 9.576542e-01 9.576759e-01 9.612212e-01 9.666530e-01 9.702222e-01 9.646051e-01 9.562233e-01 9.537143e-01 9.553521e-01 9.524000e-01 9.540312e-01 9.589025e-01 9.617926e-01 9.655491e-01 9.638488e-01 9.682952e-01 9.651567e-01 9.585144e-01 9.472297e-01 9.423379e-01 9.428627e-01 9.447458e-01 9.434519e-01 9.394664e-01 9.359668e-01 9.374493e-01 9.388190e-01 9.356797e-01 9.301236e-01 9.301352e-01 9.321522e-01 9.320450e-01 9.321137e-01 9.351445e-01 9.364468e-01 9.361753e-01 9.299609e-01 9.291381e-01 9.262802e-01 9.209197e-01 9.185268e-01 9.217196e-01 9.245149e-01 9.215269e-01 9.169686e-01 9.189789e-01 9.202368e-01 9.135053e-01 9.162035e-01 9.213130e-01 9.261748e-01 9.244570e-01 9.161752e-01 9.114624e-01 9.218705e-01 9.355078e-01 9.385035e-01 9.363966e-01 9.354053e-01 9.407233e-01 9.406058e-01 9.406164e-01 9.449698e-01 9.483061e-01 9.482754e-01 9.485864e-01 9.437036e-01 9.407425e-01 9.457263e-01 9.539893e-01 9.570519e-01 9.483196e-01 9.470194e-01 9.518753e-01 9.532558e-01 9.510981e-01 9.490173e-01 9.542646e-01 9.575074e-01 9.624849e-01 9.666210e-01 9.693009e-01 9.641475e-01 9.575995e-01 9.529696e-01 9.546620e-01 9.595635e-01 9.566264e-01 9.578021e-01 9.615234e-01 9.625257e-01 9.658350e-01 9.677284e-01 9.674119e-01 9.611323e-01 9.596939e-01 9.627016e-01 9.624392e-01 9.649360e-01 9.717675e-01 9.837057e-01 9.869354e-01 9.908051e-01 1.000011e+00 1.006249e+00 1.006247e+00 1.004343e+00 1.000038e+00 1.001388e+00 1.014474e+00 1.020812e+00 1.016240e+00 1.009897e+00 9.992751e-01 9.837552e-01 9.803886e-01 9.834545e-01 9.740480e-01 9.653255e-01 9.769254e-01 9.549617e-01 9.654891e-01 9.762265e-01 9.836138e-01 9.982824e-01 9.764094e-01 9.783014e-01
9.899446e-01 9.907292e-01 9.968081e-01 9.880363e-01 9.760915e-01 9.748809e-01 9.671888e-01 9.604763e-01 9.635216e-01 9.640271e-01 9.583208e-01 9.563379e-01 9.555541e-01 9.517545e-01 9.514455e-01 9.538270e-01 9.529250e-01 9.456441e-01 9.347814e-01 9.339988e-01 9.360739e-01 9.338218e-01 9.292768e-01 9.265937e-01 9.265860e-01 9.214415e-01 9.181919e-01 9.224027e-01 9.264326e-01 9.254299e-01 9.257347e-01 9.268604e-01 9.212873e-01 9.210100e-01 9.251863e-01 9.266152e-01 9.281201e-01 9.314483e-01 9.395892e-01 9.431404e-01 9.440424e-01 9.467795e-01 9.474435e-01 9.462124e-01 9.459594e-01 9.493575e-01 9.486403e-01 9.507105e-01 9.557365e-01 9.563581e-01 9.534337e-01 9.544747e-01 9.583916e-01 9.602062e-01 9.536495e-01 9.512134e-01 9.530036e-01 9.516878e-01 9.520621e-01 9.512489e-01 9.534542e-01 9.548987e-01 9.484071e-01 9.530195e-01 9.602600e-01 9.618028e-01 9.567350e-01 9.495703e-01 9.475313e-01 9.472741e-01 9.451077e-01 9.432123e-01 9.422827e-01 9.452693e-01 9.454142e-01 9.432411e-01 9.383685e-01 9.367995e-01 9.276282e-01 9.236905e-01 9.328020e-01 9.380541e-01 9.415956e-01 9.430703e-01 9.430645e-01 9.367523e-01 9.320123e-01 9.368572e-01 9.356824e-01 9.270363e-01 9.239091e-01 9.243760e-01 9.282434e-01 9.268131e-01 9.240795e-01 9.239392e-01 9.259517e-01 9.298751e-01 9.345575e-01 9.339101e-01 9.266588e-01 9.286719e-01 9.306026e-01 9.348843e-01 9.361311e-01 9.413829e-01 9.395726e-01 9.293147e-01 9.230416e-01 9.248627e-01 9.303203e-01 9.316826e-01 9.358722e-01 9.391649e-01 9.393111e-01 9.325085e-01 9.358545e-01 9.435083e-01 9.437448e-01 9.455497e-01 9.517573e-01 9.504955e-01 9.523541e-01 9.607815e-01 9.643986e-01 9.568279e-01 9.497284e-01 9.497864e-01 9.556452e-01 9.633746e-01 9.648046e-01 9.636614e-01 9.612224e-01 9.640343e-01 9.589547e-01 9.534786e-01 9.540948e-01 9.568661e-01 9.544509e-01 9.514446e-01 9.563060e-01 9.620147e-01 9.671865e-01 9.653080e-01 9.671094e-01 9.571421e-01 9.436613e-01 9.338433e-01 9.304697e-01 9.347578e-01 9.353142e-01 9.307564e-01 9.222229e-01 9.209156e-01 9.227253e-01 9.257709e-01 9.227250e-01 9.155907e-01 9.163452e-01 9.236044e-01 9.252485e-01 9.238408e-01 9.260029e-01 9.222487e-01 9.192170e-01 9.157039e-01 9.156037e-01 9.130471e-01 9.126145e-01 9.111044e-01 9.132367e-01 9.159464e-01 9.115720e-01 9.084772e-01 9.130278e-01 9.149703e-01 9.102535e-01 9.113491e-01 9.151742e-01 9.218194e-01 9.221863e-01 9.144901e-01 9.111736e-01 9.169047e-01 9.233592e-01 9.262661e-01 9.222755e-01 9.234812e-01 9.262099e-01 9.299703e-01 9.346243e-01 9.360795e-01 9.406580e-01 9.363527e-01 9.316646e-01 9.319476e-01 9.357707e-01 9.366326e-01 9.411789e-01 9.483477e-01 9.412812e-01 9.421660e-01 9.413257e-01 9.407823e-01 9.430280e-01 9.454891e-01 9.488329e-01 9.492440e-01 9.497560e-01 9.586912e-01 9.602334e-01 9.532018e-01 9.484788e-01 9.491780e-01 9.526039e-01 9.517060e-01 9.515302e-01 9.532406e-01 9.496591e-01 9.506518e-01 9.538961e-01 9.597191e-01 9.646246e-01 9.636203e-01 9.630185e-01 9.639405e-01 9.661787e-01 9.703472e-01 9.775617e-01 9.861284e-01 9.873227e-01 9.895553e-01 9.988557e-01 1.007733e+00 1.010651e+00 1.008152e+00 1.004479e+00 1.002354e+00 1.012997e+00 1.016814e+00 1.018501e+00 1.016160e+00 1.003505e+00 9.850525e-01 9.870766e-01 9.902775e-01 9.885859e-01 9.809327e-01 9.849499e-01 9.668335e-01 9.780121e-01 9.701088e-01 9.832531e-01 9.897902e-01 9.677301e-01 9.618081e-01
9.930306e-01 9.939755e-01 9.949903e-01 9.848732e-01 9.804261e-01 9.787146e-01 9.745155e-01 9.640104e-01 9.615822e-01 9.612493e-01 9.593032e-01 9.574183e-01 9.560890e-01 9.535680e-01 9.522815e-01 9.551885e-01 9.550732e-01 9.511296e-01 9.376150e-01 9.334454e-01 9.328882e-01 9.325882e-01 9.335138e-01 9.315864e-01 9.262862e-01 9.201608e-01 9.194954e-01 9.243343e-01 9.289988e-01 9.307895e-01 9.311795e-01 9.323463e-01 9.289030e-01 9.281644e-01 9.360684e-01 9.378564e-01 9.367412e-01 9.408841e-01 9.458712e-01 9.452280e-01 9.413949e-01 9.465001e-01 9.503516e-01 9.522317e-01 9.526513e-01 9.569591e-01 9.549024e-01 9.511998e-01 9.528080e-01 9.540066e-01 9.509862e-01 9.522107e-01 9.556209e-01 9.534155e-01 9.527279e-01 9.561127e-01 9.550894e-01 9.515554e-01 9.490915e-01 9.503991e-01 9.536574e-01 9.513537e-01 9.471821e-01 9.567739e-01 9.689649e-01 9.678968e-01 9.648861e-01 9.585332e-01 9.473820e-01 9.436854e-01 9.467190e-01 9.447419e-01 9.420325e-01 9.463454e-01 9.475572e-01 9.436256e-01 9.377397e-01 9.381599e-01 9.330012e-01 9.335364e-01 9.410175e-01 9.440382e-01 9.448503e-01 9.465164e-01 9.430907e-01 9.391266e-01 9.407701e-01 9.409014e-01 9.364517e-01 9.292305e-01 9.269214e-01 9.277712e-01 9.271251e-01 9.286344e-01 9.335594e-01 9.382510e-01 9.376377e-01 9.313465e-01 9.319188e-01 9.386815e-01 9.375801e-01 9.374520e-01 9.320588e-01 9.334958e-01 9.435635e-01 9.444299e-01 9.414871e-01 9.329003e-01 9.255615e-01 9.309064e-01 9.321660e-01 9.376549e-01 9.419737e-01 9.439648e-01 9.409355e-01 9.422176e-01 9.503257e-01 9.552124e-01 9.604743e-01 9.640027e-01 9.640921e-01 9.622946e-01 9.648012e-01 9.677206e-01 9.683136e-01 9.677491e-01 9.675784e-01 9.634990e-01 9.645233e-01 9.720637e-01 9.756529e-01 9.666491e-01 9.623494e-01 9.642845e-01 9.642224e-01 9.573663e-01 9.548399e-01 9.561779e-01 9.570264e-01 9.520989e-01 9.583073e-01 9.625977e-01 9.600005e-01 9.602031e-01 9.605405e-01 9.486665e-01 9.372128e-01 9.319327e-01 9.284056e-01 9.314789e-01 9.306062e-01 9.280276e-01 9.166323e-01 9.126095e-01 9.128033e-01 9.154630e-01 9.133087e-01 9.130017e-01 9.133969e-01 9.154226e-01 9.164119e-01 9.181494e-01 9.196259e-01 9.153877e-01 9.182659e-01 9.229968e-01 9.205114e-01 9.173540e-01 9.188755e-01 9.151622e-01 9.149162e-01 9.155111e-01 9.113458e-01 9.085233e-01 9.213085e-01 9.203008e-01 9.173851e-01 9.213074e-01 9.187503e-01 9.202750e-01 9.227312e-01 9.193679e-01 9.196008e-01 9.233147e-01 9.265310e-01 9.262484e-01 9.255933e-01 9.241973e-01 9.264543e-01 9.273204e-01 9.277147e-01 9.286146e-01 9.316469e-01 9.265292e-01 9.227529e-01 9.267936e-01 9.315138e-01 9.308760e-01 9.325154e-01 9.329318e-01 9.273952e-01 9.274737e-01 9.250359e-01 9.276796e-01 9.270004e-01 9.329329e-01 9.369447e-01 9.375951e-01 9.426933e-01 9.499357e-01 9.517913e-01 9.474714e-01 9.429402e-01 9.495533e-01 9.516224e-01 9.447438e-01 9.442871e-01 9.427665e-01 9.405544e-01 9.430673e-01 9.493106e-01 9.524731e-01 9.534145e-01 9.541234e-01 9.572579e-01 9.603419e-01 9.638232e-01 9.661866e-01 9.730121e-01 9.781092e-01 9.804888e-01 9.831301e-01 9.960080e-01 1.002813e+00 1.006481e+00 1.010883e+00 1.003754e+00 1.003062e+00 1.010845e+00 1.015460e+00 1.020642e+00 1.013363e+00 1.003387e+00 9.942519e-01 9.901301e-01 9.994349e-01 9.974072e-01 9.853563e-01 9.856306e-01 9.752850e-01 9.754849e-01 9.683216e-01 9.892300e-01 9.910574e-01 9.765052e-01 9.636753e-01
1.002876e+00 1.004159e+00 9.982046e-01 9.911019e-01 9.875208e-01 9.908634e-01 9.830663e-01 9.710711e-01 9.669265e-01 9.678396e-01 9.682627e-01 9.584110e-01 9.543250e-01 9.533827e-01 9.556354e-01 9.576486e-01 9.565609e-01 9.504536e-01 9.432667e-01 9.338661e-01 9.320291e-01 9.357675e-01 9.346790e-01 9.304370e-01 9.262135e-01 9.256256e-01 9.277580e-01 9.278126e-01 9.276907e-01 9.277406e-01 9.335882e-01 9.403641e-01 9.393756e-01 9.390512e-01 9.430264e-01 9.416997e-01 9.385107e-01 9.433667e-01 9.517208e-01 9.498661e-01 9.448257e-01 9.529364e-01 9.570594e-01 9.586455e-01 9.580088e-01 9.578648e-01 9.562212e-01 9.500357e-01 9.508289e-01 9.546916e-01 9.544172e-01 9.516135e-01 9.512311e-01 9.524599e-01 9.583588e-01 9.635943e-01 9.580738e-01 9.569083e-01 9.555674e-01 9.527022e-01 9.532695e-01 9.528507e-01 9.535776e-01 9.629686e-01 9.729521e-01 9.693620e-01 9.671861e-01 9.616874e-01 9.513151e-01 9.478852e-01 9.505385e-01 9.522609e-01 9.488103e-01 9.520972e-01 9.475754e-01 9.419129e-01 9.413068e-01 9.450402e-01 9.444148e-01 9.451357e-01 9.487248e-01 9.499664e-01 9.450531e-01 9.426612e-01 9.395365e-01 9.428112e-01 9.504629e-01 9.558848e-01 9.545667e-01 9.470040e-01 9.396853e-01 9.348655e-01 9.336923e-01 9.339635e-01 9.411978e-01 9.455022e-01 9.377613e-01 9.308160e-01 9.359207e-01 9.466470e-01 9.466975e-01 9.492873e-01 9.466161e-01 9.496965e-01 9.457769e-01 9.406919e-01 9.392732e-01 9.358057e-01 9.370372e-01 9.449311e-01 9.396062e-01 9.432814e-01 9.493800e-01 9.563913e-01 9.577833e-01 9.606112e-01 9.644657e-01 9.660270e-01 9.753088e-01 9.762916e-01 9.732155e-01 9.727525e-01 9.728010e-01 9.720234e-01 9.700578e-01 9.729724e-01 9.764406e-01 9.754260e-01 9.789526e-01 9.844114e-01 9.853235e-01 9.800617e-01 9.746440e-01 9.732640e-01 9.715136e-01 9.631001e-01 9.563133e-01 9.594463e-01 9.616464e-01 9.608627e-01 9.676972e-01 9.692177e-01 9.558537e-01 9.575779e-01 9.570426e-01 9.463089e-01 9.432300e-01 9.429100e-01 9.359928e-01 9.335124e-01 9.301097e-01 9.330016e-01 9.270298e-01 9.168019e-01 9.162150e-01 9.118936e-01 9.067458e-01 9.054952e-01 9.131358e-01 9.227520e-01 9.236668e-01 9.177982e-01 9.238037e-01 9.181640e-01 9.203905e-01 9.294027e-01 9.324402e-01 9.255257e-01 9.268289e-01 9.218659e-01 9.213427e-01 9.242940e-01 9.231458e-01 9.202530e-01 9.286477e-01 9.289598e-01 9.326355e-01 9.326383e-01 9.269274e-01 9.212002e-01 9.212091e-01 9.265974e-01 9.293976e-01 9.311366e-01 9.318203e-01 9.321687e-01 9.313284e-01 9.332764e-01 9.342116e-01 9.319198e-01 9.235815e-01 9.245170e-01 9.264934e-01 9.238328e-01 9.223185e-01 9.232457e-01 9.267811e-01 9.326181e-01 9.275659e-01 9.236474e-01 9.202821e-01 9.196200e-01 9.250358e-01 9.279162e-01 9.255090e-01 9.265572e-01 9.274616e-01 9.320443e-01 9.365234e-01 9.408408e-01 9.439067e-01 9.422088e-01 9.381232e-01 9.415148e-01 9.400481e-01 9.334323e-01 9.320905e-01 9.365586e-01 9.403331e-01 9.430284e-01 9.471913e-01 9.475133e-01 9.440326e-01 9.431545e-01 9.491434e-01 9.554923e-01 9.585611e-01 9.645618e-01 9.704653e-01 9.748101e-01 9.780926e-01 9.863637e-01 9.970173e-01 9.996397e-01 1.003930e+00 1.007542e+00 1.001818e+00 1.003869e+00 1.008058e+00 1.016606e+00 1.020466e+00 1.013805e+00 1.002935e+00 1.002634e+00 9.965471e-01 1.002584e+00 9.955301e-01 9.875581e-01 9.837261e-01 9.746448e-01 9.825088e-01 9.767510e-01 9.948218e-01 9.929260e-01 9.890243e-01 9.784553e-01
1.009380e+00 1.010425e+00 1.007472e+00 1.003908e+00 9.973471e-01 9.998677e-01 9.958289e-01 9.778561e-01 9.758800e-01 9.733820e-01 9.662921e-01 9.527347e-01 9.522322e-01 9.540629e-01 9.513579e-01 9.513547e-01 9.510029e-01 9.459990e-01 9.436856e-01 9.381616e-01 9.342301e-01 9.356918e-01 9.328017e-01 9.296001e-01 9.332944e-01 9.337016e-01 9.312670e-01 9.267865e-01 9.220418e-01 9.225764e-01 9.319406e-01 9.397870e-01 9.420692e-01 9.447522e-01 9.442173e-01 9.432120e-01 9.413873e-01 9.477446e-01 9.546164e-01 9.558064e-01 9.555585e-01 9.634098e-01 9.672631e-01 9.647250e-01 9.612574e-01 9.538313e-01 9.533638e-01 9.487352e-01 9.509261e-01 9.585117e-01 9.640905e-01 9.589737e-01 9.562274e-01 9.601375e-01 9.653236e-01 9.654499e-01 9.636038e-01 9.640492e-01 9.633467e-01 9.564587e-01 9.543760e-01 9.581853e-01 9.625189e-01 9.699308e-01 9.716615e-01 9.666085e-01 9.642748e-01 9.601251e-01 9.532627e-01 9.507387e-01 9.552922e-01 9.585255e-01 9.581818e-01 9.594229e-01 9.532945e-01 9.456894e-01 9.480363e-01 9.489728e-01 9.442179e-01 9.438462e-01 9.477524e-01 9.480959e-01 9.448331e-01 9.429874e-01 9.413800e-01 9.459532e-01 9.539088e-01 9.610724e-01 9.610184e-01 9.526967e-01 9.443290e-01 9.439192e-01 9.465737e-01 9.450811e-01 9.447454e-01 9.462728e-01 9.395740e-01 9.400283e-01 9.452155e-01 9.531614e-01 9.540592e-01 9.605883e-01 9.612043e-01 9.600821e-01 9.506496e-01 9.486772e-01 9.491869e-01 9.464521e-01 9.460263e-01 9.508634e-01 9.521602e-01 9.573548e-01 9.638041e-01 9.720089e-01 9.796051e-01 9.799772e-01 9.740118e-01 9.706953e-01 9.712935e-01 9.676044e-01 9.754280e-01 9.792511e-01 9.801459e-01 9.749631e-01 9.711574e-01 9.766748e-01 9.817196e-01 9.862642e-01 9.910117e-01 9.938869e-01 9.957064e-01 9.882687e-01 9.786264e-01 9.714466e-01 9.673550e-01 9.651162e-01 9.691332e-01 9.702222e-01 9.706262e-01 9.686360e-01 9.705579e-01 9.679673e-01 9.613444e-01 9.553514e-01 9.485015e-01 9.448684e-01 9.418257e-01 9.508020e-01 9.486831e-01 9.390765e-01 9.369278e-01 9.391418e-01 9.351499e-01 9.252636e-01 9.200709e-01 9.169909e-01 9.102345e-01 9.106769e-01 9.178106e-01 9.265879e-01 9.286115e-01 9.210921e-01 9.260005e-01 9.295832e-01 9.327906e-01 9.356307e-01 9.393473e-01 9.363983e-01 9.382732e-01 9.314947e-01 9.311838e-01 9.339302e-01 9.348212e-01 9.349970e-01 9.294412e-01 9.345884e-01 9.408934e-01 9.346849e-01 9.311429e-01 9.206778e-01 9.222976e-01 9.303561e-01 9.322985e-01 9.322547e-01 9.302937e-01 9.345521e-01 9.407675e-01 9.403330e-01 9.393467e-01 9.375262e-01 9.311030e-01 9.280910e-01 9.246488e-01 9.240877e-01 9.260987e-01 9.227015e-01 9.261327e-01 9.328609e-01 9.296414e-01 9.212011e-01 9.174666e-01 9.208418e-01 9.289695e-01 9.307381e-01 9.361405e-01 9.325797e-01 9.328517e-01 9.379631e-01 9.351217e-01 9.335648e-01 9.332027e-01 9.346544e-01 9.321470e-01 9.331386e-01 9.320297e-01 9.241426e-01 9.273067e-01 9.345073e-01 9.411184e-01 9.478391e-01 9.433438e-01 9.414175e-01 9.387455e-01 9.391933e-01 9.503872e-01 9.597763e-01 9.637075e-01 9.731413e-01 9.751883e-01 9.790552e-01 9.854923e-01 9.852595e-01 9.911779e-01 9.988145e-01 1.003919e+00 1.002489e+00 9.986287e-01 1.000135e+00 1.007163e+00 1.016796e+00 1.017456e+00 1.015565e+00 1.010007e+00 1.004840e+00 1.002629e+00 1.002157e+00 9.974711e-01 9.969707e-01 9.965092e-01 9.850698e-01 9.896661e-01 9.895493e-01 1.000664e+00 9.951144e-01 9.936428e-01 9.828696e-01
1.005428e+00 1.005587e+00 1.008370e+00 1.003166e+00 9.979080e-01 9.972836e-01 9.992101e-01 9.918047e-01 9.851925e-01 9.742705e-01 9.570580e-01 9.520747e-01 9.533659e-01 9.542404e-01 9.473491e-01 9.434243e-01 9.456890e-01 9.435821e-01 9.424546e-01 9.378917e-01 9.365028e-01 9.395751e-01 9.348394e-01 9.292077e-01 9.315758e-01 9.368135e-01 9.344549e-01 9.286570e-01 9.237919e-01 9.270022e-01 9.326122e-01 9.380217e-01 9.426107e-01 9.454269e-01 9.480677e-01 9.445312e-01 9.431174e-01 9.469782e-01 9.498667e-01 9.522154e-01 9.598729e-01 9.695509e-01 9.718232e-01 9.611024e-01 9.561908e-01 9.522099e-01 9.512432e-01 9.475966e-01 9.492342e-01 9.590091e-01 9.625692e-01 9.569390e-01 9.608126e-01 9.675050e-01 9.703932e-01 9.714991e-01 9.738079e-01 9.706762e-01 9.638951e-01 9.573903e-01 9.548560e-01 9.581693e-01 9.639644e-01 9.668480e-01 9.713756e-01 9.703731e-01 9.685578e-01 9.661907e-01 9.622762e-01 9.579989e-01 9.558985e-01 9.575408e-01 9.592028e-01 9.615061e-01 9.625820e-01 9.531717e-01 9.489425e-01 9.436781e-01 9.408317e-01 9.438671e-01 9.460689e-01 9.489796e-01 9.550625e-01 9.564626e-01 9.536564e-01 9.557920e-01 9.547616e-01 9.510917e-01 9.494222e-01 9.447095e-01 9.411676e-01 9.415672e-01 9.474914e-01 9.459842e-01 9.425529e-01 9.457788e-01 9.464707e-01 9.505407e-01 9.561722e-01 9.581712e-01 9.574844e-01 9.634806e-01 9.625549e-01 9.582332e-01 9.545354e-01 9.554268e-01 9.575893e-01 9.605023e-01 9.601353e-01 9.585409e-01 9.602557e-01 9.644330e-01 9.734481e-01 9.800583e-01 9.861397e-01 9.886289e-01 9.893755e-01 9.816194e-01 9.729981e-01 9.718686e-01 9.802486e-01 9.841645e-01 9.865142e-01 9.781901e-01 9.759061e-01 9.789244e-01 9.823933e-01 9.900255e-01 9.925084e-01 9.940205e-01 9.913590e-01 9.804079e-01 9.695015e-01 9.688846e-01 9.677762e-01 9.751676e-01 9.791824e-01 9.772925e-01 9.778081e-01 9.691173e-01 9.630984e-01 9.572518e-01 9.588590e-01 9.523293e-01 9.468676e-01 9.425048e-01 9.412606e-01 9.492811e-01 9.466271e-01 9.325561e-01 9.340200e-01 9.375798e-01 9.331379e-01 9.183483e-01 9.146445e-01 9.207440e-01 9.239144e-01 9.225638e-01 9.315273e-01 9.349409e-01 9.345778e-01 9.296756e-01 9.336034e-01 9.383262e-01 9.409475e-01 9.393362e-01 9.382695e-01 9.400965e-01 9.429267e-01 9.380494e-01 9.368079e-01 9.365588e-01 9.374626e-01 9.364107e-01 9.336060e-01 9.345812e-01 9.325852e-01 9.272674e-01 9.277620e-01 9.240571e-01 9.223247e-01 9.295393e-01 9.319639e-01 9.315000e-01 9.384192e-01 9.434448e-01 9.476523e-01 9.451451e-01 9.433730e-01 9.366868e-01 9.349623e-01 9.343993e-01 9.261684e-01 9.240273e-01 9.244852e-01 9.244034e-01 9.276504e-01 9.308910e-01 9.293873e-01 9.258326e-01 9.243307e-01 9.269524e-01 9.274028e-01 9.325343e-01 9.372992e-01 9.403388e-01 9.425785e-01 9.429393e-01 9.345268e-01 9.272604e-01 9.264703e-01 9.295716e-01 9.275838e-01 9.277025e-01 9.264936e-01 9.269342e-01 9.316549e-01 9.369324e-01 9.411967e-01 9.438149e-01 9.436757e-01 9.421514e-01 9.412259e-01 9.455381e-01 9.529847e-01 9.608314e-01 9.695002e-01 9.816961e-01 9.847865e-01 9.822752e-01 9.831865e-01 9.780648e-01 9.829141e-01 1.003439e+00 1.010551e+00 1.002518e+00 9.972230e-01 1.001711e+00 1.009194e+00 1.019683e+00 1.023824e+00 1.021520e+00 1.016761e+00 1.010863e+00 1.010603e+00 1.008018e+00 1.007041e+00 1.009513e+00 1.008205e+00 1.000226e+00 1.001392e+00 9.985279e-01 1.002686e+00 9.946943e-01 9.928229e-01 9.794310e-01
9.995514e-01 1.001009e+00 1.005569e+00 1.003005e+00 1.000174e+00 9.952222e-01 9.941952e-01 9.855889e-01 9.810508e-01 9.678108e-01 9.551551e-01 9.529675e-01 9.504641e-01 9.448940e-01 9.420205e-01 9.411120e-01 9.447514e-01 9.453948e-01 9.445893e-01 9.410667e-01 9.376504e-01 9.384620e-01 9.342028e-01 9.309455e-01 9.325916e-01 9.408900e-01 9.429572e-01 9.328263e-01 9.281546e-01 9.242514e-01 9.270174e-01 9.331896e-01 9.381052e-01 9.437980e-01 9.491116e-01 9.474947e-01 9.455402e-01 9.461533e-01 9.459397e-01 9.486108e-01 9.548081e-01 9.640068e-01 9.661717e-01 9.577950e-01 9.524502e-01 9.523085e-01 9.509137e-01 9.508322e-01 9.493868e-01 9.517617e-01 9.553748e-01 9.567595e-01 9.593018e-01 9.611780e-01 9.679838e-01 9.751369e-01 9.723190e-01 9.628789e-01 9.576111e-01 9.609124e-01 9.608485e-01 9.555070e-01 9.542645e-01 9.632689e-01 9.718912e-01 9.712052e-01 9.699192e-01 9.749909e-01 9.700985e-01 9.614384e-01 9.564291e-01 9.537997e-01 9.573439e-01 9.626976e-01 9.616847e-01 9.517230e-01 9.492518e-01 9.463743e-01 9.455063e-01 9.534085e-01 9.511264e-01 9.462320e-01 9.532484e-01 9.617708e-01 9.675656e-01 9.669030e-01 9.579946e-01 9.503555e-01 9.488577e-01 9.490210e-01 9.455890e-01 9.418295e-01 9.485347e-01 9.530352e-01 9.485595e-01 9.485775e-01 9.515681e-01 9.510331e-01 9.570875e-01 9.606963e-01 9.599484e-01 9.629154e-01 9.596905e-01 9.565250e-01 9.597930e-01 9.589337e-01 9.604257e-01 9.628038e-01 9.650591e-01 9.693466e-01 9.702893e-01 9.674936e-01 9.749878e-01 9.824910e-01 9.832392e-01 9.889781e-01 9.952043e-01 9.902648e-01 9.761994e-01 9.736591e-01 9.796684e-01 9.837785e-01 9.831668e-01 9.815734e-01 9.841181e-01 9.856569e-01 9.817922e-01 9.869594e-01 9.846320e-01 9.819234e-01 9.739263e-01 9.675834e-01 9.637947e-01 9.705444e-01 9.752389e-01 9.771553e-01 9.720160e-01 9.666153e-01 9.603444e-01 9.566866e-01 9.514046e-01 9.482533e-01 9.529058e-01 9.487684e-01 9.441369e-01 9.341777e-01 9.384409e-01 9.447738e-01 9.415115e-01 9.335887e-01 9.352675e-01 9.383712e-01 9.315764e-01 9.173615e-01 9.208848e-01 9.255224e-01 9.246953e-01 9.324507e-01 9.366665e-01 9.368852e-01 9.321115e-01 9.329500e-01 9.320695e-01 9.367716e-01 9.383417e-01 9.400089e-01 9.376256e-01 9.348825e-01 9.358338e-01 9.375170e-01 9.342331e-01 9.309133e-01 9.237666e-01 9.205216e-01 9.255823e-01 9.263788e-01 9.286613e-01 9.254677e-01 9.305410e-01 9.352887e-01 9.293924e-01 9.295577e-01 9.277735e-01 9.293849e-01 9.370020e-01 9.419030e-01 9.481825e-01 9.471709e-01 9.427393e-01 9.382499e-01 9.368509e-01 9.376227e-01 9.322169e-01 9.288234e-01 9.257401e-01 9.270632e-01 9.309124e-01 9.326157e-01 9.277158e-01 9.308455e-01 9.325151e-01 9.303650e-01 9.288918e-01 9.303240e-01 9.334480e-01 9.357244e-01 9.331903e-01 9.392536e-01 9.336663e-01 9.231770e-01 9.229853e-01 9.267458e-01 9.285037e-01 9.324165e-01 9.295741e-01 9.311884e-01 9.400165e-01 9.427862e-01 9.402401e-01 9.444489e-01 9.481878e-01 9.470253e-01 9.484290e-01 9.525117e-01 9.536355e-01 9.575901e-01 9.720573e-01 9.833102e-01 9.887174e-01 9.849153e-01 9.759397e-01 9.764850e-01 9.842833e-01 1.005536e+00 1.012731e+00 1.006273e+00 1.002368e+00 1.002717e+00 1.007851e+00 1.019622e+00 1.029011e+00 1.026717e+00 1.027406e+00 1.024937e+00 1.018634e+00 1.010182e+00 1.014884e+00 1.017038e+00 1.015067e+00 1.011151e+00 1.006353e+00 1.001443e+00 1.003850e+00 9.949986e-01 9.883396e-01 9.779760e-01
1.005365e+00 1.007136e+00 1.008883e+00 1.009370e+00 1.004451e+00 9.941337e-01 9.809810e-01 9.743658e-01 9.710219e-01 9.639416e-01 9.613066e-01 9.560213e-01 9.496502e-01 9.467750e-01 9.454248e-01 9.484118e-01 9.528669e-01 9.546133e-01 9.509312e-01 9.491222e-01 9.438640e-01 9.427092e-01 9.384474e-01 9.320118e-01 9.344781e-01 9.433882e-01 9.477074e-01 9.393656e-01 9.303863e-01 9.247023e-01 9.291562e-01 9.342817e-01 9.350101e-01 9.399815e-01 9.469302e-01 9.490070e-01 9.497210e-01 9.501300e-01 9.461994e-01 9.463046e-01 9.522707e-01 9.592829e-01 9.604880e-01 9.594526e-01 9.555972e-01 9.553472e-01 9.580222e-01 9.573331e-01 9.538556e-01 9.543709e-01 9.575074e-01 9.589019e-01 9.578260e-01 9.558501e-01 9.613768e-01 9.710705e-01 9.688646e-01 9.622228e-01 9.645526e-01 9.697207e-01 9.692101e-01 9.622158e-01 9.608271e-01 9.692727e-01 9.708405e-01 9.656845e-01 9.654723e-01 9.692576e-01 9.674029e-01 9.600459e-01 9.579889e-01 9.588277e-01 9.609108e-01 9.608469e-01 9.574268e-01 9.581653e-01 9.609615e-01 9.616364e-01 9.596428e-01 9.575872e-01 9.522613e-01 9.453757e-01 9.484408e-01 9.600505e-01 9.706663e-01 9.713677e-01 9.605655e-01 9.511121e-01 9.490696e-01 9.486163e-01 9.479489e-01 9.428355e-01 9.504891e-01 9.611027e-01 9.610459e-01 9.593683e-01 9.608474e-01 9.595736e-01 9.672746e-01 9.675269e-01 9.641055e-01 9.608516e-01 9.588260e-01 9.562041e-01 9.571882e-01 9.613368e-01 9.649567e-01 9.716122e-01 9.773563e-01 9.823247e-01 9.818568e-01 9.827579e-01 9.879634e-01 9.889140e-01 9.845779e-01 9.835919e-01 9.916132e-01 9.912706e-01 9.825802e-01 9.775400e-01 9.757840e-01 9.786571e-01 9.795352e-01 9.855189e-01 9.848424e-01 9.859010e-01 9.817815e-01 9.807007e-01 9.750636e-01 9.668441e-01 9.667495e-01 9.684725e-01 9.681225e-01 9.745153e-01 9.742859e-01 9.668406e-01 9.601812e-01 9.585031e-01 9.502136e-01 9.475082e-01 9.439085e-01 9.475350e-01 9.538469e-01 9.484270e-01 9.402731e-01 9.321457e-01 9.354824e-01 9.400412e-01 9.396741e-01 9.369720e-01 9.377260e-01 9.413848e-01 9.376277e-01 9.304011e-01 9.303836e-01 9.317372e-01 9.245185e-01 9.317971e-01 9.341462e-01 9.317741e-01 9.301169e-01 9.286317e-01 9.345930e-01 9.351847e-01 9.338682e-01 9.378783e-01 9.373935e-01 9.324830e-01 9.320318e-01 9.374290e-01 9.308831e-01 9.193591e-01 9.066518e-01 9.091696e-01 9.218435e-01 9.288102e-01 9.306895e-01 9.289116e-01 9.349347e-01 9.385696e-01 9.340844e-01 9.223108e-01 9.203511e-01 9.281588e-01 9.375479e-01 9.449247e-01 9.438578e-01 9.446383e-01 9.442354e-01 9.400291e-01 9.388956e-01 9.416404e-01 9.435903e-01 9.402366e-01 9.381087e-01 9.393613e-01 9.337699e-01 9.340397e-01 9.321247e-01 9.337136e-01 9.304385e-01 9.300233e-01 9.275880e-01 9.308589e-01 9.327188e-01 9.284105e-01 9.220824e-01 9.290805e-01 9.345784e-01 9.296076e-01 9.273847e-01 9.325206e-01 9.357969e-01 9.353377e-01 9.335930e-01 9.343069e-01 9.455500e-01 9.422725e-01 9.409490e-01 9.425343e-01 9.450164e-01 9.458576e-01 9.500346e-01 9.566734e-01 9.624960e-01 9.671137e-01 9.786693e-01 9.895551e-01 9.871325e-01 9.800977e-01 9.813418e-01 9.884686e-01 9.964675e-01 1.006480e+00 1.008080e+00 1.009390e+00 1.009845e+00 1.008533e+00 1.012670e+00 1.023667e+00 1.031529e+00 1.033549e+00 1.034257e+00 1.029653e+00 1.021519e+00 1.012811e+00 1.021931e+00 1.026464e+00 1.018942e+00 1.014271e+00 1.011247e+00 1.003482e+00 1.007072e+00 1.006985e+00 9.936444e-01 9.837074e-01
1.010086e+00 1.007491e+00 1.011980e+00 1.006096e+00 9.989837e-01 9.965902e-01 9.842086e-01 9.696800e-01 9.703379e-01 9.719869e-01 9.651297e-01 9.560032e-01 9.531993e-01 9.517821e-01 9.478771e-01 9.505801e-01 9.512578e-01 9.526119e-01 9.537148e-01 9.537856e-01 9.503157e-01 9.460008e-01 9.354967e-01 9.278253e-01 9.350989e-01 9.482122e-01 9.552673e-01 9.550800e-01 9.471989e-01 9.410573e-01 9.414272e-01 9.401908e-01 9.378942e-01 9.397483e-01 9.448391e-01 9.486756e-01 9.529728e-01 9.501566e-01 9.473191e-01 9.470271e-01 9.515963e-01 9.545568e-01 9.554269e-01 9.575667e-01 9.557713e-01 9.573562e-01 9.602756e-01 9.591488e-01 9.561610e-01 9.630387e-01 9.640478e-01 9.591029e-01 9.566412e-01 9.491222e-01 9.508147e-01 9.603704e-01 9.624308e-01 9.657279e-01 9.682733e-01 9.723548e-01 9.736156e-01 9.729494e-01 9.733499e-01 9.702725e-01 9.616313e-01 9.578062e-01 9.563714e-01 9.580250e-01 9.576158e-01 9.571992e-01 9.575759e-01 9.581698e-01 9.567942e-01 9.505465e-01 9.535528e-01 9.608875e-01 9.608529e-01 9.580107e-01 9.552740e-01 9.507703e-01 9.445463e-01 9.429552e-01 9.457082e-01 9.530866e-01 9.630334e-01 9.648141e-01 9.617603e-01 9.582850e-01 9.507007e-01 9.500741e-01 9.466066e-01 9.481161e-01 9.576782e-01 9.597147e-01 9.597072e-01 9.612336e-01 9.634935e-01 9.639027e-01 9.709298e-01 9.740933e-01 9.715924e-01 9.664719e-01 9.621560e-01 9.607479e-01 9.634753e-01 9.685071e-01 9.686986e-01 9.750221e-01 9.848887e-01 9.908472e-01 9.897147e-01 9.894853e-01 9.968252e-01 9.991993e-01 9.934150e-01 9.863961e-01 9.926146e-01 9.965836e-01 9.902330e-01 9.734324e-01 9.723132e-01 9.806073e-01 9.808092e-01 9.855496e-01 9.813201e-01 9.809626e-01 9.810460e-01 9.777040e-01 9.756368e-01 9.713174e-01 9.683342e-01 9.665747e-01 9.625515e-01 9.653205e-01 9.583236e-01 9.520847e-01 9.554209e-01 9.577824e-01 9.495309e-01 9.430993e-01 9.419867e-01 9.438102e-01 9.473956e-01 9.474820e-01 9.371468e-01 9.283841e-01 9.274073e-01 9.310069e-01 9.331215e-01 9.338463e-01 9.361413e-01 9.379767e-01 9.345626e-01 9.369939e-01 9.332123e-01 9.278523e-01 9.185014e-01 9.215782e-01 9.214697e-01 9.193081e-01 9.192329e-01 9.193770e-01 9.306711e-01 9.312394e-01 9.266829e-01 9.305726e-01 9.312230e-01 9.284909e-01 9.301079e-01 9.325926e-01 9.285632e-01 9.164254e-01 9.050291e-01 9.098117e-01 9.241621e-01 9.286330e-01 9.325862e-01 9.273941e-01 9.293563e-01 9.330733e-01 9.319963e-01 9.234400e-01 9.303667e-01 9.354157e-01 9.426516e-01 9.481875e-01 9.497262e-01 9.473658e-01 9.466750e-01 9.450389e-01 9.439489e-01 9.447001e-01 9.493074e-01 9.479736e-01 9.448643e-01 9.429465e-01 9.387423e-01 9.380733e-01 9.347395e-01 9.296996e-01 9.237785e-01 9.220613e-01 9.223477e-01 9.262246e-01 9.282602e-01 9.222413e-01 9.224889e-01 9.286904e-01 9.407244e-01 9.392755e-01 9.339442e-01 9.360920e-01 9.397255e-01 9.379521e-01 9.392282e-01 9.419710e-01 9.482599e-01 9.460613e-01 9.450152e-01 9.425397e-01 9.442819e-01 9.453118e-01 9.511961e-01 9.636523e-01 9.742788e-01 9.827871e-01 9.856259e-01 9.895269e-01 9.886656e-01 9.853691e-01 9.870795e-01 9.940848e-01 1.005019e+00 1.010146e+00 1.013816e+00 1.013819e+00 1.017394e+00 1.019516e+00 1.015633e+00 1.022791e+00 1.033831e+00 1.032489e+00 1.031404e+00 1.032131e+00 1.027961e+00 1.021893e+00 1.020573e+00 1.026181e+00 1.017088e+00 1.013477e+00 1.013252e+00 1.007845e+00 1.012489e+00 1.016956e+00 9.985718e-01 9.903073e-01
1.006399e+00 1.004934e+00 1.005305e+00 1.003611e+00 9.958559e-01 9.973473e-01 9.944657e-01 9.789774e-01 9.695743e-01 9.756848e-01 9.660957e-01 9.568899e-01 9.566977e-01 9.563787e-01 9.505449e-01 9.482662e-01 9.466721e-01 9.461102e-01 9.465346e-01 9.522050e-01 9.554977e-01 9.483566e-01 9.409820e-01 9.364674e-01 9.414455e-01 9.524835e-01 9.615927e-01 9.682470e-01 9.676114e-01 9.612598e-01 9.494396e-01 9.467375e-01 9.443824e-01 9.431624e-01 9.505640e-01 9.553019e-01 9.548901e-01 9.515181e-01 9.524234e-01 9.544939e-01 9.543719e-01 9.520032e-01 9.538222e-01 9.585365e-01 9.575669e-01 9.567626e-01 9.577785e-01 9.593298e-01 9.678248e-01 9.711167e-01 9.665165e-01 9.590271e-01 9.577671e-01 9.514848e-01 9.552461e-01 9.650933e-01 9.656709e-01 9.720765e-01 9.731065e-01 9.706224e-01 9.723048e-01 9.765166e-01 9.707491e-01 9.620008e-01 9.569303e-01 9.588227e-01 9.562780e-01 9.524485e-01 9.455664e-01 9.430702e-01 9.441699e-01 9.454203e-01 9.470040e-01 9.442505e-01 9.463841e-01 9.521255e-01 9.497265e-01 9.453045e-01 9.482943e-01 9.519137e-01 9.487481e-01 9.450459e-01 9.437746e-01 9.426624e-01 9.482254e-01 9.560280e-01 9.608026e-01 9.583622e-01 9.546668e-01 9.502956e-01 9.477518e-01 9.537959e-01 9.581988e-01 9.591245e-01 9.584452e-01 9.599478e-01 9.619480e-01 9.599903e-01 9.680856e-01 9.727613e-01 9.737501e-01 9.707383e-01 9.684255e-01 9.689373e-01 9.720895e-01 9.778685e-01 9.758800e-01 9.812220e-01 9.863916e-01 9.878733e-01 9.877011e-01 9.842744e-01 9.889365e-01 9.952232e-01 9.948188e-01 9.951298e-01 9.999054e-01 9.943656e-01 9.850671e-01 9.752191e-01 9.786341e-01 9.868767e-01 9.820916e-01 9.798031e-01 9.800351e-01 9.760331e-01 9.757666e-01 9.743916e-01 9.811918e-01 9.809865e-01 9.694957e-01 9.555804e-01 9.458486e-01 9.514156e-01 9.482291e-01 9.489085e-01 9.518757e-01 9.526615e-01 9.455848e-01 9.439906e-01 9.418943e-01 9.356333e-01 9.326395e-01 9.372933e-01 9.360093e-01 9.327147e-01 9.290510e-01 9.254183e-01 9.306219e-01 9.323474e-01 9.309631e-01 9.337610e-01 9.357036e-01 9.401165e-01 9.293233e-01 9.232000e-01 9.187661e-01 9.143365e-01 9.096677e-01 9.128804e-01 9.169915e-01 9.173425e-01 9.199746e-01 9.288151e-01 9.291359e-01 9.231905e-01 9.167932e-01 9.176943e-01 9.228382e-01 9.263676e-01 9.228820e-01 9.165680e-01 9.115266e-01 9.122496e-01 9.207588e-01 9.248815e-01 9.300753e-01 9.274749e-01 9.292308e-01 9.361393e-01 9.348515e-01 9.359158e-01 9.461704e-01 9.515362e-01 9.502461e-01 9.528633e-01 9.553069e-01 9.550318e-01 9.493899e-01 9.482568e-01 9.470212e-01 9.499875e-01 9.538783e-01 9.493392e-01 9.430186e-01 9.443842e-01 9.456857e-01 9.476462e-01 9.432278e-01 9.342079e-01 9.279172e-01 9.274096e-01 9.284770e-01 9.374695e-01 9.410205e-01 9.393245e-01 9.440101e-01 9.459484e-01 9.497594e-01 9.491664e-01 9.411749e-01 9.362228e-01 9.394655e-01 9.389167e-01 9.434977e-01 9.482048e-01 9.516106e-01 9.520103e-01 9.512885e-01 9.532634e-01 9.534531e-01 9.606873e-01 9.685867e-01 9.779220e-01 9.862161e-01 9.914060e-01 9.933247e-01 9.929537e-01 9.915333e-01 9.886723e-01 9.911253e-01 9.983590e-01 1.006419e+00 1.017641e+00 1.023462e+00 1.017993e+00 1.014851e+00 1.020732e+00 1.016592e+00 1.024549e+00 1.032252e+00 1.026836e+00 1.028753e+00 1.034264e+00 1.032266e+00 1.025227e+00 1.023888e+00 1.027506e+00 1.021808e+00 1.020319e+00 1.020777e+00 1.013053e+00 1.015516e+00 1.020314e+00 1.000342e+00 9.889813e-01
1.002941e+00 1.001820e+00 1.004127e+00 1.005974e+00 9.972503e-01 9.981098e-01 9.943434e-01 9.850271e-01 9.707252e-01 9.707067e-01 9.648837e-01 9.601867e-01 9.576141e-01 9.541798e-01 9.501346e-01 9.390058e-01 9.313385e-01 9.384902e-01 9.434932e-01 9.501019e-01 9.534213e-01 9.446048e-01 9.384176e-01 9.396551e-01 9.403803e-01 9.552370e-01 9.671077e-01 9.728186e-01 9.725804e-01 9.693953e-01 9.581361e-01 9.556000e-01 9.552298e-01 9.556632e-01 9.652621e-01 9.637023e-01 9.601861e-01 9.549056e-01 9.565966e-01 9.600655e-01 9.565307e-01 9.547935e-01 9.571356e-01 9.597753e-01 9.570031e-01 9.537178e-01 9.585813e-01 9.670303e-01 9.725245e-01 9.673957e-01 9.632701e-01 9.593355e-01 9.550031e-01 9.566209e-01 9.644890e-01 9.652845e-01 9.664547e-01 9.708357e-01 9.686432e-01 9.627491e-01 9.664002e-01 9.720392e-01 9.650918e-01 9.588661e-01 9.580503e-01 9.559904e-01 9.521052e-01 9.493441e-01 9.391149e-01 9.344359e-01 9.368764e-01 9.406772e-01 9.465426e-01 9.445703e-01 9.455343e-01 9.476027e-01 9.428000e-01 9.393490e-01 9.436945e-01 9.488106e-01 9.484423e-01 9.402606e-01 9.376078e-01 9.373291e-01 9.385574e-01 9.452312e-01 9.537096e-01 9.557481e-01 9.539607e-01 9.414222e-01 9.441960e-01 9.515108e-01 9.557391e-01 9.578006e-01 9.564331e-01 9.593249e-01 9.607269e-01 9.596792e-01 9.607142e-01 9.669079e-01 9.696602e-01 9.729241e-01 9.766266e-01 9.785383e-01 9.742727e-01 9.826062e-01 9.851423e-01 9.869605e-01 9.841185e-01 9.821159e-01 9.829211e-01 9.888361e-01 9.912388e-01 9.959822e-01 9.972780e-01 9.986234e-01 9.975058e-01 9.886411e-01 9.797634e-01 9.778813e-01 9.841588e-01 9.874039e-01 9.797842e-01 9.724001e-01 9.750168e-01 9.725180e-01 9.698764e-01 9.693298e-01 9.755844e-01 9.724736e-01 9.614188e-01 9.517363e-01 9.472810e-01 9.448337e-01 9.493112e-01 9.531434e-01 9.448622e-01 9.425800e-01 9.370795e-01 9.385235e-01 9.397425e-01 9.284246e-01 9.257246e-01 9.309928e-01 9.370565e-01 9.352677e-01 9.298232e-01 9.288125e-01 9.335442e-01 9.362090e-01 9.324613e-01 9.342759e-01 9.392756e-01 9.361531e-01 9.255607e-01 9.227799e-01 9.249295e-01 9.177046e-01 9.146683e-01 9.180641e-01 9.173374e-01 9.195443e-01 9.220284e-01 9.308914e-01 9.367695e-01 9.217350e-01 9.060882e-01 9.105438e-01 9.111914e-01 9.118717e-01 9.111301e-01 9.129908e-01 9.130254e-01 9.115951e-01 9.146434e-01 9.197903e-01 9.317042e-01 9.370639e-01 9.420456e-01 9.444653e-01 9.389086e-01 9.424204e-01 9.546191e-01 9.594673e-01 9.650834e-01 9.617302e-01 9.541296e-01 9.561028e-01 9.557564e-01 9.560413e-01 9.528024e-01 9.537040e-01 9.577140e-01 9.522539e-01 9.461069e-01 9.496966e-01 9.538252e-01 9.555033e-01 9.554928e-01 9.480249e-01 9.377484e-01 9.393812e-01 9.427788e-01 9.457027e-01 9.555032e-01 9.541478e-01 9.564428e-01 9.564490e-01 9.552051e-01 9.543686e-01 9.458624e-01 9.451594e-01 9.533141e-01 9.557278e-01 9.567381e-01 9.567192e-01 9.650932e-01 9.679213e-01 9.675503e-01 9.693000e-01 9.689358e-01 9.765058e-01 9.813745e-01 9.893562e-01 9.956644e-01 1.000083e+00 9.997014e-01 9.967166e-01 9.971728e-01 9.986244e-01 9.990225e-01 1.004163e+00 1.010655e+00 1.020637e+00 1.028741e+00 1.023860e+00 1.014524e+00 1.017528e+00 1.019171e+00 1.030317e+00 1.035897e+00 1.032497e+00 1.031239e+00 1.031421e+00 1.032482e+00 1.033584e+00 1.037312e+00 1.036659e+00 1.032472e+00 1.030163e+00 1.027689e+00 1.014739e+00 1.018966e+00 1.024101e+00 1.003436e+00 9.894421e-01
1.010419e+00 1.006705e+00 1.005859e+00 1.002285e+00 9.984788e-01 1.002684e+00 9.970881e-01 9.890487e-01 9.765845e-01 9.709677e-01 9.712436e-01 9.653664e-01 9.584079e-01 9.525056e-01 9.447405e-01 9.348909e-01 9.303526e-01 9.375240e-01 9.475690e-01 9.516947e-01 9.506365e-01 9.451044e-01 9.457377e-01 9.445441e-01 9.448036e-01 9.474759e-01 9.599329e-01 9.769824e-01 9.807777e-01 9.749635e-01 9.686043e-01 9.627126e-01 9.621504e-01 9.681240e-01 9.778426e-01 9.743251e-01 9.667326e-01 9.626240e-01 9.664448e-01 9.720768e-01 9.721221e-01 9.626077e-01 9.637392e-01 9.636048e-01 9.625007e-01 9.611070e-01 9.701623e-01 9.765087e-01 9.736210e-01 9.664289e-01 9.633059e-01 9.601839e-01 9.551057e-01 9.551377e-01 9.571281e-01 9.549200e-01 9.594800e-01 9.591439e-01 9.531909e-01 9.495098e-01 9.567950e-01 9.640760e-01 9.638448e-01 9.614891e-01 9.590545e-01 9.527247e-01 9.503923e-01 9.489347e-01 9.410900e-01 9.353871e-01 9.394327e-01 9.450906e-01 9.461105e-01 9.406229e-01 9.395506e-01 9.373425e-01 9.373880e-01 9.391891e-01 9.410890e-01 9.408509e-01 9.376679e-01 9.323105e-01 9.335284e-01 9.424899e-01 9.370819e-01 9.383649e-01 9.509287e-01 9.587683e-01 9.506068e-01 9.451628e-01 9.498140e-01 9.549969e-01 9.556381e-01 9.548095e-01 9.557258e-01 9.567202e-01 9.589476e-01 9.620515e-01 9.602192e-01 9.661934e-01 9.700783e-01 9.768525e-01 9.814112e-01 9.836680e-01 9.764341e-01 9.835045e-01 9.845033e-01 9.835830e-01 9.837660e-01 9.828461e-01 9.877754e-01 9.947752e-01 9.933794e-01 9.906749e-01 9.939188e-01 9.927008e-01 9.886998e-01 9.860159e-01 9.837437e-01 9.819514e-01 9.836377e-01 9.824161e-01 9.707060e-01 9.613841e-01 9.615578e-01 9.690765e-01 9.669602e-01 9.627390e-01 9.623049e-01 9.666671e-01 9.594468e-01 9.510856e-01 9.450373e-01 9.373326e-01 9.430276e-01 9.449430e-01 9.348851e-01 9.290580e-01 9.290308e-01 9.266095e-01 9.312749e-01 9.264736e-01 9.242265e-01 9.305412e-01 9.375532e-01 9.347185e-01 9.333218e-01 9.343632e-01 9.371192e-01 9.391844e-01 9.347518e-01 9.317122e-01 9.335557e-01 9.304166e-01 9.238799e-01 9.219815e-01 9.238144e-01 9.182526e-01 9.150630e-01 9.140350e-01 9.148325e-01 9.158427e-01 9.177957e-01 9.266022e-01 9.271195e-01 9.091893e-01 9.024317e-01 9.044793e-01 9.063624e-01 9.112561e-01 9.156156e-01 9.135652e-01 9.134434e-01 9.159056e-01 9.169803e-01 9.214155e-01 9.340847e-01 9.425104e-01 9.441854e-01 9.473960e-01 9.446198e-01 9.467381e-01 9.566547e-01 9.670086e-01 9.677464e-01 9.597710e-01 9.532710e-01 9.587080e-01 9.664294e-01 9.622119e-01 9.562758e-01 9.582024e-01 9.605189e-01 9.587351e-01 9.595639e-01 9.675524e-01 9.674048e-01 9.614050e-01 9.602112e-01 9.628565e-01 9.602743e-01 9.599791e-01 9.574001e-01 9.558652e-01 9.615853e-01 9.587939e-01 9.591957e-01 9.596903e-01 9.594688e-01 9.586212e-01 9.506477e-01 9.576236e-01 9.712290e-01 9.739947e-01 9.692839e-01 9.686700e-01 9.727855e-01 9.784363e-01 9.831238e-01 9.806951e-01 9.799280e-01 9.835128e-01 9.868164e-01 9.969215e-01 1.003756e+00 1.006685e+00 1.005224e+00 1.002416e+00 1.002496e+00 1.005518e+00 1.006842e+00 1.006000e+00 1.017268e+00 1.024723e+00 1.031335e+00 1.029382e+00 1.021532e+00 1.020656e+00 1.026558e+00 1.036254e+00 1.041075e+00 1.037489e+00 1.031915e+00 1.028783e+00 1.029065e+00 1.040438e+00 1.048635e+00 1.046280e+00 1.042072e+00 1.039115e+00 1.029751e+00 1.015390e+00 1.019732e+00 1.025627e+00 1.008616e+00 9.970409e-01
1.013931e+00 1.006500e+00 1.001577e+00 9.972746e-01 1.001548e+00 1.001720e+00 9.935299e-01 9.813504e-01 9.698027e-01 9.656276e-01 9.615340e-01 9.585097e-01 9.563057e-01 9.456124e-01 9.443628e-01 9.406788e-01 9.357172e-01 9.430394e-01 9.550552e-01 9.525109e-01 9.536357e-01 9.551163e-01 9.531868e-01 9.507189e-01 9.443448e-01 9.479350e-01 9.656991e-01 9.832749e-01 9.842634e-01 9.755338e-01 9.698678e-01 9.730350e-01 9.709904e-01 9.702763e-01 9.789083e-01 9.790035e-01 9.740279e-01 9.704200e-01 9.796249e-01 9.870504e-01 9.827780e-01 9.737767e-01 9.731449e-01 9.723640e-01 9.719008e-01 9.766659e-01 9.842476e-01 9.779087e-01 9.687647e-01 9.649621e-01 9.621773e-01 9.613069e-01 9.537937e-01 9.452830e-01 9.432982e-01 9.463768e-01 9.507880e-01 9.487165e-01 9.393694e-01 9.400298e-01 9.490452e-01 9.581912e-01 9.608473e-01 9.581656e-01 9.535854e-01 9.531943e-01 9.528335e-01 9.488621e-01 9.476293e-01 9.455084e-01 9.465368e-01 9.488844e-01 9.460726e-01 9.395095e-01 9.371064e-01 9.363784e-01 9.357821e-01 9.356813e-01 9.335055e-01 9.369287e-01 9.379511e-01 9.370096e-01 9.357168e-01 9.414277e-01 9.363082e-01 9.431894e-01 9.578692e-01 9.624310e-01 9.549937e-01 9.525545e-01 9.499977e-01 9.588478e-01 9.555318e-01 9.496381e-01 9.514182e-01 9.553140e-01 9.587609e-01 9.668968e-01 9.686425e-01 9.694330e-01 9.758308e-01 9.811555e-01 9.826573e-01 9.824885e-01 9.773610e-01 9.834794e-01 9.815634e-01 9.789457e-01 9.840516e-01 9.852862e-01 9.907861e-01 9.977054e-01 9.969758e-01 9.924750e-01 9.896834e-01 9.849908e-01 9.832526e-01 9.843562e-01 9.831863e-01 9.767903e-01 9.812589e-01 9.806611e-01 9.668260e-01 9.558350e-01 9.578807e-01 9.677714e-01 9.676833e-01 9.590455e-01 9.539365e-01 9.649087e-01 9.559712e-01 9.455622e-01 9.386869e-01 9.372735e-01 9.380059e-01 9.322718e-01 9.284341e-01 9.281190e-01 9.248401e-01 9.237468e-01 9.290567e-01 9.250644e-01 9.180124e-01 9.237837e-01 9.254291e-01 9.253703e-01 9.277894e-01 9.230661e-01 9.293033e-01 9.321763e-01 9.295767e-01 9.287826e-01 9.314591e-01 9.329682e-01 9.306649e-01 9.293023e-01 9.223486e-01 9.180409e-01 9.144176e-01 9.123524e-01 9.163352e-01 9.207557e-01 9.216731e-01 9.222168e-01 9.120612e-01 9.037994e-01 9.062150e-01 9.049563e-01 9.077248e-01 9.134396e-01 9.172962e-01 9.155997e-01 9.191659e-01 9.229311e-01 9.256151e-01 9.278597e-01 9.359546e-01 9.409727e-01 9.394737e-01 9.432483e-01 9.470767e-01 9.477845e-01 9.512855e-01 9.578150e-01 9.568401e-01 9.467340e-01 9.505540e-01 9.626397e-01 9.714188e-01 9.659301e-01 9.576656e-01 9.605955e-01 9.665073e-01 9.669700e-01 9.708790e-01 9.799689e-01 9.773185e-01 9.698766e-01 9.673775e-01 9.690805e-01 9.716259e-01 9.688582e-01 9.612742e-01 9.641997e-01 9.706732e-01 9.678673e-01 9.606015e-01 9.600479e-01 9.612889e-01 9.631896e-01 9.654500e-01 9.717571e-01 9.815000e-01 9.801638e-01 9.754019e-01 9.722842e-01 9.769144e-01 9.826151e-01 9.836156e-01 9.844360e-01 9.876920e-01 9.918793e-01 9.940856e-01 9.998232e-01 1.002293e+00 1.004946e+00 1.006000e+00 1.004484e+00 1.008656e+00 1.012040e+00 1.011711e+00 1.009532e+00 1.015197e+00 1.022066e+00 1.029346e+00 1.031098e+00 1.023881e+00 1.021130e+00 1.027722e+00 1.034119e+00 1.039020e+00 1.037635e+00 1.033955e+00 1.024630e+00 1.024830e+00 1.041863e+00 1.049910e+00 1.049342e+00 1.045960e+00 1.040214e+00 1.022025e+00 1.013602e+00 1.017819e+00 1.024986e+00 1.011383e+00 1.001095e+00
1.004388e+00 1.002695e+00 9.943292e-01 9.917880e-01 9.917491e-01 9.887686e-01 9.781756e-01 9.714377e-01 9.648380e-01 9.681617e-01 9.593036e-01 9.507216e-01 9.486520e-01 9.384450e-01 9.425465e-01 9.434634e-01 9.423427e-01 9.508600e-01 9.552483e-01 9.562179e-01 9.632382e-01 9.631592e-01 9.542318e-01 9.501881e-01 9.471100e-01 9.548054e-01 9.732052e-01 9.834763e-01 9.829600e-01 9.756571e-01 9.791062e-01 9.813604e-01 9.754280e-01 9.699921e-01 9.728903e-01 9.788074e-01 9.757670e-01 9.737999e-01 9.810383e-01 9.866444e-01 9.833111e-01 9.765916e-01 9.762274e-01 9.733981e-01 9.756482e-01 9.877810e-01 9.892961e-01 9.741996e-01 9.686992e-01 9.687024e-01 9.672688e-01 9.663950e-01 9.627563e-01 9.529368e-01 9.508070e-01 9.556018e-01 9.565523e-01 9.477772e-01 9.402827e-01 9.408729e-01 9.495786e-01 9.566485e-01 9.600708e-01 9.540487e-01 9.463703e-01 9.459776e-01 9.467574e-01 9.439672e-01 9.443490e-01 9.438992e-01 9.457395e-01 9.466089e-01 9.397895e-01 9.379171e-01 9.374991e-01 9.403866e-01 9.361377e-01 9.310631e-01 9.315484e-01 9.362199e-01 9.396352e-01 9.363167e-01 9.269245e-01 9.320003e-01 9.351112e-01 9.464195e-01 9.553457e-01 9.519280e-01 9.432088e-01 9.448510e-01 9.495853e-01 9.499916e-01 9.501199e-01 9.505595e-01 9.493248e-01 9.552608e-01 9.580780e-01 9.672728e-01 9.705793e-01 9.715025e-01 9.752286e-01 9.773860e-01 9.769828e-01 9.757398e-01 9.735190e-01 9.741148e-01 9.712638e-01 9.750919e-01 9.838191e-01 9.894316e-01 9.947147e-01 1.001702e+00 1.000643e+00 9.934806e-01 9.835186e-01 9.780158e-01 9.815405e-01 9.833542e-01 9.797857e-01 9.720741e-01 9.745467e-01 9.773368e-01 9.674726e-01 9.588025e-01 9.641812e-01 9.662229e-01 9.625050e-01 9.617136e-01 9.561918e-01 9.575570e-01 9.493995e-01 9.352428e-01 9.329972e-01 9.350855e-01 9.364423e-01 9.345955e-01 9.340099e-01 9.338653e-01 9.271064e-01 9.220043e-01 9.243194e-01 9.236249e-01 9.161594e-01 9.129363e-01 9.154420e-01 9.188666e-01 9.206217e-01 9.175168e-01 9.221023e-01 9.260244e-01 9.252830e-01 9.271489e-01 9.303846e-01 9.344589e-01 9.312264e-01 9.258878e-01 9.188703e-01 9.179348e-01 9.186509e-01 9.163009e-01 9.191893e-01 9.181279e-01 9.162967e-01 9.149232e-01 9.094891e-01 9.089442e-01 9.082115e-01 9.082369e-01 9.116248e-01 9.102868e-01 9.118503e-01 9.195322e-01 9.238192e-01 9.234613e-01 9.237111e-01 9.286260e-01 9.370031e-01 9.362776e-01 9.384575e-01 9.408063e-01 9.454679e-01 9.458584e-01 9.461591e-01 9.476369e-01 9.476897e-01 9.465915e-01 9.563216e-01 9.662658e-01 9.752166e-01 9.727102e-01 9.620855e-01 9.677566e-01 9.730169e-01 9.712716e-01 9.749353e-01 9.801425e-01 9.810540e-01 9.773663e-01 9.750445e-01 9.766004e-01 9.746888e-01 9.751921e-01 9.715397e-01 9.697087e-01 9.730874e-01 9.740232e-01 9.698122e-01 9.665325e-01 9.685310e-01 9.709470e-01 9.761479e-01 9.819124e-01 9.850786e-01 9.811580e-01 9.779776e-01 9.761947e-01 9.838606e-01 9.854733e-01 9.854093e-01 9.932256e-01 9.971299e-01 9.978566e-01 9.980189e-01 9.975034e-01 9.988779e-01 1.000144e+00 1.002028e+00 1.002133e+00 1.013777e+00 1.018354e+00 1.015382e+00 1.012117e+00 1.011321e+00 1.016966e+00 1.028076e+00 1.032990e+00 1.024325e+00 1.020839e+00 1.021284e+00 1.030134e+00 1.036291e+00 1.038836e+00 1.039875e+00 1.025990e+00 1.021275e+00 1.035128e+00 1.045130e+00 1.046283e+00 1.043495e+00 1.039425e+00 1.019001e+00 1.009080e+00 1.013463e+00 1.019234e+00 1.008881e+00 1.000411e+00
1.000611e+00 1.003128e+00 9.993055e-01 9.900226e-01 9.841398e-01 9.798690e-01 9.755261e-01 9.652772e-01 9.618092e-01 9.634886e-01 9.580327e-01 9.485816e-01 9.433824e-01 9.395761e-01 9.456369e-01 9.475794e-01 9.415175e-01 9.454147e-01 9.510211e-01 9.541933e-01 9.640702e-01 9.671276e-01 9.600859e-01 9.571435e-01 9.633507e-01 9.718496e-01 9.825616e-01 9.839566e-01 9.852635e-01 9.826462e-01 9.897981e-01 9.900027e-01 9.832000e-01 9.780515e-01 9.740091e-01 9.740487e-01 9.790114e-01 9.800049e-01 9.824535e-01 9.841083e-01 9.833598e-01 9.775181e-01 9.800693e-01 9.781028e-01 9.776064e-01 9.860018e-01 9.905462e-01 9.822430e-01 9.807287e-01 9.767104e-01 9.710245e-01 9.687824e-01 9.649172e-01 9.673432e-01 9.678530e-01 9.655007e-01 9.585654e-01 9.536622e-01 9.465092e-01 9.451237e-01 9.495551e-01 9.578266e-01 9.622743e-01 9.567853e-01 9.483777e-01 9.429574e-01 9.376610e-01 9.371698e-01 9.381596e-01 9.397953e-01 9.426151e-01 9.407132e-01 9.342037e-01 9.303163e-01 9.301966e-01 9.318237e-01 9.297778e-01 9.304398e-01 9.381635e-01 9.451961e-01 9.421239e-01 9.297116e-01 9.228310e-01 9.291735e-01 9.361709e-01 9.371411e-01 9.441420e-01 9.416859e-01 9.361071e-01 9.413182e-01 9.496778e-01 9.411551e-01 9.445029e-01 9.513794e-01 9.504578e-01 9.469487e-01 9.526995e-01 9.628360e-01 9.675504e-01 9.671088e-01 9.679484e-01 9.721728e-01 9.759468e-01 9.755888e-01 9.791806e-01 9.770901e-01 9.718711e-01 9.752114e-01 9.826509e-01 9.905334e-01 9.930534e-01 9.961089e-01 9.944925e-01 9.907631e-01 9.855541e-01 9.813039e-01 9.839125e-01 9.794511e-01 9.707885e-01 9.645538e-01 9.636296e-01 9.702886e-01 9.665391e-01 9.631316e-01 9.689577e-01 9.687005e-01 9.623137e-01 9.638429e-01 9.594570e-01 9.546337e-01 9.427365e-01 9.302481e-01 9.326256e-01 9.302929e-01 9.296111e-01 9.338298e-01 9.378096e-01 9.323853e-01 9.197317e-01 9.138964e-01 9.138656e-01 9.135240e-01 9.111724e-01 9.065062e-01 9.138810e-01 9.194199e-01 9.169731e-01 9.140301e-01 9.169760e-01 9.227422e-01 9.247208e-01 9.253697e-01 9.274735e-01 9.297340e-01 9.264790e-01 9.170068e-01 9.104701e-01 9.150860e-01 9.208267e-01 9.159707e-01 9.156375e-01 9.169091e-01 9.134600e-01 9.115562e-01 9.070902e-01 9.095051e-01 9.097047e-01 9.131791e-01 9.120706e-01 9.083133e-01 9.178010e-01 9.213777e-01 9.177256e-01 9.175960e-01 9.203149e-01 9.258809e-01 9.344061e-01 9.391327e-01 9.413139e-01 9.396573e-01 9.435506e-01 9.460891e-01 9.475368e-01 9.436529e-01 9.455845e-01 9.506333e-01 9.598979e-01 9.683830e-01 9.701772e-01 9.707089e-01 9.714172e-01 9.757493e-01 9.724758e-01 9.728590e-01 9.752138e-01 9.789879e-01 9.832738e-01 9.836964e-01 9.852237e-01 9.826898e-01 9.782548e-01 9.801846e-01 9.772156e-01 9.727307e-01 9.749963e-01 9.821473e-01 9.853418e-01 9.781339e-01 9.760143e-01 9.743080e-01 9.789549e-01 9.862130e-01 9.882014e-01 9.832874e-01 9.790444e-01 9.802358e-01 9.875118e-01 9.886660e-01 9.888937e-01 9.903008e-01 9.921627e-01 9.962416e-01 9.998804e-01 1.000593e+00 9.987800e-01 9.983407e-01 1.000777e+00 1.004906e+00 1.011788e+00 1.015900e+00 1.010967e+00 1.011211e+00 1.012152e+00 1.019629e+00 1.028771e+00 1.030667e+00 1.026043e+00 1.021642e+00 1.021006e+00 1.029993e+00 1.032413e+00 1.039995e+00 1.039397e+00 1.032330e+00 1.025090e+00 1.029589e+00 1.032793e+00 1.038696e+00 1.037458e+00 1.034461e+00 1.021958e+00 1.010246e+00 1.015731e+00 1.016115e+00 1.005914e+00 9.975441e-01
9.995820e-01 1.004054e+00 1.006205e+00 9.929849e-01 9.893153e-01 9.848552e-01 9.824971e-01 9.616416e-01 9.567564e-01 9.551513e-01 9.504954e-01 9.506195e-01 9.507608e-01 9.529191e-01 9.530261e-01 9.461312e-01 9.416999e-01 9.460744e-01 9.561668e-01 9.546958e-01 9.543087e-01 9.591594e-01 9.596112e-01 9.618633e-01 9.739836e-01 9.918489e-01 9.904407e-01 9.828272e-01 9.814016e-01 9.818437e-01 9.890797e-01 9.857786e-01 9.882290e-01 9.852048e-01 9.764934e-01 9.734760e-01 9.788746e-01 9.803836e-01 9.808427e-01 9.879644e-01 9.917466e-01 9.856282e-01 9.793301e-01 9.817463e-01 9.872670e-01 9.914879e-01 9.991808e-01 9.920343e-01 9.854003e-01 9.842339e-01 9.817476e-01 9.729339e-01 9.626960e-01 9.673476e-01 9.721175e-01 9.679883e-01 9.572034e-01 9.555116e-01 9.505919e-01 9.489191e-01 9.500574e-01 9.571390e-01 9.569854e-01 9.546128e-01 9.461510e-01 9.413773e-01 9.373475e-01 9.362322e-01 9.337543e-01 9.339786e-01 9.336878e-01 9.311707e-01 9.313058e-01 9.259031e-01 9.233359e-01 9.167676e-01 9.174013e-01 9.226233e-01 9.397427e-01 9.526930e-01 9.423429e-01 9.278463e-01 9.247098e-01 9.261231e-01 9.358081e-01 9.349400e-01 9.366739e-01 9.364181e-01 9.357056e-01 9.427673e-01 9.467617e-01 9.457589e-01 9.437619e-01 9.509024e-01 9.500692e-01 9.496134e-01 9.560838e-01 9.640823e-01 9.703915e-01 9.707006e-01 9.718694e-01 9.730611e-01 9.733474e-01 9.761938e-01 9.808564e-01 9.813529e-01 9.791864e-01 9.749098e-01 9.785393e-01 9.884531e-01 9.906556e-01 9.928374e-01 9.899302e-01 9.869241e-01 9.855972e-01 9.799757e-01 9.836718e-01 9.784645e-01 9.658711e-01 9.546080e-01 9.549237e-01 9.646398e-01 9.694080e-01 9.659956e-01 9.666124e-01 9.639633e-01 9.580957e-01 9.520712e-01 9.453669e-01 9.406803e-01 9.304779e-01 9.266204e-01 9.291826e-01 9.268302e-01 9.241976e-01 9.243174e-01 9.279197e-01 9.210026e-01 9.155192e-01 9.101828e-01 9.062166e-01 9.082400e-01 9.081563e-01 9.117278e-01 9.140825e-01 9.185523e-01 9.200235e-01 9.135740e-01 9.134362e-01 9.216596e-01 9.208962e-01 9.163418e-01 9.253946e-01 9.270884e-01 9.224803e-01 9.095486e-01 9.057303e-01 9.102301e-01 9.143429e-01 9.111802e-01 9.104141e-01 9.114030e-01 9.068158e-01 9.056972e-01 9.073398e-01 9.075460e-01 9.084499e-01 9.102043e-01 9.093277e-01 9.081407e-01 9.120260e-01 9.116689e-01 9.099585e-01 9.162061e-01 9.236145e-01 9.268024e-01 9.337564e-01 9.407488e-01 9.402208e-01 9.439582e-01 9.472023e-01 9.473504e-01 9.439709e-01 9.420877e-01 9.493911e-01 9.588519e-01 9.635359e-01 9.670030e-01 9.669481e-01 9.679890e-01 9.727092e-01 9.745497e-01 9.729756e-01 9.729267e-01 9.756660e-01 9.813473e-01 9.880897e-01 9.863332e-01 9.884117e-01 9.845743e-01 9.795515e-01 9.786976e-01 9.802043e-01 9.790362e-01 9.825947e-01 9.872185e-01 9.907289e-01 9.845958e-01 9.794390e-01 9.774565e-01 9.825986e-01 9.874372e-01 9.901664e-01 9.870055e-01 9.833319e-01 9.793565e-01 9.839183e-01 9.887402e-01 9.903569e-01 9.843540e-01 9.859157e-01 9.929749e-01 9.997669e-01 1.003304e+00 1.000121e+00 1.001646e+00 1.003839e+00 1.006539e+00 1.005020e+00 1.006566e+00 1.006336e+00 1.009612e+00 1.015549e+00 1.024655e+00 1.025323e+00 1.022387e+00 1.018167e+00 1.014583e+00 1.019308e+00 1.030769e+00 1.034978e+00 1.039016e+00 1.037923e+00 1.030971e+00 1.019373e+00 1.021886e+00 1.022647e+00 1.033777e+00 1.030057e+00 1.027821e+00 1.023601e+00 1.016870e+00 1.020683e+00 1.016070e+00 1.006295e+00 9.995064e-01
1.002198e+00 1.007956e+00 1.012845e+00 1.000197e+00 9.972808e-01 9.892613e-01 9.795673e-01 9.685311e-01 9.617464e-01 9.565847e-01 9.492915e-01 9.466152e-01 9.492492e-01 9.569414e-01 9.558111e-01 9.446326e-01 9.427108e-01 9.474725e-01 9.600016e-01 9.564743e-01 9.474092e-01 9.547766e-01 9.632165e-01 9.659064e-01 9.724406e-01 9.854475e-01 9.857768e-01 9.788046e-01 9.778126e-01 9.839932e-01 9.872402e-01 9.837234e-01 9.835106e-01 9.843923e-01 9.818603e-01 9.798684e-01 9.854366e-01 9.839904e-01 9.869834e-01 9.987999e-01 1.005826e+00 9.968316e-01 9.874959e-01 9.840582e-01 9.884685e-01 9.933121e-01 9.982392e-01 9.926930e-01 9.859204e-01 9.855190e-01 9.840394e-01 9.697695e-01 9.646843e-01 9.651605e-01 9.691856e-01 9.684690e-01 9.629188e-01 9.583734e-01 9.517084e-01 9.469782e-01 9.461049e-01 9.501576e-01 9.513139e-01 9.520791e-01 9.447809e-01 9.417238e-01 9.379812e-01 9.348841e-01 9.338242e-01 9.332813e-01 9.312847e-01 9.309202e-01 9.309081e-01 9.240351e-01 9.197236e-01 9.170195e-01 9.190814e-01 9.263978e-01 9.376163e-01 9.406621e-01 9.321571e-01 9.224688e-01 9.228328e-01 9.256670e-01 9.328531e-01 9.352790e-01 9.313139e-01 9.358553e-01 9.349489e-01 9.326618e-01 9.344845e-01 9.418447e-01 9.391270e-01 9.374219e-01 9.415154e-01 9.503444e-01 9.520303e-01 9.649915e-01 9.711581e-01 9.710094e-01 9.703713e-01 9.728544e-01 9.738700e-01 9.744797e-01 9.747682e-01 9.724519e-01 9.717343e-01 9.696653e-01 9.710701e-01 9.751598e-01 9.699298e-01 9.772269e-01 9.801666e-01 9.802499e-01 9.781570e-01 9.737493e-01 9.772325e-01 9.739502e-01 9.610347e-01 9.546411e-01 9.578952e-01 9.635856e-01 9.634383e-01 9.580833e-01 9.601582e-01 9.512579e-01 9.395628e-01 9.295832e-01 9.249614e-01 9.224902e-01 9.243730e-01 9.253794e-01 9.259225e-01 9.220372e-01 9.227386e-01 9.189073e-01 9.216248e-01 9.157317e-01 9.127640e-01 9.097086e-01 9.048471e-01 9.012923e-01 9.019381e-01 9.115110e-01 9.151691e-01 9.153968e-01 9.177518e-01 9.104400e-01 9.073944e-01 9.186590e-01 9.152372e-01 9.075145e-01 9.172258e-01 9.176876e-01 9.156082e-01 9.131656e-01 9.060599e-01 9.077454e-01 9.093251e-01 9.052417e-01 9.050652e-01 9.060430e-01 9.059594e-01 9.084496e-01 9.092518e-01 9.035662e-01 9.001615e-01 9.015404e-01 9.038833e-01 9.033539e-01 9.043864e-01 9.062053e-01 9.038184e-01 9.103398e-01 9.197611e-01 9.288522e-01 9.306709e-01 9.357170e-01 9.362944e-01 9.443051e-01 9.505361e-01 9.469060e-01 9.465069e-01 9.525524e-01 9.579882e-01 9.652153e-01 9.667009e-01 9.687326e-01 9.667015e-01 9.668230e-01 9.687827e-01 9.739069e-01 9.776406e-01 9.777259e-01 9.801494e-01 9.863803e-01 9.879127e-01 9.875928e-01 9.921225e-01 9.856322e-01 9.820393e-01 9.859940e-01 9.863647e-01 9.877025e-01 9.860891e-01 9.841307e-01 9.828368e-01 9.786583e-01 9.764315e-01 9.754392e-01 9.833612e-01 9.879297e-01 9.865451e-01 9.872237e-01 9.832262e-01 9.802915e-01 9.925230e-01 9.944395e-01 9.942163e-01 9.936117e-01 9.918197e-01 9.934087e-01 1.001216e+00 1.005444e+00 9.997074e-01 1.002464e+00 1.007004e+00 1.001928e+00 9.990435e-01 1.002536e+00 1.006483e+00 1.008215e+00 1.013066e+00 1.019339e+00 1.018544e+00 1.015444e+00 1.015612e+00 1.016891e+00 1.022495e+00 1.031455e+00 1.035095e+00 1.038304e+00 1.031624e+00 1.022746e+00 1.012630e+00 1.011837e+00 1.020731e+00 1.032093e+00 1.028007e+00 1.031541e+00 1.027386e+00 1.022249e+00 1.021768e+00 1.019871e+00 1.012371e+00 1.003962e+00
1.004000e+00 1.007119e+00 1.006595e+00 9.982799e-01 9.946538e-01 9.875603e-01 9.738506e-01 9.713477e-01 9.676049e-01 9.591554e-01 9.508187e-01 9.484022e-01 9.474916e-01 9.525867e-01 9.544299e-01 9.443712e-01 9.483656e-01 9.566588e-01 9.649875e-01 9.610162e-01 9.459456e-01 9.500160e-01 9.663753e-01 9.696319e-01 9.694250e-01 9.722680e-01 9.775625e-01 9.782450e-01 9.808954e-01 9.831507e-01 9.912916e-01 9.875315e-01 9.847089e-01 9.818845e-01 9.840032e-01 9.878900e-01 9.890690e-01 9.867589e-01 9.921251e-01 1.005293e+00 1.010213e+00 1.002876e+00 9.941908e-01 9.871439e-01 9.868745e-01 9.928514e-01 9.963694e-01 9.919485e-01 9.868229e-01 9.868718e-01 9.839628e-01 9.721391e-01 9.714614e-01 9.698624e-01 9.731628e-01 9.709865e-01 9.651217e-01 9.613827e-01 9.539744e-01 9.502068e-01 9.491065e-01 9.496024e-01 9.520985e-01 9.545319e-01 9.517735e-01 9.454227e-01 9.369256e-01 9.311804e-01 9.289255e-01 9.302800e-01 9.311932e-01 9.312717e-01 9.311435e-01 9.274985e-01 9.241875e-01 9.250526e-01 9.300401e-01 9.350331e-01 9.351660e-01 9.309717e-01 9.278737e-01 9.236928e-01 9.277967e-01 9.346206e-01 9.421090e-01 9.382728e-01 9.310960e-01 9.321082e-01 9.284043e-01 9.256561e-01 9.292626e-01 9.324905e-01 9.284434e-01 9.345806e-01 9.434516e-01 9.470739e-01 9.496087e-01 9.601158e-01 9.654185e-01 9.636632e-01 9.652338e-01 9.746650e-01 9.697691e-01 9.646131e-01 9.614003e-01 9.626338e-01 9.648779e-01 9.658954e-01 9.660989e-01 9.599244e-01 9.596161e-01 9.745904e-01 9.795160e-01 9.771441e-01 9.741111e-01 9.659887e-01 9.620830e-01 9.641246e-01 9.533997e-01 9.475279e-01 9.536997e-01 9.583346e-01 9.488091e-01 9.442465e-01 9.509837e-01 9.446188e-01 9.300345e-01 9.188849e-01 9.150980e-01 9.102247e-01 9.165030e-01 9.273468e-01 9.239635e-01 9.148434e-01 9.164195e-01 9.177125e-01 9.141662e-01 9.135115e-01 9.133585e-01 9.091921e-01 9.026142e-01 9.027116e-01 9.078593e-01 9.145095e-01 9.144583e-01 9.112689e-01 9.162098e-01 9.139811e-01 9.096339e-01 9.157313e-01 9.138962e-01 9.093435e-01 9.196654e-01 9.177636e-01 9.139643e-01 9.159721e-01 9.119436e-01 9.075721e-01 9.104599e-01 9.094208e-01 9.105832e-01 9.093664e-01 9.118332e-01 9.126350e-01 9.113115e-01 8.992279e-01 8.941290e-01 8.956817e-01 9.029776e-01 9.028969e-01 9.070621e-01 9.089553e-01 9.115903e-01 9.113625e-01 9.176143e-01 9.276463e-01 9.306966e-01 9.340920e-01 9.335652e-01 9.416260e-01 9.450131e-01 9.491029e-01 9.535065e-01 9.548841e-01 9.546183e-01 9.612954e-01 9.660214e-01 9.693657e-01 9.697893e-01 9.694417e-01 9.683389e-01 9.726971e-01 9.791685e-01 9.809556e-01 9.791582e-01 9.852417e-01 9.851257e-01 9.838363e-01 9.875826e-01 9.866079e-01 9.889906e-01 9.939826e-01 9.909067e-01 9.906047e-01 9.808002e-01 9.773815e-01 9.785235e-01 9.788668e-01 9.788709e-01 9.786858e-01 9.850098e-01 9.863300e-01 9.864388e-01 9.947459e-01 9.964649e-01 9.967076e-01 1.002705e+00 1.002252e+00 1.000136e+00 1.001160e+00 9.990671e-01 9.972085e-01 9.957074e-01 1.000275e+00 9.972824e-01 9.997753e-01 1.001719e+00 9.964599e-01 9.920000e-01 1.000349e+00 1.008001e+00 1.008227e+00 1.006483e+00 1.007619e+00 1.009078e+00 1.008827e+00 1.013862e+00 1.017368e+00 1.020822e+00 1.028082e+00 1.032944e+00 1.035906e+00 1.029325e+00 1.019070e+00 1.013505e+00 1.012136e+00 1.022760e+00 1.030015e+00 1.030980e+00 1.036789e+00 1.029824e+00 1.023183e+00 1.023238e+00 1.022766e+00 1.016979e+00 1.007146e+00
1.010503e+00 1.006392e+00 1.006063e+00 9.936131e-01 9.882460e-01 9.822760e-01 9.736627e-01 9.687118e-01 9.666644e-01 9.608050e-01 9.520404e-01 9.457915e-01 9.455223e-01 9.482634e-01 9.532329e-01 9.483706e-01 9.532483e-01 9.613647e-01 9.629449e-01 9.629287e-01 9.531864e-01 9.495302e-01 9.573527e-01 9.631975e-01 9.601692e-01 9.632967e-01 9.683475e-01 9.798236e-01 9.845199e-01 9.872496e-01 9.899284e-01 9.864619e-01 9.851910e-01 9.842498e-01 9.861358e-01 9.907831e-01 9.907903e-01 9.900673e-01 9.945371e-01 1.002831e+00 1.002920e+00 9.960822e-01 9.925655e-01 9.908046e-01 9.877742e-01 9.911804e-01 9.959144e-01 9.947041e-01 9.922332e-01 9.928152e-01 9.835656e-01 9.789367e-01 9.805971e-01 9.767079e-01 9.780861e-01 9.721159e-01 9.653282e-01 9.634706e-01 9.613929e-01 9.580600e-01 9.520816e-01 9.499150e-01 9.511526e-01 9.499310e-01 9.471781e-01 9.397255e-01 9.289715e-01 9.232500e-01 9.214372e-01 9.255320e-01 9.292376e-01 9.309477e-01 9.320467e-01 9.300938e-01 9.258713e-01 9.290906e-01 9.314141e-01 9.301510e-01 9.275343e-01 9.274900e-01 9.295160e-01 9.251535e-01 9.307900e-01 9.421322e-01 9.453972e-01 9.425513e-01 9.365624e-01 9.352679e-01 9.328379e-01 9.312295e-01 9.325923e-01 9.296278e-01 9.326778e-01 9.486095e-01 9.548463e-01 9.488260e-01 9.516068e-01 9.586043e-01 9.571050e-01 9.547138e-01 9.606764e-01 9.684371e-01 9.628869e-01 9.557860e-01 9.561356e-01 9.645881e-01 9.680623e-01 9.685930e-01 9.645674e-01 9.571432e-01 9.625161e-01 9.731840e-01 9.807604e-01 9.752662e-01 9.719257e-01 9.621900e-01 9.528966e-01 9.509107e-01 9.464127e-01 9.441639e-01 9.474508e-01 9.482984e-01 9.412987e-01 9.353154e-01 9.394728e-01 9.354084e-01 9.251492e-01 9.154230e-01 9.067211e-01 9.037276e-01 9.040083e-01 9.136226e-01 9.183088e-01 9.188035e-01 9.142109e-01 9.135844e-01 9.071870e-01 9.052166e-01 9.069450e-01 9.023741e-01 8.995260e-01 9.063666e-01 9.146184e-01 9.182170e-01 9.132491e-01 9.061378e-01 9.094765e-01 9.075111e-01 9.069563e-01 9.118942e-01 9.140288e-01 9.193813e-01 9.205732e-01 9.163008e-01 9.144150e-01 9.135664e-01 9.140404e-01 9.119651e-01 9.079406e-01 9.120213e-01 9.143958e-01 9.139031e-01 9.202750e-01 9.214958e-01 9.149633e-01 8.991386e-01 8.926575e-01 8.935317e-01 8.992107e-01 9.017060e-01 9.094254e-01 9.109788e-01 9.107000e-01 9.130263e-01 9.202723e-01 9.271560e-01 9.324231e-01 9.359404e-01 9.329015e-01 9.385396e-01 9.457489e-01 9.472867e-01 9.502682e-01 9.497954e-01 9.502124e-01 9.573606e-01 9.656482e-01 9.654278e-01 9.659480e-01 9.664375e-01 9.659774e-01 9.674066e-01 9.742677e-01 9.783472e-01 9.795223e-01 9.829675e-01 9.855220e-01 9.866337e-01 9.827051e-01 9.794308e-01 9.860778e-01 9.919658e-01 9.896046e-01 9.879792e-01 9.850130e-01 9.814119e-01 9.806231e-01 9.831359e-01 9.817686e-01 9.801742e-01 9.805406e-01 9.832761e-01 9.898849e-01 9.993104e-01 1.002929e+00 1.003092e+00 1.006383e+00 1.003118e+00 1.000507e+00 9.985131e-01 9.930254e-01 9.948955e-01 9.915482e-01 9.935658e-01 9.965714e-01 9.988422e-01 9.994677e-01 9.954829e-01 9.895296e-01 1.000021e+00 1.008230e+00 1.008341e+00 1.002602e+00 1.002203e+00 1.004713e+00 1.005975e+00 1.009907e+00 1.011587e+00 1.018100e+00 1.024678e+00 1.029475e+00 1.031294e+00 1.027794e+00 1.014588e+00 1.013926e+00 1.015666e+00 1.027429e+00 1.026212e+00 1.029977e+00 1.037794e+00 1.030367e+00 1.022982e+00 1.024741e+00 1.025631e+00 1.018274e+00 1.009419e+00
1.004744e+00 1.001452e+00 9.969952e-01 9.905674e-01 9.849687e-01 9.766870e-01 9.628953e-01 9.591495e-01 9.562305e-01 9.518964e-01 9.470760e-01 9.421818e-01 9.449587e-01 9.470379e-01 9.505346e-01 9.541152e-01 9.625875e-01 9.598991e-01 9.592274e-01 9.634205e-01 9.569147e-01 9.518495e-01 9.560727e-01 9.601116e-01 9.541407e-01 9.565307e-01 9.631715e-01 9.693627e-01 9.797073e-01 9.885064e-01 9.916395e-01 9.874229e-01 9.935105e-01 9.946942e-01 9.919661e-01 9.908588e-01 9.932093e-01 9.902999e-01 9.943125e-01 1.000822e+00 1.005269e+00 1.000090e+00 1.000238e+00 9.999976e-01 9.922706e-01 9.923447e-01 9.974034e-01 1.000643e+00 9.939597e-01 9.896461e-01 9.824055e-01 9.786732e-01 9.801334e-01 9.825546e-01 9.778202e-01 9.688218e-01 9.669943e-01 9.689741e-01 9.669920e-01 9.630535e-01 9.527589e-01 9.499513e-01 9.453153e-01 9.387971e-01 9.361193e-01 9.330675e-01 9.283789e-01 9.268463e-01 9.273353e-01 9.282136e-01 9.280245e-01 9.283859e-01 9.314139e-01 9.264097e-01 9.211473e-01 9.247417e-01 9.220518e-01 9.210305e-01 9.249076e-01 9.287074e-01 9.262856e-01 9.246807e-01 9.308283e-01 9.354764e-01 9.347944e-01 9.359722e-01 9.350865e-01 9.372349e-01 9.372423e-01 9.392776e-01 9.401751e-01 9.360964e-01 9.424164e-01 9.513042e-01 9.551440e-01 9.484134e-01 9.517161e-01 9.553304e-01 9.540856e-01 9.517905e-01 9.597881e-01 9.636321e-01 9.600234e-01 9.582701e-01 9.594464e-01 9.620717e-01 9.616039e-01 9.609761e-01 9.559988e-01 9.535590e-01 9.581184e-01 9.640003e-01 9.672908e-01 9.676599e-01 9.614017e-01 9.528983e-01 9.440801e-01 9.418916e-01 9.457057e-01 9.483085e-01 9.461604e-01 9.443524e-01 9.408450e-01 9.312989e-01 9.307201e-01 9.280383e-01 9.198437e-01 9.116208e-01 9.002803e-01 8.966932e-01 8.962161e-01 9.084689e-01 9.173962e-01 9.194124e-01 9.129488e-01 9.041247e-01 8.990068e-01 9.013946e-01 9.044768e-01 9.008010e-01 8.997143e-01 9.024162e-01 9.053883e-01 9.133198e-01 9.120069e-01 9.033846e-01 9.084069e-01 9.047737e-01 9.033600e-01 9.064472e-01 9.068443e-01 9.129453e-01 9.148132e-01 9.141151e-01 9.113401e-01 9.108055e-01 9.154443e-01 9.119806e-01 9.069385e-01 9.073818e-01 9.118662e-01 9.178421e-01 9.239180e-01 9.257964e-01 9.184380e-01 9.034904e-01 8.933368e-01 8.912590e-01 8.966290e-01 8.993344e-01 9.029478e-01 9.079291e-01 9.079628e-01 9.101657e-01 9.200136e-01 9.260283e-01 9.315024e-01 9.303569e-01 9.312989e-01 9.356143e-01 9.412084e-01 9.467870e-01 9.492201e-01 9.487281e-01 9.559934e-01 9.568683e-01 9.641878e-01 9.651367e-01 9.625961e-01 9.651124e-01 9.689121e-01 9.732980e-01 9.784309e-01 9.837510e-01 9.864767e-01 9.875402e-01 9.877306e-01 9.909497e-01 9.829255e-01 9.746890e-01 9.851913e-01 9.891915e-01 9.853034e-01 9.895592e-01 9.948156e-01 9.878258e-01 9.827385e-01 9.831984e-01 9.823528e-01 9.775157e-01 9.807033e-01 9.847255e-01 9.898421e-01 9.901583e-01 9.903991e-01 9.946982e-01 9.962694e-01 9.929785e-01 9.920300e-01 9.865824e-01 9.844093e-01 9.875316e-01 9.897101e-01 9.927296e-01 9.932259e-01 9.969297e-01 9.997967e-01 9.940456e-01 9.899482e-01 1.000575e+00 1.006825e+00 1.008344e+00 1.007424e+00 1.007984e+00 1.008037e+00 1.009719e+00 1.010283e+00 1.008352e+00 1.013673e+00 1.022485e+00 1.023323e+00 1.023053e+00 1.023327e+00 1.016094e+00 1.012760e+00 1.016314e+00 1.026855e+00 1.025054e+00 1.027026e+00 1.038633e+00 1.027957e+00 1.021626e+00 1.026224e+00 1.027527e+00 1.016346e+00 1.011725e+00
9.969234e-01 9.901738e-01 9.889194e-01 9.879019e-01 9.819430e-01 9.684590e-01 9.519705e-01 9.485244e-01 9.463417e-01 9.440742e-01 9.454460e-01 9.462028e-01 9.480801e-01 9.472070e-01 9.498774e-01 9.516640e-01 9.591268e-01 9.579085e-01 9.549935e-01 9.542857e-01 9.456183e-01 9.465135e-01 9.536064e-01 9.632442e-01 9.578884e-01 9.618180e-01 9.631349e-01 9.692209e-01 9.762303e-01 9.839190e-01 9.825361e-01 9.846880e-01 9.933503e-01 9.993067e-01 1.001227e+00 9.972503e-01 9.981215e-01 9.908734e-01 9.928605e-01 1.000523e+00 1.006298e+00 1.007096e+00 1.009264e+00 1.007517e+00 1.002436e+00 9.990423e-01 9.963301e-01 9.930922e-01 9.880525e-01 9.851763e-01 9.797029e-01 9.731681e-01 9.770950e-01 9.804299e-01 9.767963e-01 9.677859e-01 9.684610e-01 9.676028e-01 9.645481e-01 9.613054e-01 9.521693e-01 9.524652e-01 9.496112e-01 9.398050e-01 9.329243e-01 9.318317e-01 9.338048e-01 9.371430e-01 9.373583e-01 9.345524e-01 9.283258e-01 9.274674e-01 9.281685e-01 9.234512e-01 9.187490e-01 9.205873e-01 9.216651e-01 9.234471e-01 9.244214e-01 9.236687e-01 9.215850e-01 9.229254e-01 9.294451e-01 9.273345e-01 9.283950e-01 9.306640e-01 9.311934e-01 9.356039e-01 9.388869e-01 9.355978e-01 9.341205e-01 9.386404e-01 9.465652e-01 9.483029e-01 9.509669e-01 9.523515e-01 9.569041e-01 9.564673e-01 9.540918e-01 9.555842e-01 9.600760e-01 9.637305e-01 9.642357e-01 9.642919e-01 9.606683e-01 9.548740e-01 9.514385e-01 9.556032e-01 9.548536e-01 9.502089e-01 9.516169e-01 9.548525e-01 9.557691e-01 9.572615e-01 9.509052e-01 9.427346e-01 9.362925e-01 9.346195e-01 9.429020e-01 9.462147e-01 9.400170e-01 9.378790e-01 9.294422e-01 9.261466e-01 9.274538e-01 9.285645e-01 9.196078e-01 9.123307e-01 9.054654e-01 8.995293e-01 9.001774e-01 9.078947e-01 9.145615e-01 9.134637e-01 9.104672e-01 9.029523e-01 9.054922e-01 9.051301e-01 9.029216e-01 8.986632e-01 8.969691e-01 8.976481e-01 8.981549e-01 9.069469e-01 9.101283e-01 9.093589e-01 9.166145e-01 9.200975e-01 9.119804e-01 9.058535e-01 9.016936e-01 9.024956e-01 9.103078e-01 9.192700e-01 9.112886e-01 9.168623e-01 9.240348e-01 9.158972e-01 9.089430e-01 9.051146e-01 9.094681e-01 9.139771e-01 9.186581e-01 9.196905e-01 9.175133e-01 9.066727e-01 8.964463e-01 8.886775e-01 8.886436e-01 8.960385e-01 9.013853e-01 9.061397e-01 9.027922e-01 9.083192e-01 9.126971e-01 9.166741e-01 9.226682e-01 9.259807e-01 9.346199e-01 9.391471e-01 9.432827e-01 9.513001e-01 9.479037e-01 9.474112e-01 9.498566e-01 9.504952e-01 9.610700e-01 9.608961e-01 9.578536e-01 9.651195e-01 9.749667e-01 9.849311e-01 9.902213e-01 9.899840e-01 9.867643e-01 9.817483e-01 9.812521e-01 9.859053e-01 9.827647e-01 9.771370e-01 9.809542e-01 9.836311e-01 9.861532e-01 9.906625e-01 9.952815e-01 9.870127e-01 9.783447e-01 9.775296e-01 9.807800e-01 9.779760e-01 9.807186e-01 9.871262e-01 9.834165e-01 9.736578e-01 9.714121e-01 9.805905e-01 9.876460e-01 9.858124e-01 9.887715e-01 9.817673e-01 9.777941e-01 9.797592e-01 9.823567e-01 9.919567e-01 9.892642e-01 9.946586e-01 9.973623e-01 9.910528e-01 9.945423e-01 9.994775e-01 9.988668e-01 1.000190e+00 1.008195e+00 1.010008e+00 1.009234e+00 1.005924e+00 1.005427e+00 1.006047e+00 1.011670e+00 1.018513e+00 1.013739e+00 1.015840e+00 1.024168e+00 1.019633e+00 1.020214e+00 1.017735e+00 1.024901e+00 1.025158e+00 1.027127e+00 1.034551e+00 1.025250e+00 1.019017e+00 1.026944e+00 1.025044e+00 1.014625e+00 1.009459e+00
9.950621e-01 9.893745e-01 9.902647e-01 9.857951e-01 9.768304e-01 9.633420e-01 9.565969e-01 9.448017e-01 9.407289e-01 9.442137e-01 9.481449e-01 9.519808e-01 9.561237e-01 9.524911e-01 9.478259e-01 9.440234e-01 9.498766e-01 9.532835e-01 9.538310e-01 9.508979e-01 9.377372e-01 9.392300e-01 9.519877e-01 9.599800e-01 9.566209e-01 9.640924e-01 9.707397e-01 9.801050e-01 9.840190e-01 9.872535e-01 9.858731e-01 9.822251e-01 9.913554e-01 1.004387e+00 1.007626e+00 1.004923e+00 1.000391e+00 9.987852e-01 1.000868e+00 1.003775e+00 1.003229e+00 1.002376e+00 1.007561e+00 1.004838e+00 9.999476e-01 9.937066e-01 9.904213e-01 9.844040e-01 9.831288e-01 9.799028e-01 9.792398e-01 9.784999e-01 9.801092e-01 9.796575e-01 9.771669e-01 9.705675e-01 9.669744e-01 9.655579e-01 9.641091e-01 9.602396e-01 9.542120e-01 9.583743e-01 9.587893e-01 9.491086e-01 9.371449e-01 9.317352e-01 9.334616e-01 9.405360e-01 9.398559e-01 9.334619e-01 9.252210e-01 9.251766e-01 9.288166e-01 9.245891e-01 9.194632e-01 9.171550e-01 9.203433e-01 9.257492e-01 9.219118e-01 9.163021e-01 9.201155e-01 9.220778e-01 9.228764e-01 9.190609e-01 9.281963e-01 9.309794e-01 9.286299e-01 9.270575e-01 9.290754e-01 9.270548e-01 9.319277e-01 9.408036e-01 9.479723e-01 9.505702e-01 9.484672e-01 9.511537e-01 9.592003e-01 9.534670e-01 9.518629e-01 9.568893e-01 9.599088e-01 9.606721e-01 9.634717e-01 9.612100e-01 9.576357e-01 9.545138e-01 9.514959e-01 9.559838e-01 9.587721e-01 9.526715e-01 9.494922e-01 9.509216e-01 9.456816e-01 9.453791e-01 9.459752e-01 9.390502e-01 9.379477e-01 9.357693e-01 9.438557e-01 9.403834e-01 9.292364e-01 9.246142e-01 9.210743e-01 9.220657e-01 9.259004e-01 9.188563e-01 9.130585e-01 9.111533e-01 9.071839e-01 8.996363e-01 9.001353e-01 9.101912e-01 9.163260e-01 9.141692e-01 9.111462e-01 9.041800e-01 9.069121e-01 9.058647e-01 9.037328e-01 8.979940e-01 8.929176e-01 8.964777e-01 8.971226e-01 9.062682e-01 9.168277e-01 9.214500e-01 9.279628e-01 9.248501e-01 9.172680e-01 9.147531e-01 9.104704e-01 9.060990e-01 9.142588e-01 9.186202e-01 9.157146e-01 9.224951e-01 9.268987e-01 9.183463e-01 9.100027e-01 9.087844e-01 9.110414e-01 9.107537e-01 9.094486e-01 9.103294e-01 9.141896e-01 9.075693e-01 9.018499e-01 8.897907e-01 8.875729e-01 8.941091e-01 9.044833e-01 9.104302e-01 9.125500e-01 9.137711e-01 9.096553e-01 9.103726e-01 9.204688e-01 9.250826e-01 9.317645e-01 9.360954e-01 9.435575e-01 9.511740e-01 9.463769e-01 9.393621e-01 9.358464e-01 9.393327e-01 9.497663e-01 9.578667e-01 9.606929e-01 9.702426e-01 9.793516e-01 9.874265e-01 9.881818e-01 9.853731e-01 9.817075e-01 9.730549e-01 9.734616e-01 9.744576e-01 9.742338e-01 9.729302e-01 9.783128e-01 9.786366e-01 9.832683e-01 9.883133e-01 9.932860e-01 9.872235e-01 9.750108e-01 9.743688e-01 9.766611e-01 9.806039e-01 9.795089e-01 9.833044e-01 9.748891e-01 9.619334e-01 9.672318e-01 9.725311e-01 9.768320e-01 9.843792e-01 9.903253e-01 9.783197e-01 9.689676e-01 9.732447e-01 9.732450e-01 9.818844e-01 9.835152e-01 9.851897e-01 9.901295e-01 9.926791e-01 9.975119e-01 9.939646e-01 9.920189e-01 9.902222e-01 9.979023e-01 1.003687e+00 1.005334e+00 9.995081e-01 1.001455e+00 1.002940e+00 1.006297e+00 1.008514e+00 1.007449e+00 1.010504e+00 1.019796e+00 1.020286e+00 1.019255e+00 1.019577e+00 1.023217e+00 1.026259e+00 1.025712e+00 1.031479e+00 1.025374e+00 1.012294e+00 1.024390e+00 1.022817e+00 1.013711e+00 1.008833e+00
9.975021e-01 9.956064e-01 9.947607e-01 9.845455e-01 9.735854e-01 9.630801e-01 9.584718e-01 9.478197e-01 9.465388e-01 9.451109e-01 9.458635e-01 9.480404e-01 9.513027e-01 9.496668e-01 9.436692e-01 9.426587e-01 9.528809e-01 9.569496e-01 9.523609e-01 9.469470e-01 9.390134e-01 9.424593e-01 9.564689e-01 9.634788e-01 9.582454e-01 9.578639e-01 9.674129e-01 9.763343e-01 9.816355e-01 9.864373e-01 9.898889e-01 9.847366e-01 9.890060e-01 1.003096e+00 1.005648e+00 9.984534e-01 9.943210e-01 9.964999e-01 1.004556e+00 1.004691e+00 9.967867e-01 9.972222e-01 1.001252e+00 9.958079e-01 9.917573e-01 9.910645e-01 9.849049e-01 9.770793e-01 9.758227e-01 9.770424e-01 9.818184e-01 9.820876e-01 9.772287e-01 9.766867e-01 9.786150e-01 9.736561e-01 9.671866e-01 9.614634e-01 9.587360e-01 9.602476e-01 9.611480e-01 9.640074e-01 9.619988e-01 9.530878e-01 9.441584e-01 9.371841e-01 9.372960e-01 9.398898e-01 9.397186e-01 9.307523e-01 9.249139e-01 9.264118e-01 9.287460e-01 9.232609e-01 9.178149e-01 9.124963e-01 9.177713e-01 9.202276e-01 9.184976e-01 9.191558e-01 9.244676e-01 9.218847e-01 9.201196e-01 9.229928e-01 9.299167e-01 9.316286e-01 9.236697e-01 9.230518e-01 9.314003e-01 9.339861e-01 9.410283e-01 9.464617e-01 9.506873e-01 9.504170e-01 9.443347e-01 9.420719e-01 9.483762e-01 9.468994e-01 9.504242e-01 9.560514e-01 9.612392e-01 9.616261e-01 9.618771e-01 9.575538e-01 9.577500e-01 9.574790e-01 9.567522e-01 9.545376e-01 9.543476e-01 9.515746e-01 9.460645e-01 9.456474e-01 9.392189e-01 9.416552e-01 9.453423e-01 9.427135e-01 9.395846e-01 9.369529e-01 9.419771e-01 9.361211e-01 9.252265e-01 9.255093e-01 9.256318e-01 9.210704e-01 9.194515e-01 9.098386e-01 9.083893e-01 9.098145e-01 9.032571e-01 9.000373e-01 9.041971e-01 9.070776e-01 9.132457e-01 9.192066e-01 9.139822e-01 9.102923e-01 9.055756e-01 9.082335e-01 9.103126e-01 9.042342e-01 9.037139e-01 9.084189e-01 9.077978e-01 9.096591e-01 9.165035e-01 9.241851e-01 9.256966e-01 9.189745e-01 9.202322e-01 9.303862e-01 9.284554e-01 9.204313e-01 9.195783e-01 9.177922e-01 9.203778e-01 9.213696e-01 9.199598e-01 9.159566e-01 9.138950e-01 9.113517e-01 9.086699e-01 9.082853e-01 9.058493e-01 9.042628e-01 9.068378e-01 9.060823e-01 9.039703e-01 8.979829e-01 8.952996e-01 9.052934e-01 9.137700e-01 9.166888e-01 9.194517e-01 9.167922e-01 9.159687e-01 9.162964e-01 9.213448e-01 9.248894e-01 9.276209e-01 9.302665e-01 9.412321e-01 9.433340e-01 9.415931e-01 9.311995e-01 9.275429e-01 9.327356e-01 9.461095e-01 9.547310e-01 9.617717e-01 9.680829e-01 9.770233e-01 9.839491e-01 9.825745e-01 9.788319e-01 9.743598e-01 9.737211e-01 9.752101e-01 9.703954e-01 9.652658e-01 9.655234e-01 9.763288e-01 9.782156e-01 9.806414e-01 9.843801e-01 9.873661e-01 9.831587e-01 9.745262e-01 9.736170e-01 9.728718e-01 9.820769e-01 9.762143e-01 9.678612e-01 9.666533e-01 9.656804e-01 9.695092e-01 9.660141e-01 9.666861e-01 9.734407e-01 9.806036e-01 9.773155e-01 9.721422e-01 9.687551e-01 9.674295e-01 9.687839e-01 9.753752e-01 9.746803e-01 9.759939e-01 9.865049e-01 9.908168e-01 9.934478e-01 9.910794e-01 9.875520e-01 9.871336e-01 9.940845e-01 9.946414e-01 9.917189e-01 9.946969e-01 1.000401e+00 1.000514e+00 9.987668e-01 1.001483e+00 1.002538e+00 1.005438e+00 1.001862e+00 1.004673e+00 1.012789e+00 1.017592e+00 1.024614e+00 1.026290e+00 1.031570e+00 1.033504e+00 1.006769e+00 1.017154e+00 1.018302e+00 1.011862e+00 1.005808e+00
9.970324e-01 9.965678e-01 9.996412e-01 9.876369e-01 9.768614e-01 9.615980e-01 9.569144e-01 9.509922e-01 9.530506e-01 9.472960e-01 9.432729e-01 9.415711e-01 9.416166e-01 9.369156e-01 9.382413e-01 9.416528e-01 9.561395e-01 9.572588e-01 9.494088e-01 9.368921e-01 9.381261e-01 9.448305e-01 9.581083e-01 9.624341e-01 9.578521e-01 9.549956e-01 9.618841e-01 9.706385e-01 9.763652e-01 9.849281e-01 9.848548e-01 9.815475e-01 9.840627e-01 9.942898e-01 9.979265e-01 9.957292e-01 9.964214e-01 9.961612e-01 1.001984e+00 9.979332e-01 9.931058e-01 9.921789e-01 9.969962e-01 9.905372e-01 9.848804e-01 9.862497e-01 9.849496e-01 9.814799e-01 9.781402e-01 9.790313e-01 9.841329e-01 9.804050e-01 9.741237e-01 9.771819e-01 9.788325e-01 9.726640e-01 9.658547e-01 9.602780e-01 9.583915e-01 9.629748e-01 9.700697e-01 9.693619e-01 9.618597e-01 9.556570e-01 9.478351e-01 9.441994e-01 9.396197e-01 9.398986e-01 9.453433e-01 9.370366e-01 9.271713e-01 9.253292e-01 9.280743e-01 9.285069e-01 9.219258e-01 9.182127e-01 9.223969e-01 9.219303e-01 9.227338e-01 9.216173e-01 9.229480e-01 9.248316e-01 9.268006e-01 9.294224e-01 9.259171e-01 9.267044e-01 9.217022e-01 9.273176e-01 9.393169e-01 9.422966e-01 9.406496e-01 9.448363e-01 9.475178e-01 9.400823e-01 9.356284e-01 9.360877e-01 9.395606e-01 9.441454e-01 9.473336e-01 9.536115e-01 9.608107e-01 9.639491e-01 9.618477e-01 9.545569e-01 9.579710e-01 9.642535e-01 9.645544e-01 9.599379e-01 9.555433e-01 9.503705e-01 9.450376e-01 9.426228e-01 9.391769e-01 9.420958e-01 9.445285e-01 9.452334e-01 9.445281e-01 9.412532e-01 9.388896e-01 9.358566e-01 9.294748e-01 9.307370e-01 9.286209e-01 9.243615e-01 9.139028e-01 9.148594e-01 9.141136e-01 9.085163e-01 9.028255e-01 9.013985e-01 9.066276e-01 9.032677e-01 9.076918e-01 9.213719e-01 9.240516e-01 9.218681e-01 9.177505e-01 9.200127e-01 9.146820e-01 9.103481e-01 9.130866e-01 9.179684e-01 9.146419e-01 9.189455e-01 9.265336e-01 9.258904e-01 9.195567e-01 9.206070e-01 9.271634e-01 9.328268e-01 9.321689e-01 9.209466e-01 9.176735e-01 9.212654e-01 9.253471e-01 9.208585e-01 9.170954e-01 9.170126e-01 9.135330e-01 9.121909e-01 9.104759e-01 9.124529e-01 9.106548e-01 9.047911e-01 9.032717e-01 9.017198e-01 9.061441e-01 9.048306e-01 8.995678e-01 9.072035e-01 9.108981e-01 9.137217e-01 9.177409e-01 9.178469e-01 9.194191e-01 9.227254e-01 9.225888e-01 9.229347e-01 9.238040e-01 9.240568e-01 9.342434e-01 9.388694e-01 9.414226e-01 9.343680e-01 9.304514e-01 9.333187e-01 9.438772e-01 9.480947e-01 9.492371e-01 9.537023e-01 9.621779e-01 9.727623e-01 9.719648e-01 9.702336e-01 9.709937e-01 9.808881e-01 9.792086e-01 9.671103e-01 9.613891e-01 9.619424e-01 9.758712e-01 9.802589e-01 9.799063e-01 9.829910e-01 9.823509e-01 9.754504e-01 9.703772e-01 9.728800e-01 9.817175e-01 9.818184e-01 9.703586e-01 9.601768e-01 9.673728e-01 9.635925e-01 9.565049e-01 9.560155e-01 9.592349e-01 9.658373e-01 9.696854e-01 9.717489e-01 9.780469e-01 9.722333e-01 9.612319e-01 9.576849e-01 9.653622e-01 9.642866e-01 9.638751e-01 9.717105e-01 9.760575e-01 9.852072e-01 9.843432e-01 9.770063e-01 9.824269e-01 9.866828e-01 9.834760e-01 9.824799e-01 9.868469e-01 9.905931e-01 9.927089e-01 9.918402e-01 9.916501e-01 9.932639e-01 9.948760e-01 9.918578e-01 9.962398e-01 1.004994e+00 1.011531e+00 1.018505e+00 1.023865e+00 1.030746e+00 1.032613e+00 1.002154e+00 1.009319e+00 1.012185e+00 1.004514e+00 1.002329e+00
9.985965e-01 9.979977e-01 9.965715e-01 9.801297e-01 9.692560e-01 9.537579e-01 9.502671e-01 9.497541e-01 9.483669e-01 9.457429e-01 9.476529e-01 9.442894e-01 9.357712e-01 9.330070e-01 9.339253e-01 9.364121e-01 9.490551e-01 9.528908e-01 9.429311e-01 9.349272e-01 9.423575e-01 9.479066e-01 9.520322e-01 9.547569e-01 9.528679e-01 9.568340e-01 9.625089e-01 9.676611e-01 9.774293e-01 9.795769e-01 9.766210e-01 9.773651e-01 9.800323e-01 9.866691e-01 9.933359e-01 9.935600e-01 9.942268e-01 9.912998e-01 9.930478e-01 9.891484e-01 9.872578e-01 9.875013e-01 9.908127e-01 9.859423e-01 9.854863e-01 9.838147e-01 9.865156e-01 9.846849e-01 9.846977e-01 9.809080e-01 9.811940e-01 9.773973e-01 9.771743e-01 9.804329e-01 9.761252e-01 9.721177e-01 9.704957e-01 9.663042e-01 9.624052e-01 9.645749e-01 9.709882e-01 9.716083e-01 9.621703e-01 9.555693e-01 9.494448e-01 9.486787e-01 9.440013e-01 9.466370e-01 9.499655e-01 9.401302e-01 9.280134e-01 9.212176e-01 9.264781e-01 9.294298e-01 9.272253e-01 9.270427e-01 9.317688e-01 9.281018e-01 9.263628e-01 9.174277e-01 9.163450e-01 9.227746e-01 9.264607e-01 9.224426e-01 9.156954e-01 9.168401e-01 9.187502e-01 9.220319e-01 9.343794e-01 9.362105e-01 9.351283e-01 9.358198e-01 9.371442e-01 9.294840e-01 9.285676e-01 9.372356e-01 9.471508e-01 9.511486e-01 9.502166e-01 9.538513e-01 9.608981e-01 9.643703e-01 9.588446e-01 9.486406e-01 9.559947e-01 9.653342e-01 9.656879e-01 9.593277e-01 9.540166e-01 9.464613e-01 9.428239e-01 9.435510e-01 9.418427e-01 9.463273e-01 9.468060e-01 9.517691e-01 9.538053e-01 9.479601e-01 9.411420e-01 9.398131e-01 9.375352e-01 9.354094e-01 9.332067e-01 9.250345e-01 9.186213e-01 9.229717e-01 9.245507e-01 9.185889e-01 9.139721e-01 9.028174e-01 9.052451e-01 9.069211e-01 9.102541e-01 9.232065e-01 9.286909e-01 9.258170e-01 9.250514e-01 9.223594e-01 9.153679e-01 9.130708e-01 9.134849e-01 9.142865e-01 9.135801e-01 9.254394e-01 9.351463e-01 9.305631e-01 9.259723e-01 9.250491e-01 9.313690e-01 9.293340e-01 9.299082e-01 9.226245e-01 9.165295e-01 9.261701e-01 9.321923e-01 9.240326e-01 9.209464e-01 9.176421e-01 9.118735e-01 9.116085e-01 9.118370e-01 9.110911e-01 9.096770e-01 9.068190e-01 9.050290e-01 9.049561e-01 9.071189e-01 9.110267e-01 9.075199e-01 9.056905e-01 9.055359e-01 9.082497e-01 9.095069e-01 9.143759e-01 9.236188e-01 9.260446e-01 9.213558e-01 9.194324e-01 9.202474e-01 9.209935e-01 9.270843e-01 9.343231e-01 9.425266e-01 9.385448e-01 9.325238e-01 9.345788e-01 9.365880e-01 9.382532e-01 9.390451e-01 9.466765e-01 9.552312e-01 9.656438e-01 9.650394e-01 9.614040e-01 9.666643e-01 9.772065e-01 9.760529e-01 9.713470e-01 9.625641e-01 9.656888e-01 9.734023e-01 9.758279e-01 9.732848e-01 9.727058e-01 9.760472e-01 9.731248e-01 9.726047e-01 9.784959e-01 9.831595e-01 9.730784e-01 9.650499e-01 9.544342e-01 9.536473e-01 9.507278e-01 9.458313e-01 9.482461e-01 9.536300e-01 9.610116e-01 9.685158e-01 9.696870e-01 9.753711e-01 9.729881e-01 9.585020e-01 9.561510e-01 9.630405e-01 9.614356e-01 9.581376e-01 9.639227e-01 9.704235e-01 9.758222e-01 9.708723e-01 9.624208e-01 9.683156e-01 9.708700e-01 9.725861e-01 9.771941e-01 9.796257e-01 9.794452e-01 9.831942e-01 9.854932e-01 9.895630e-01 9.910867e-01 9.875757e-01 9.830997e-01 9.896575e-01 9.974487e-01 1.007854e+00 1.013238e+00 1.019709e+00 1.025122e+00 1.020836e+00 9.959397e-01 1.004401e+00 1.007295e+00 9.973203e-01 9.960123e-01
9.990467e-01 9.976128e-01 9.875089e-01 9.721342e-01 9.594693e-01 9.457496e-01 9.422790e-01 9.440657e-01 9.398588e-01 9.441839e-01 9.455879e-01 9.392822e-01 9.310976e-01 9.347779e-01 9.386088e-01 9.397843e-01 9.451005e-01 9.469038e-01 9.407900e-01 9.337772e-01 9.401013e-01 9.471766e-01 9.471740e-01 9.478884e-01 9.537800e-01 9.568251e-01 9.619610e-01 9.713664e-01 9.799581e-01 9.771156e-01 9.753609e-01 9.756622e-01 9.807886e-01 9.823472e-01 9.887764e-01 9.934193e-01 9.905873e-01 9.844017e-01 9.862914e-01 9.872101e-01 9.871045e-01 9.860813e-01 9.841976e-01 9.850090e-01 9.897591e-01 9.849326e-01 9.844564e-01 9.860827e-01 9.832285e-01 9.794053e-01 9.805633e-01 9.774430e-01 9.764257e-01 9.796467e-01 9.733526e-01 9.714378e-01 9.713061e-01 9.697648e-01 9.700311e-01 9.710811e-01 9.750863e-01 9.733853e-01 9.686598e-01 9.629729e-01 9.582365e-01 9.541686e-01 9.518590e-01 9.532685e-01 9.496972e-01 9.404274e-01 9.284890e-01 9.221320e-01 9.272304e-01 9.281457e-01 9.306984e-01 9.275597e-01 9.281756e-01 9.262813e-01 9.229285e-01 9.216295e-01 9.233677e-01 9.251487e-01 9.222888e-01 9.174410e-01 9.125853e-01 9.175587e-01 9.207966e-01 9.172183e-01 9.238034e-01 9.305760e-01 9.341987e-01 9.294903e-01 9.296401e-01 9.320994e-01 9.403170e-01 9.507934e-01 9.604442e-01 9.567597e-01 9.516699e-01 9.532000e-01 9.563493e-01 9.554118e-01 9.535471e-01 9.498330e-01 9.552109e-01 9.585460e-01 9.569269e-01 9.550918e-01 9.538434e-01 9.466615e-01 9.464641e-01 9.517940e-01 9.526975e-01 9.551044e-01 9.578718e-01 9.645786e-01 9.639212e-01 9.560851e-01 9.484578e-01 9.479697e-01 9.463074e-01 9.390479e-01 9.371728e-01 9.293237e-01 9.299343e-01 9.323461e-01 9.277589e-01 9.209292e-01 9.192836e-01 9.144900e-01 9.127952e-01 9.147617e-01 9.186255e-01 9.210091e-01 9.255523e-01 9.214815e-01 9.155717e-01 9.142494e-01 9.159713e-01 9.181743e-01 9.169299e-01 9.157182e-01 9.168144e-01 9.234787e-01 9.347615e-01 9.382389e-01 9.363715e-01 9.311897e-01 9.286883e-01 9.245123e-01 9.279102e-01 9.255902e-01 9.207002e-01 9.228378e-01 9.268596e-01 9.224215e-01 9.203321e-01 9.182535e-01 9.122860e-01 9.118870e-01 9.128795e-01 9.137873e-01 9.137030e-01 9.110408e-01 9.088615e-01 9.089891e-01 9.101542e-01 9.147618e-01 9.109688e-01 9.067718e-01 9.041417e-01 9.069358e-01 9.092523e-01 9.155332e-01 9.230661e-01 9.227243e-01 9.150777e-01 9.139529e-01 9.154944e-01 9.158567e-01 9.243445e-01 9.366168e-01 9.436842e-01 9.407766e-01 9.304467e-01 9.293737e-01 9.297990e-01 9.317765e-01 9.340600e-01 9.484470e-01 9.607690e-01 9.649150e-01 9.603133e-01 9.530193e-01 9.653096e-01 9.721290e-01 9.670210e-01 9.710797e-01 9.727384e-01 9.734007e-01 9.698412e-01 9.696859e-01 9.675229e-01 9.620242e-01 9.682602e-01 9.723490e-01 9.767987e-01 9.762440e-01 9.652655e-01 9.591969e-01 9.557039e-01 9.460223e-01 9.344863e-01 9.350891e-01 9.357653e-01 9.392204e-01 9.441359e-01 9.543611e-01 9.668343e-01 9.657282e-01 9.687860e-01 9.652145e-01 9.568115e-01 9.547233e-01 9.613196e-01 9.655311e-01 9.602252e-01 9.590734e-01 9.628940e-01 9.670342e-01 9.604030e-01 9.489274e-01 9.530607e-01 9.592425e-01 9.671724e-01 9.743252e-01 9.766356e-01 9.775327e-01 9.808969e-01 9.811693e-01 9.834328e-01 9.820923e-01 9.776887e-01 9.748373e-01 9.763049e-01 9.868733e-01 9.999019e-01 1.006234e+00 1.016268e+00 1.020139e+00 1.020675e+00 9.929507e-01 1.004007e+00 1.009670e+00 9.972863e-01 9.910415e-01
9.932061e-01 9.875305e-01 9.819359e-01 9.676566e-01 9.515271e-01 9.392545e-01 9.353610e-01 9.336291e-01 9.293877e-01 9.333989e-01 9.405333e-01 9.363557e-01 9.335150e-01 9.391199e-01 9.383744e-01 9.363107e-01 9.420858e-01 9.434018e-01 9.357873e-01 9.333720e-01 9.373372e-01 9.412240e-01 9.413927e-01 9.423604e-01 9.480042e-01 9.524383e-01 9.609228e-01 9.696088e-01 9.733949e-01 9.746721e-01 9.752177e-01 9.752173e-01 9.787245e-01 9.792662e-01 9.830496e-01 9.866577e-01 9.855684e-01 9.812908e-01 9.815093e-01 9.829778e-01 9.827439e-01 9.799358e-01 9.793811e-01 9.816284e-01 9.844898e-01 9.798976e-01 9.804790e-01 9.833742e-01 9.799712e-01 9.756425e-01 9.768881e-01 9.802855e-01 9.769742e-01 9.788097e-01 9.791786e-01 9.764899e-01 9.767309e-01 9.769368e-01 9.827924e-01 9.798838e-01 9.766542e-01 9.759836e-01 9.778487e-01 9.668472e-01 9.587876e-01 9.577162e-01 9.619626e-01 9.581413e-01 9.490967e-01 9.415974e-01 9.309584e-01 9.285101e-01 9.279140e-01 9.270616e-01 9.307926e-01 9.294370e-01 9.226652e-01 9.265517e-01 9.302204e-01 9.352074e-01 9.345529e-01 9.352638e-01 9.306468e-01 9.233489e-01 9.200011e-01 9.259803e-01 9.318708e-01 9.191241e-01 9.227641e-01 9.367194e-01 9.356760e-01 9.301499e-01 9.319925e-01 9.410694e-01 9.534699e-01 9.614115e-01 9.669092e-01 9.556126e-01 9.521796e-01 9.482524e-01 9.500101e-01 9.495801e-01 9.513173e-01 9.518754e-01 9.519138e-01 9.566693e-01 9.576519e-01 9.580639e-01 9.522197e-01 9.478215e-01 9.533818e-01 9.573703e-01 9.579714e-01 9.575939e-01 9.654484e-01 9.646648e-01 9.570329e-01 9.557083e-01 9.583219e-01 9.574606e-01 9.555624e-01 9.479234e-01 9.422705e-01 9.335893e-01 9.285145e-01 9.269813e-01 9.237605e-01 9.189749e-01 9.228746e-01 9.237364e-01 9.265539e-01 9.221202e-01 9.266095e-01 9.329399e-01 9.241788e-01 9.148093e-01 9.055492e-01 9.063795e-01 9.165205e-01 9.220278e-01 9.192053e-01 9.166809e-01 9.169629e-01 9.191900e-01 9.280648e-01 9.339359e-01 9.295267e-01 9.295310e-01 9.304777e-01 9.278412e-01 9.233719e-01 9.227301e-01 9.222721e-01 9.200483e-01 9.218481e-01 9.195503e-01 9.174004e-01 9.209106e-01 9.191603e-01 9.139845e-01 9.145923e-01 9.186838e-01 9.179139e-01 9.143133e-01 9.130340e-01 9.092937e-01 9.023201e-01 9.044405e-01 9.038171e-01 9.076861e-01 9.120086e-01 9.087577e-01 9.123123e-01 9.159343e-01 9.176378e-01 9.156004e-01 9.093100e-01 9.129552e-01 9.161595e-01 9.167608e-01 9.255477e-01 9.355307e-01 9.351280e-01 9.297903e-01 9.308738e-01 9.355013e-01 9.343023e-01 9.374892e-01 9.357277e-01 9.451035e-01 9.604115e-01 9.634278e-01 9.592149e-01 9.601448e-01 9.736285e-01 9.649000e-01 9.549062e-01 9.625033e-01 9.687028e-01 9.649774e-01 9.636223e-01 9.646822e-01 9.676653e-01 9.612628e-01 9.628489e-01 9.714236e-01 9.771000e-01 9.718966e-01 9.519337e-01 9.433858e-01 9.427518e-01 9.364361e-01 9.273686e-01 9.344477e-01 9.306901e-01 9.329140e-01 9.424136e-01 9.543671e-01 9.623594e-01 9.608449e-01 9.617637e-01 9.604645e-01 9.519566e-01 9.489753e-01 9.535814e-01 9.616691e-01 9.578329e-01 9.557711e-01 9.526749e-01 9.541091e-01 9.497146e-01 9.435714e-01 9.441897e-01 9.499921e-01 9.576795e-01 9.646233e-01 9.718658e-01 9.763378e-01 9.772291e-01 9.743435e-01 9.681091e-01 9.666299e-01 9.613307e-01 9.618632e-01 9.650499e-01 9.742371e-01 9.873230e-01 1.000777e+00 1.010075e+00 1.017169e+00 1.024823e+00 9.932708e-01 1.004023e+00 1.012408e+00 9.986730e-01 9.894354e-01
9.929503e-01 9.842374e-01 9.833038e-01 9.678191e-01 9.525151e-01 9.390889e-01 9.344573e-01 9.342879e-01 9.336727e-01 9.349030e-01 9.381645e-01 9.343607e-01 9.416561e-01 9.498854e-01 9.420415e-01 9.360343e-01 9.368425e-01 9.377257e-01 9.292024e-01 9.303653e-01 9.363978e-01 9.378288e-01 9.346935e-01 9.374089e-01 9.440238e-01 9.505172e-01 9.592705e-01 9.643829e-01 9.639092e-01 9.679377e-01 9.671327e-01 9.715037e-01 9.771079e-01 9.816576e-01 9.837033e-01 9.847956e-01 9.855057e-01 9.858863e-01 9.878253e-01 9.831709e-01 9.804883e-01 9.766768e-01 9.817488e-01 9.787862e-01 9.798794e-01 9.773964e-01 9.771975e-01 9.743816e-01 9.713964e-01 9.733368e-01 9.746101e-01 9.739317e-01 9.767033e-01 9.819536e-01 9.830316e-01 9.817702e-01 9.805515e-01 9.844114e-01 9.881498e-01 9.865643e-01 9.831901e-01 9.825619e-01 9.810456e-01 9.667256e-01 9.531556e-01 9.505576e-01 9.557028e-01 9.563089e-01 9.521736e-01 9.452301e-01 9.384752e-01 9.323493e-01 9.263831e-01 9.270055e-01 9.294037e-01 9.298964e-01 9.224202e-01 9.245483e-01 9.353265e-01 9.395320e-01 9.367173e-01 9.321309e-01 9.323147e-01 9.269509e-01 9.274812e-01 9.272287e-01 9.280195e-01 9.249131e-01 9.251416e-01 9.357763e-01 9.354185e-01 9.344786e-01 9.415621e-01 9.463772e-01 9.527205e-01 9.539469e-01 9.564221e-01 9.517838e-01 9.554991e-01 9.485815e-01 9.461379e-01 9.524982e-01 9.575410e-01 9.573279e-01 9.546381e-01 9.640583e-01 9.596705e-01 9.519767e-01 9.446455e-01 9.475476e-01 9.588099e-01 9.632160e-01 9.574493e-01 9.517593e-01 9.598646e-01 9.604472e-01 9.600553e-01 9.608957e-01 9.649145e-01 9.618440e-01 9.609261e-01 9.508571e-01 9.426444e-01 9.365642e-01 9.297155e-01 9.250388e-01 9.244835e-01 9.202266e-01 9.243016e-01 9.320921e-01 9.326121e-01 9.305394e-01 9.344389e-01 9.415928e-01 9.256708e-01 9.116378e-01 9.081430e-01 9.090903e-01 9.187223e-01 9.246238e-01 9.200662e-01 9.192643e-01 9.196610e-01 9.216443e-01 9.258511e-01 9.254572e-01 9.248608e-01 9.304521e-01 9.345078e-01 9.271600e-01 9.219676e-01 9.222495e-01 9.216695e-01 9.168118e-01 9.162164e-01 9.155682e-01 9.197441e-01 9.249762e-01 9.235935e-01 9.161977e-01 9.146232e-01 9.216986e-01 9.217822e-01 9.149782e-01 9.099224e-01 9.021477e-01 8.956088e-01 8.951078e-01 8.987432e-01 9.049168e-01 9.117606e-01 9.123535e-01 9.071177e-01 9.062087e-01 9.111407e-01 9.129012e-01 9.116629e-01 9.128676e-01 9.174343e-01 9.215905e-01 9.265642e-01 9.306499e-01 9.234962e-01 9.199373e-01 9.324275e-01 9.408541e-01 9.410955e-01 9.416460e-01 9.346516e-01 9.379229e-01 9.531590e-01 9.619890e-01 9.609721e-01 9.662365e-01 9.695453e-01 9.604993e-01 9.518074e-01 9.559665e-01 9.556141e-01 9.517722e-01 9.539578e-01 9.625849e-01 9.647233e-01 9.629771e-01 9.587319e-01 9.654704e-01 9.668751e-01 9.596747e-01 9.458396e-01 9.374726e-01 9.348519e-01 9.324543e-01 9.296838e-01 9.356651e-01 9.352618e-01 9.352633e-01 9.455907e-01 9.502108e-01 9.482948e-01 9.475505e-01 9.502837e-01 9.503365e-01 9.436300e-01 9.380464e-01 9.393420e-01 9.473647e-01 9.468995e-01 9.490156e-01 9.464180e-01 9.404599e-01 9.366116e-01 9.404249e-01 9.421907e-01 9.445973e-01 9.460151e-01 9.492180e-01 9.583820e-01 9.633462e-01 9.649391e-01 9.626735e-01 9.508793e-01 9.461859e-01 9.461275e-01 9.516774e-01 9.609019e-01 9.680756e-01 9.894293e-01 9.991493e-01 1.002661e+00 1.017229e+00 1.025564e+00 9.994361e-01 1.005300e+00 1.017331e+00 9.968897e-01 9.950365e-01
9.995726e-01 9.915195e-01 9.908423e-01 9.760175e-01 9.596408e-01 9.434810e-01 9.352766e-01 9.367045e-01 9.404485e-01 9.417533e-01 9.407434e-01 9.310570e-01 9.393255e-01 9.514671e-01 9.483010e-01 9.384524e-01 9.303709e-01 9.279576e-01 9.263136e-01 9.298985e-01 9.382938e-01 9.347575e-01 9.320928e-01 9.393905e-01 9.478515e-01 9.547540e-01 9.566058e-01 9.555216e-01 9.583209e-01 9.651157e-01 9.675477e-01 9.743610e-01 9.782266e-01 9.836237e-01 9.839104e-01 9.843281e-01 9.901721e-01 9.930843e-01 9.932542e-01 9.869896e-01 9.830323e-01 9.785416e-01 9.809399e-01 9.800833e-01 9.803423e-01 9.748433e-01 9.701580e-01 9.640920e-01 9.652306e-01 9.719584e-01 9.754097e-01 9.701117e-01 9.728827e-01 9.824990e-01 9.833779e-01 9.797768e-01 9.770287e-01 9.775581e-01 9.803675e-01 9.856830e-01 9.897225e-01 9.864038e-01 9.784570e-01 9.652084e-01 9.561114e-01 9.518229e-01 9.513829e-01 9.528494e-01 9.524053e-01 9.474562e-01 9.445856e-01 9.383311e-01 9.318887e-01 9.272643e-01 9.281040e-01 9.366006e-01 9.314121e-01 9.216303e-01 9.270400e-01 9.366514e-01 9.337564e-01 9.266400e-01 9.253106e-01 9.287169e-01 9.267355e-01 9.199989e-01 9.179527e-01 9.190468e-01 9.246246e-01 9.372655e-01 9.360812e-01 9.373041e-01 9.485317e-01 9.490616e-01 9.440902e-01 9.422556e-01 9.423597e-01 9.449290e-01 9.539615e-01 9.555007e-01 9.530836e-01 9.567577e-01 9.586691e-01 9.617423e-01 9.633158e-01 9.674961e-01 9.560090e-01 9.450875e-01 9.402469e-01 9.476054e-01 9.658964e-01 9.682212e-01 9.638835e-01 9.522554e-01 9.576496e-01 9.639529e-01 9.706729e-01 9.649464e-01 9.639511e-01 9.637337e-01 9.618717e-01 9.502136e-01 9.440439e-01 9.384463e-01 9.345053e-01 9.358009e-01 9.379516e-01 9.345711e-01 9.291603e-01 9.301582e-01 9.304620e-01 9.313923e-01 9.280651e-01 9.255083e-01 9.139389e-01 9.106796e-01 9.184278e-01 9.223524e-01 9.252582e-01 9.239992e-01 9.200769e-01 9.201219e-01 9.180086e-01 9.199069e-01 9.242384e-01 9.232860e-01 9.264269e-01 9.296235e-01 9.291696e-01 9.194570e-01 9.217153e-01 9.265715e-01 9.249207e-01 9.169770e-01 9.161184e-01 9.183222e-01 9.199550e-01 9.179884e-01 9.188104e-01 9.178433e-01 9.197490e-01 9.218913e-01 9.200410e-01 9.150444e-01 9.058654e-01 9.004843e-01 9.007171e-01 8.957481e-01 8.988600e-01 9.019359e-01 9.048153e-01 9.096894e-01 9.015344e-01 9.005795e-01 9.069331e-01 9.097877e-01 9.140858e-01 9.182284e-01 9.221550e-01 9.242560e-01 9.283994e-01 9.306239e-01 9.218631e-01 9.216583e-01 9.295924e-01 9.370931e-01 9.326506e-01 9.299858e-01 9.292980e-01 9.310265e-01 9.441352e-01 9.574510e-01 9.634196e-01 9.608876e-01 9.533173e-01 9.472342e-01 9.509332e-01 9.553599e-01 9.514942e-01 9.512480e-01 9.584352e-01 9.645361e-01 9.605385e-01 9.595106e-01 9.565678e-01 9.582450e-01 9.546516e-01 9.437748e-01 9.370185e-01 9.310961e-01 9.282928e-01 9.260069e-01 9.338482e-01 9.358744e-01 9.353642e-01 9.352756e-01 9.395415e-01 9.359466e-01 9.377105e-01 9.366366e-01 9.399427e-01 9.358817e-01 9.297869e-01 9.244621e-01 9.247563e-01 9.300373e-01 9.330334e-01 9.388328e-01 9.352577e-01 9.242803e-01 9.236620e-01 9.344949e-01 9.401950e-01 9.416427e-01 9.370100e-01 9.342579e-01 9.403628e-01 9.486338e-01 9.526117e-01 9.540843e-01 9.436993e-01 9.393768e-01 9.379622e-01 9.443413e-01 9.588487e-01 9.686214e-01 9.886775e-01 9.997904e-01 9.939189e-01 1.019262e+00 1.027705e+00 1.004245e+00 1.006688e+00 1.023181e+00 9.980366e-01 1.001148e+00
1.001668e+00 9.992886e-01 9.933236e-01 9.820583e-01 9.641257e-01 9.471727e-01 9.361754e-01 9.404696e-01 9.423319e-01 9.435224e-01 9.353675e-01 9.278769e-01 9.362216e-01 9.508740e-01 9.466630e-01 9.395241e-01 9.323440e-01 9.282688e-01 9.262806e-01 9.266238e-01 9.325893e-01 9.333269e-01 9.350230e-01 9.447227e-01 9.557023e-01 9.609451e-01 9.613896e-01 9.629602e-01 9.674585e-01 9.685302e-01 9.722818e-01 9.763637e-01 9.814475e-01 9.831777e-01 9.876718e-01 9.851235e-01 9.953904e-01 9.977391e-01 9.967121e-01 9.875939e-01 9.880174e-01 9.851874e-01 9.877828e-01 9.895858e-01 9.849744e-01 9.755846e-01 9.702358e-01 9.675589e-01 9.682898e-01 9.720628e-01 9.717687e-01 9.715329e-01 9.779215e-01 9.863619e-01 9.853410e-01 9.764655e-01 9.723959e-01 9.705048e-01 9.730536e-01 9.821550e-01 9.865129e-01 9.781325e-01 9.683864e-01 9.627719e-01 9.620188e-01 9.598836e-01 9.552543e-01 9.555995e-01 9.543674e-01 9.499590e-01 9.427657e-01 9.384905e-01 9.355578e-01 9.318497e-01 9.342709e-01 9.395783e-01 9.357339e-01 9.265756e-01 9.290059e-01 9.399766e-01 9.364577e-01 9.266301e-01 9.286385e-01 9.317440e-01 9.241536e-01 9.143263e-01 9.166567e-01 9.205700e-01 9.249623e-01 9.345577e-01 9.368289e-01 9.415706e-01 9.520354e-01 9.510072e-01 9.453739e-01 9.450653e-01 9.432223e-01 9.450527e-01 9.523686e-01 9.589528e-01 9.594382e-01 9.546303e-01 9.519601e-01 9.577923e-01 9.609421e-01 9.634121e-01 9.585579e-01 9.533700e-01 9.515102e-01 9.562658e-01 9.655208e-01 9.722103e-01 9.698665e-01 9.623517e-01 9.671628e-01 9.718694e-01 9.698650e-01 9.684164e-01 9.626305e-01 9.591380e-01 9.516615e-01 9.469694e-01 9.436988e-01 9.416615e-01 9.408218e-01 9.486874e-01 9.490988e-01 9.414278e-01 9.330718e-01 9.291360e-01 9.258113e-01 9.308844e-01 9.224873e-01 9.093410e-01 9.099765e-01 9.166968e-01 9.227425e-01 9.280660e-01 9.230691e-01 9.187029e-01 9.146683e-01 9.132163e-01 9.120424e-01 9.142774e-01 9.189126e-01 9.215562e-01 9.268696e-01 9.262199e-01 9.259118e-01 9.252307e-01 9.265152e-01 9.278223e-01 9.245506e-01 9.171202e-01 9.177667e-01 9.176673e-01 9.157557e-01 9.129505e-01 9.149634e-01 9.207363e-01 9.219030e-01 9.165881e-01 9.135197e-01 9.070375e-01 8.996336e-01 8.952352e-01 8.992258e-01 9.022729e-01 9.045075e-01 8.985521e-01 9.000996e-01 9.092886e-01 9.032065e-01 9.018386e-01 9.082490e-01 9.128022e-01 9.154704e-01 9.207144e-01 9.222275e-01 9.226013e-01 9.246283e-01 9.302553e-01 9.266535e-01 9.261848e-01 9.270231e-01 9.270531e-01 9.226126e-01 9.205695e-01 9.237502e-01 9.283505e-01 9.448494e-01 9.584453e-01 9.635075e-01 9.553305e-01 9.431963e-01 9.433022e-01 9.523954e-01 9.539229e-01 9.490006e-01 9.494243e-01 9.595647e-01 9.577399e-01 9.521405e-01 9.526495e-01 9.551228e-01 9.581392e-01 9.531362e-01 9.386557e-01 9.342104e-01 9.298542e-01 9.259148e-01 9.278913e-01 9.334789e-01 9.276006e-01 9.273036e-01 9.321306e-01 9.302357e-01 9.247716e-01 9.318089e-01 9.351637e-01 9.357701e-01 9.243019e-01 9.109693e-01 9.084364e-01 9.132723e-01 9.168470e-01 9.183303e-01 9.268543e-01 9.269223e-01 9.170725e-01 9.130445e-01 9.193609e-01 9.331273e-01 9.375769e-01 9.366797e-01 9.322273e-01 9.327649e-01 9.368823e-01 9.396002e-01 9.396522e-01 9.375751e-01 9.362139e-01 9.342808e-01 9.416439e-01 9.502284e-01 9.725699e-01 9.899943e-01 9.997257e-01 9.908670e-01 1.018170e+00 1.026704e+00 1.000847e+00 1.000900e+00 1.017540e+00 9.960506e-01 9.992281e-01
1.000612e+00 1.003229e+00 9.963698e-01 9.817763e-01 9.673503e-01 9.502739e-01 9.417610e-01 9.489779e-01 9.477423e-01 9.494866e-01 9.396499e-01 9.323826e-01 9.353917e-01 9.439959e-01 9.436702e-01 9.405340e-01 9.400191e-01 9.352106e-01 9.309798e-01 9.278957e-01 9.289314e-01 9.314780e-01 9.348500e-01 9.428744e-01 9.542738e-01 9.601724e-01 9.644683e-01 9.719254e-01 9.741290e-01 9.740704e-01 9.726149e-01 9.741207e-01 9.832551e-01 9.843131e-01 9.878284e-01 9.870456e-01 9.920565e-01 9.933156e-01 9.910849e-01 9.860807e-01 9.886587e-01 9.850417e-01 9.850082e-01 9.853687e-01 9.843253e-01 9.753280e-01 9.757921e-01 9.781289e-01 9.747837e-01 9.713688e-01 9.695579e-01 9.734271e-01 9.829857e-01 9.850112e-01 9.763340e-01 9.709187e-01 9.730321e-01 9.719708e-01 9.763327e-01 9.827195e-01 9.837611e-01 9.759931e-01 9.687547e-01 9.627110e-01 9.624876e-01 9.628179e-01 9.648984e-01 9.654703e-01 9.637675e-01 9.559352e-01 9.425849e-01 9.320647e-01 9.328009e-01 9.353082e-01 9.384319e-01 9.335696e-01 9.293101e-01 9.288051e-01 9.351872e-01 9.430999e-01 9.351559e-01 9.271679e-01 9.325010e-01 9.299989e-01 9.243553e-01 9.168585e-01 9.206447e-01 9.250588e-01 9.306425e-01 9.372914e-01 9.395351e-01 9.468621e-01 9.527647e-01 9.505454e-01 9.460463e-01 9.448423e-01 9.454127e-01 9.407521e-01 9.469659e-01 9.571415e-01 9.602434e-01 9.536857e-01 9.491445e-01 9.554377e-01 9.608302e-01 9.676250e-01 9.736413e-01 9.721230e-01 9.668885e-01 9.598028e-01 9.631179e-01 9.710484e-01 9.681726e-01 9.689778e-01 9.734610e-01 9.681042e-01 9.619524e-01 9.628624e-01 9.648139e-01 9.574578e-01 9.444538e-01 9.421020e-01 9.441316e-01 9.467114e-01 9.507023e-01 9.548775e-01 9.526230e-01 9.457080e-01 9.350078e-01 9.280478e-01 9.238255e-01 9.276479e-01 9.149624e-01 9.093195e-01 9.154251e-01 9.182124e-01 9.242095e-01 9.209893e-01 9.127234e-01 9.138044e-01 9.144760e-01 9.163318e-01 9.203004e-01 9.217731e-01 9.246563e-01 9.321000e-01 9.298268e-01 9.299960e-01 9.289085e-01 9.290897e-01 9.273510e-01 9.272236e-01 9.254258e-01 9.221914e-01 9.211824e-01 9.172357e-01 9.171955e-01 9.179400e-01 9.197258e-01 9.207351e-01 9.166721e-01 9.088463e-01 9.018801e-01 8.973070e-01 8.929501e-01 8.929912e-01 8.979386e-01 9.039083e-01 9.048579e-01 9.020836e-01 9.064535e-01 9.113394e-01 9.051109e-01 9.042546e-01 9.074731e-01 9.075379e-01 9.064537e-01 9.169143e-01 9.185541e-01 9.169769e-01 9.195193e-01 9.272350e-01 9.294144e-01 9.240994e-01 9.246960e-01 9.213307e-01 9.178576e-01 9.208221e-01 9.239831e-01 9.291106e-01 9.420913e-01 9.537669e-01 9.600514e-01 9.490985e-01 9.376066e-01 9.464948e-01 9.504519e-01 9.497443e-01 9.498818e-01 9.523237e-01 9.623408e-01 9.515778e-01 9.502131e-01 9.487578e-01 9.520972e-01 9.444542e-01 9.430187e-01 9.492432e-01 9.428502e-01 9.329553e-01 9.294416e-01 9.265406e-01 9.211078e-01 9.183125e-01 9.225259e-01 9.233676e-01 9.147217e-01 9.173941e-01 9.304396e-01 9.314336e-01 9.278043e-01 9.148457e-01 9.023943e-01 9.056205e-01 9.092450e-01 9.073848e-01 9.073340e-01 9.099434e-01 9.154176e-01 9.120647e-01 9.106491e-01 9.108749e-01 9.194930e-01 9.245622e-01 9.254877e-01 9.263960e-01 9.309005e-01 9.308326e-01 9.308391e-01 9.311211e-01 9.305381e-01 9.266781e-01 9.244037e-01 9.332044e-01 9.412731e-01 9.695636e-01 9.863780e-01 9.935722e-01 9.905769e-01 1.013737e+00 1.023423e+00 9.945945e-01 9.952294e-01 1.004012e+00 9.833417e-01 9.897016e-01
9.981211e-01 1.003274e+00 1.000473e+00 9.902914e-01 9.737310e-01 9.548717e-01 9.526734e-01 9.529683e-01 9.507228e-01 9.503045e-01 9.400808e-01 9.314264e-01 9.342641e-01 9.420097e-01 9.416664e-01 9.362258e-01 9.352270e-01 9.324158e-01 9.333530e-01 9.309309e-01 9.321771e-01 9.333943e-01 9.378965e-01 9.439970e-01 9.543328e-01 9.584636e-01 9.634777e-01 9.706001e-01 9.698144e-01 9.733865e-01 9.765658e-01 9.779235e-01 9.831218e-01 9.830728e-01 9.831675e-01 9.885377e-01 9.899799e-01 9.869195e-01 9.859669e-01 9.853220e-01 9.866624e-01 9.817866e-01 9.795800e-01 9.820668e-01 9.819036e-01 9.769595e-01 9.795858e-01 9.818966e-01 9.799963e-01 9.701130e-01 9.670223e-01 9.738538e-01 9.786577e-01 9.762352e-01 9.729885e-01 9.741279e-01 9.799922e-01 9.824790e-01 9.858279e-01 9.844723e-01 9.787068e-01 9.732712e-01 9.700868e-01 9.652653e-01 9.645978e-01 9.714681e-01 9.748380e-01 9.672701e-01 9.590609e-01 9.487938e-01 9.366238e-01 9.258391e-01 9.318357e-01 9.381438e-01 9.388210e-01 9.309754e-01 9.281132e-01 9.347489e-01 9.442521e-01 9.392439e-01 9.287215e-01 9.273155e-01 9.301753e-01 9.232861e-01 9.229378e-01 9.218562e-01 9.203219e-01 9.228773e-01 9.297329e-01 9.383843e-01 9.437272e-01 9.473512e-01 9.483240e-01 9.495673e-01 9.468123e-01 9.479081e-01 9.509478e-01 9.470889e-01 9.510946e-01 9.585187e-01 9.574831e-01 9.570281e-01 9.569443e-01 9.607345e-01 9.705947e-01 9.769475e-01 9.813485e-01 9.843881e-01 9.769788e-01 9.699261e-01 9.675659e-01 9.673186e-01 9.622265e-01 9.730263e-01 9.806306e-01 9.753607e-01 9.700212e-01 9.663425e-01 9.631282e-01 9.550502e-01 9.467673e-01 9.427087e-01 9.505551e-01 9.522433e-01 9.494691e-01 9.483653e-01 9.469535e-01 9.456306e-01 9.389864e-01 9.318185e-01 9.274438e-01 9.243996e-01 9.135790e-01 9.155482e-01 9.243568e-01 9.230872e-01 9.215714e-01 9.175963e-01 9.123677e-01 9.160650e-01 9.192944e-01 9.252285e-01 9.277236e-01 9.245809e-01 9.278077e-01 9.362745e-01 9.351333e-01 9.306421e-01 9.260187e-01 9.214734e-01 9.196287e-01 9.219555e-01 9.242193e-01 9.239097e-01 9.194403e-01 9.157438e-01 9.184771e-01 9.207689e-01 9.206437e-01 9.160265e-01 9.097074e-01 9.009418e-01 8.965500e-01 8.930334e-01 8.918882e-01 8.903113e-01 8.926308e-01 8.999552e-01 9.032029e-01 9.073272e-01 9.131241e-01 9.118679e-01 9.089078e-01 9.081242e-01 9.079019e-01 9.008415e-01 8.984894e-01 9.080365e-01 9.128919e-01 9.136183e-01 9.159853e-01 9.218909e-01 9.204746e-01 9.181898e-01 9.138550e-01 9.131125e-01 9.204491e-01 9.268795e-01 9.261368e-01 9.244088e-01 9.322655e-01 9.431450e-01 9.518139e-01 9.445783e-01 9.412211e-01 9.451515e-01 9.438791e-01 9.432065e-01 9.509482e-01 9.599131e-01 9.597448e-01 9.473596e-01 9.475085e-01 9.558506e-01 9.486141e-01 9.280180e-01 9.275382e-01 9.386714e-01 9.331902e-01 9.269568e-01 9.271674e-01 9.237411e-01 9.213167e-01 9.193678e-01 9.235154e-01 9.202053e-01 9.094542e-01 9.144042e-01 9.236110e-01 9.230633e-01 9.169091e-01 9.032673e-01 8.953836e-01 8.999438e-01 8.982258e-01 8.988642e-01 9.029675e-01 8.994283e-01 8.978683e-01 9.018952e-01 9.045538e-01 9.076901e-01 9.110254e-01 9.113587e-01 9.090420e-01 9.145957e-01 9.204700e-01 9.239643e-01 9.281325e-01 9.298158e-01 9.269494e-01 9.240339e-01 9.250876e-01 9.278794e-01 9.384379e-01 9.630143e-01 9.809446e-01 9.893309e-01 9.895660e-01 1.008477e+00 1.014687e+00 9.921455e-01 9.921530e-01 9.997370e-01 9.713508e-01 9.832901e-01
9.961874e-01 1.003247e+00 1.006416e+00 9.975598e-01 9.759849e-01 9.627959e-01 9.612757e-01 9.548652e-01 9.539195e-01 9.496392e-01 9.379156e-01 9.249122e-01 9.351870e-01 9.471869e-01 9.408621e-01 9.311168e-01 9.343605e-01 9.339795e-01 9.320824e-01 9.319736e-01 9.307684e-01 9.347067e-01 9.423206e-01 9.503118e-01 9.578109e-01 9.600323e-01 9.637415e-01 9.674303e-01 9.666852e-01 9.707478e-01 9.759436e-01 9.775003e-01 9.815580e-01 9.841384e-01 9.847038e-01 9.890206e-01 9.887096e-01 9.830250e-01 9.807132e-01 9.823499e-01 9.836916e-01 9.790919e-01 9.813598e-01 9.837378e-01 9.814144e-01 9.799916e-01 9.790924e-01 9.768445e-01 9.752236e-01 9.694248e-01 9.672347e-01 9.730516e-01 9.706848e-01 9.691629e-01 9.725037e-01 9.756422e-01 9.831372e-01 9.895403e-01 9.891162e-01 9.849632e-01 9.766583e-01 9.704606e-01 9.650913e-01 9.625959e-01 9.643090e-01 9.725661e-01 9.753042e-01 9.623858e-01 9.453327e-01 9.340842e-01 9.294584e-01 9.279519e-01 9.338490e-01 9.374160e-01 9.383141e-01 9.319084e-01 9.280741e-01 9.374120e-01 9.457470e-01 9.404570e-01 9.299210e-01 9.264230e-01 9.201153e-01 9.182485e-01 9.245414e-01 9.296063e-01 9.294916e-01 9.322435e-01 9.317482e-01 9.402774e-01 9.482958e-01 9.514904e-01 9.538732e-01 9.512385e-01 9.449537e-01 9.507889e-01 9.604334e-01 9.563348e-01 9.512377e-01 9.536946e-01 9.597546e-01 9.678718e-01 9.745325e-01 9.760032e-01 9.813969e-01 9.821316e-01 9.786633e-01 9.801958e-01 9.801811e-01 9.782518e-01 9.730524e-01 9.715752e-01 9.710162e-01 9.775572e-01 9.823202e-01 9.781424e-01 9.713762e-01 9.644803e-01 9.568523e-01 9.566956e-01 9.499600e-01 9.460245e-01 9.499612e-01 9.537292e-01 9.497069e-01 9.495025e-01 9.461799e-01 9.474201e-01 9.471123e-01 9.378748e-01 9.280429e-01 9.223319e-01 9.214776e-01 9.255854e-01 9.320977e-01 9.284438e-01 9.161181e-01 9.178962e-01 9.181510e-01 9.191226e-01 9.227591e-01 9.271779e-01 9.278844e-01 9.189806e-01 9.246063e-01 9.317505e-01 9.394106e-01 9.306322e-01 9.197253e-01 9.111789e-01 9.141800e-01 9.156334e-01 9.173578e-01 9.172823e-01 9.120157e-01 9.121596e-01 9.131316e-01 9.177161e-01 9.155430e-01 9.087945e-01 9.040156e-01 8.993763e-01 8.946220e-01 8.941274e-01 8.935949e-01 8.927894e-01 8.948523e-01 8.950455e-01 8.942844e-01 8.980596e-01 9.033035e-01 9.076733e-01 9.097279e-01 9.098468e-01 9.052112e-01 8.945038e-01 8.930379e-01 8.998685e-01 9.061688e-01 9.112534e-01 9.147373e-01 9.192351e-01 9.180365e-01 9.138073e-01 9.105532e-01 9.162619e-01 9.279011e-01 9.311965e-01 9.347182e-01 9.286160e-01 9.289047e-01 9.365707e-01 9.455041e-01 9.400979e-01 9.435349e-01 9.477578e-01 9.468636e-01 9.393690e-01 9.491600e-01 9.618203e-01 9.499299e-01 9.417201e-01 9.419045e-01 9.442386e-01 9.320576e-01 9.166198e-01 9.173734e-01 9.255588e-01 9.225202e-01 9.213905e-01 9.276251e-01 9.250671e-01 9.302499e-01 9.313273e-01 9.338366e-01 9.204040e-01 9.125451e-01 9.145604e-01 9.158283e-01 9.113613e-01 9.045937e-01 8.935470e-01 8.865984e-01 8.891746e-01 8.868388e-01 8.914467e-01 8.970736e-01 8.911623e-01 8.874113e-01 8.910469e-01 8.940893e-01 9.028424e-01 9.068161e-01 9.075078e-01 9.058313e-01 9.063495e-01 9.093935e-01 9.112911e-01 9.161807e-01 9.243599e-01 9.256911e-01 9.204777e-01 9.245467e-01 9.237487e-01 9.330543e-01 9.513031e-01 9.670348e-01 9.850153e-01 9.858422e-01 1.007119e+00 1.011893e+00 9.950702e-01 9.923767e-01 1.005159e+00 9.711013e-01 9.798807e-01
9.967557e-01 1.001435e+00 1.005777e+00 1.001063e+00 9.834324e-01 9.721470e-01 9.697009e-01 9.649175e-01 9.658778e-01 9.548879e-01 9.379367e-01 9.274862e-01 9.360763e-01 9.458455e-01 9.428025e-01 9.329554e-01 9.311144e-01 9.335701e-01 9.294183e-01 9.269861e-01 9.249118e-01 9.321494e-01 9.422556e-01 9.499394e-01 9.548135e-01 9.554121e-01 9.594632e-01 9.629676e-01 9.635894e-01 9.674087e-01 9.698773e-01 9.719506e-01 9.764352e-01 9.830210e-01 9.875467e-01 9.875438e-01 9.831206e-01 9.776408e-01 9.793397e-01 9.813011e-01 9.798806e-01 9.769590e-01 9.788148e-01 9.811932e-01 9.807906e-01 9.783086e-01 9.758544e-01 9.730338e-01 9.742227e-01 9.712549e-01 9.690500e-01 9.739060e-01 9.714959e-01 9.709258e-01 9.751109e-01 9.761754e-01 9.790514e-01 9.819133e-01 9.826481e-01 9.850196e-01 9.844259e-01 9.779027e-01 9.699433e-01 9.661282e-01 9.676969e-01 9.723426e-01 9.680595e-01 9.552283e-01 9.443501e-01 9.402555e-01 9.354242e-01 9.353877e-01 9.335389e-01 9.417036e-01 9.374793e-01 9.347382e-01 9.337078e-01 9.432892e-01 9.511585e-01 9.453244e-01 9.354590e-01 9.224823e-01 9.170576e-01 9.190639e-01 9.286351e-01 9.376701e-01 9.440486e-01 9.415601e-01 9.408606e-01 9.423535e-01 9.492655e-01 9.571341e-01 9.634226e-01 9.571645e-01 9.457692e-01 9.542611e-01 9.670271e-01 9.622533e-01 9.569715e-01 9.550978e-01 9.647735e-01 9.767365e-01 9.799253e-01 9.818530e-01 9.854425e-01 9.834378e-01 9.809213e-01 9.835331e-01 9.853951e-01 9.799206e-01 9.784849e-01 9.853439e-01 9.893796e-01 9.861476e-01 9.833366e-01 9.825268e-01 9.740286e-01 9.648998e-01 9.599337e-01 9.575461e-01 9.584711e-01 9.537547e-01 9.533319e-01 9.577682e-01 9.603059e-01 9.614552e-01 9.530662e-01 9.521006e-01 9.484546e-01 9.361736e-01 9.254925e-01 9.196481e-01 9.176488e-01 9.220946e-01 9.274912e-01 9.235647e-01 9.145896e-01 9.173369e-01 9.219325e-01 9.239411e-01 9.236703e-01 9.233833e-01 9.200506e-01 9.155903e-01 9.214293e-01 9.272798e-01 9.315721e-01 9.248111e-01 9.135176e-01 9.099101e-01 9.108295e-01 9.113366e-01 9.145027e-01 9.103315e-01 9.103683e-01 9.124053e-01 9.129893e-01 9.151320e-01 9.116138e-01 9.011995e-01 9.016879e-01 9.027621e-01 9.014654e-01 9.022556e-01 8.979958e-01 8.967301e-01 8.975313e-01 8.939882e-01 8.888600e-01 8.878735e-01 8.916967e-01 8.990867e-01 9.061521e-01 9.082783e-01 9.058028e-01 8.966040e-01 8.972243e-01 9.028705e-01 9.060923e-01 9.141920e-01 9.219252e-01 9.261127e-01 9.232384e-01 9.173649e-01 9.164943e-01 9.273004e-01 9.365195e-01 9.404266e-01 9.377806e-01 9.305100e-01 9.297842e-01 9.367948e-01 9.450310e-01 9.505857e-01 9.562321e-01 9.569201e-01 9.472114e-01 9.408519e-01 9.517664e-01 9.658654e-01 9.530401e-01 9.454714e-01 9.397216e-01 9.358926e-01 9.278736e-01 9.158576e-01 9.157355e-01 9.209170e-01 9.147586e-01 9.159395e-01 9.284968e-01 9.336486e-01 9.400490e-01 9.377711e-01 9.355990e-01 9.200584e-01 9.126527e-01 9.151990e-01 9.133121e-01 9.035199e-01 8.951452e-01 8.874202e-01 8.816214e-01 8.831128e-01 8.853310e-01 8.863151e-01 8.830927e-01 8.805724e-01 8.818429e-01 8.880119e-01 8.873810e-01 8.944021e-01 9.051216e-01 9.124144e-01 9.111439e-01 9.034807e-01 9.040911e-01 9.046445e-01 9.082298e-01 9.174412e-01 9.168720e-01 9.116126e-01 9.184951e-01 9.194254e-01 9.239494e-01 9.439521e-01 9.603376e-01 9.763428e-01 9.830112e-01 1.010195e+00 1.013624e+00 9.978211e-01 9.912167e-01 1.013792e+00 9.767243e-01 9.804150e-01
9.935067e-01 9.985461e-01 9.999912e-01 1.001098e+00 9.899206e-01 9.769283e-01 9.747984e-01 9.711619e-01 9.707818e-01 9.621825e-01 9.463577e-01 9.365652e-01 9.384957e-01 9.412288e-01 9.431739e-01 9.342960e-01 9.289736e-01 9.310998e-01 9.312909e-01 9.289185e-01 9.280596e-01 9.352956e-01 9.467410e-01 9.494964e-01 9.515845e-01 9.576775e-01 9.607953e-01 9.631428e-01 9.703608e-01 9.732723e-01 9.695654e-01 9.739470e-01 9.829838e-01 9.895737e-01 9.903477e-01 9.852923e-01 9.822664e-01 9.833152e-01 9.881936e-01 9.865518e-01 9.811139e-01 9.775820e-01 9.768271e-01 9.778255e-01 9.749514e-01 9.745249e-01 9.728833e-01 9.698606e-01 9.689693e-01 9.650053e-01 9.654425e-01 9.727975e-01 9.774863e-01 9.758482e-01 9.773237e-01 9.798185e-01 9.805538e-01 9.767854e-01 9.746023e-01 9.840999e-01 9.882618e-01 9.831453e-01 9.744369e-01 9.711170e-01 9.715015e-01 9.728091e-01 9.682944e-01 9.632797e-01 9.562450e-01 9.525740e-01 9.463877e-01 9.410340e-01 9.372562e-01 9.395091e-01 9.365690e-01 9.444255e-01 9.513964e-01 9.542329e-01 9.471001e-01 9.424801e-01 9.370952e-01 9.264471e-01 9.245968e-01 9.271032e-01 9.343126e-01 9.473808e-01 9.560258e-01 9.501130e-01 9.485861e-01 9.469988e-01 9.453189e-01 9.576523e-01 9.677829e-01 9.648889e-01 9.560897e-01 9.603978e-01 9.638567e-01 9.650965e-01 9.625180e-01 9.649315e-01 9.715756e-01 9.747095e-01 9.784279e-01 9.850162e-01 9.888183e-01 9.886318e-01 9.886831e-01 9.882709e-01 9.884852e-01 9.900116e-01 9.892626e-01 9.988602e-01 1.001657e+00 9.908201e-01 9.815055e-01 9.773335e-01 9.708170e-01 9.698685e-01 9.634775e-01 9.589570e-01 9.611832e-01 9.646264e-01 9.605945e-01 9.607239e-01 9.666516e-01 9.662822e-01 9.548851e-01 9.530419e-01 9.491000e-01 9.347140e-01 9.314378e-01 9.271988e-01 9.197515e-01 9.191129e-01 9.193069e-01 9.170444e-01 9.158654e-01 9.199619e-01 9.231538e-01 9.252533e-01 9.245049e-01 9.215229e-01 9.162698e-01 9.157191e-01 9.203077e-01 9.268501e-01 9.250286e-01 9.228755e-01 9.179240e-01 9.137923e-01 9.124137e-01 9.158249e-01 9.149553e-01 9.099334e-01 9.113004e-01 9.109321e-01 9.102749e-01 9.131893e-01 9.099468e-01 9.011932e-01 9.037023e-01 9.046745e-01 9.059154e-01 9.053861e-01 8.997511e-01 8.982261e-01 8.946292e-01 8.918046e-01 8.902926e-01 8.856205e-01 8.871701e-01 8.947423e-01 9.034896e-01 9.058439e-01 9.081274e-01 9.057471e-01 9.054918e-01 9.067070e-01 9.125355e-01 9.191183e-01 9.249266e-01 9.285214e-01 9.255832e-01 9.216057e-01 9.284107e-01 9.422096e-01 9.469743e-01 9.443135e-01 9.394178e-01 9.317191e-01 9.334743e-01 9.392423e-01 9.487603e-01 9.563178e-01 9.595907e-01 9.623169e-01 9.508910e-01 9.480145e-01 9.538360e-01 9.625124e-01 9.569134e-01 9.503651e-01 9.389169e-01 9.334179e-01 9.247498e-01 9.156376e-01 9.213057e-01 9.227063e-01 9.160465e-01 9.173831e-01 9.194856e-01 9.290232e-01 9.346015e-01 9.349872e-01 9.333867e-01 9.231106e-01 9.200623e-01 9.175590e-01 9.134067e-01 9.039272e-01 8.955439e-01 8.859089e-01 8.797710e-01 8.776855e-01 8.850355e-01 8.810703e-01 8.716880e-01 8.744928e-01 8.804550e-01 8.843722e-01 8.829516e-01 8.840313e-01 8.945842e-01 9.044752e-01 9.057394e-01 9.010540e-01 9.009729e-01 9.009070e-01 9.051865e-01 9.101790e-01 9.059892e-01 9.026294e-01 9.130395e-01 9.172912e-01 9.286392e-01 9.543590e-01 9.723249e-01 9.752725e-01 9.820323e-01 1.008462e+00 1.014843e+00 9.959483e-01 9.863586e-01 1.016341e+00 9.796993e-01 9.849942e-01
9.950857e-01 1.000796e+00 9.989915e-01 1.002603e+00 9.899080e-01 9.817297e-01 9.805853e-01 9.731431e-01 9.687987e-01 9.601197e-01 9.511082e-01 9.407184e-01 9.391867e-01 9.443102e-01 9.426486e-01 9.304993e-01 9.263201e-01 9.301504e-01 9.357939e-01 9.323048e-01 9.340915e-01 9.378328e-01 9.408454e-01 9.461205e-01 9.548956e-01 9.629211e-01 9.663825e-01 9.727819e-01 9.765415e-01 9.749656e-01 9.719935e-01 9.782887e-01 9.873442e-01 9.912639e-01 9.843816e-01 9.819599e-01 9.848549e-01 9.927815e-01 9.952725e-01 9.920579e-01 9.852027e-01 9.807711e-01 9.796630e-01 9.807166e-01 9.770930e-01 9.722946e-01 9.705205e-01 9.722900e-01 9.718065e-01 9.670261e-01 9.630865e-01 9.679238e-01 9.745622e-01 9.774812e-01 9.817232e-01 9.822651e-01 9.796276e-01 9.764646e-01 9.757438e-01 9.817706e-01 9.831633e-01 9.813565e-01 9.740807e-01 9.688621e-01 9.684042e-01 9.667216e-01 9.668636e-01 9.693016e-01 9.631269e-01 9.554816e-01 9.513599e-01 9.446667e-01 9.385515e-01 9.388213e-01 9.374369e-01 9.467222e-01 9.507133e-01 9.510311e-01 9.394938e-01 9.370610e-01 9.355637e-01 9.316086e-01 9.250266e-01 9.258683e-01 9.386601e-01 9.484593e-01 9.553778e-01 9.510790e-01 9.512480e-01 9.523385e-01 9.467422e-01 9.551722e-01 9.651768e-01 9.624463e-01 9.621587e-01 9.631006e-01 9.637688e-01 9.643580e-01 9.681053e-01 9.759711e-01 9.763827e-01 9.686617e-01 9.729288e-01 9.810008e-01 9.861548e-01 9.900338e-01 9.932635e-01 9.957098e-01 1.000809e+00 1.000530e+00 9.962909e-01 9.952149e-01 9.963836e-01 9.969584e-01 9.896387e-01 9.767541e-01 9.775205e-01 9.778314e-01 9.708114e-01 9.657779e-01 9.650411e-01 9.680718e-01 9.705120e-01 9.695836e-01 9.679168e-01 9.646705e-01 9.553508e-01 9.502848e-01 9.456970e-01 9.357319e-01 9.328279e-01 9.321043e-01 9.279027e-01 9.196641e-01 9.146464e-01 9.192738e-01 9.214713e-01 9.207490e-01 9.211082e-01 9.226139e-01 9.216267e-01 9.186096e-01 9.184631e-01 9.197716e-01 9.220943e-01 9.247844e-01 9.219062e-01 9.162441e-01 9.125453e-01 9.131557e-01 9.172030e-01 9.208935e-01 9.134261e-01 9.127449e-01 9.120856e-01 9.110324e-01 9.108005e-01 9.090853e-01 9.064012e-01 9.016666e-01 9.025903e-01 9.031475e-01 9.058167e-01 8.998398e-01 8.931163e-01 8.935491e-01 8.911698e-01 8.901824e-01 8.895319e-01 8.904626e-01 8.957949e-01 8.989342e-01 9.075687e-01 9.123137e-01 9.127432e-01 9.119481e-01 9.122585e-01 9.140185e-01 9.178586e-01 9.243320e-01 9.319026e-01 9.327711e-01 9.281023e-01 9.305881e-01 9.360997e-01 9.469605e-01 9.478250e-01 9.449729e-01 9.438322e-01 9.391220e-01 9.390666e-01 9.459433e-01 9.523036e-01 9.530343e-01 9.586057e-01 9.671003e-01 9.670815e-01 9.679193e-01 9.646825e-01 9.652972e-01 9.655395e-01 9.564412e-01 9.351554e-01 9.268468e-01 9.229083e-01 9.198827e-01 9.282073e-01 9.275888e-01 9.254451e-01 9.235497e-01 9.160047e-01 9.234762e-01 9.268054e-01 9.243237e-01 9.221073e-01 9.179839e-01 9.175484e-01 9.153744e-01 9.110041e-01 9.070327e-01 8.992655e-01 8.928681e-01 8.837906e-01 8.759327e-01 8.740637e-01 8.690737e-01 8.645455e-01 8.718797e-01 8.793775e-01 8.811949e-01 8.785627e-01 8.808562e-01 8.874078e-01 8.897063e-01 8.943085e-01 8.975047e-01 8.992633e-01 9.001744e-01 9.006152e-01 8.975865e-01 8.927137e-01 8.977637e-01 9.118561e-01 9.139992e-01 9.285921e-01 9.588675e-01 9.760089e-01 9.752594e-01 9.800568e-01 1.001368e+00 1.003850e+00 9.916524e-01 9.873750e-01 1.014394e+00 9.783599e-01 9.858810e-01
9.950565e-01 1.003454e+00 1.005030e+00 1.001194e+00 9.901801e-01 9.826722e-01 9.824505e-01 9.690507e-01 9.660314e-01 9.555385e-01 9.543005e-01 9.477796e-01 9.489863e-01 9.468933e-01 9.384342e-01 9.256936e-01 9.269721e-01 9.284801e-01 9.310260e-01 9.309929e-01 9.343001e-01 9.368623e-01 9.382917e-01 9.477584e-01 9.580812e-01 9.681695e-01 9.749835e-01 9.801778e-01 9.797656e-01 9.735907e-01 9.746636e-01 9.817528e-01 9.869354e-01 9.878171e-01 9.818021e-01 9.815990e-01 9.923369e-01 9.981514e-01 9.960676e-01 9.896111e-01 9.823613e-01 9.783092e-01 9.772972e-01 9.787480e-01 9.763736e-01 9.714050e-01 9.714159e-01 9.753160e-01 9.736552e-01 9.643108e-01 9.601460e-01 9.632037e-01 9.708865e-01 9.787835e-01 9.838626e-01 9.841429e-01 9.817495e-01 9.833260e-01 9.822041e-01 9.804472e-01 9.786524e-01 9.797682e-01 9.738083e-01 9.713583e-01 9.686315e-01 9.661586e-01 9.656737e-01 9.698685e-01 9.678887e-01 9.565693e-01 9.540330e-01 9.498755e-01 9.423293e-01 9.505845e-01 9.474462e-01 9.460078e-01 9.384863e-01 9.407125e-01 9.350966e-01 9.329738e-01 9.308921e-01 9.343814e-01 9.329098e-01 9.318909e-01 9.432932e-01 9.465943e-01 9.505724e-01 9.511903e-01 9.516798e-01 9.547074e-01 9.522415e-01 9.548956e-01 9.569964e-01 9.556978e-01 9.637468e-01 9.647313e-01 9.635140e-01 9.671347e-01 9.755111e-01 9.817386e-01 9.780455e-01 9.669782e-01 9.700089e-01 9.815112e-01 9.879023e-01 9.922661e-01 9.960866e-01 9.964415e-01 1.000604e+00 1.002520e+00 9.979925e-01 9.921463e-01 9.901605e-01 9.927515e-01 9.913513e-01 9.866123e-01 9.850011e-01 9.760870e-01 9.718084e-01 9.705683e-01 9.662294e-01 9.665493e-01 9.728830e-01 9.722506e-01 9.683172e-01 9.633344e-01 9.567573e-01 9.464546e-01 9.389399e-01 9.331430e-01 9.302810e-01 9.303164e-01 9.267091e-01 9.218773e-01 9.200267e-01 9.228579e-01 9.206395e-01 9.171987e-01 9.191315e-01 9.219440e-01 9.183386e-01 9.192063e-01 9.187015e-01 9.159802e-01 9.202775e-01 9.216419e-01 9.194664e-01 9.108461e-01 9.066303e-01 9.132289e-01 9.203387e-01 9.195319e-01 9.155673e-01 9.125885e-01 9.142325e-01 9.147782e-01 9.101622e-01 9.066187e-01 9.055094e-01 9.018444e-01 9.016970e-01 9.024040e-01 9.043542e-01 8.948132e-01 8.878934e-01 8.900937e-01 8.891893e-01 8.865700e-01 8.873762e-01 8.971770e-01 9.047701e-01 9.080397e-01 9.098399e-01 9.111753e-01 9.117650e-01 9.156816e-01 9.156269e-01 9.180290e-01 9.218125e-01 9.271622e-01 9.337302e-01 9.352274e-01 9.281028e-01 9.257128e-01 9.393164e-01 9.437146e-01 9.398709e-01 9.461269e-01 9.513664e-01 9.499617e-01 9.478282e-01 9.554791e-01 9.613567e-01 9.561309e-01 9.630590e-01 9.719443e-01 9.756277e-01 9.776516e-01 9.759721e-01 9.676786e-01 9.663606e-01 9.517151e-01 9.324481e-01 9.204886e-01 9.240139e-01 9.346610e-01 9.325055e-01 9.299038e-01 9.325433e-01 9.274572e-01 9.194360e-01 9.210295e-01 9.278523e-01 9.186620e-01 9.138807e-01 9.108616e-01 9.084014e-01 9.085684e-01 9.063873e-01 9.011829e-01 8.995924e-01 8.927404e-01 8.845005e-01 8.793570e-01 8.702558e-01 8.610756e-01 8.594723e-01 8.652680e-01 8.702331e-01 8.740175e-01 8.746984e-01 8.783687e-01 8.826962e-01 8.827130e-01 8.850549e-01 8.886406e-01 8.944240e-01 8.985913e-01 8.989099e-01 8.904698e-01 8.861774e-01 8.918096e-01 9.071359e-01 9.115746e-01 9.221277e-01 9.500068e-01 9.661975e-01 9.660172e-01 9.714784e-01 9.903663e-01 9.956734e-01 9.879568e-01 9.810574e-01 1.007718e+00 9.755837e-01 9.870327e-01
9.955246e-01 1.007438e+00 1.006663e+00 1.003393e+00 9.922085e-01 9.878707e-01 9.845470e-01 9.706133e-01 9.664215e-01 9.591124e-01 9.592534e-01 9.539234e-01 9.555932e-01 9.506787e-01 9.455804e-01 9.340472e-01 9.315289e-01 9.304726e-01 9.311754e-01 9.325150e-01 9.337839e-01 9.346227e-01 9.382228e-01 9.485000e-01 9.583542e-01 9.687967e-01 9.757379e-01 9.807894e-01 9.766726e-01 9.715765e-01 9.760565e-01 9.813091e-01 9.820488e-01 9.816018e-01 9.817226e-01 9.866865e-01 9.984609e-01 9.999661e-01 9.926819e-01 9.837616e-01 9.789805e-01 9.732403e-01 9.759791e-01 9.768299e-01 9.739732e-01 9.715726e-01 9.755267e-01 9.809649e-01 9.753417e-01 9.620326e-01 9.589498e-01 9.637868e-01 9.697152e-01 9.745372e-01 9.810529e-01 9.833890e-01 9.812536e-01 9.841371e-01 9.841293e-01 9.836740e-01 9.815557e-01 9.811720e-01 9.813095e-01 9.803002e-01 9.763242e-01 9.736435e-01 9.731448e-01 9.741117e-01 9.684476e-01 9.594482e-01 9.558665e-01 9.535030e-01 9.462822e-01 9.517656e-01 9.580135e-01 9.542855e-01 9.384516e-01 9.421580e-01 9.341643e-01 9.347545e-01 9.345410e-01 9.407655e-01 9.480088e-01 9.534407e-01 9.476588e-01 9.469283e-01 9.524168e-01 9.560065e-01 9.590322e-01 9.631274e-01 9.596362e-01 9.615758e-01 9.592439e-01 9.554752e-01 9.615187e-01 9.682710e-01 9.705720e-01 9.747628e-01 9.802750e-01 9.852823e-01 9.815212e-01 9.732820e-01 9.774061e-01 9.849455e-01 9.910697e-01 9.943016e-01 9.964154e-01 9.973296e-01 1.002216e+00 1.003878e+00 9.956052e-01 9.911590e-01 9.901591e-01 9.934046e-01 9.953687e-01 9.928117e-01 9.887062e-01 9.811398e-01 9.791382e-01 9.774086e-01 9.727171e-01 9.701447e-01 9.734466e-01 9.686292e-01 9.681708e-01 9.660349e-01 9.554580e-01 9.467731e-01 9.391530e-01 9.345001e-01 9.314138e-01 9.294084e-01 9.280159e-01 9.272723e-01 9.265987e-01 9.249821e-01 9.188430e-01 9.171221e-01 9.203632e-01 9.245536e-01 9.204702e-01 9.231509e-01 9.224221e-01 9.185972e-01 9.209864e-01 9.224971e-01 9.148253e-01 9.080486e-01 9.085131e-01 9.115202e-01 9.162502e-01 9.150379e-01 9.137731e-01 9.103459e-01 9.118063e-01 9.119021e-01 9.117316e-01 9.085867e-01 9.073201e-01 9.021873e-01 8.990310e-01 9.015851e-01 9.007263e-01 8.924344e-01 8.876606e-01 8.928532e-01 8.943479e-01 8.911264e-01 8.951703e-01 9.019880e-01 9.101326e-01 9.072838e-01 9.033201e-01 9.046636e-01 9.107928e-01 9.165036e-01 9.135348e-01 9.164841e-01 9.203156e-01 9.257966e-01 9.311420e-01 9.314415e-01 9.254619e-01 9.256245e-01 9.428280e-01 9.466104e-01 9.478052e-01 9.589760e-01 9.647937e-01 9.593031e-01 9.570304e-01 9.643784e-01 9.696952e-01 9.708304e-01 9.758264e-01 9.750683e-01 9.711558e-01 9.772685e-01 9.771338e-01 9.684889e-01 9.637398e-01 9.492276e-01 9.368362e-01 9.211391e-01 9.239375e-01 9.427475e-01 9.424038e-01 9.362595e-01 9.345331e-01 9.311801e-01 9.265456e-01 9.296368e-01 9.323478e-01 9.177756e-01 9.094964e-01 8.995270e-01 9.040434e-01 9.069057e-01 9.054614e-01 8.995728e-01 8.963192e-01 8.874916e-01 8.849480e-01 8.799103e-01 8.682513e-01 8.600473e-01 8.619871e-01 8.625910e-01 8.652377e-01 8.658000e-01 8.683499e-01 8.735863e-01 8.795279e-01 8.794064e-01 8.762389e-01 8.787320e-01 8.865792e-01 8.972834e-01 8.986548e-01 8.956969e-01 8.897400e-01 8.899201e-01 9.020951e-01 9.101073e-01 9.176812e-01 9.384502e-01 9.617247e-01 9.624941e-01 9.623074e-01 9.789363e-01 9.869454e-01 9.818556e-01 9.701217e-01 1.004718e+00 9.723334e-01 9.865270e-01
9.999372e-01 1.014400e+00 1.011485e+00 1.005785e+00 9.956834e-01 9.854598e-01 9.801428e-01 9.723077e-01 9.703111e-01 9.647195e-01 9.610224e-01 9.509031e-01 9.465755e-01 9.485089e-01 9.461418e-01 9.424454e-01 9.383083e-01 9.367521e-01 9.324830e-01 9.269174e-01 9.296118e-01 9.350947e-01 9.429927e-01 9.515502e-01 9.608794e-01 9.681056e-01 9.745922e-01 9.755577e-01 9.720645e-01 9.723650e-01 9.751481e-01 9.777646e-01 9.777756e-01 9.799612e-01 9.843191e-01 9.914209e-01 9.972023e-01 9.946564e-01 9.900359e-01 9.827096e-01 9.786623e-01 9.738666e-01 9.717455e-01 9.736495e-01 9.722607e-01 9.732683e-01 9.815199e-01 9.826301e-01 9.752367e-01 9.703227e-01 9.704770e-01 9.736285e-01 9.750265e-01 9.771906e-01 9.812767e-01 9.828509e-01 9.816379e-01 9.818645e-01 9.828923e-01 9.837880e-01 9.812874e-01 9.819840e-01 9.859503e-01 9.838771e-01 9.817922e-01 9.802972e-01 9.812617e-01 9.803852e-01 9.713703e-01 9.591179e-01 9.565873e-01 9.547797e-01 9.537981e-01 9.574610e-01 9.670513e-01 9.624510e-01 9.498453e-01 9.515835e-01 9.438563e-01 9.469789e-01 9.474014e-01 9.493116e-01 9.482277e-01 9.514636e-01 9.411328e-01 9.405702e-01 9.538803e-01 9.654703e-01 9.672437e-01 9.715855e-01 9.697828e-01 9.660403e-01 9.663903e-01 9.619538e-01 9.682018e-01 9.744235e-01 9.781566e-01 9.813101e-01 9.865191e-01 9.901993e-01 9.903163e-01 9.875835e-01 9.896451e-01 9.917181e-01 9.927098e-01 9.934421e-01 9.934553e-01 9.964170e-01 1.000371e+00 1.004921e+00 1.002173e+00 9.988721e-01 9.954236e-01 9.960268e-01 9.970574e-01 9.922289e-01 9.914151e-01 9.863067e-01 9.748630e-01 9.713877e-01 9.684682e-01 9.709569e-01 9.695952e-01 9.620383e-01 9.634687e-01 9.606344e-01 9.554378e-01 9.527939e-01 9.479777e-01 9.436001e-01 9.358462e-01 9.276165e-01 9.264784e-01 9.291203e-01 9.283260e-01 9.216352e-01 9.188211e-01 9.196486e-01 9.192426e-01 9.199472e-01 9.166801e-01 9.198063e-01 9.191039e-01 9.193099e-01 9.197485e-01 9.230610e-01 9.188694e-01 9.131634e-01 9.095842e-01 9.056436e-01 9.055951e-01 9.032350e-01 9.046453e-01 9.021257e-01 9.041124e-01 9.094956e-01 9.107296e-01 9.078411e-01 9.050302e-01 9.023106e-01 8.978233e-01 8.992208e-01 8.950000e-01 8.895396e-01 8.870364e-01 8.923795e-01 8.976181e-01 8.966420e-01 8.992335e-01 9.035740e-01 9.078413e-01 9.028499e-01 8.978103e-01 9.007034e-01 9.035745e-01 9.072257e-01 9.091265e-01 9.129801e-01 9.206160e-01 9.323942e-01 9.392473e-01 9.339020e-01 9.283504e-01 9.340897e-01 9.481764e-01 9.597540e-01 9.672492e-01 9.793178e-01 9.824784e-01 9.761449e-01 9.766590e-01 9.779910e-01 9.840261e-01 9.893718e-01 9.898975e-01 9.845191e-01 9.736184e-01 9.788476e-01 9.770183e-01 9.724922e-01 9.609642e-01 9.527265e-01 9.430025e-01 9.280574e-01 9.284799e-01 9.378768e-01 9.437069e-01 9.419088e-01 9.386021e-01 9.388644e-01 9.334521e-01 9.317486e-01 9.253901e-01 9.107232e-01 9.013547e-01 8.943718e-01 9.025189e-01 9.012482e-01 8.990304e-01 8.955774e-01 8.898112e-01 8.863075e-01 8.800228e-01 8.731278e-01 8.651212e-01 8.622058e-01 8.625228e-01 8.607427e-01 8.602095e-01 8.619488e-01 8.658458e-01 8.745580e-01 8.794565e-01 8.764648e-01 8.722355e-01 8.710293e-01 8.775464e-01 8.892694e-01 8.974297e-01 8.985185e-01 8.931941e-01 8.878028e-01 8.962885e-01 9.029071e-01 9.086087e-01 9.346262e-01 9.616271e-01 9.597713e-01 9.541403e-01 9.768971e-01 9.831999e-01 9.749496e-01 9.589112e-01 1.000480e+00 9.653031e-01 9.821635e-01
1.002291e+00 1.017634e+00 1.012135e+00 1.006214e+00 9.982933e-01 9.840064e-01 9.824176e-01 9.771637e-01 9.758140e-01 9.729437e-01 9.665793e-01 9.527007e-01 9.458911e-01 9.508541e-01 9.464827e-01 9.403751e-01 9.385288e-01 9.347348e-01 9.287974e-01 9.230943e-01 9.244842e-01 9.268275e-01 9.397151e-01 9.495600e-01 9.562235e-01 9.609094e-01 9.704331e-01 9.731518e-01 9.711008e-01 9.752952e-01 9.786297e-01 9.819982e-01 9.820627e-01 9.819683e-01 9.891062e-01 9.893317e-01 9.856497e-01 9.849212e-01 9.861371e-01 9.835163e-01 9.824471e-01 9.759878e-01 9.729651e-01 9.744971e-01 9.742660e-01 9.777603e-01 9.820236e-01 9.786062e-01 9.739093e-01 9.791448e-01 9.836246e-01 9.840624e-01 9.824612e-01 9.801291e-01 9.782729e-01 9.782179e-01 9.773588e-01 9.760303e-01 9.800841e-01 9.818673e-01 9.765746e-01 9.779664e-01 9.852289e-01 9.855508e-01 9.865217e-01 9.841025e-01 9.819154e-01 9.823671e-01 9.763974e-01 9.698777e-01 9.699327e-01 9.670009e-01 9.639615e-01 9.656724e-01 9.624221e-01 9.545129e-01 9.567634e-01 9.651195e-01 9.564159e-01 9.585876e-01 9.547392e-01 9.475588e-01 9.422154e-01 9.423903e-01 9.431533e-01 9.365699e-01 9.539108e-01 9.696941e-01 9.744068e-01 9.750699e-01 9.690357e-01 9.672920e-01 9.701276e-01 9.685454e-01 9.728754e-01 9.796464e-01 9.820216e-01 9.888020e-01 9.968593e-01 9.987479e-01 9.976132e-01 9.982002e-01 9.986112e-01 9.997707e-01 9.971876e-01 9.916536e-01 9.897218e-01 9.968056e-01 1.003849e+00 1.008651e+00 1.007870e+00 1.003523e+00 9.975674e-01 9.986776e-01 9.984503e-01 9.905413e-01 9.891923e-01 9.874049e-01 9.744585e-01 9.673628e-01 9.640576e-01 9.700641e-01 9.687844e-01 9.643024e-01 9.639934e-01 9.563119e-01 9.572207e-01 9.616414e-01 9.582159e-01 9.489761e-01 9.401166e-01 9.294754e-01 9.233977e-01 9.255334e-01 9.253316e-01 9.188260e-01 9.164781e-01 9.187725e-01 9.225733e-01 9.193109e-01 9.150918e-01 9.165766e-01 9.162427e-01 9.179645e-01 9.209620e-01 9.222403e-01 9.176772e-01 9.086400e-01 9.082207e-01 9.069670e-01 9.036235e-01 9.005330e-01 8.988893e-01 8.956853e-01 9.036279e-01 9.096996e-01 9.144186e-01 9.132897e-01 9.083568e-01 9.045333e-01 9.004723e-01 8.993349e-01 8.946989e-01 8.931559e-01 8.894048e-01 8.907057e-01 8.955680e-01 9.025204e-01 9.018099e-01 9.026212e-01 9.016730e-01 8.983716e-01 8.999082e-01 9.014573e-01 9.017913e-01 9.046060e-01 9.090078e-01 9.175404e-01 9.243377e-01 9.367528e-01 9.419177e-01 9.372235e-01 9.416309e-01 9.512197e-01 9.595714e-01 9.665904e-01 9.786390e-01 9.888189e-01 9.919928e-01 9.930871e-01 9.959121e-01 9.940487e-01 9.947838e-01 9.963716e-01 9.975604e-01 9.915858e-01 9.825338e-01 9.785715e-01 9.729716e-01 9.697440e-01 9.657882e-01 9.523288e-01 9.454368e-01 9.380133e-01 9.355083e-01 9.336500e-01 9.382399e-01 9.448159e-01 9.418103e-01 9.407576e-01 9.370763e-01 9.244773e-01 9.138962e-01 9.015783e-01 8.975732e-01 9.039243e-01 9.047562e-01 8.950267e-01 8.931646e-01 8.895376e-01 8.901860e-01 8.907486e-01 8.881353e-01 8.773541e-01 8.717482e-01 8.687195e-01 8.626246e-01 8.586274e-01 8.559936e-01 8.597260e-01 8.661123e-01 8.729240e-01 8.754560e-01 8.715810e-01 8.701627e-01 8.674386e-01 8.695096e-01 8.790054e-01 8.886614e-01 8.944912e-01 8.889015e-01 8.855541e-01 8.911150e-01 8.934863e-01 9.044573e-01 9.341781e-01 9.506763e-01 9.441481e-01 9.503366e-01 9.771144e-01 9.798242e-01 9.639684e-01 9.526821e-01 9.988218e-01 9.607362e-01 9.751323e-01
1.001833e+00 1.016365e+00 1.015645e+00 1.012210e+00 1.002438e+00 9.921436e-01 9.890941e-01 9.817294e-01 9.784264e-01 9.788684e-01 9.647033e-01 9.546971e-01 9.570708e-01 9.568422e-01 9.519630e-01 9.405662e-01 9.375944e-01 9.339090e-01 9.334185e-01 9.294524e-01 9.215956e-01 9.187128e-01 9.302397e-01 9.412656e-01 9.521003e-01 9.585786e-01 9.648767e-01 9.683904e-01 9.688668e-01 9.771499e-01 9.825937e-01 9.832700e-01 9.858689e-01 9.868615e-01 9.890521e-01 9.872323e-01 9.798360e-01 9.774842e-01 9.799778e-01 9.820743e-01 9.824580e-01 9.757712e-01 9.771011e-01 9.792163e-01 9.790815e-01 9.791170e-01 9.767258e-01 9.737245e-01 9.755636e-01 9.795494e-01 9.823421e-01 9.822562e-01 9.778442e-01 9.720759e-01 9.700277e-01 9.740381e-01 9.789311e-01 9.775078e-01 9.783749e-01 9.821032e-01 9.807679e-01 9.829565e-01 9.873726e-01 9.863074e-01 9.867095e-01 9.860436e-01 9.803196e-01 9.784619e-01 9.759431e-01 9.825477e-01 9.802343e-01 9.749040e-01 9.692724e-01 9.672270e-01 9.521065e-01 9.495054e-01 9.611132e-01 9.705887e-01 9.656586e-01 9.622167e-01 9.506012e-01 9.484054e-01 9.454870e-01 9.447306e-01 9.502431e-01 9.421986e-01 9.583651e-01 9.719549e-01 9.803771e-01 9.727404e-01 9.625174e-01 9.643978e-01 9.691945e-01 9.711816e-01 9.765829e-01 9.834856e-01 9.908371e-01 9.968451e-01 9.984609e-01 1.000716e+00 9.986821e-01 9.972306e-01 9.988593e-01 1.004845e+00 1.001303e+00 9.929987e-01 9.929592e-01 9.979619e-01 1.004378e+00 1.006227e+00 1.006512e+00 1.002935e+00 9.987596e-01 9.995196e-01 9.966624e-01 9.859387e-01 9.854912e-01 9.843734e-01 9.748378e-01 9.692329e-01 9.698291e-01 9.756714e-01 9.787041e-01 9.679264e-01 9.628987e-01 9.589236e-01 9.602432e-01 9.627267e-01 9.597577e-01 9.481397e-01 9.430166e-01 9.355372e-01 9.284066e-01 9.236939e-01 9.207501e-01 9.201365e-01 9.189759e-01 9.221091e-01 9.228618e-01 9.215623e-01 9.178233e-01 9.200910e-01 9.190702e-01 9.182841e-01 9.217254e-01 9.184245e-01 9.126188e-01 9.072402e-01 9.126794e-01 9.133125e-01 9.099120e-01 9.049436e-01 9.002119e-01 8.988858e-01 9.031348e-01 9.132473e-01 9.181491e-01 9.204565e-01 9.173549e-01 9.098744e-01 9.044430e-01 9.000649e-01 8.976197e-01 8.964601e-01 8.965002e-01 8.989149e-01 8.997107e-01 9.039372e-01 9.008358e-01 8.967173e-01 8.969301e-01 8.999717e-01 9.078473e-01 9.106434e-01 9.098180e-01 9.124682e-01 9.173990e-01 9.198285e-01 9.244853e-01 9.297200e-01 9.310617e-01 9.373134e-01 9.524112e-01 9.636794e-01 9.670541e-01 9.715785e-01 9.811758e-01 9.891660e-01 9.972463e-01 1.003720e+00 1.008844e+00 1.004696e+00 9.996680e-01 9.955921e-01 9.973571e-01 9.918386e-01 9.871474e-01 9.787569e-01 9.739311e-01 9.755845e-01 9.747822e-01 9.642575e-01 9.543734e-01 9.450901e-01 9.394836e-01 9.350371e-01 9.389951e-01 9.448778e-01 9.436039e-01 9.402670e-01 9.329143e-01 9.184464e-01 9.080682e-01 9.004436e-01 8.991370e-01 9.041984e-01 9.019737e-01 9.026107e-01 8.980026e-01 8.934337e-01 8.946835e-01 8.943968e-01 8.940082e-01 8.832169e-01 8.781047e-01 8.700233e-01 8.632389e-01 8.595512e-01 8.559179e-01 8.592569e-01 8.669871e-01 8.683047e-01 8.691526e-01 8.700321e-01 8.686994e-01 8.672565e-01 8.672259e-01 8.738699e-01 8.816343e-01 8.887107e-01 8.921777e-01 8.944076e-01 8.946822e-01 8.967323e-01 9.112670e-01 9.358902e-01 9.455295e-01 9.372314e-01 9.512607e-01 9.791723e-01 9.789186e-01 9.609797e-01 9.551830e-01 9.989843e-01 9.569873e-01 9.758073e-01
1.005947e+00 1.017452e+00 1.015080e+00 1.010874e+00 1.001414e+00 9.976044e-01 9.893699e-01 9.844705e-01 9.867072e-01 9.812338e-01 9.685700e-01 9.640527e-01 9.640505e-01 9.537601e-01 9.466943e-01 9.362668e-01 9.303930e-01 9.298710e-01 9.318442e-01 9.292198e-01 9.214172e-01 9.161906e-01 9.292182e-01 9.420134e-01 9.527948e-01 9.592501e-01 9.619407e-01 9.634379e-01 9.678656e-01 9.779763e-01 9.810697e-01 9.764200e-01 9.797488e-01 9.861733e-01 9.905124e-01 9.879509e-01 9.772680e-01 9.754571e-01 9.763099e-01 9.766935e-01 9.757752e-01 9.738927e-01 9.766364e-01 9.796701e-01 9.765961e-01 9.806673e-01 9.818836e-01 9.817302e-01 9.770965e-01 9.738917e-01 9.734037e-01 9.743200e-01 9.685571e-01 9.627578e-01 9.680492e-01 9.730110e-01 9.749181e-01 9.781746e-01 9.803712e-01 9.839778e-01 9.828765e-01 9.835000e-01 9.855645e-01 9.856253e-01 9.859318e-01 9.857347e-01 9.859760e-01 9.809029e-01 9.740305e-01 9.763734e-01 9.777725e-01 9.744401e-01 9.646096e-01 9.629561e-01 9.539616e-01 9.535338e-01 9.678571e-01 9.767864e-01 9.723511e-01 9.605334e-01 9.561074e-01 9.611424e-01 9.580520e-01 9.564140e-01 9.621854e-01 9.543534e-01 9.564930e-01 9.628561e-01 9.742337e-01 9.708288e-01 9.622690e-01 9.697095e-01 9.723006e-01 9.770873e-01 9.833397e-01 9.870405e-01 9.912164e-01 9.978657e-01 1.000872e+00 1.005595e+00 9.980243e-01 9.925507e-01 9.974155e-01 1.008196e+00 1.006787e+00 9.942933e-01 9.888856e-01 9.896120e-01 9.924947e-01 9.980715e-01 1.001769e+00 1.001454e+00 1.000554e+00 1.001070e+00 9.937330e-01 9.847587e-01 9.841416e-01 9.847621e-01 9.779348e-01 9.767223e-01 9.767572e-01 9.769673e-01 9.763898e-01 9.679214e-01 9.644136e-01 9.633278e-01 9.593675e-01 9.580203e-01 9.564651e-01 9.473388e-01 9.413898e-01 9.395532e-01 9.286468e-01 9.258096e-01 9.219443e-01 9.234522e-01 9.260962e-01 9.260411e-01 9.286442e-01 9.248471e-01 9.204363e-01 9.203743e-01 9.194035e-01 9.172985e-01 9.169679e-01 9.159142e-01 9.107237e-01 9.068004e-01 9.143253e-01 9.188802e-01 9.174458e-01 9.106911e-01 9.060941e-01 9.026671e-01 9.079125e-01 9.172618e-01 9.196076e-01 9.179999e-01 9.126636e-01 9.092574e-01 9.050554e-01 9.017476e-01 9.014082e-01 8.977306e-01 8.987706e-01 9.032182e-01 9.010657e-01 8.985801e-01 8.968103e-01 8.982340e-01 9.012808e-01 9.036494e-01 9.105496e-01 9.157152e-01 9.210752e-01 9.216543e-01 9.222991e-01 9.181330e-01 9.238827e-01 9.292863e-01 9.342229e-01 9.493176e-01 9.658585e-01 9.692242e-01 9.711195e-01 9.788395e-01 9.867295e-01 9.933406e-01 1.002761e+00 1.010783e+00 1.011981e+00 1.007908e+00 1.000437e+00 9.963626e-01 9.974529e-01 9.977681e-01 9.984375e-01 9.881659e-01 9.770978e-01 9.781351e-01 9.732754e-01 9.709687e-01 9.609057e-01 9.546716e-01 9.472377e-01 9.427593e-01 9.453720e-01 9.491732e-01 9.459946e-01 9.409920e-01 9.321260e-01 9.195286e-01 9.118016e-01 9.067906e-01 9.010379e-01 9.022433e-01 9.029610e-01 9.126640e-01 9.062546e-01 8.989967e-01 8.959906e-01 8.944284e-01 8.880646e-01 8.800673e-01 8.772606e-01 8.692120e-01 8.607036e-01 8.570408e-01 8.559750e-01 8.571313e-01 8.636732e-01 8.683159e-01 8.700547e-01 8.684031e-01 8.682605e-01 8.735725e-01 8.730299e-01 8.742262e-01 8.775072e-01 8.854293e-01 8.970032e-01 8.981758e-01 9.040884e-01 9.130328e-01 9.187963e-01 9.403005e-01 9.444311e-01 9.437534e-01 9.581715e-01 9.787652e-01 9.762951e-01 9.651942e-01 9.518298e-01 9.955063e-01 9.507610e-01 9.761789e-01
1.003957e+00 1.015796e+00 1.015101e+00 1.007419e+00 1.000453e+00 1.002011e+00 9.977334e-01 1.002932e+00 9.982635e-01 9.862119e-01 9.770722e-01 9.732739e-01 9.671919e-01 9.566253e-01 9.476041e-01 9.412827e-01 9.384734e-01 9.329959e-01 9.307470e-01 9.302502e-01 9.221125e-01 9.212469e-01 9.297441e-01 9.412301e-01 9.560149e-01 9.605963e-01 9.599112e-01 9.635375e-01 9.730977e-01 9.806759e-01 9.782700e-01 9.667942e-01 9.650622e-01 9.752212e-01 9.876894e-01 9.874237e-01 9.790147e-01 9.797217e-01 9.810361e-01 9.787086e-01 9.785084e-01 9.767735e-01 9.777069e-01 9.760726e-01 9.724258e-01 9.806820e-01 9.841597e-01 9.825420e-01 9.766454e-01 9.733723e-01 9.734911e-01 9.726477e-01 9.641777e-01 9.634069e-01 9.729053e-01 9.781873e-01 9.766995e-01 9.800600e-01 9.816603e-01 9.845303e-01 9.824288e-01 9.824394e-01 9.819725e-01 9.818625e-01 9.864040e-01 9.882715e-01 9.865742e-01 9.812865e-01 9.697044e-01 9.654218e-01 9.672435e-01 9.652772e-01 9.577118e-01 9.577785e-01 9.623001e-01 9.618140e-01 9.704382e-01 9.754662e-01 9.715534e-01 9.600101e-01 9.622902e-01 9.714608e-01 9.658846e-01 9.650039e-01 9.643803e-01 9.640878e-01 9.597415e-01 9.636685e-01 9.703749e-01 9.746913e-01 9.733072e-01 9.791138e-01 9.868529e-01 9.900698e-01 9.907426e-01 9.916173e-01 9.925744e-01 9.941310e-01 9.999889e-01 1.004177e+00 9.952899e-01 9.889411e-01 9.963154e-01 1.008191e+00 1.004775e+00 9.931890e-01 9.814657e-01 9.855640e-01 9.863528e-01 9.884354e-01 9.981269e-01 1.004489e+00 1.003573e+00 9.998739e-01 9.904580e-01 9.831429e-01 9.811560e-01 9.832637e-01 9.812428e-01 9.822971e-01 9.777594e-01 9.722688e-01 9.653012e-01 9.602177e-01 9.611797e-01 9.583445e-01 9.551457e-01 9.520802e-01 9.517936e-01 9.464386e-01 9.432364e-01 9.395736e-01 9.296769e-01 9.254886e-01 9.215817e-01 9.215142e-01 9.295953e-01 9.322851e-01 9.334884e-01 9.269988e-01 9.201560e-01 9.139416e-01 9.155101e-01 9.151983e-01 9.153451e-01 9.171401e-01 9.166443e-01 9.137250e-01 9.141626e-01 9.169715e-01 9.152959e-01 9.094507e-01 9.104002e-01 9.097282e-01 9.116783e-01 9.190611e-01 9.205504e-01 9.127786e-01 9.081038e-01 9.108409e-01 9.099454e-01 9.056432e-01 9.017035e-01 8.985882e-01 8.959993e-01 9.008828e-01 8.979732e-01 8.944215e-01 8.995568e-01 9.026904e-01 9.046794e-01 9.047409e-01 9.083053e-01 9.198335e-01 9.288332e-01 9.281760e-01 9.244083e-01 9.239957e-01 9.320428e-01 9.348910e-01 9.442665e-01 9.604930e-01 9.770950e-01 9.790284e-01 9.843135e-01 9.963503e-01 1.000358e+00 9.965882e-01 1.000329e+00 1.010965e+00 1.013041e+00 1.006909e+00 1.001238e+00 1.004142e+00 1.004896e+00 1.003238e+00 1.005728e+00 9.948375e-01 9.839057e-01 9.776737e-01 9.695716e-01 9.687976e-01 9.687575e-01 9.683878e-01 9.586132e-01 9.496225e-01 9.426740e-01 9.451311e-01 9.436566e-01 9.420109e-01 9.397740e-01 9.288321e-01 9.190213e-01 9.142915e-01 9.013198e-01 9.051966e-01 9.098571e-01 9.113679e-01 9.103172e-01 9.079356e-01 9.008750e-01 8.928019e-01 8.847783e-01 8.787588e-01 8.753384e-01 8.673518e-01 8.596264e-01 8.571410e-01 8.577316e-01 8.591869e-01 8.607414e-01 8.680205e-01 8.711026e-01 8.701029e-01 8.719313e-01 8.751985e-01 8.775713e-01 8.771299e-01 8.768245e-01 8.878172e-01 8.957866e-01 8.935226e-01 9.027866e-01 9.141605e-01 9.193006e-01 9.375027e-01 9.423544e-01 9.517965e-01 9.568003e-01 9.689553e-01 9.673263e-01 9.640195e-01 9.434078e-01 9.823518e-01 9.453554e-01 9.752479e-01
1.003335e+00 1.014728e+00 1.014906e+00 1.010190e+00 1.009788e+00 1.010807e+00 1.005510e+00 1.010069e+00 1.001643e+00 9.953053e-01 9.842028e-01 9.798903e-01 9.738997e-01 9.665013e-01 9.564576e-01 9.483169e-01 9.474152e-01 9.432704e-01 9.362746e-01 9.322584e-01 9.270489e-01 9.265188e-01 9.268902e-01 9.374294e-01 9.520077e-01 9.603167e-01 9.625322e-01 9.604032e-01 9.702935e-01 9.786453e-01 9.762672e-01 9.671246e-01 9.606854e-01 9.657291e-01 9.777440e-01 9.785295e-01 9.794173e-01 9.853894e-01 9.844025e-01 9.794966e-01 9.785598e-01 9.763308e-01 9.768189e-01 9.742844e-01 9.710987e-01 9.764460e-01 9.790608e-01 9.781045e-01 9.781259e-01 9.775095e-01 9.790547e-01 9.788982e-01 9.720800e-01 9.666507e-01 9.707463e-01 9.737403e-01 9.754835e-01 9.791410e-01 9.834146e-01 9.845891e-01 9.817824e-01 9.865419e-01 9.884602e-01 9.818911e-01 9.821432e-01 9.815000e-01 9.823991e-01 9.831775e-01 9.775039e-01 9.684222e-01 9.652583e-01 9.687765e-01 9.619025e-01 9.579632e-01 9.592113e-01 9.642610e-01 9.764786e-01 9.745425e-01 9.673265e-01 9.611136e-01 9.607005e-01 9.644004e-01 9.631665e-01 9.643457e-01 9.655278e-01 9.679262e-01 9.708048e-01 9.701535e-01 9.698843e-01 9.780706e-01 9.859168e-01 9.879421e-01 9.896147e-01 9.920556e-01 9.958445e-01 9.939492e-01 9.916409e-01 9.902209e-01 9.953818e-01 9.967753e-01 9.942954e-01 9.946598e-01 1.000152e+00 1.005681e+00 1.001849e+00 9.946244e-01 9.901100e-01 9.937342e-01 9.934738e-01 9.926576e-01 1.002633e+00 1.006582e+00 1.000192e+00 9.968482e-01 9.898425e-01 9.842279e-01 9.863256e-01 9.882935e-01 9.837926e-01 9.803515e-01 9.819468e-01 9.752312e-01 9.586449e-01 9.552064e-01 9.635400e-01 9.626876e-01 9.559433e-01 9.536645e-01 9.500415e-01 9.455811e-01 9.433926e-01 9.431264e-01 9.357218e-01 9.275051e-01 9.266409e-01 9.239938e-01 9.261768e-01 9.286634e-01 9.316431e-01 9.250423e-01 9.137226e-01 9.099066e-01 9.127238e-01 9.181199e-01 9.156176e-01 9.169002e-01 9.192265e-01 9.173875e-01 9.172801e-01 9.161985e-01 9.143132e-01 9.147109e-01 9.170754e-01 9.138765e-01 9.109539e-01 9.179677e-01 9.201962e-01 9.149985e-01 9.112155e-01 9.140920e-01 9.127474e-01 9.076579e-01 9.042145e-01 9.027597e-01 8.972188e-01 9.016871e-01 9.007659e-01 9.028738e-01 9.088545e-01 9.090603e-01 9.077560e-01 9.074399e-01 9.079561e-01 9.200800e-01 9.288936e-01 9.335819e-01 9.375405e-01 9.476528e-01 9.468797e-01 9.425631e-01 9.530323e-01 9.727157e-01 9.874093e-01 9.960882e-01 1.001762e+00 1.009855e+00 1.010418e+00 1.004636e+00 1.001015e+00 1.007336e+00 1.012418e+00 1.009640e+00 1.011480e+00 1.016418e+00 1.014625e+00 1.010895e+00 1.007994e+00 1.000567e+00 9.906845e-01 9.877161e-01 9.788699e-01 9.772167e-01 9.833624e-01 9.793733e-01 9.621137e-01 9.510807e-01 9.460474e-01 9.454747e-01 9.394681e-01 9.379140e-01 9.421263e-01 9.343986e-01 9.250627e-01 9.188234e-01 9.088963e-01 9.068741e-01 9.090188e-01 9.074488e-01 9.100101e-01 9.120812e-01 9.029220e-01 8.903422e-01 8.872683e-01 8.829061e-01 8.765724e-01 8.692088e-01 8.643013e-01 8.614036e-01 8.628997e-01 8.660400e-01 8.638650e-01 8.676654e-01 8.692507e-01 8.702453e-01 8.716706e-01 8.731840e-01 8.781739e-01 8.784032e-01 8.824570e-01 8.928198e-01 8.967592e-01 8.901055e-01 8.975593e-01 9.041888e-01 9.122463e-01 9.320931e-01 9.447317e-01 9.521978e-01 9.455722e-01 9.496626e-01 9.585751e-01 9.590315e-01 9.350613e-01 9.760643e-01 9.498922e-01 9.718258e-01
1.007794e+00 1.011987e+00 1.013700e+00 1.012634e+00 1.011453e+00 1.009236e+00 1.006945e+00 1.006154e+00 1.001795e+00 1.001765e+00 9.904270e-01 9.851418e-01 9.798443e-01 9.747062e-01 9.640675e-01 9.525137e-01 9.471577e-01 9.492133e-01 9.453182e-01 9.408188e-01 9.373710e-01 9.310143e-01 9.291381e-01 9.344669e-01 9.429627e-01 9.534678e-01 9.617083e-01 9.658341e-01 9.673219e-01 9.730279e-01 9.741185e-01 9.663835e-01 9.639097e-01 9.645609e-01 9.687855e-01 9.754843e-01 9.795538e-01 9.851981e-01 9.828919e-01 9.800423e-01 9.766666e-01 9.712803e-01 9.732453e-01 9.742491e-01 9.720648e-01 9.736555e-01 9.771041e-01 9.772748e-01 9.790646e-01 9.841455e-01 9.848723e-01 9.826318e-01 9.776502e-01 9.693341e-01 9.655520e-01 9.656450e-01 9.683608e-01 9.720332e-01 9.799523e-01 9.827072e-01 9.833233e-01 9.879452e-01 9.885060e-01 9.782969e-01 9.733517e-01 9.761890e-01 9.776257e-01 9.826791e-01 9.817874e-01 9.794819e-01 9.726690e-01 9.724254e-01 9.704104e-01 9.661060e-01 9.635250e-01 9.672474e-01 9.730014e-01 9.675462e-01 9.707544e-01 9.673800e-01 9.648514e-01 9.573469e-01 9.558413e-01 9.642289e-01 9.669145e-01 9.703050e-01 9.764265e-01 9.730119e-01 9.753784e-01 9.801154e-01 9.897099e-01 9.953343e-01 9.965702e-01 9.936857e-01 9.940472e-01 9.904562e-01 9.900246e-01 9.935901e-01 9.975637e-01 9.990560e-01 1.000509e+00 1.003158e+00 1.004219e+00 1.005412e+00 1.005119e+00 1.005402e+00 1.006484e+00 1.004799e+00 1.001863e+00 9.997385e-01 1.005571e+00 1.001244e+00 9.978461e-01 9.976650e-01 9.921733e-01 9.859425e-01 9.944981e-01 9.938394e-01 9.869400e-01 9.795164e-01 9.828848e-01 9.780201e-01 9.572913e-01 9.554309e-01 9.627457e-01 9.691160e-01 9.649125e-01 9.620045e-01 9.543475e-01 9.445388e-01 9.374622e-01 9.378235e-01 9.397501e-01 9.389887e-01 9.391766e-01 9.346471e-01 9.287865e-01 9.269184e-01 9.309954e-01 9.267416e-01 9.156026e-01 9.076791e-01 9.115421e-01 9.127589e-01 9.095884e-01 9.145389e-01 9.184344e-01 9.169956e-01 9.191743e-01 9.150645e-01 9.159208e-01 9.199011e-01 9.223288e-01 9.138069e-01 9.088203e-01 9.150071e-01 9.164516e-01 9.147235e-01 9.130092e-01 9.153233e-01 9.143208e-01 9.081553e-01 9.052261e-01 9.084038e-01 9.079904e-01 9.101707e-01 9.114282e-01 9.098983e-01 9.098506e-01 9.130418e-01 9.140231e-01 9.088190e-01 9.109901e-01 9.225700e-01 9.288415e-01 9.356027e-01 9.503163e-01 9.586212e-01 9.579202e-01 9.541332e-01 9.658988e-01 9.848472e-01 9.997361e-01 1.013350e+00 1.016736e+00 1.016482e+00 1.016014e+00 1.010792e+00 1.007066e+00 1.008894e+00 1.018195e+00 1.021834e+00 1.024012e+00 1.021691e+00 1.018732e+00 1.009500e+00 1.001050e+00 9.980841e-01 9.962888e-01 9.902476e-01 9.802262e-01 9.839697e-01 9.884966e-01 9.839738e-01 9.662022e-01 9.575329e-01 9.512950e-01 9.429041e-01 9.369524e-01 9.381049e-01 9.401850e-01 9.341407e-01 9.282543e-01 9.224905e-01 9.166582e-01 9.088731e-01 9.059592e-01 9.030194e-01 9.067758e-01 9.110175e-01 9.033748e-01 8.920224e-01 8.907962e-01 8.874851e-01 8.805294e-01 8.744344e-01 8.672843e-01 8.622135e-01 8.639703e-01 8.651601e-01 8.631200e-01 8.640968e-01 8.671957e-01 8.691102e-01 8.713360e-01 8.750795e-01 8.763501e-01 8.814811e-01 8.867607e-01 8.930381e-01 8.976623e-01 8.942684e-01 8.971745e-01 9.021804e-01 9.161190e-01 9.311621e-01 9.418632e-01 9.487482e-01 9.382549e-01 9.404549e-01 9.524101e-01 9.537014e-01 9.361526e-01 9.800654e-01 9.529650e-01 9.678284e-01
1.013651e+00 1.014861e+00 1.017969e+00 1.016549e+00 1.009774e+00 1.006715e+00 1.006701e+00 1.000930e+00 1.001645e+00 1.005310e+00 9.930370e-01 9.882679e-01 9.875661e-01 9.821246e-01 9.722300e-01 9.576692e-01 9.464915e-01 9.488008e-01 9.430525e-01 9.432090e-01 9.385934e-01 9.309825e-01 9.281673e-01 9.338272e-01 9.440796e-01 9.534011e-01 9.585914e-01 9.651327e-01 9.637033e-01 9.663365e-01 9.670056e-01 9.608626e-01 9.619313e-01 9.651191e-01 9.673744e-01 9.747066e-01 9.764517e-01 9.833231e-01 9.851821e-01 9.825114e-01 9.788358e-01 9.726964e-01 9.742810e-01 9.765308e-01 9.749903e-01 9.754992e-01 9.736434e-01 9.751393e-01 9.779829e-01 9.844794e-01 9.819618e-01 9.792017e-01 9.769892e-01 9.724054e-01 9.643829e-01 9.640893e-01 9.674371e-01 9.741848e-01 9.812654e-01 9.821963e-01 9.822684e-01 9.881025e-01 9.871207e-01 9.785830e-01 9.757592e-01 9.809937e-01 9.798418e-01 9.802532e-01 9.837807e-01 9.834012e-01 9.776222e-01 9.772393e-01 9.800371e-01 9.724266e-01 9.693608e-01 9.701313e-01 9.709620e-01 9.703886e-01 9.788412e-01 9.759851e-01 9.689859e-01 9.611034e-01 9.663814e-01 9.732794e-01 9.747774e-01 9.752275e-01 9.815119e-01 9.797154e-01 9.775273e-01 9.748862e-01 9.821804e-01 9.954286e-01 1.004355e+00 1.005735e+00 1.000358e+00 9.958417e-01 9.923519e-01 9.920790e-01 9.970983e-01 1.001709e+00 1.005294e+00 1.008420e+00 1.005744e+00 1.003935e+00 1.005180e+00 1.006354e+00 1.009109e+00 1.006593e+00 1.005503e+00 1.002286e+00 9.988692e-01 9.960530e-01 9.980943e-01 9.986333e-01 9.939681e-01 9.889752e-01 9.992203e-01 9.953014e-01 9.920126e-01 9.882303e-01 9.859565e-01 9.790857e-01 9.631689e-01 9.587244e-01 9.645234e-01 9.765132e-01 9.719790e-01 9.661669e-01 9.564700e-01 9.432923e-01 9.376494e-01 9.471192e-01 9.541097e-01 9.499246e-01 9.444088e-01 9.385984e-01 9.310283e-01 9.285763e-01 9.326783e-01 9.310555e-01 9.210858e-01 9.141067e-01 9.131122e-01 9.107706e-01 9.105422e-01 9.166833e-01 9.166471e-01 9.162291e-01 9.209711e-01 9.209878e-01 9.225922e-01 9.211769e-01 9.221778e-01 9.181956e-01 9.182223e-01 9.196098e-01 9.185528e-01 9.170641e-01 9.199731e-01 9.210448e-01 9.151478e-01 9.098662e-01 9.114227e-01 9.161483e-01 9.164227e-01 9.140471e-01 9.161054e-01 9.120592e-01 9.102861e-01 9.155967e-01 9.132505e-01 9.098196e-01 9.172071e-01 9.279696e-01 9.357572e-01 9.416178e-01 9.546360e-01 9.523290e-01 9.574443e-01 9.666006e-01 9.746063e-01 9.895596e-01 1.008344e+00 1.021586e+00 1.024020e+00 1.022049e+00 1.022026e+00 1.019188e+00 1.015162e+00 1.014835e+00 1.023357e+00 1.031237e+00 1.030882e+00 1.026815e+00 1.017680e+00 1.009180e+00 1.000572e+00 1.002998e+00 1.002954e+00 9.939521e-01 9.907898e-01 9.948679e-01 9.958922e-01 9.918438e-01 9.766899e-01 9.625361e-01 9.500208e-01 9.429358e-01 9.417022e-01 9.447560e-01 9.418160e-01 9.338615e-01 9.348602e-01 9.308425e-01 9.245311e-01 9.180152e-01 9.182562e-01 9.130818e-01 9.093028e-01 9.079103e-01 9.025908e-01 8.944767e-01 8.912391e-01 8.882881e-01 8.832825e-01 8.763554e-01 8.706822e-01 8.656569e-01 8.666582e-01 8.678049e-01 8.647029e-01 8.665203e-01 8.683134e-01 8.710607e-01 8.754325e-01 8.778546e-01 8.805976e-01 8.859403e-01 8.872653e-01 8.916627e-01 8.932832e-01 8.920996e-01 8.937767e-01 9.009579e-01 9.174195e-01 9.292181e-01 9.348777e-01 9.412838e-01 9.308351e-01 9.412466e-01 9.469629e-01 9.446055e-01 9.383327e-01 9.780520e-01 9.515620e-01 9.639630e-01
1.008647e+00 1.015428e+00 1.021636e+00 1.019295e+00 1.016858e+00 1.013421e+00 1.008109e+00 1.002271e+00 1.004151e+00 1.006826e+00 9.965006e-01 9.901122e-01 9.882892e-01 9.816284e-01 9.718641e-01 9.577327e-01 9.498399e-01 9.441013e-01 9.374115e-01 9.388984e-01 9.319556e-01 9.273114e-01 9.275125e-01 9.347972e-01 9.467260e-01 9.554619e-01 9.634709e-01 9.640827e-01 9.606327e-01 9.582980e-01 9.624189e-01 9.605402e-01 9.652664e-01 9.697989e-01 9.701573e-01 9.712998e-01 9.736544e-01 9.834406e-01 9.898958e-01 9.872086e-01 9.805378e-01 9.780715e-01 9.787863e-01 9.795904e-01 9.803099e-01 9.784749e-01 9.750127e-01 9.771361e-01 9.767636e-01 9.777992e-01 9.784962e-01 9.755330e-01 9.676358e-01 9.605898e-01 9.615560e-01 9.625949e-01 9.674268e-01 9.735025e-01 9.785637e-01 9.749253e-01 9.738972e-01 9.825077e-01 9.811556e-01 9.779716e-01 9.836777e-01 9.880178e-01 9.849108e-01 9.799728e-01 9.780022e-01 9.769877e-01 9.786174e-01 9.755037e-01 9.744095e-01 9.684895e-01 9.721242e-01 9.742925e-01 9.762106e-01 9.779964e-01 9.851599e-01 9.808568e-01 9.751834e-01 9.756532e-01 9.762313e-01 9.788663e-01 9.796768e-01 9.788938e-01 9.798170e-01 9.807571e-01 9.791974e-01 9.798117e-01 9.841282e-01 9.954659e-01 1.004730e+00 1.010286e+00 1.007747e+00 1.003641e+00 9.960445e-01 9.929808e-01 9.966152e-01 1.001734e+00 1.002339e+00 1.007843e+00 1.010103e+00 1.007537e+00 1.009910e+00 1.010907e+00 1.008641e+00 1.006106e+00 1.001655e+00 9.977122e-01 9.940075e-01 9.957970e-01 1.003436e+00 1.001236e+00 9.998013e-01 9.926668e-01 9.926705e-01 9.891079e-01 9.890017e-01 9.890472e-01 9.895302e-01 9.870461e-01 9.775481e-01 9.711820e-01 9.745895e-01 9.808372e-01 9.734510e-01 9.674891e-01 9.602984e-01 9.528162e-01 9.494701e-01 9.557898e-01 9.613339e-01 9.507743e-01 9.405778e-01 9.413761e-01 9.385770e-01 9.327974e-01 9.280716e-01 9.318276e-01 9.271827e-01 9.239129e-01 9.214724e-01 9.195493e-01 9.228047e-01 9.218259e-01 9.201753e-01 9.188929e-01 9.230651e-01 9.251891e-01 9.256354e-01 9.217527e-01 9.209347e-01 9.234880e-01 9.267455e-01 9.237794e-01 9.195178e-01 9.248871e-01 9.262151e-01 9.254327e-01 9.202544e-01 9.146366e-01 9.158577e-01 9.167849e-01 9.142792e-01 9.170499e-01 9.134707e-01 9.134951e-01 9.178327e-01 9.252434e-01 9.195164e-01 9.151024e-01 9.189782e-01 9.332087e-01 9.427104e-01 9.501452e-01 9.575979e-01 9.557562e-01 9.640430e-01 9.756401e-01 9.826650e-01 9.940651e-01 1.008502e+00 1.020177e+00 1.024248e+00 1.023075e+00 1.026054e+00 1.028580e+00 1.021877e+00 1.019302e+00 1.031379e+00 1.036763e+00 1.034393e+00 1.030379e+00 1.020351e+00 1.015254e+00 1.010365e+00 1.011947e+00 1.010021e+00 1.003001e+00 1.000301e+00 1.003760e+00 1.005888e+00 1.001936e+00 9.837275e-01 9.645448e-01 9.510891e-01 9.425953e-01 9.430527e-01 9.497957e-01 9.474350e-01 9.410454e-01 9.429343e-01 9.368610e-01 9.290598e-01 9.242234e-01 9.287820e-01 9.222710e-01 9.161003e-01 9.127058e-01 9.065549e-01 8.963464e-01 8.915629e-01 8.886130e-01 8.833092e-01 8.782146e-01 8.759906e-01 8.740321e-01 8.739284e-01 8.728654e-01 8.684894e-01 8.678923e-01 8.699234e-01 8.736050e-01 8.741322e-01 8.767192e-01 8.819293e-01 8.860973e-01 8.911231e-01 8.930078e-01 8.916826e-01 8.870567e-01 8.896915e-01 8.993234e-01 9.097890e-01 9.224009e-01 9.330707e-01 9.318918e-01 9.265846e-01 9.433706e-01 9.493952e-01 9.376877e-01 9.400479e-01 9.720126e-01 9.470651e-01 9.688467e-01
1.009351e+00 1.022878e+00 1.025388e+00 1.024121e+00 1.025392e+00 1.017281e+00 1.009577e+00 1.005868e+00 1.008550e+00 1.008766e+00 1.003515e+00 9.894073e-01 9.890895e-01 9.835401e-01 9.686603e-01 9.569458e-01 9.538811e-01 9.457459e-01 9.396498e-01 9.377083e-01 9.293418e-01 9.262671e-01 9.279137e-01 9.336259e-01 9.424822e-01 9.567341e-01 9.642945e-01 9.631228e-01 9.599774e-01 9.619377e-01 9.689234e-01 9.727550e-01 9.742943e-01 9.739428e-01 9.715735e-01 9.712799e-01 9.769796e-01 9.861443e-01 9.892282e-01 9.874489e-01 9.817496e-01 9.768847e-01 9.748557e-01 9.782094e-01 9.800114e-01 9.794493e-01 9.773581e-01 9.776359e-01 9.759738e-01 9.735848e-01 9.752320e-01 9.729903e-01 9.638441e-01 9.577372e-01 9.591632e-01 9.624062e-01 9.690331e-01 9.743133e-01 9.739888e-01 9.685360e-01 9.704853e-01 9.768040e-01 9.769384e-01 9.768811e-01 9.831991e-01 9.885799e-01 9.864705e-01 9.814264e-01 9.812076e-01 9.778420e-01 9.782945e-01 9.795261e-01 9.748197e-01 9.685885e-01 9.718379e-01 9.749802e-01 9.800494e-01 9.793656e-01 9.801636e-01 9.798075e-01 9.786550e-01 9.823795e-01 9.785888e-01 9.790284e-01 9.798471e-01 9.814523e-01 9.801525e-01 9.820003e-01 9.857467e-01 9.915085e-01 9.956755e-01 9.992258e-01 1.004492e+00 1.010513e+00 1.011442e+00 1.010810e+00 1.006323e+00 1.001725e+00 1.002902e+00 1.004879e+00 1.002129e+00 1.005889e+00 1.015258e+00 1.017792e+00 1.017344e+00 1.015392e+00 1.007607e+00 1.000330e+00 9.968141e-01 9.953020e-01 9.935942e-01 9.933383e-01 1.003317e+00 1.004035e+00 1.009237e+00 9.990883e-01 9.897900e-01 9.845394e-01 9.870558e-01 9.841924e-01 9.905683e-01 9.910898e-01 9.908959e-01 9.867212e-01 9.856821e-01 9.786164e-01 9.701974e-01 9.612843e-01 9.573151e-01 9.642951e-01 9.610016e-01 9.587778e-01 9.600276e-01 9.487473e-01 9.454815e-01 9.422808e-01 9.411525e-01 9.358799e-01 9.297687e-01 9.314460e-01 9.341033e-01 9.339308e-01 9.322708e-01 9.291630e-01 9.260257e-01 9.186665e-01 9.175721e-01 9.196038e-01 9.241831e-01 9.332868e-01 9.317520e-01 9.250841e-01 9.191842e-01 9.210711e-01 9.221723e-01 9.195136e-01 9.227054e-01 9.256114e-01 9.295984e-01 9.288154e-01 9.237720e-01 9.208337e-01 9.180982e-01 9.131668e-01 9.095131e-01 9.110466e-01 9.081079e-01 9.107950e-01 9.232291e-01 9.371381e-01 9.312404e-01 9.231771e-01 9.252549e-01 9.365964e-01 9.486008e-01 9.593760e-01 9.606636e-01 9.646950e-01 9.773577e-01 9.859081e-01 9.969686e-01 1.002916e+00 1.012028e+00 1.019706e+00 1.023352e+00 1.027748e+00 1.033812e+00 1.032376e+00 1.025861e+00 1.026346e+00 1.037296e+00 1.038877e+00 1.035407e+00 1.033913e+00 1.029540e+00 1.026501e+00 1.026214e+00 1.023705e+00 1.018421e+00 1.009485e+00 1.001278e+00 1.000901e+00 1.006332e+00 1.003340e+00 9.823930e-01 9.670009e-01 9.522915e-01 9.423661e-01 9.413520e-01 9.469147e-01 9.475393e-01 9.470836e-01 9.485012e-01 9.439533e-01 9.342529e-01 9.254867e-01 9.242790e-01 9.246863e-01 9.274145e-01 9.253941e-01 9.115843e-01 8.973908e-01 8.885099e-01 8.844711e-01 8.801478e-01 8.794711e-01 8.816888e-01 8.861667e-01 8.817447e-01 8.779235e-01 8.727736e-01 8.689327e-01 8.698590e-01 8.746273e-01 8.773820e-01 8.813139e-01 8.874123e-01 8.951005e-01 8.985798e-01 9.007819e-01 8.975223e-01 8.855659e-01 8.877204e-01 8.963538e-01 9.051045e-01 9.240411e-01 9.326046e-01 9.303796e-01 9.284648e-01 9.405575e-01 9.513364e-01 9.347056e-01 9.396961e-01 9.708133e-01 9.419583e-01 9.711066e-01
1.010240e+00 1.024036e+00 1.021374e+00 1.025112e+00 1.025944e+00 1.017232e+00 1.006689e+00 1.007302e+00 1.010187e+00 1.011328e+00 1.008565e+00 9.972875e-01 9.964575e-01 9.875907e-01 9.680990e-01 9.580446e-01 9.553270e-01 9.474323e-01 9.408979e-01 9.363522e-01 9.380202e-01 9.340940e-01 9.294685e-01 9.307665e-01 9.383434e-01 9.546037e-01 9.628520e-01 9.621459e-01 9.614649e-01 9.643647e-01 9.696394e-01 9.774510e-01 9.747813e-01 9.703122e-01 9.702204e-01 9.724740e-01 9.804413e-01 9.855980e-01 9.861358e-01 9.854109e-01 9.796181e-01 9.717563e-01 9.725260e-01 9.765785e-01 9.755554e-01 9.760038e-01 9.802756e-01 9.786728e-01 9.728799e-01 9.694444e-01 9.694182e-01 9.677578e-01 9.631189e-01 9.583862e-01 9.551083e-01 9.628544e-01 9.728209e-01 9.732844e-01 9.697180e-01 9.683436e-01 9.714052e-01 9.759735e-01 9.736844e-01 9.725965e-01 9.815390e-01 9.907076e-01 9.908407e-01 9.836015e-01 9.833052e-01 9.810754e-01 9.812281e-01 9.827795e-01 9.813298e-01 9.739692e-01 9.714852e-01 9.741006e-01 9.812278e-01 9.844832e-01 9.805453e-01 9.780136e-01 9.833009e-01 9.892284e-01 9.853143e-01 9.825677e-01 9.800367e-01 9.844095e-01 9.884438e-01 9.902579e-01 9.944874e-01 9.972621e-01 9.969639e-01 9.988532e-01 9.995211e-01 1.003819e+00 1.011578e+00 1.016701e+00 1.013216e+00 1.005829e+00 1.002133e+00 1.002369e+00 1.001611e+00 1.005180e+00 1.013505e+00 1.020331e+00 1.019798e+00 1.015673e+00 1.006016e+00 9.926183e-01 9.950019e-01 9.995938e-01 1.000228e+00 9.993098e-01 1.005033e+00 1.000159e+00 1.001037e+00 9.979687e-01 9.884958e-01 9.804950e-01 9.849883e-01 9.882271e-01 9.922266e-01 9.904349e-01 9.897252e-01 9.891835e-01 9.813585e-01 9.742204e-01 9.674513e-01 9.574415e-01 9.578502e-01 9.619600e-01 9.619334e-01 9.600090e-01 9.615269e-01 9.523899e-01 9.504771e-01 9.441445e-01 9.421594e-01 9.440061e-01 9.384694e-01 9.347366e-01 9.372491e-01 9.387324e-01 9.397840e-01 9.347467e-01 9.273336e-01 9.213144e-01 9.167635e-01 9.175323e-01 9.255945e-01 9.331006e-01 9.341871e-01 9.292218e-01 9.242433e-01 9.242744e-01 9.207181e-01 9.153185e-01 9.199336e-01 9.235580e-01 9.264167e-01 9.258705e-01 9.195365e-01 9.175661e-01 9.137673e-01 9.066817e-01 9.081224e-01 9.116143e-01 9.121846e-01 9.178159e-01 9.291709e-01 9.360122e-01 9.340466e-01 9.306026e-01 9.347749e-01 9.461090e-01 9.574515e-01 9.701565e-01 9.751738e-01 9.817960e-01 9.884096e-01 9.944304e-01 1.003662e+00 1.010069e+00 1.017803e+00 1.022907e+00 1.031146e+00 1.036735e+00 1.038861e+00 1.037802e+00 1.037400e+00 1.038596e+00 1.045634e+00 1.041859e+00 1.035956e+00 1.031781e+00 1.028817e+00 1.028493e+00 1.030151e+00 1.029224e+00 1.025218e+00 1.011263e+00 1.000433e+00 1.007879e+00 1.012051e+00 1.003466e+00 9.872559e-01 9.702593e-01 9.544708e-01 9.466993e-01 9.449095e-01 9.479713e-01 9.470751e-01 9.499023e-01 9.569725e-01 9.543146e-01 9.430616e-01 9.287037e-01 9.241154e-01 9.280469e-01 9.328088e-01 9.268889e-01 9.146231e-01 9.000614e-01 8.901040e-01 8.852127e-01 8.816168e-01 8.805309e-01 8.841014e-01 8.854621e-01 8.786517e-01 8.742708e-01 8.722674e-01 8.720655e-01 8.726490e-01 8.765332e-01 8.856356e-01 8.854308e-01 8.914238e-01 9.017908e-01 9.040274e-01 9.049580e-01 9.032537e-01 8.918351e-01 8.946307e-01 9.064738e-01 9.121938e-01 9.177834e-01 9.260914e-01 9.311194e-01 9.304227e-01 9.405898e-01 9.496500e-01 9.297818e-01 9.332454e-01 9.687666e-01 9.349105e-01 9.685805e-01
1.013390e+00 1.028053e+00 1.020382e+00 1.026082e+00 1.024561e+00 1.018060e+00 1.010149e+00 1.007355e+00 1.011004e+00 1.012729e+00 1.013319e+00 1.003839e+00 9.976730e-01 9.919190e-01 9.747933e-01 9.603260e-01 9.498350e-01 9.433318e-01 9.375579e-01 9.394476e-01 9.469630e-01 9.451138e-01 9.353775e-01 9.320806e-01 9.394971e-01 9.523373e-01 9.576078e-01 9.590800e-01 9.612411e-01 9.656694e-01 9.747438e-01 9.771806e-01 9.694431e-01 9.706849e-01 9.767036e-01 9.789757e-01 9.800895e-01 9.831061e-01 9.817973e-01 9.801850e-01 9.782323e-01 9.749973e-01 9.734735e-01 9.719959e-01 9.720616e-01 9.727555e-01 9.779799e-01 9.797483e-01 9.763733e-01 9.696617e-01 9.670174e-01 9.633662e-01 9.637021e-01 9.622774e-01 9.566105e-01 9.610428e-01 9.699279e-01 9.708210e-01 9.719450e-01 9.743289e-01 9.786315e-01 9.803346e-01 9.795890e-01 9.757204e-01 9.830794e-01 9.882647e-01 9.898418e-01 9.837805e-01 9.831176e-01 9.808308e-01 9.800060e-01 9.800911e-01 9.797925e-01 9.711254e-01 9.680009e-01 9.722463e-01 9.761232e-01 9.821053e-01 9.866352e-01 9.831772e-01 9.826425e-01 9.877935e-01 9.851736e-01 9.829625e-01 9.815115e-01 9.891907e-01 9.943421e-01 9.930703e-01 9.983934e-01 1.000473e+00 9.957781e-01 9.984624e-01 1.002664e+00 1.003445e+00 1.009274e+00 1.018281e+00 1.017412e+00 1.008028e+00 1.000425e+00 9.989881e-01 1.002424e+00 1.006039e+00 1.012193e+00 1.016754e+00 1.016644e+00 1.013341e+00 1.002570e+00 9.891798e-01 9.938147e-01 1.003459e+00 1.005424e+00 1.008433e+00 1.004685e+00 9.964275e-01 9.943825e-01 9.968675e-01 9.906228e-01 9.828219e-01 9.879185e-01 9.945121e-01 9.904624e-01 9.836920e-01 9.845906e-01 9.868029e-01 9.797018e-01 9.784837e-01 9.704338e-01 9.626282e-01 9.595584e-01 9.575095e-01 9.564683e-01 9.580618e-01 9.648274e-01 9.559795e-01 9.521337e-01 9.516748e-01 9.536451e-01 9.555790e-01 9.481485e-01 9.440455e-01 9.465182e-01 9.430733e-01 9.394051e-01 9.336482e-01 9.333097e-01 9.261582e-01 9.200764e-01 9.201256e-01 9.287794e-01 9.338812e-01 9.345837e-01 9.296090e-01 9.261482e-01 9.260599e-01 9.216582e-01 9.135355e-01 9.144041e-01 9.182020e-01 9.203811e-01 9.205412e-01 9.168746e-01 9.145170e-01 9.122355e-01 9.106840e-01 9.148129e-01 9.175241e-01 9.221033e-01 9.289425e-01 9.336926e-01 9.345054e-01 9.366259e-01 9.384612e-01 9.455912e-01 9.541919e-01 9.622682e-01 9.728370e-01 9.837892e-01 9.931841e-01 9.953606e-01 1.001058e+00 1.008317e+00 1.017264e+00 1.022284e+00 1.026961e+00 1.033425e+00 1.036188e+00 1.039011e+00 1.040570e+00 1.041318e+00 1.044083e+00 1.045745e+00 1.043970e+00 1.035436e+00 1.028567e+00 1.024712e+00 1.025961e+00 1.028083e+00 1.029327e+00 1.028194e+00 1.022196e+00 1.017727e+00 1.020252e+00 1.018264e+00 1.008529e+00 9.971206e-01 9.862133e-01 9.647924e-01 9.561600e-01 9.544121e-01 9.517926e-01 9.540258e-01 9.546725e-01 9.587033e-01 9.601628e-01 9.496405e-01 9.401460e-01 9.338797e-01 9.315789e-01 9.281940e-01 9.213235e-01 9.094801e-01 9.006216e-01 8.932322e-01 8.885842e-01 8.846104e-01 8.868281e-01 8.874252e-01 8.831497e-01 8.739539e-01 8.704338e-01 8.714553e-01 8.755013e-01 8.737763e-01 8.782982e-01 8.883223e-01 8.924875e-01 8.986099e-01 9.003676e-01 8.970985e-01 8.995323e-01 9.021965e-01 9.027023e-01 9.094138e-01 9.189472e-01 9.194171e-01 9.169448e-01 9.223676e-01 9.249130e-01 9.309291e-01 9.438399e-01 9.449226e-01 9.288017e-01 9.255937e-01 9.633064e-01 9.338183e-01 9.646943e-01
1.018708e+00 1.028208e+00 1.023350e+00 1.021826e+00 1.023521e+00 1.019195e+00 1.014152e+00 1.008294e+00 1.013368e+00 1.014991e+00 1.014842e+00 1.007168e+00 9.980773e-01 9.967147e-01 9.832113e-01 9.604545e-01 9.452227e-01 9.392466e-01 9.341490e-01 9.375008e-01 9.463292e-01 9.479094e-01 9.411328e-01 9.368781e-01 9.410976e-01 9.480515e-01 9.548784e-01 9.604650e-01 9.662372e-01 9.711308e-01 9.767504e-01 9.783676e-01 9.707063e-01 9.735461e-01 9.806695e-01 9.793357e-01 9.793850e-01 9.797365e-01 9.768091e-01 9.751813e-01 9.740293e-01 9.733292e-01 9.652734e-01 9.639224e-01 9.672605e-01 9.727289e-01 9.765881e-01 9.818239e-01 9.815032e-01 9.739867e-01 9.699529e-01 9.674990e-01 9.699841e-01 9.702861e-01 9.649090e-01 9.608211e-01 9.651833e-01 9.700937e-01 9.717394e-01 9.738105e-01 9.753455e-01 9.817110e-01 9.869360e-01 9.873536e-01 9.880379e-01 9.831558e-01 9.869103e-01 9.856265e-01 9.827042e-01 9.761787e-01 9.753318e-01 9.777234e-01 9.752762e-01 9.708771e-01 9.706770e-01 9.729055e-01 9.742920e-01 9.819934e-01 9.906777e-01 9.863853e-01 9.812509e-01 9.876829e-01 9.860865e-01 9.833524e-01 9.860031e-01 9.949346e-01 9.956725e-01 9.938453e-01 9.964377e-01 9.961795e-01 9.919947e-01 1.000875e+00 1.012356e+00 1.009507e+00 1.007101e+00 1.012544e+00 1.015939e+00 1.012301e+00 1.006516e+00 1.005404e+00 1.007671e+00 1.005424e+00 1.004498e+00 1.006555e+00 1.005591e+00 1.001727e+00 9.961349e-01 9.926267e-01 9.953443e-01 1.003931e+00 1.003139e+00 1.009741e+00 1.006804e+00 1.000298e+00 9.973141e-01 1.000890e+00 9.980331e-01 9.909730e-01 9.931405e-01 9.984031e-01 9.926941e-01 9.836600e-01 9.827743e-01 9.858342e-01 9.792113e-01 9.781224e-01 9.739956e-01 9.634948e-01 9.589015e-01 9.575760e-01 9.600493e-01 9.664730e-01 9.707827e-01 9.620894e-01 9.631042e-01 9.661406e-01 9.673178e-01 9.629089e-01 9.553196e-01 9.558521e-01 9.515617e-01 9.454347e-01 9.388720e-01 9.375666e-01 9.384937e-01 9.330289e-01 9.218432e-01 9.238598e-01 9.304598e-01 9.341272e-01 9.367296e-01 9.309118e-01 9.297345e-01 9.264055e-01 9.191326e-01 9.136230e-01 9.119372e-01 9.140606e-01 9.197811e-01 9.203480e-01 9.208914e-01 9.158071e-01 9.159102e-01 9.196530e-01 9.224787e-01 9.232064e-01 9.285991e-01 9.334613e-01 9.359267e-01 9.350313e-01 9.374859e-01 9.414389e-01 9.505743e-01 9.586281e-01 9.633186e-01 9.769040e-01 9.913731e-01 1.000077e+00 1.002874e+00 1.007246e+00 1.014474e+00 1.023315e+00 1.026917e+00 1.029947e+00 1.034428e+00 1.035912e+00 1.039113e+00 1.041131e+00 1.041550e+00 1.041092e+00 1.041802e+00 1.041713e+00 1.031580e+00 1.027207e+00 1.029916e+00 1.030344e+00 1.029495e+00 1.032804e+00 1.032836e+00 1.028068e+00 1.021787e+00 1.023391e+00 1.017696e+00 1.007206e+00 9.996241e-01 9.879369e-01 9.749792e-01 9.647797e-01 9.586176e-01 9.552631e-01 9.582750e-01 9.611346e-01 9.560876e-01 9.508776e-01 9.439865e-01 9.414857e-01 9.389910e-01 9.294215e-01 9.222268e-01 9.159633e-01 9.106516e-01 9.057857e-01 8.993014e-01 8.951309e-01 8.899647e-01 8.897752e-01 8.908260e-01 8.869606e-01 8.785780e-01 8.740847e-01 8.727149e-01 8.752242e-01 8.698514e-01 8.718045e-01 8.854179e-01 8.960677e-01 9.013394e-01 8.950183e-01 8.933105e-01 8.913723e-01 8.971699e-01 9.070110e-01 9.160575e-01 9.223848e-01 9.228108e-01 9.252625e-01 9.277013e-01 9.196162e-01 9.279469e-01 9.452887e-01 9.417937e-01 9.302595e-01 9.236293e-01 9.604985e-01 9.381871e-01 9.666651e-01
1.020694e+00 1.023984e+00 1.020463e+00 1.018513e+00 1.027022e+00 1.024385e+00 1.025616e+00 1.016172e+00 1.016569e+00 1.017540e+00 1.017507e+00 1.012442e+00 1.002151e+00 1.000620e+00 9.911502e-01 9.687396e-01 9.502035e-01 9.393755e-01 9.355820e-01 9.373388e-01 9.440970e-01 9.414385e-01 9.428452e-01 9.437779e-01 9.471231e-01 9.515088e-01 9.550560e-01 9.601994e-01 9.679257e-01 9.730570e-01 9.759249e-01 9.747200e-01 9.737690e-01 9.760533e-01 9.789137e-01 9.750789e-01 9.774375e-01 9.819751e-01 9.781963e-01 9.736801e-01 9.730641e-01 9.674608e-01 9.588695e-01 9.632137e-01 9.712986e-01 9.769784e-01 9.776447e-01 9.789336e-01 9.789495e-01 9.744182e-01 9.758323e-01 9.766163e-01 9.770471e-01 9.733437e-01 9.650484e-01 9.613476e-01 9.613672e-01 9.631155e-01 9.704632e-01 9.742994e-01 9.731776e-01 9.791452e-01 9.902930e-01 9.943085e-01 9.857201e-01 9.825864e-01 9.837137e-01 9.836298e-01 9.786669e-01 9.740399e-01 9.754991e-01 9.791217e-01 9.789573e-01 9.745785e-01 9.764311e-01 9.759331e-01 9.773331e-01 9.825475e-01 9.834071e-01 9.797187e-01 9.840333e-01 9.900612e-01 9.853178e-01 9.872030e-01 9.936490e-01 9.968494e-01 9.943370e-01 9.951364e-01 9.982340e-01 9.954530e-01 9.887259e-01 9.991531e-01 1.007497e+00 1.004365e+00 1.006976e+00 1.011380e+00 1.013662e+00 1.018987e+00 1.017179e+00 1.015505e+00 1.011121e+00 1.002859e+00 9.990318e-01 1.004210e+00 9.995833e-01 9.967207e-01 9.952776e-01 9.965169e-01 9.938487e-01 9.975727e-01 1.001410e+00 1.005167e+00 1.004752e+00 9.967712e-01 9.959139e-01 1.002434e+00 1.003887e+00 9.998448e-01 9.953733e-01 9.992547e-01 9.913615e-01 9.814842e-01 9.828388e-01 9.924834e-01 9.900408e-01 9.812205e-01 9.787784e-01 9.694636e-01 9.639650e-01 9.639048e-01 9.640312e-01 9.710117e-01 9.749796e-01 9.744337e-01 9.779088e-01 9.796128e-01 9.740020e-01 9.655585e-01 9.633961e-01 9.648166e-01 9.599857e-01 9.472600e-01 9.433092e-01 9.428454e-01 9.397686e-01 9.353712e-01 9.307592e-01 9.365239e-01 9.337857e-01 9.370099e-01 9.374450e-01 9.346105e-01 9.351535e-01 9.300920e-01 9.230980e-01 9.209504e-01 9.195788e-01 9.204671e-01 9.228299e-01 9.224538e-01 9.229489e-01 9.194744e-01 9.192027e-01 9.244264e-01 9.294113e-01 9.304523e-01 9.308311e-01 9.388123e-01 9.487529e-01 9.478297e-01 9.475192e-01 9.490405e-01 9.565815e-01 9.630964e-01 9.779011e-01 9.906890e-01 9.988601e-01 1.001965e+00 1.005832e+00 1.016238e+00 1.022738e+00 1.031009e+00 1.035687e+00 1.035789e+00 1.037953e+00 1.040265e+00 1.041733e+00 1.039751e+00 1.039746e+00 1.040736e+00 1.040937e+00 1.039225e+00 1.037732e+00 1.035481e+00 1.038927e+00 1.036130e+00 1.033309e+00 1.033150e+00 1.030715e+00 1.020322e+00 1.016708e+00 1.016368e+00 1.013131e+00 1.005026e+00 9.986844e-01 9.923011e-01 9.887234e-01 9.749234e-01 9.686482e-01 9.639002e-01 9.631505e-01 9.662480e-01 9.591792e-01 9.493747e-01 9.405526e-01 9.328653e-01 9.328906e-01 9.251958e-01 9.242229e-01 9.189014e-01 9.120378e-01 9.066499e-01 8.988163e-01 8.943252e-01 8.923009e-01 8.937548e-01 8.919191e-01 8.899922e-01 8.840871e-01 8.753122e-01 8.708603e-01 8.725345e-01 8.720680e-01 8.781437e-01 8.898445e-01 8.959243e-01 9.008156e-01 8.951893e-01 8.953334e-01 8.952177e-01 9.018078e-01 9.053198e-01 9.096605e-01 9.229082e-01 9.278231e-01 9.372467e-01 9.396989e-01 9.205645e-01 9.222318e-01 9.444346e-01 9.437202e-01 9.315172e-01 9.264449e-01 9.603025e-01 9.417674e-01 9.681292e-01
1.019925e+00 1.019046e+00 1.014911e+00 1.010140e+00 1.020711e+00 1.024007e+00 1.027474e+00 1.019798e+00 1.014924e+00 1.018864e+00 1.019799e+00 1.014725e+00 1.004172e+00 1.001274e+00 9.903584e-01 9.691752e-01 9.533061e-01 9.462674e-01 9.411706e-01 9.448125e-01 9.430550e-01 9.354572e-01 9.377697e-01 9.475505e-01 9.501290e-01 9.487951e-01 9.502522e-01 9.583299e-01 9.672608e-01 9.706235e-01 9.705722e-01 9.654866e-01 9.693892e-01 9.756686e-01 9.752642e-01 9.757087e-01 9.841176e-01 9.866282e-01 9.809180e-01 9.783670e-01 9.762132e-01 9.702310e-01 9.638312e-01 9.686342e-01 9.742053e-01 9.747285e-01 9.763920e-01 9.785280e-01 9.738541e-01 9.710938e-01 9.749360e-01 9.749917e-01 9.763659e-01 9.692020e-01 9.649438e-01 9.627261e-01 9.606148e-01 9.609037e-01 9.703362e-01 9.771220e-01 9.736392e-01 9.751946e-01 9.812538e-01 9.815783e-01 9.777069e-01 9.788706e-01 9.781967e-01 9.760750e-01 9.739900e-01 9.728397e-01 9.734924e-01 9.708158e-01 9.744845e-01 9.785960e-01 9.814218e-01 9.818490e-01 9.808536e-01 9.784286e-01 9.735346e-01 9.745640e-01 9.818708e-01 9.882525e-01 9.881236e-01 9.940839e-01 1.002170e+00 9.981341e-01 9.941388e-01 9.928408e-01 9.983410e-01 9.961213e-01 9.934742e-01 9.994961e-01 1.005453e+00 1.004738e+00 1.007311e+00 1.010247e+00 1.017287e+00 1.019269e+00 1.017544e+00 1.011779e+00 1.001136e+00 9.940109e-01 9.971703e-01 1.005203e+00 9.996132e-01 9.946380e-01 9.967676e-01 9.943932e-01 9.919632e-01 9.972180e-01 1.001673e+00 9.992622e-01 9.976914e-01 9.964993e-01 9.995664e-01 1.002444e+00 1.005478e+00 1.007941e+00 1.004099e+00 9.980717e-01 9.869106e-01 9.789795e-01 9.863405e-01 9.956159e-01 9.956566e-01 9.876273e-01 9.829476e-01 9.795030e-01 9.699814e-01 9.650875e-01 9.606918e-01 9.715181e-01 9.822856e-01 9.840695e-01 9.858685e-01 9.864030e-01 9.793200e-01 9.692782e-01 9.678103e-01 9.687607e-01 9.651006e-01 9.517879e-01 9.472170e-01 9.463662e-01 9.445860e-01 9.419963e-01 9.467841e-01 9.515787e-01 9.469029e-01 9.388270e-01 9.384551e-01 9.416628e-01 9.431362e-01 9.376774e-01 9.336321e-01 9.305026e-01 9.263213e-01 9.258368e-01 9.255507e-01 9.305237e-01 9.301258e-01 9.250913e-01 9.216288e-01 9.287632e-01 9.359107e-01 9.366897e-01 9.394748e-01 9.446419e-01 9.546757e-01 9.550666e-01 9.565074e-01 9.563842e-01 9.595963e-01 9.745545e-01 9.909499e-01 1.003719e+00 1.003719e+00 1.008116e+00 1.017606e+00 1.028226e+00 1.033223e+00 1.035788e+00 1.036654e+00 1.039225e+00 1.039352e+00 1.039078e+00 1.038689e+00 1.039616e+00 1.040350e+00 1.041911e+00 1.041990e+00 1.040888e+00 1.041070e+00 1.039168e+00 1.044230e+00 1.044788e+00 1.040552e+00 1.035571e+00 1.031585e+00 1.020015e+00 1.013955e+00 1.018119e+00 1.017256e+00 1.012371e+00 1.007861e+00 1.009269e+00 1.000690e+00 9.890599e-01 9.841648e-01 9.698110e-01 9.648705e-01 9.693943e-01 9.638434e-01 9.552968e-01 9.434046e-01 9.298523e-01 9.274879e-01 9.283503e-01 9.307680e-01 9.267998e-01 9.186403e-01 9.113490e-01 9.020683e-01 8.910655e-01 8.911775e-01 8.907939e-01 8.862426e-01 8.856142e-01 8.794426e-01 8.720632e-01 8.694440e-01 8.712253e-01 8.764685e-01 8.879661e-01 8.983360e-01 9.016320e-01 9.042934e-01 9.048313e-01 9.046945e-01 9.059824e-01 9.090059e-01 9.063338e-01 9.094028e-01 9.229887e-01 9.258420e-01 9.363810e-01 9.442040e-01 9.271788e-01 9.232391e-01 9.453879e-01 9.458509e-01 9.303853e-01 9.263167e-01 9.561724e-01 9.439358e-01 9.698186e-01
1.014018e+00 1.016588e+00 1.011385e+00 1.010226e+00 1.020106e+00 1.023226e+00 1.020311e+00 1.020975e+00 1.019218e+00 1.023660e+00 1.020778e+00 1.014816e+00 1.004234e+00 1.002977e+00 9.886671e-01 9.735566e-01 9.633439e-01 9.580504e-01 9.504814e-01 9.489548e-01 9.414993e-01 9.302827e-01 9.342734e-01 9.464667e-01 9.491532e-01 9.495889e-01 9.568555e-01 9.619784e-01 9.643879e-01 9.625410e-01 9.592648e-01 9.628195e-01 9.704930e-01 9.728199e-01 9.736152e-01 9.790872e-01 9.886282e-01 9.911525e-01 9.798099e-01 9.770050e-01 9.760060e-01 9.691299e-01 9.649779e-01 9.730279e-01 9.736955e-01 9.678363e-01 9.764467e-01 9.796886e-01 9.742466e-01 9.683039e-01 9.667841e-01 9.651182e-01 9.675704e-01 9.660786e-01 9.651033e-01 9.656940e-01 9.626848e-01 9.613840e-01 9.689521e-01 9.713302e-01 9.714714e-01 9.715140e-01 9.717368e-01 9.706138e-01 9.684330e-01 9.710288e-01 9.684351e-01 9.627781e-01 9.699970e-01 9.756090e-01 9.731468e-01 9.653253e-01 9.711862e-01 9.791892e-01 9.834667e-01 9.826186e-01 9.804611e-01 9.755517e-01 9.754848e-01 9.753542e-01 9.816481e-01 9.909033e-01 9.893580e-01 9.922036e-01 9.976323e-01 9.964322e-01 9.925725e-01 9.960299e-01 9.976851e-01 9.982321e-01 1.001186e+00 1.006842e+00 1.009042e+00 1.006580e+00 1.007925e+00 1.009675e+00 1.015926e+00 1.012663e+00 1.008431e+00 1.003122e+00 9.940517e-01 9.933966e-01 1.001666e+00 1.009643e+00 9.972116e-01 9.921190e-01 9.956191e-01 9.976662e-01 9.975604e-01 1.001632e+00 1.003649e+00 1.002033e+00 1.000641e+00 1.001516e+00 1.000253e+00 9.979581e-01 1.002942e+00 1.007981e+00 1.009223e+00 9.976180e-01 9.867645e-01 9.795220e-01 9.862806e-01 9.938369e-01 9.950708e-01 9.932254e-01 9.919847e-01 9.888324e-01 9.754878e-01 9.651263e-01 9.637827e-01 9.708546e-01 9.839364e-01 9.893312e-01 9.904521e-01 9.885736e-01 9.854816e-01 9.798113e-01 9.766232e-01 9.742121e-01 9.671080e-01 9.609184e-01 9.561836e-01 9.525851e-01 9.529447e-01 9.527280e-01 9.573597e-01 9.624434e-01 9.554046e-01 9.419566e-01 9.408867e-01 9.503350e-01 9.454609e-01 9.382358e-01 9.371205e-01 9.330592e-01 9.295462e-01 9.304321e-01 9.323912e-01 9.409015e-01 9.393280e-01 9.324470e-01 9.321346e-01 9.401817e-01 9.508069e-01 9.462899e-01 9.443708e-01 9.454778e-01 9.536877e-01 9.544362e-01 9.579532e-01 9.663284e-01 9.732506e-01 9.858961e-01 9.941993e-01 9.990239e-01 1.008984e+00 1.018101e+00 1.026412e+00 1.032788e+00 1.033872e+00 1.035845e+00 1.034879e+00 1.035524e+00 1.039626e+00 1.038983e+00 1.036510e+00 1.038467e+00 1.039892e+00 1.039970e+00 1.040833e+00 1.039282e+00 1.037274e+00 1.036001e+00 1.040843e+00 1.043275e+00 1.043917e+00 1.042479e+00 1.035284e+00 1.026178e+00 1.017117e+00 1.023080e+00 1.027834e+00 1.022126e+00 1.020020e+00 1.021901e+00 1.011483e+00 1.000538e+00 9.913895e-01 9.772651e-01 9.713115e-01 9.725732e-01 9.649304e-01 9.562917e-01 9.436246e-01 9.336930e-01 9.322097e-01 9.339296e-01 9.382057e-01 9.385318e-01 9.361627e-01 9.211702e-01 9.087039e-01 9.007308e-01 9.013161e-01 8.989382e-01 8.937503e-01 8.896117e-01 8.828531e-01 8.760284e-01 8.762004e-01 8.810949e-01 8.884693e-01 9.027134e-01 9.084518e-01 9.103758e-01 9.107779e-01 9.159985e-01 9.185279e-01 9.210214e-01 9.204220e-01 9.130533e-01 9.157153e-01 9.235070e-01 9.253803e-01 9.313809e-01 9.431154e-01 9.309639e-01 9.226742e-01 9.405797e-01 9.420046e-01 9.317777e-01 9.242802e-01 9.542926e-01 9.469128e-01 9.731308e-01
1.011623e+00 1.014912e+00 1.012858e+00 1.016452e+00 1.024788e+00 1.021632e+00 1.017391e+00 1.023888e+00 1.030512e+00 1.035860e+00 1.028532e+00 1.017270e+00 1.010651e+00 1.004071e+00 9.884788e-01 9.749350e-01 9.675177e-01 9.593843e-01 9.503139e-01 9.456756e-01 9.414105e-01 9.348055e-01 9.335622e-01 9.415855e-01 9.436815e-01 9.429711e-01 9.538559e-01 9.587631e-01 9.566206e-01 9.514126e-01 9.561509e-01 9.659839e-01 9.714399e-01 9.731283e-01 9.745384e-01 9.850345e-01 9.903029e-01 9.883912e-01 9.789971e-01 9.737224e-01 9.720117e-01 9.648594e-01 9.631515e-01 9.695275e-01 9.729093e-01 9.698099e-01 9.753498e-01 9.793931e-01 9.738958e-01 9.672859e-01 9.640435e-01 9.624956e-01 9.679198e-01 9.700901e-01 9.694732e-01 9.699495e-01 9.654164e-01 9.617069e-01 9.643370e-01 9.648492e-01 9.698223e-01 9.709248e-01 9.672938e-01 9.643577e-01 9.662991e-01 9.709827e-01 9.649968e-01 9.595647e-01 9.684718e-01 9.771259e-01 9.778103e-01 9.733529e-01 9.690936e-01 9.742340e-01 9.794111e-01 9.767659e-01 9.740158e-01 9.764993e-01 9.780849e-01 9.760215e-01 9.828637e-01 9.926208e-01 9.907288e-01 9.870667e-01 9.857357e-01 9.856969e-01 9.888676e-01 9.964993e-01 9.969789e-01 1.000829e+00 1.004259e+00 1.007519e+00 1.008160e+00 1.008593e+00 1.008385e+00 1.009317e+00 1.010385e+00 1.008776e+00 1.003901e+00 1.000606e+00 9.928499e-01 9.915228e-01 1.003486e+00 1.008927e+00 1.001519e+00 9.972045e-01 9.988098e-01 9.998367e-01 1.001415e+00 1.005596e+00 1.007461e+00 1.005426e+00 1.004144e+00 1.004158e+00 9.978467e-01 9.980944e-01 1.000053e+00 9.977134e-01 1.001143e+00 9.958686e-01 9.894410e-01 9.866065e-01 9.934085e-01 9.994389e-01 9.949847e-01 9.907186e-01 9.898372e-01 9.819775e-01 9.746295e-01 9.725940e-01 9.743324e-01 9.743748e-01 9.834502e-01 9.916537e-01 9.884073e-01 9.871866e-01 9.888502e-01 9.867284e-01 9.809319e-01 9.764357e-01 9.696854e-01 9.663718e-01 9.658173e-01 9.625091e-01 9.671172e-01 9.659658e-01 9.597422e-01 9.579145e-01 9.453584e-01 9.364017e-01 9.386333e-01 9.471911e-01 9.420854e-01 9.367238e-01 9.366276e-01 9.315113e-01 9.278699e-01 9.315197e-01 9.414269e-01 9.462538e-01 9.416135e-01 9.393770e-01 9.444572e-01 9.521776e-01 9.520847e-01 9.469251e-01 9.457225e-01 9.472929e-01 9.537505e-01 9.579548e-01 9.681414e-01 9.831670e-01 9.924814e-01 9.998328e-01 1.004341e+00 1.006966e+00 1.013480e+00 1.018757e+00 1.025839e+00 1.032651e+00 1.032697e+00 1.033551e+00 1.031453e+00 1.029182e+00 1.031798e+00 1.035939e+00 1.037570e+00 1.038049e+00 1.038646e+00 1.036236e+00 1.037397e+00 1.038013e+00 1.038129e+00 1.038359e+00 1.040105e+00 1.043952e+00 1.043171e+00 1.044259e+00 1.038595e+00 1.025198e+00 1.020893e+00 1.028602e+00 1.027794e+00 1.024559e+00 1.023001e+00 1.022004e+00 1.017208e+00 1.006269e+00 9.922950e-01 9.822841e-01 9.780794e-01 9.732516e-01 9.656146e-01 9.568203e-01 9.460483e-01 9.394041e-01 9.396054e-01 9.397736e-01 9.370354e-01 9.404869e-01 9.393412e-01 9.205484e-01 9.073364e-01 9.057068e-01 9.096833e-01 9.095008e-01 9.050867e-01 8.994718e-01 8.904115e-01 8.850180e-01 8.828875e-01 8.872334e-01 8.927073e-01 9.033100e-01 9.105266e-01 9.119247e-01 9.073454e-01 9.153486e-01 9.231021e-01 9.301227e-01 9.336402e-01 9.209406e-01 9.186025e-01 9.226366e-01 9.208378e-01 9.249040e-01 9.391326e-01 9.276099e-01 9.179685e-01 9.289168e-01 9.349227e-01 9.337254e-01 9.212592e-01 9.589652e-01 9.464520e-01 9.767891e-01
1.016823e+00 1.017699e+00 1.015912e+00 1.021635e+00 1.028491e+00 1.022833e+00 1.019834e+00 1.020184e+00 1.026601e+00 1.036306e+00 1.031996e+00 1.020805e+00 1.014983e+00 1.004392e+00 9.862778e-01 9.695510e-01 9.620026e-01 9.527818e-01 9.426227e-01 9.413240e-01 9.427150e-01 9.373890e-01 9.354069e-01 9.366722e-01 9.418348e-01 9.412288e-01 9.508650e-01 9.581984e-01 9.560115e-01 9.540792e-01 9.615952e-01 9.697283e-01 9.716103e-01 9.767916e-01 9.818479e-01 9.855325e-01 9.855623e-01 9.796399e-01 9.729353e-01 9.751893e-01 9.734501e-01 9.681364e-01 9.666750e-01 9.675025e-01 9.700278e-01 9.747629e-01 9.751576e-01 9.728562e-01 9.713936e-01 9.683068e-01 9.686123e-01 9.697494e-01 9.681855e-01 9.717511e-01 9.735613e-01 9.737359e-01 9.689935e-01 9.592875e-01 9.594151e-01 9.596224e-01 9.623596e-01 9.687883e-01 9.717075e-01 9.686027e-01 9.699284e-01 9.681754e-01 9.618548e-01 9.619948e-01 9.673449e-01 9.706048e-01 9.725984e-01 9.751024e-01 9.708245e-01 9.678335e-01 9.703429e-01 9.696817e-01 9.696761e-01 9.717887e-01 9.801292e-01 9.805183e-01 9.820136e-01 9.880871e-01 9.872944e-01 9.816723e-01 9.775581e-01 9.843087e-01 9.956307e-01 9.999770e-01 9.973425e-01 1.001518e+00 1.005645e+00 1.003488e+00 1.004888e+00 1.007195e+00 1.006514e+00 1.005129e+00 1.007762e+00 1.006792e+00 1.001819e+00 9.992899e-01 9.919513e-01 9.934187e-01 1.003786e+00 1.007398e+00 1.004529e+00 1.004793e+00 1.005256e+00 1.004928e+00 1.005704e+00 1.005688e+00 1.008550e+00 1.007202e+00 1.004634e+00 1.002034e+00 1.000917e+00 1.003135e+00 9.968432e-01 9.933695e-01 9.941880e-01 9.914490e-01 9.918982e-01 9.943403e-01 9.963658e-01 9.990994e-01 9.946821e-01 9.858023e-01 9.826741e-01 9.724518e-01 9.729095e-01 9.786503e-01 9.776959e-01 9.763801e-01 9.810958e-01 9.936787e-01 9.904115e-01 9.913515e-01 9.913185e-01 9.864722e-01 9.794440e-01 9.787329e-01 9.773921e-01 9.760344e-01 9.710224e-01 9.657385e-01 9.699746e-01 9.673424e-01 9.583935e-01 9.504591e-01 9.382238e-01 9.274666e-01 9.310620e-01 9.349182e-01 9.351496e-01 9.415092e-01 9.435550e-01 9.365661e-01 9.337457e-01 9.394137e-01 9.494727e-01 9.489843e-01 9.443083e-01 9.448577e-01 9.511307e-01 9.527446e-01 9.484044e-01 9.466732e-01 9.497728e-01 9.521340e-01 9.559947e-01 9.658157e-01 9.785197e-01 9.956897e-01 1.003345e+00 1.009128e+00 1.013719e+00 1.018056e+00 1.021988e+00 1.024901e+00 1.027157e+00 1.029783e+00 1.029470e+00 1.027574e+00 1.029029e+00 1.025591e+00 1.026852e+00 1.034082e+00 1.038057e+00 1.041360e+00 1.038476e+00 1.037911e+00 1.041153e+00 1.041558e+00 1.039325e+00 1.041112e+00 1.043364e+00 1.042608e+00 1.039760e+00 1.041547e+00 1.041537e+00 1.035188e+00 1.034310e+00 1.035500e+00 1.030734e+00 1.026453e+00 1.025760e+00 1.021454e+00 1.014586e+00 1.008228e+00 9.990523e-01 9.932039e-01 9.890429e-01 9.793682e-01 9.744732e-01 9.653268e-01 9.508156e-01 9.429743e-01 9.450863e-01 9.454534e-01 9.405777e-01 9.347133e-01 9.308937e-01 9.172922e-01 9.076127e-01 9.079206e-01 9.134383e-01 9.078438e-01 9.041898e-01 9.048009e-01 8.968709e-01 8.899568e-01 8.872209e-01 8.914584e-01 8.910543e-01 8.985365e-01 9.150751e-01 9.223652e-01 9.144211e-01 9.182206e-01 9.303612e-01 9.358000e-01 9.373041e-01 9.220566e-01 9.222234e-01 9.192317e-01 9.180421e-01 9.290431e-01 9.375423e-01 9.262271e-01 9.163305e-01 9.246227e-01 9.287540e-01 9.299914e-01 9.202582e-01 9.648089e-01 9.475781e-01 9.792318e-01
1.018145e+00 1.018285e+00 1.021548e+00 1.028876e+00 1.031668e+00 1.026187e+00 1.019259e+00 1.018771e+00 1.022379e+00 1.030883e+00 1.031124e+00 1.022113e+00 1.018000e+00 1.010801e+00 9.874679e-01 9.667506e-01 9.581007e-01 9.511278e-01 9.414285e-01 9.357069e-01 9.382811e-01 9.365625e-01 9.342490e-01 9.385902e-01 9.416081e-01 9.391028e-01 9.455726e-01 9.514741e-01 9.537539e-01 9.563675e-01 9.651785e-01 9.689606e-01 9.676059e-01 9.707469e-01 9.766875e-01 9.750918e-01 9.691787e-01 9.689940e-01 9.709414e-01 9.720865e-01 9.742783e-01 9.704201e-01 9.671618e-01 9.666550e-01 9.658716e-01 9.700317e-01 9.710600e-01 9.696112e-01 9.708127e-01 9.715378e-01 9.752060e-01 9.722400e-01 9.676305e-01 9.707045e-01 9.702570e-01 9.644589e-01 9.602113e-01 9.548607e-01 9.548200e-01 9.558210e-01 9.546385e-01 9.610743e-01 9.679055e-01 9.726178e-01 9.734933e-01 9.712587e-01 9.624666e-01 9.639980e-01 9.648628e-01 9.636482e-01 9.696104e-01 9.772339e-01 9.765619e-01 9.695497e-01 9.683715e-01 9.722054e-01 9.730363e-01 9.804442e-01 9.876238e-01 9.845587e-01 9.835187e-01 9.887967e-01 9.897030e-01 9.849424e-01 9.767712e-01 9.844022e-01 9.952325e-01 9.995371e-01 1.003374e+00 1.007459e+00 1.006466e+00 9.976214e-01 9.925981e-01 9.988918e-01 1.000051e+00 9.976306e-01 1.003619e+00 1.007300e+00 1.001824e+00 9.984517e-01 9.927566e-01 9.933115e-01 9.978533e-01 9.960833e-01 9.992996e-01 1.007274e+00 1.008016e+00 1.008535e+00 1.003539e+00 9.996807e-01 1.002087e+00 1.003216e+00 1.001713e+00 1.000708e+00 1.004982e+00 1.007101e+00 1.001273e+00 9.952022e-01 9.963948e-01 9.934188e-01 9.944906e-01 9.971881e-01 9.962479e-01 9.916078e-01 9.902183e-01 9.844145e-01 9.810404e-01 9.806852e-01 9.823585e-01 9.842075e-01 9.786412e-01 9.756774e-01 9.749733e-01 9.890273e-01 9.910138e-01 9.886408e-01 9.903687e-01 9.868938e-01 9.832183e-01 9.827700e-01 9.881545e-01 9.818282e-01 9.666803e-01 9.676412e-01 9.763293e-01 9.732913e-01 9.578492e-01 9.477165e-01 9.412847e-01 9.360029e-01 9.332697e-01 9.348809e-01 9.359128e-01 9.366080e-01 9.415646e-01 9.415892e-01 9.407203e-01 9.503176e-01 9.559786e-01 9.534183e-01 9.477490e-01 9.479517e-01 9.498719e-01 9.507214e-01 9.532949e-01 9.532573e-01 9.516815e-01 9.541161e-01 9.609408e-01 9.766947e-01 9.891021e-01 9.998822e-01 1.006296e+00 1.013232e+00 1.019143e+00 1.023311e+00 1.023911e+00 1.024073e+00 1.025770e+00 1.025187e+00 1.028159e+00 1.029570e+00 1.029821e+00 1.030121e+00 1.032647e+00 1.037399e+00 1.041371e+00 1.044196e+00 1.042176e+00 1.043726e+00 1.044852e+00 1.043476e+00 1.042018e+00 1.042868e+00 1.044391e+00 1.042345e+00 1.040675e+00 1.038714e+00 1.037964e+00 1.041808e+00 1.041983e+00 1.038818e+00 1.032327e+00 1.026949e+00 1.028134e+00 1.024081e+00 1.016144e+00 1.009429e+00 1.007285e+00 1.003297e+00 9.967281e-01 9.888813e-01 9.838359e-01 9.731866e-01 9.602336e-01 9.519337e-01 9.547613e-01 9.568727e-01 9.561211e-01 9.433466e-01 9.315429e-01 9.221722e-01 9.141652e-01 9.181199e-01 9.196830e-01 9.149798e-01 9.100813e-01 9.070071e-01 9.016868e-01 8.976364e-01 9.010199e-01 8.989742e-01 8.907142e-01 8.980838e-01 9.148660e-01 9.235529e-01 9.203351e-01 9.278675e-01 9.360424e-01 9.392459e-01 9.363483e-01 9.191798e-01 9.229932e-01 9.198023e-01 9.202957e-01 9.367010e-01 9.364955e-01 9.335707e-01 9.214633e-01 9.314826e-01 9.364818e-01 9.294965e-01 9.217347e-01 9.679909e-01 9.542502e-01 9.835601e-01
1.017078e+00 1.016613e+00 1.022605e+00 1.030549e+00 1.030934e+00 1.026403e+00 1.016261e+00 1.017729e+00 1.023216e+00 1.026485e+00 1.026135e+00 1.020679e+00 1.016499e+00 1.007412e+00 9.836894e-01 9.635362e-01 9.565760e-01 9.489279e-01 9.397114e-01 9.342780e-01 9.331352e-01 9.324577e-01 9.323950e-01 9.416518e-01 9.462081e-01 9.419695e-01 9.426227e-01 9.443890e-01 9.474872e-01 9.551818e-01 9.632020e-01 9.581822e-01 9.548849e-01 9.618185e-01 9.761964e-01 9.720856e-01 9.649133e-01 9.678305e-01 9.725736e-01 9.727259e-01 9.718407e-01 9.691714e-01 9.628876e-01 9.634684e-01 9.623618e-01 9.667857e-01 9.667875e-01 9.718412e-01 9.731548e-01 9.767108e-01 9.756216e-01 9.714437e-01 9.668017e-01 9.695554e-01 9.706302e-01 9.643322e-01 9.587024e-01 9.552985e-01 9.555484e-01 9.569034e-01 9.549131e-01 9.561616e-01 9.642849e-01 9.715576e-01 9.734167e-01 9.719551e-01 9.662046e-01 9.650812e-01 9.652327e-01 9.645611e-01 9.638168e-01 9.688568e-01 9.705100e-01 9.704568e-01 9.727200e-01 9.796916e-01 9.846324e-01 9.894828e-01 9.906297e-01 9.883356e-01 9.892895e-01 9.934021e-01 9.900531e-01 9.871312e-01 9.869928e-01 9.947484e-01 1.004141e+00 1.005517e+00 1.008576e+00 1.012076e+00 1.007025e+00 9.963852e-01 9.940022e-01 9.982274e-01 9.983358e-01 9.979408e-01 1.000956e+00 1.004165e+00 1.003945e+00 9.985283e-01 9.951841e-01 9.944991e-01 9.921750e-01 9.868019e-01 9.927945e-01 1.001809e+00 1.004864e+00 1.003632e+00 1.003108e+00 1.002244e+00 1.000977e+00 1.002109e+00 9.989179e-01 1.003685e+00 1.005728e+00 1.004583e+00 1.000607e+00 9.922725e-01 9.960545e-01 9.933965e-01 9.955102e-01 9.890858e-01 9.857130e-01 9.853135e-01 9.857116e-01 9.828796e-01 9.838604e-01 9.819744e-01 9.786668e-01 9.774633e-01 9.747238e-01 9.765564e-01 9.746408e-01 9.847484e-01 9.918953e-01 9.919923e-01 9.914417e-01 9.900436e-01 9.852533e-01 9.800445e-01 9.871556e-01 9.831558e-01 9.711499e-01 9.764655e-01 9.842184e-01 9.794234e-01 9.682177e-01 9.654464e-01 9.523910e-01 9.452076e-01 9.423774e-01 9.427623e-01 9.334977e-01 9.315528e-01 9.414821e-01 9.541559e-01 9.560906e-01 9.558797e-01 9.603121e-01 9.562997e-01 9.494600e-01 9.494445e-01 9.485456e-01 9.472530e-01 9.570796e-01 9.594283e-01 9.597901e-01 9.642994e-01 9.757551e-01 9.867495e-01 9.944902e-01 1.004159e+00 1.011805e+00 1.017632e+00 1.021055e+00 1.021759e+00 1.022380e+00 1.019236e+00 1.019451e+00 1.019668e+00 1.028418e+00 1.030065e+00 1.031429e+00 1.034292e+00 1.036905e+00 1.040366e+00 1.043434e+00 1.044424e+00 1.044403e+00 1.046942e+00 1.046158e+00 1.042058e+00 1.041896e+00 1.045784e+00 1.049685e+00 1.049958e+00 1.047156e+00 1.039545e+00 1.035659e+00 1.039460e+00 1.040889e+00 1.038449e+00 1.035378e+00 1.036162e+00 1.035751e+00 1.030851e+00 1.020463e+00 1.016524e+00 1.015050e+00 1.009761e+00 9.976922e-01 9.894127e-01 9.856485e-01 9.814571e-01 9.719003e-01 9.615606e-01 9.626115e-01 9.655932e-01 9.652685e-01 9.530360e-01 9.376827e-01 9.298543e-01 9.211337e-01 9.173871e-01 9.134479e-01 9.208773e-01 9.241491e-01 9.193819e-01 9.126868e-01 9.113322e-01 9.102048e-01 8.992706e-01 9.000930e-01 9.050703e-01 9.107955e-01 9.135090e-01 9.194155e-01 9.298846e-01 9.384685e-01 9.401904e-01 9.327738e-01 9.211270e-01 9.265004e-01 9.272590e-01 9.312308e-01 9.451048e-01 9.384332e-01 9.376417e-01 9.290944e-01 9.400833e-01 9.479949e-01 9.312563e-01 9.252847e-01 9.749385e-01 9.589766e-01 9.854548e-01
1.017642e+00 1.019721e+00 1.023198e+00 1.033245e+00 1.031945e+00 1.024728e+00 1.015315e+00 1.019407e+00 1.022628e+00 1.019431e+00 1.019255e+00 1.013633e+00 1.004732e+00 9.990973e-01 9.808478e-01 9.651889e-01 9.581786e-01 9.534668e-01 9.424235e-01 9.379166e-01 9.356598e-01 9.301717e-01 9.302467e-01 9.354788e-01 9.381097e-01 9.387883e-01 9.384814e-01 9.405667e-01 9.421437e-01 9.516767e-01 9.588398e-01 9.562171e-01 9.531290e-01 9.632754e-01 9.766707e-01 9.740325e-01 9.701451e-01 9.736217e-01 9.731023e-01 9.700192e-01 9.652250e-01 9.649042e-01 9.575028e-01 9.584208e-01 9.559227e-01 9.570362e-01 9.650037e-01 9.760677e-01 9.845517e-01 9.813065e-01 9.732375e-01 9.659144e-01 9.662154e-01 9.626924e-01 9.589725e-01 9.532725e-01 9.492700e-01 9.548734e-01 9.578549e-01 9.597867e-01 9.611230e-01 9.627381e-01 9.673160e-01 9.725874e-01 9.721807e-01 9.669332e-01 9.656075e-01 9.688117e-01 9.729081e-01 9.717567e-01 9.648191e-01 9.652532e-01 9.691342e-01 9.705673e-01 9.706540e-01 9.782963e-01 9.856460e-01 9.912814e-01 9.913466e-01 9.885079e-01 9.888873e-01 9.883498e-01 9.857154e-01 9.882516e-01 9.993356e-01 1.004740e+00 1.010537e+00 1.009374e+00 1.013090e+00 1.009999e+00 1.002149e+00 9.973561e-01 9.990810e-01 9.970548e-01 9.984400e-01 1.000914e+00 1.003822e+00 1.004596e+00 1.004843e+00 1.000684e+00 1.001110e+00 9.947695e-01 9.892681e-01 9.879083e-01 9.898485e-01 9.950563e-01 1.001930e+00 1.002051e+00 1.002475e+00 1.000986e+00 1.001689e+00 1.005532e+00 1.003022e+00 1.005780e+00 1.002267e+00 9.990823e-01 9.981209e-01 9.890345e-01 9.930177e-01 9.901699e-01 9.932179e-01 9.889784e-01 9.840999e-01 9.876191e-01 9.861591e-01 9.828001e-01 9.791445e-01 9.723859e-01 9.679229e-01 9.744029e-01 9.809291e-01 9.868425e-01 9.860365e-01 9.845675e-01 9.878859e-01 9.933247e-01 9.960163e-01 9.897274e-01 9.855596e-01 9.781773e-01 9.832649e-01 9.866705e-01 9.841974e-01 9.903102e-01 9.902915e-01 9.835412e-01 9.760153e-01 9.697961e-01 9.593289e-01 9.567218e-01 9.559270e-01 9.505843e-01 9.406124e-01 9.374503e-01 9.472745e-01 9.590329e-01 9.623905e-01 9.562810e-01 9.602049e-01 9.565758e-01 9.504117e-01 9.494847e-01 9.504876e-01 9.530525e-01 9.602867e-01 9.667776e-01 9.733523e-01 9.814883e-01 9.906683e-01 9.965949e-01 9.999483e-01 1.006151e+00 1.013445e+00 1.018243e+00 1.024968e+00 1.029918e+00 1.027739e+00 1.022877e+00 1.017752e+00 1.019830e+00 1.026735e+00 1.028914e+00 1.030002e+00 1.030231e+00 1.029628e+00 1.034799e+00 1.039188e+00 1.039310e+00 1.042485e+00 1.046482e+00 1.047546e+00 1.044140e+00 1.042882e+00 1.046691e+00 1.049928e+00 1.052034e+00 1.050337e+00 1.043560e+00 1.037414e+00 1.039855e+00 1.040212e+00 1.037921e+00 1.040617e+00 1.043915e+00 1.040408e+00 1.030831e+00 1.024558e+00 1.022186e+00 1.016228e+00 1.012312e+00 9.967513e-01 9.846634e-01 9.832249e-01 9.850948e-01 9.828795e-01 9.744970e-01 9.749313e-01 9.720601e-01 9.665850e-01 9.536762e-01 9.401190e-01 9.363062e-01 9.292555e-01 9.238952e-01 9.226738e-01 9.285784e-01 9.314910e-01 9.240364e-01 9.215742e-01 9.186552e-01 9.097559e-01 9.052126e-01 9.065529e-01 9.020248e-01 9.123934e-01 9.182687e-01 9.192797e-01 9.289897e-01 9.429745e-01 9.442274e-01 9.384748e-01 9.302756e-01 9.392942e-01 9.419260e-01 9.398267e-01 9.527115e-01 9.452136e-01 9.417197e-01 9.293386e-01 9.406529e-01 9.510450e-01 9.335283e-01 9.264589e-01 9.783890e-01 9.573635e-01 9.871334e-01
1.018360e+00 1.024220e+00 1.024254e+00 1.034950e+00 1.030931e+00 1.021107e+00 1.015106e+00 1.018583e+00 1.018255e+00 1.017606e+00 1.019977e+00 1.016057e+00 1.006453e+00 1.000017e+00 9.857908e-01 9.666067e-01 9.575118e-01 9.528356e-01 9.469550e-01 9.443836e-01 9.417324e-01 9.353974e-01 9.298559e-01 9.278620e-01 9.304025e-01 9.322872e-01 9.356484e-01 9.415425e-01 9.490064e-01 9.549291e-01 9.569209e-01 9.595573e-01 9.564995e-01 9.583212e-01 9.625247e-01 9.687621e-01 9.695765e-01 9.715376e-01 9.698839e-01 9.689002e-01 9.647586e-01 9.630559e-01 9.579859e-01 9.578308e-01 9.556198e-01 9.524642e-01 9.631908e-01 9.781237e-01 9.807367e-01 9.719861e-01 9.683795e-01 9.656541e-01 9.665360e-01 9.563501e-01 9.469123e-01 9.428322e-01 9.449072e-01 9.550527e-01 9.627090e-01 9.624422e-01 9.658207e-01 9.666742e-01 9.702350e-01 9.740705e-01 9.713672e-01 9.708320e-01 9.712275e-01 9.744114e-01 9.807470e-01 9.788871e-01 9.676831e-01 9.645167e-01 9.667176e-01 9.675207e-01 9.686368e-01 9.791926e-01 9.869295e-01 9.902397e-01 9.915549e-01 9.851299e-01 9.785665e-01 9.803337e-01 9.873622e-01 9.990808e-01 1.011562e+00 1.013365e+00 1.007841e+00 1.004354e+00 1.004200e+00 9.993203e-01 9.975348e-01 9.997182e-01 1.001073e+00 9.939241e-01 9.941976e-01 1.000004e+00 1.001830e+00 1.003774e+00 9.992630e-01 9.995757e-01 1.001944e+00 9.970876e-01 9.926159e-01 9.915414e-01 9.915698e-01 9.951190e-01 9.973932e-01 1.002005e+00 1.001356e+00 9.993470e-01 1.003201e+00 1.013260e+00 1.008872e+00 1.005485e+00 1.000110e+00 9.957011e-01 9.957326e-01 9.878249e-01 9.894090e-01 9.926376e-01 9.938042e-01 9.947439e-01 9.960515e-01 9.996523e-01 9.949399e-01 9.812663e-01 9.715731e-01 9.742877e-01 9.725792e-01 9.800264e-01 9.932476e-01 9.957168e-01 9.932552e-01 9.834885e-01 9.841607e-01 9.901547e-01 9.914198e-01 9.906573e-01 9.891075e-01 9.823565e-01 9.817052e-01 9.819863e-01 9.889063e-01 9.982048e-01 9.962703e-01 9.851726e-01 9.838809e-01 9.781866e-01 9.661802e-01 9.585010e-01 9.551944e-01 9.550309e-01 9.503396e-01 9.454520e-01 9.472660e-01 9.497605e-01 9.529718e-01 9.529302e-01 9.596907e-01 9.591762e-01 9.585295e-01 9.572420e-01 9.592913e-01 9.644949e-01 9.660788e-01 9.739081e-01 9.806529e-01 9.893509e-01 9.924980e-01 9.970447e-01 1.006898e+00 1.011166e+00 1.016745e+00 1.024334e+00 1.029592e+00 1.029696e+00 1.028669e+00 1.028044e+00 1.028631e+00 1.024037e+00 1.023019e+00 1.028207e+00 1.031608e+00 1.030123e+00 1.026543e+00 1.031377e+00 1.037403e+00 1.042425e+00 1.044767e+00 1.047683e+00 1.048728e+00 1.047333e+00 1.043489e+00 1.045605e+00 1.049108e+00 1.050194e+00 1.048956e+00 1.048542e+00 1.046149e+00 1.045856e+00 1.040776e+00 1.037305e+00 1.043412e+00 1.046913e+00 1.042884e+00 1.036246e+00 1.034393e+00 1.029287e+00 1.020703e+00 1.014182e+00 9.992629e-01 9.898165e-01 9.915073e-01 9.958729e-01 9.908177e-01 9.887581e-01 9.871850e-01 9.808911e-01 9.681093e-01 9.540846e-01 9.439027e-01 9.411777e-01 9.402358e-01 9.409045e-01 9.415132e-01 9.412876e-01 9.362398e-01 9.298233e-01 9.247856e-01 9.206218e-01 9.132149e-01 9.116324e-01 9.064127e-01 9.044251e-01 9.164342e-01 9.242810e-01 9.167824e-01 9.259481e-01 9.480622e-01 9.522991e-01 9.477814e-01 9.424437e-01 9.520152e-01 9.540315e-01 9.412780e-01 9.476820e-01 9.466332e-01 9.412240e-01 9.272910e-01 9.379206e-01 9.508080e-01 9.370000e-01 9.271315e-01 9.793639e-01 9.569325e-01 9.913831e-01
1.016403e+00 1.021324e+00 1.020397e+00 1.026180e+00 1.024076e+00 1.018758e+00 1.016445e+00 1.013248e+00 1.009911e+00 1.018651e+00 1.023880e+00 1.017539e+00 1.011805e+00 1.005542e+00 9.903128e-01 9.666887e-01 9.581465e-01 9.527867e-01 9.467696e-01 9.444218e-01 9.431350e-01 9.389269e-01 9.319345e-01 9.290089e-01 9.290322e-01 9.301362e-01 9.362243e-01 9.480947e-01 9.590057e-01 9.604316e-01 9.613398e-01 9.628178e-01 9.613112e-01 9.552643e-01 9.566302e-01 9.650794e-01 9.654369e-01 9.683535e-01 9.680600e-01 9.660420e-01 9.640238e-01 9.623900e-01 9.600977e-01 9.606966e-01 9.610631e-01 9.578526e-01 9.659104e-01 9.727943e-01 9.727684e-01 9.645370e-01 9.663024e-01 9.678628e-01 9.641439e-01 9.574826e-01 9.482618e-01 9.467678e-01 9.538512e-01 9.596230e-01 9.617862e-01 9.677744e-01 9.665445e-01 9.657760e-01 9.703984e-01 9.728866e-01 9.699345e-01 9.752767e-01 9.768409e-01 9.718625e-01 9.765872e-01 9.810987e-01 9.734561e-01 9.651287e-01 9.622003e-01 9.653642e-01 9.730358e-01 9.803824e-01 9.837149e-01 9.837711e-01 9.825338e-01 9.783743e-01 9.743162e-01 9.764221e-01 9.862986e-01 1.000413e+00 1.010444e+00 1.010440e+00 1.002964e+00 1.000051e+00 9.972484e-01 9.900401e-01 9.955021e-01 9.988776e-01 1.002297e+00 9.951400e-01 9.925555e-01 9.978606e-01 9.982852e-01 9.972073e-01 9.928207e-01 9.967869e-01 9.985129e-01 9.945537e-01 9.960496e-01 9.944671e-01 9.934932e-01 9.921656e-01 9.926041e-01 9.991778e-01 9.998178e-01 1.002511e+00 1.008150e+00 1.010402e+00 1.004729e+00 1.002025e+00 9.948472e-01 9.918446e-01 9.903017e-01 9.912850e-01 9.952419e-01 9.957007e-01 9.967095e-01 9.985908e-01 1.002458e+00 1.004264e+00 9.967735e-01 9.831117e-01 9.732864e-01 9.785227e-01 9.808764e-01 9.874070e-01 9.983566e-01 1.003271e+00 9.949436e-01 9.840150e-01 9.835014e-01 9.847885e-01 9.800368e-01 9.884784e-01 9.869064e-01 9.847443e-01 9.828806e-01 9.830548e-01 9.862009e-01 9.928200e-01 9.931359e-01 9.875547e-01 9.839609e-01 9.776186e-01 9.660938e-01 9.626532e-01 9.622970e-01 9.636676e-01 9.605230e-01 9.538072e-01 9.489148e-01 9.497606e-01 9.534523e-01 9.610894e-01 9.623461e-01 9.622196e-01 9.610354e-01 9.650180e-01 9.662760e-01 9.692112e-01 9.773197e-01 9.843199e-01 9.853022e-01 9.884557e-01 9.941011e-01 1.004602e+00 1.011669e+00 1.019653e+00 1.025768e+00 1.028842e+00 1.027272e+00 1.023856e+00 1.026890e+00 1.029912e+00 1.030979e+00 1.026197e+00 1.028314e+00 1.031175e+00 1.032543e+00 1.031950e+00 1.032664e+00 1.035542e+00 1.039929e+00 1.046236e+00 1.047033e+00 1.050062e+00 1.051811e+00 1.049097e+00 1.044768e+00 1.045338e+00 1.048567e+00 1.049232e+00 1.047342e+00 1.050468e+00 1.051517e+00 1.047409e+00 1.042021e+00 1.040781e+00 1.045006e+00 1.046166e+00 1.042512e+00 1.042359e+00 1.041338e+00 1.037731e+00 1.024171e+00 1.011872e+00 1.002223e+00 9.958075e-01 1.000940e+00 1.003323e+00 9.968652e-01 9.927609e-01 9.883324e-01 9.773141e-01 9.655944e-01 9.558906e-01 9.467958e-01 9.483304e-01 9.574506e-01 9.590386e-01 9.560113e-01 9.468137e-01 9.405317e-01 9.323874e-01 9.285945e-01 9.276083e-01 9.183424e-01 9.180027e-01 9.168769e-01 9.094567e-01 9.210860e-01 9.246319e-01 9.232053e-01 9.299248e-01 9.532351e-01 9.605140e-01 9.561830e-01 9.542178e-01 9.585260e-01 9.524676e-01 9.413722e-01 9.462501e-01 9.505950e-01 9.459964e-01 9.281607e-01 9.338965e-01 9.456867e-01 9.411125e-01 9.302269e-01 9.829174e-01 9.644549e-01 9.949264e-01
1.009423e+00 1.014511e+00 1.013594e+00 1.018030e+00 1.023729e+00 1.018215e+00 1.012452e+00 1.004089e+00 1.001227e+00 1.012877e+00 1.016589e+00 1.014344e+00 1.014753e+00 1.008818e+00 9.920143e-01 9.651753e-01 9.545925e-01 9.512561e-01 9.466882e-01 9.414608e-01 9.426817e-01 9.339421e-01 9.242483e-01 9.222310e-01 9.240828e-01 9.253945e-01 9.360664e-01 9.488006e-01 9.607629e-01 9.638541e-01 9.665875e-01 9.666745e-01 9.665002e-01 9.613984e-01 9.602637e-01 9.586825e-01 9.596461e-01 9.606487e-01 9.619499e-01 9.593363e-01 9.565746e-01 9.595063e-01 9.583300e-01 9.602678e-01 9.619366e-01 9.632923e-01 9.681195e-01 9.684805e-01 9.677488e-01 9.667704e-01 9.681121e-01 9.649673e-01 9.669912e-01 9.649129e-01 9.570481e-01 9.533847e-01 9.545557e-01 9.587259e-01 9.659494e-01 9.695351e-01 9.706749e-01 9.695863e-01 9.682475e-01 9.697896e-01 9.687442e-01 9.728544e-01 9.757138e-01 9.681104e-01 9.694060e-01 9.802499e-01 9.842665e-01 9.764510e-01 9.717525e-01 9.694713e-01 9.721558e-01 9.724447e-01 9.746022e-01 9.779668e-01 9.738373e-01 9.774332e-01 9.775025e-01 9.795430e-01 9.885788e-01 9.949207e-01 1.001536e+00 1.003962e+00 1.003619e+00 1.008413e+00 1.002993e+00 9.927036e-01 9.952800e-01 1.001435e+00 1.000348e+00 9.928860e-01 9.944856e-01 9.999800e-01 9.990357e-01 9.916203e-01 9.909655e-01 9.938051e-01 9.946799e-01 9.955423e-01 9.981996e-01 9.918693e-01 9.906440e-01 9.911355e-01 9.932863e-01 9.969182e-01 9.972789e-01 1.000587e+00 1.002470e+00 9.981456e-01 9.998639e-01 9.994754e-01 9.918897e-01 9.902730e-01 9.905419e-01 9.916796e-01 9.961998e-01 9.966944e-01 9.971161e-01 9.931931e-01 9.946039e-01 9.962303e-01 9.958093e-01 9.927546e-01 9.830529e-01 9.781442e-01 9.812675e-01 9.909003e-01 9.970875e-01 9.949778e-01 9.934608e-01 9.883738e-01 9.848966e-01 9.797971e-01 9.804552e-01 9.896481e-01 9.861932e-01 9.814421e-01 9.818418e-01 9.884957e-01 9.875835e-01 9.872994e-01 9.877266e-01 9.870024e-01 9.807509e-01 9.752146e-01 9.687579e-01 9.658227e-01 9.712023e-01 9.737015e-01 9.672770e-01 9.571840e-01 9.557205e-01 9.586977e-01 9.636064e-01 9.667266e-01 9.650397e-01 9.660515e-01 9.684674e-01 9.680812e-01 9.698091e-01 9.746230e-01 9.819210e-01 9.855162e-01 9.837730e-01 9.865978e-01 9.991444e-01 1.013667e+00 1.018732e+00 1.021065e+00 1.023659e+00 1.023713e+00 1.023686e+00 1.026263e+00 1.033753e+00 1.030100e+00 1.028703e+00 1.026951e+00 1.029701e+00 1.033610e+00 1.033797e+00 1.037754e+00 1.042502e+00 1.043733e+00 1.046223e+00 1.048136e+00 1.048710e+00 1.052038e+00 1.053881e+00 1.051457e+00 1.048788e+00 1.046719e+00 1.048483e+00 1.050718e+00 1.049792e+00 1.046384e+00 1.046336e+00 1.047660e+00 1.045788e+00 1.043470e+00 1.044756e+00 1.047420e+00 1.044704e+00 1.044319e+00 1.043948e+00 1.042586e+00 1.031289e+00 1.017237e+00 1.005602e+00 1.004100e+00 1.013822e+00 1.016749e+00 1.003031e+00 9.921739e-01 9.882452e-01 9.788740e-01 9.766735e-01 9.637224e-01 9.526207e-01 9.554859e-01 9.598083e-01 9.566543e-01 9.565837e-01 9.469069e-01 9.415482e-01 9.439259e-01 9.451066e-01 9.436207e-01 9.332762e-01 9.269626e-01 9.248465e-01 9.248937e-01 9.322619e-01 9.330563e-01 9.340867e-01 9.392933e-01 9.530178e-01 9.635628e-01 9.596098e-01 9.592076e-01 9.616624e-01 9.509816e-01 9.456580e-01 9.510189e-01 9.565787e-01 9.525568e-01 9.291567e-01 9.299254e-01 9.399794e-01 9.442704e-01 9.350139e-01 9.892356e-01 9.699638e-01 9.954112e-01
1.003624e+00 1.008434e+00 1.012300e+00 1.017543e+00 1.024156e+00 1.013081e+00 1.002366e+00 1.000563e+00 1.002148e+00 1.008741e+00 1.010314e+00 1.015010e+00 1.015787e+00 1.003008e+00 9.858094e-01 9.704387e-01 9.591852e-01 9.532447e-01 9.488561e-01 9.439273e-01 9.401227e-01 9.308349e-01 9.231982e-01 9.257222e-01 9.291307e-01 9.265574e-01 9.268200e-01 9.355129e-01 9.488544e-01 9.578857e-01 9.617571e-01 9.620618e-01 9.637611e-01 9.640961e-01 9.605343e-01 9.548157e-01 9.554812e-01 9.587294e-01 9.557842e-01 9.527799e-01 9.539720e-01 9.571722e-01 9.569724e-01 9.574848e-01 9.581505e-01 9.603601e-01 9.610934e-01 9.608166e-01 9.606207e-01 9.644383e-01 9.667471e-01 9.657453e-01 9.621408e-01 9.673835e-01 9.682075e-01 9.618297e-01 9.585999e-01 9.603050e-01 9.665146e-01 9.660884e-01 9.672401e-01 9.645806e-01 9.620767e-01 9.622597e-01 9.635943e-01 9.660322e-01 9.678340e-01 9.649951e-01 9.674416e-01 9.767956e-01 9.788747e-01 9.735134e-01 9.686345e-01 9.666238e-01 9.642669e-01 9.655050e-01 9.677522e-01 9.734941e-01 9.737649e-01 9.781672e-01 9.793206e-01 9.829443e-01 9.912289e-01 9.970901e-01 1.006148e+00 1.007044e+00 1.005413e+00 1.011490e+00 1.014164e+00 1.007534e+00 1.001652e+00 1.003215e+00 9.993706e-01 9.924052e-01 9.955325e-01 1.000014e+00 9.979960e-01 9.903641e-01 9.895408e-01 9.948252e-01 9.937976e-01 9.963879e-01 9.972638e-01 9.923348e-01 9.937611e-01 9.996239e-01 9.996732e-01 9.991318e-01 9.974512e-01 9.971178e-01 9.913400e-01 9.887702e-01 9.950617e-01 9.930377e-01 9.894714e-01 9.900773e-01 9.906465e-01 9.936611e-01 9.961855e-01 9.984621e-01 9.981701e-01 9.931048e-01 9.861315e-01 9.889329e-01 9.934674e-01 9.927455e-01 9.837369e-01 9.744664e-01 9.786120e-01 9.886462e-01 9.935146e-01 9.843735e-01 9.857655e-01 9.892616e-01 9.834774e-01 9.834156e-01 9.879294e-01 9.914443e-01 9.930051e-01 9.851032e-01 9.828522e-01 9.916890e-01 9.951104e-01 9.911277e-01 9.892478e-01 9.874181e-01 9.789283e-01 9.729500e-01 9.727996e-01 9.719954e-01 9.813776e-01 9.803694e-01 9.680974e-01 9.567871e-01 9.558929e-01 9.576471e-01 9.658327e-01 9.672449e-01 9.678330e-01 9.696494e-01 9.736125e-01 9.728119e-01 9.747881e-01 9.767171e-01 9.824110e-01 9.845310e-01 9.823751e-01 9.913725e-01 1.004369e+00 1.014253e+00 1.018509e+00 1.023382e+00 1.024830e+00 1.019541e+00 1.018060e+00 1.024877e+00 1.032748e+00 1.028942e+00 1.023927e+00 1.023212e+00 1.026932e+00 1.034716e+00 1.040263e+00 1.046392e+00 1.048738e+00 1.049810e+00 1.048878e+00 1.046685e+00 1.047387e+00 1.050842e+00 1.054228e+00 1.055364e+00 1.050651e+00 1.047265e+00 1.047825e+00 1.052880e+00 1.055398e+00 1.049996e+00 1.048099e+00 1.052024e+00 1.050226e+00 1.047081e+00 1.046570e+00 1.047980e+00 1.047342e+00 1.043575e+00 1.044761e+00 1.045730e+00 1.037737e+00 1.026958e+00 1.021642e+00 1.020716e+00 1.025999e+00 1.026967e+00 1.013326e+00 1.001437e+00 9.971162e-01 9.943411e-01 9.932600e-01 9.772584e-01 9.612431e-01 9.513052e-01 9.507369e-01 9.494942e-01 9.450186e-01 9.463261e-01 9.527710e-01 9.500045e-01 9.434429e-01 9.423817e-01 9.386803e-01 9.311012e-01 9.310790e-01 9.367024e-01 9.380057e-01 9.409758e-01 9.445410e-01 9.509844e-01 9.536421e-01 9.602767e-01 9.567358e-01 9.585735e-01 9.632978e-01 9.589368e-01 9.580284e-01 9.602913e-01 9.622089e-01 9.515490e-01 9.282227e-01 9.292729e-01 9.420112e-01 9.454584e-01 9.415943e-01 9.929283e-01 9.710191e-01 9.941797e-01
1.005168e+00 1.007973e+00 1.013178e+00 1.021230e+00 1.019838e+00 1.009012e+00 9.957300e-01 9.976223e-01 1.000537e+00 1.002501e+00 1.002583e+00 1.008530e+00 1.009478e+00 1.000771e+00 9.829265e-01 9.696845e-01 9.600695e-01 9.519706e-01 9.459064e-01 9.421856e-01 9.367357e-01 9.346129e-01 9.322025e-01 9.321569e-01 9.336082e-01 9.311966e-01 9.241614e-01 9.249666e-01 9.353207e-01 9.488674e-01 9.532196e-01 9.539917e-01 9.559924e-01 9.613295e-01 9.568588e-01 9.550567e-01 9.581113e-01 9.598796e-01 9.588088e-01 9.608958e-01 9.599484e-01 9.534861e-01 9.477022e-01 9.478285e-01 9.515932e-01 9.572160e-01 9.565747e-01 9.516407e-01 9.523587e-01 9.621165e-01 9.646049e-01 9.644887e-01 9.597653e-01 9.608542e-01 9.653154e-01 9.623053e-01 9.614888e-01 9.611555e-01 9.618468e-01 9.597098e-01 9.654596e-01 9.635192e-01 9.626105e-01 9.559533e-01 9.543339e-01 9.597760e-01 9.656764e-01 9.659049e-01 9.669422e-01 9.731373e-01 9.715414e-01 9.666976e-01 9.624296e-01 9.610152e-01 9.634523e-01 9.673764e-01 9.677162e-01 9.709002e-01 9.768440e-01 9.780028e-01 9.796114e-01 9.831706e-01 9.936088e-01 1.001181e+00 1.010907e+00 1.016337e+00 1.013865e+00 1.012021e+00 1.016610e+00 1.008929e+00 9.994481e-01 9.991301e-01 9.999036e-01 9.953164e-01 9.972921e-01 1.001712e+00 1.005045e+00 9.991515e-01 9.954932e-01 9.971410e-01 9.989047e-01 9.991686e-01 9.985608e-01 9.967617e-01 9.992771e-01 1.002364e+00 1.003229e+00 1.001269e+00 9.987989e-01 9.923807e-01 9.883411e-01 9.889200e-01 9.941065e-01 9.923465e-01 9.855984e-01 9.869603e-01 9.936864e-01 9.995894e-01 9.989823e-01 1.001369e+00 1.001352e+00 9.972108e-01 9.890423e-01 9.943385e-01 1.000044e+00 9.938511e-01 9.814484e-01 9.706017e-01 9.783652e-01 9.900048e-01 9.882035e-01 9.818851e-01 9.797997e-01 9.878929e-01 9.925799e-01 9.917685e-01 9.914522e-01 9.947706e-01 9.979614e-01 9.857540e-01 9.837776e-01 9.895347e-01 9.891497e-01 9.935033e-01 9.964930e-01 9.927452e-01 9.827727e-01 9.755660e-01 9.760949e-01 9.778534e-01 9.824208e-01 9.777974e-01 9.675394e-01 9.641281e-01 9.607768e-01 9.623379e-01 9.662234e-01 9.663770e-01 9.696854e-01 9.730778e-01 9.775053e-01 9.749323e-01 9.776761e-01 9.847571e-01 9.905854e-01 9.935470e-01 9.924691e-01 1.001526e+00 1.008234e+00 1.008743e+00 1.013078e+00 1.023062e+00 1.028822e+00 1.024504e+00 1.017614e+00 1.018191e+00 1.021353e+00 1.022876e+00 1.019592e+00 1.022904e+00 1.028359e+00 1.037371e+00 1.043004e+00 1.047852e+00 1.052067e+00 1.053533e+00 1.049976e+00 1.044813e+00 1.044771e+00 1.048657e+00 1.054621e+00 1.057051e+00 1.053276e+00 1.046540e+00 1.045195e+00 1.051711e+00 1.053843e+00 1.051506e+00 1.051719e+00 1.056035e+00 1.055856e+00 1.052911e+00 1.049820e+00 1.050535e+00 1.047013e+00 1.043479e+00 1.045184e+00 1.044443e+00 1.044903e+00 1.040479e+00 1.038139e+00 1.035022e+00 1.033750e+00 1.031184e+00 1.023051e+00 1.011075e+00 1.009485e+00 1.006087e+00 1.001458e+00 9.883417e-01 9.740037e-01 9.586177e-01 9.529754e-01 9.549441e-01 9.467645e-01 9.468567e-01 9.515320e-01 9.487256e-01 9.443774e-01 9.432847e-01 9.386101e-01 9.310501e-01 9.320335e-01 9.381360e-01 9.418064e-01 9.390378e-01 9.436523e-01 9.512476e-01 9.545026e-01 9.671205e-01 9.655135e-01 9.571504e-01 9.647380e-01 9.658754e-01 9.639568e-01 9.668166e-01 9.633895e-01 9.518055e-01 9.340870e-01 9.353610e-01 9.452406e-01 9.454237e-01 9.461035e-01 9.965501e-01 9.730968e-01 9.995880e-01
1.006968e+00 1.007015e+00 1.009077e+00 1.017567e+00 1.011242e+00 1.007926e+00 9.968358e-01 9.960711e-01 9.959252e-01 1.000935e+00 1.002806e+00 1.008120e+00 1.005121e+00 1.000331e+00 9.850435e-01 9.720302e-01 9.619966e-01 9.485748e-01 9.399068e-01 9.400458e-01 9.408112e-01 9.413316e-01 9.403919e-01 9.395446e-01 9.364190e-01 9.322626e-01 9.259478e-01 9.248171e-01 9.276890e-01 9.378302e-01 9.460308e-01 9.511943e-01 9.563363e-01 9.529552e-01 9.503356e-01 9.582476e-01 9.607816e-01 9.595320e-01 9.597649e-01 9.605707e-01 9.590449e-01 9.491519e-01 9.415197e-01 9.402364e-01 9.467734e-01 9.536980e-01 9.546201e-01 9.510328e-01 9.537367e-01 9.557199e-01 9.583713e-01 9.618716e-01 9.587096e-01 9.587663e-01 9.559113e-01 9.545197e-01 9.575448e-01 9.575152e-01 9.548722e-01 9.543028e-01 9.623493e-01 9.727507e-01 9.696324e-01 9.575248e-01 9.532782e-01 9.625371e-01 9.682182e-01 9.686593e-01 9.741850e-01 9.801934e-01 9.729922e-01 9.639610e-01 9.589854e-01 9.611839e-01 9.685253e-01 9.719979e-01 9.716568e-01 9.740017e-01 9.779543e-01 9.744573e-01 9.751243e-01 9.811295e-01 9.911028e-01 9.999450e-01 1.007310e+00 1.014100e+00 1.015796e+00 1.011850e+00 1.011734e+00 1.005959e+00 9.963377e-01 9.947591e-01 9.949890e-01 9.947263e-01 9.946013e-01 9.973857e-01 1.003805e+00 1.001493e+00 9.977686e-01 9.962058e-01 9.974104e-01 9.951425e-01 9.905525e-01 9.905095e-01 9.966533e-01 1.000101e+00 9.997928e-01 9.995261e-01 9.930803e-01 9.838289e-01 9.861275e-01 9.883596e-01 9.925613e-01 9.915390e-01 9.869116e-01 9.887019e-01 9.926834e-01 9.955941e-01 1.000206e+00 1.002533e+00 1.005211e+00 1.003858e+00 1.001036e+00 9.997804e-01 1.001055e+00 9.925197e-01 9.825377e-01 9.756584e-01 9.773387e-01 9.879778e-01 9.930339e-01 9.939450e-01 9.920589e-01 9.912082e-01 9.945418e-01 9.878807e-01 9.882173e-01 9.897764e-01 9.921535e-01 9.851986e-01 9.863741e-01 9.862434e-01 9.801182e-01 9.868011e-01 9.943433e-01 9.927049e-01 9.859171e-01 9.819027e-01 9.805641e-01 9.775047e-01 9.804754e-01 9.784846e-01 9.745604e-01 9.694539e-01 9.678367e-01 9.701911e-01 9.671568e-01 9.682475e-01 9.704497e-01 9.764642e-01 9.791094e-01 9.771031e-01 9.811323e-01 9.918992e-01 9.989985e-01 1.000901e+00 9.982404e-01 1.006520e+00 1.017974e+00 1.014850e+00 1.016276e+00 1.026253e+00 1.032964e+00 1.023339e+00 1.013351e+00 1.012362e+00 1.021460e+00 1.027447e+00 1.026398e+00 1.029828e+00 1.030317e+00 1.036337e+00 1.043375e+00 1.050285e+00 1.054463e+00 1.052746e+00 1.045151e+00 1.039153e+00 1.039281e+00 1.044958e+00 1.051106e+00 1.054250e+00 1.053417e+00 1.049792e+00 1.049257e+00 1.050361e+00 1.047941e+00 1.047041e+00 1.050840e+00 1.054326e+00 1.057503e+00 1.057728e+00 1.054526e+00 1.052413e+00 1.048742e+00 1.044789e+00 1.042272e+00 1.042944e+00 1.045925e+00 1.048194e+00 1.048126e+00 1.042887e+00 1.035552e+00 1.029198e+00 1.025523e+00 1.020996e+00 1.017733e+00 1.008340e+00 1.001725e+00 9.929894e-01 9.881376e-01 9.775305e-01 9.658098e-01 9.636927e-01 9.581713e-01 9.519712e-01 9.461267e-01 9.488211e-01 9.496288e-01 9.472380e-01 9.409544e-01 9.441837e-01 9.475291e-01 9.518725e-01 9.511312e-01 9.491541e-01 9.570483e-01 9.584075e-01 9.580035e-01 9.668723e-01 9.732899e-01 9.583657e-01 9.622148e-01 9.626169e-01 9.594890e-01 9.641929e-01 9.583175e-01 9.529398e-01 9.400532e-01 9.379530e-01 9.493846e-01 9.467654e-01 9.516400e-01 9.961368e-01 9.764252e-01 1.007019e+00
1.004300e+00 1.007725e+00 1.007120e+00 1.012466e+00 1.008343e+00 1.008255e+00 9.983496e-01 9.932156e-01 9.970793e-01 1.007307e+00 1.011064e+00 1.009998e+00 1.000961e+00 9.934536e-01 9.842651e-01 9.706281e-01 9.618389e-01 9.448999e-01 9.361213e-01 9.371426e-01 9.372159e-01 9.361609e-01 9.356924e-01 9.371770e-01 9.372033e-01 9.348040e-01 9.283736e-01 9.229690e-01 9.248784e-01 9.335555e-01 9.449056e-01 9.538693e-01 9.560848e-01 9.561171e-01 9.570553e-01 9.555019e-01 9.545923e-01 9.554921e-01 9.522793e-01 9.539778e-01 9.538549e-01 9.496747e-01 9.436039e-01 9.457794e-01 9.495634e-01 9.493403e-01 9.510581e-01 9.542635e-01 9.551341e-01 9.526795e-01 9.542413e-01 9.561344e-01 9.539801e-01 9.506606e-01 9.511885e-01 9.504651e-01 9.595023e-01 9.621881e-01 9.554744e-01 9.587399e-01 9.651837e-01 9.717535e-01 9.709179e-01 9.648028e-01 9.648539e-01 9.738777e-01 9.753193e-01 9.757032e-01 9.833668e-01 9.872132e-01 9.799621e-01 9.730874e-01 9.690180e-01 9.702926e-01 9.708473e-01 9.727101e-01 9.775807e-01 9.785670e-01 9.780663e-01 9.726917e-01 9.764386e-01 9.855466e-01 9.933555e-01 9.985752e-01 1.004724e+00 1.007257e+00 1.008721e+00 1.010295e+00 1.007930e+00 9.997513e-01 9.960110e-01 9.936289e-01 9.903542e-01 9.947465e-01 9.980652e-01 9.967151e-01 1.002497e+00 9.980409e-01 9.952887e-01 9.947744e-01 9.940228e-01 9.927994e-01 9.882612e-01 9.868995e-01 9.916380e-01 9.948595e-01 9.962635e-01 9.951584e-01 9.908836e-01 9.806519e-01 9.785972e-01 9.838623e-01 9.898470e-01 9.931749e-01 9.905378e-01 9.892499e-01 9.910414e-01 9.931055e-01 1.000199e+00 1.002268e+00 1.005311e+00 1.006492e+00 1.000878e+00 9.917933e-01 9.884636e-01 9.823105e-01 9.814892e-01 9.781187e-01 9.830483e-01 9.984958e-01 1.006011e+00 1.003479e+00 9.994869e-01 9.920087e-01 9.910171e-01 9.847383e-01 9.846950e-01 9.837348e-01 9.797317e-01 9.797790e-01 9.878092e-01 9.887803e-01 9.867719e-01 9.897025e-01 9.931661e-01 9.934344e-01 9.911644e-01 9.895600e-01 9.858024e-01 9.796688e-01 9.793253e-01 9.823952e-01 9.822649e-01 9.765504e-01 9.741997e-01 9.747899e-01 9.731008e-01 9.756421e-01 9.731501e-01 9.776012e-01 9.811056e-01 9.847780e-01 9.884139e-01 9.949721e-01 1.000503e+00 1.001902e+00 1.003545e+00 1.010464e+00 1.018042e+00 1.015905e+00 1.018470e+00 1.022822e+00 1.024448e+00 1.014056e+00 1.013351e+00 1.018825e+00 1.028987e+00 1.028633e+00 1.030579e+00 1.037462e+00 1.039011e+00 1.038948e+00 1.043408e+00 1.052753e+00 1.058128e+00 1.053152e+00 1.042779e+00 1.036791e+00 1.036265e+00 1.044641e+00 1.051762e+00 1.053084e+00 1.051426e+00 1.054822e+00 1.056578e+00 1.054720e+00 1.052188e+00 1.050528e+00 1.053417e+00 1.053572e+00 1.055968e+00 1.059893e+00 1.061597e+00 1.059059e+00 1.052084e+00 1.044952e+00 1.039204e+00 1.043373e+00 1.049428e+00 1.051031e+00 1.049353e+00 1.046700e+00 1.040145e+00 1.029966e+00 1.028149e+00 1.026199e+00 1.020899e+00 1.016336e+00 1.007860e+00 1.002843e+00 9.974308e-01 9.883468e-01 9.765133e-01 9.701195e-01 9.660251e-01 9.548725e-01 9.500037e-01 9.558342e-01 9.536037e-01 9.517151e-01 9.476230e-01 9.518946e-01 9.499569e-01 9.533328e-01 9.526474e-01 9.587025e-01 9.625719e-01 9.598122e-01 9.597036e-01 9.641633e-01 9.741408e-01 9.613333e-01 9.586869e-01 9.578537e-01 9.576637e-01 9.631782e-01 9.556475e-01 9.499823e-01 9.448506e-01 9.415938e-01 9.477569e-01 9.496077e-01 9.511765e-01 9.946264e-01 9.788809e-01 1.010270e+00
1.003904e+00 1.007894e+00 1.008397e+00 1.010813e+00 1.009245e+00 1.005202e+00 9.945203e-01 9.883845e-01 9.964314e-01 1.011195e+00 1.010316e+00 1.003605e+00 1.000387e+00 9.890194e-01 9.828909e-01 9.661033e-01 9.626793e-01 9.482695e-01 9.405413e-01 9.394757e-01 9.290194e-01 9.241579e-01 9.256920e-01 9.331308e-01 9.360547e-01 9.327452e-01 9.250822e-01 9.210917e-01 9.240295e-01 9.322742e-01 9.417572e-01 9.496190e-01 9.527934e-01 9.537043e-01 9.532137e-01 9.517633e-01 9.513331e-01 9.520471e-01 9.490301e-01 9.481643e-01 9.525318e-01 9.542422e-01 9.548199e-01 9.560088e-01 9.564281e-01 9.539807e-01 9.514367e-01 9.552556e-01 9.550444e-01 9.494022e-01 9.474687e-01 9.496782e-01 9.534262e-01 9.524805e-01 9.537801e-01 9.549970e-01 9.623312e-01 9.645234e-01 9.634511e-01 9.651232e-01 9.643995e-01 9.686135e-01 9.691620e-01 9.674188e-01 9.695919e-01 9.770672e-01 9.769390e-01 9.810976e-01 9.859318e-01 9.878311e-01 9.852329e-01 9.791489e-01 9.763196e-01 9.754728e-01 9.712540e-01 9.730831e-01 9.804723e-01 9.836353e-01 9.795907e-01 9.782453e-01 9.833360e-01 9.917470e-01 9.928675e-01 9.985325e-01 1.003071e+00 9.991627e-01 9.953706e-01 1.001985e+00 1.005125e+00 9.997886e-01 9.970986e-01 9.977626e-01 9.955190e-01 9.956784e-01 9.977534e-01 9.989146e-01 9.979641e-01 9.911129e-01 9.907715e-01 9.888151e-01 9.887547e-01 9.887027e-01 9.852626e-01 9.881911e-01 9.869958e-01 9.867678e-01 9.879755e-01 9.887967e-01 9.836247e-01 9.716651e-01 9.722890e-01 9.875672e-01 9.931682e-01 9.947772e-01 9.956223e-01 9.979926e-01 9.993702e-01 9.962015e-01 9.949287e-01 9.962357e-01 1.000103e+00 1.001387e+00 9.980815e-01 9.877995e-01 9.809730e-01 9.795532e-01 9.833652e-01 9.804800e-01 9.905692e-01 1.001513e+00 1.007246e+00 1.002026e+00 1.000811e+00 9.924556e-01 9.919654e-01 9.949325e-01 9.920875e-01 9.868789e-01 9.828948e-01 9.838335e-01 9.899864e-01 9.915892e-01 9.913834e-01 9.976226e-01 9.947294e-01 9.931045e-01 9.937565e-01 9.998369e-01 9.968013e-01 9.866388e-01 9.776993e-01 9.789864e-01 9.825521e-01 9.802462e-01 9.765468e-01 9.779862e-01 9.788650e-01 9.778156e-01 9.760984e-01 9.828264e-01 9.831027e-01 9.885671e-01 9.906989e-01 9.981122e-01 1.005168e+00 1.005467e+00 1.009589e+00 1.015997e+00 1.015120e+00 1.013174e+00 1.015404e+00 1.014434e+00 1.014006e+00 1.015951e+00 1.025831e+00 1.027567e+00 1.031371e+00 1.029372e+00 1.034319e+00 1.039885e+00 1.040413e+00 1.041682e+00 1.046182e+00 1.052656e+00 1.056907e+00 1.056764e+00 1.049467e+00 1.040067e+00 1.039384e+00 1.049038e+00 1.055882e+00 1.054885e+00 1.052655e+00 1.055423e+00 1.058887e+00 1.059515e+00 1.055139e+00 1.054208e+00 1.055712e+00 1.053793e+00 1.054889e+00 1.058931e+00 1.065247e+00 1.064650e+00 1.055763e+00 1.048045e+00 1.043569e+00 1.048830e+00 1.052581e+00 1.051894e+00 1.052142e+00 1.048843e+00 1.042893e+00 1.032295e+00 1.027625e+00 1.026442e+00 1.023522e+00 1.019494e+00 1.016689e+00 1.009522e+00 9.968264e-01 9.858240e-01 9.811872e-01 9.748855e-01 9.731017e-01 9.604823e-01 9.550166e-01 9.581590e-01 9.528309e-01 9.533363e-01 9.567916e-01 9.572302e-01 9.508321e-01 9.493617e-01 9.497643e-01 9.566399e-01 9.604688e-01 9.602008e-01 9.579208e-01 9.681579e-01 9.754012e-01 9.682626e-01 9.667894e-01 9.704511e-01 9.660695e-01 9.718306e-01 9.611452e-01 9.534806e-01 9.459478e-01 9.439150e-01 9.497396e-01 9.463781e-01 9.449911e-01 9.944696e-01 9.813977e-01 1.011705e+00
1.006893e+00 1.010032e+00 1.008676e+00 1.012534e+00 1.015271e+00 1.002344e+00 9.838047e-01 9.805037e-01 9.885149e-01 1.001661e+00 9.999606e-01 9.956570e-01 9.995055e-01 9.934103e-01 9.848967e-01 9.651935e-01 9.581538e-01 9.544826e-01 9.482996e-01 9.448174e-01 9.274340e-01 9.203650e-01 9.194922e-01 9.275125e-01 9.306413e-01 9.271730e-01 9.224295e-01 9.234176e-01 9.304194e-01 9.389035e-01 9.436735e-01 9.456240e-01 9.469734e-01 9.475107e-01 9.476582e-01 9.473809e-01 9.521020e-01 9.544495e-01 9.529237e-01 9.491832e-01 9.486751e-01 9.505037e-01 9.514474e-01 9.552415e-01 9.555292e-01 9.507920e-01 9.442751e-01 9.501603e-01 9.519551e-01 9.493448e-01 9.493374e-01 9.552017e-01 9.604613e-01 9.607763e-01 9.628137e-01 9.607390e-01 9.616930e-01 9.668893e-01 9.679786e-01 9.654890e-01 9.651670e-01 9.723664e-01 9.724297e-01 9.682649e-01 9.694892e-01 9.741366e-01 9.766088e-01 9.790141e-01 9.817778e-01 9.846072e-01 9.853429e-01 9.815086e-01 9.805172e-01 9.807738e-01 9.744230e-01 9.725164e-01 9.838910e-01 9.894097e-01 9.890512e-01 9.869086e-01 9.865723e-01 9.914696e-01 9.958544e-01 9.955556e-01 9.997725e-01 1.000702e+00 9.980254e-01 9.975624e-01 1.000637e+00 1.001214e+00 1.001660e+00 9.976271e-01 9.945094e-01 9.939534e-01 9.970902e-01 1.006558e+00 1.002627e+00 9.910914e-01 9.905819e-01 9.907681e-01 9.898261e-01 9.866159e-01 9.836674e-01 9.856598e-01 9.835293e-01 9.807348e-01 9.824535e-01 9.842004e-01 9.769474e-01 9.678616e-01 9.748031e-01 9.904844e-01 9.923187e-01 9.916314e-01 9.936857e-01 9.968260e-01 9.963419e-01 9.901601e-01 9.961157e-01 1.003209e+00 1.002729e+00 1.000128e+00 9.944085e-01 9.874277e-01 9.817342e-01 9.808342e-01 9.817901e-01 9.863832e-01 9.924338e-01 9.996431e-01 1.002548e+00 1.002422e+00 1.001239e+00 9.958366e-01 9.934314e-01 9.976919e-01 9.967293e-01 9.949536e-01 9.959614e-01 9.950712e-01 9.968182e-01 9.947813e-01 9.921265e-01 9.970127e-01 9.951017e-01 9.930480e-01 9.966897e-01 1.002871e+00 9.977603e-01 9.853137e-01 9.763452e-01 9.778119e-01 9.790297e-01 9.765137e-01 9.789276e-01 9.815496e-01 9.808493e-01 9.786856e-01 9.846588e-01 9.901115e-01 9.857240e-01 9.841147e-01 9.906014e-01 1.001238e+00 1.007866e+00 1.008295e+00 1.013812e+00 1.017157e+00 1.012546e+00 1.013426e+00 1.013268e+00 1.005545e+00 1.011882e+00 1.025028e+00 1.033749e+00 1.031285e+00 1.032565e+00 1.032780e+00 1.039686e+00 1.040837e+00 1.039887e+00 1.043520e+00 1.050548e+00 1.053937e+00 1.053665e+00 1.056385e+00 1.053996e+00 1.049646e+00 1.046105e+00 1.050012e+00 1.055972e+00 1.055736e+00 1.053272e+00 1.054961e+00 1.057568e+00 1.059155e+00 1.055400e+00 1.053797e+00 1.052581e+00 1.048311e+00 1.049102e+00 1.054985e+00 1.062526e+00 1.064398e+00 1.058828e+00 1.055289e+00 1.057248e+00 1.056969e+00 1.052904e+00 1.050404e+00 1.050326e+00 1.048568e+00 1.042584e+00 1.033575e+00 1.028987e+00 1.027191e+00 1.026909e+00 1.024397e+00 1.022988e+00 1.016145e+00 1.003110e+00 9.881608e-01 9.822167e-01 9.731992e-01 9.682214e-01 9.588884e-01 9.541151e-01 9.497916e-01 9.510297e-01 9.589390e-01 9.664032e-01 9.611603e-01 9.504620e-01 9.461382e-01 9.532517e-01 9.572408e-01 9.630916e-01 9.615363e-01 9.676540e-01 9.765615e-01 9.829637e-01 9.763603e-01 9.794316e-01 9.869683e-01 9.820106e-01 9.865893e-01 9.745446e-01 9.585953e-01 9.440259e-01 9.464531e-01 9.552381e-01 9.403214e-01 9.483739e-01 9.958351e-01 9.815112e-01 1.013198e+00
1.000630e+00 1.005723e+00 1.003781e+00 1.010309e+00 1.009765e+00 9.965768e-01 9.800780e-01 9.757401e-01 9.854240e-01 9.935269e-01 9.926628e-01 9.908960e-01 9.982266e-01 9.971098e-01 9.878927e-01 9.703434e-01 9.536944e-01 9.482297e-01 9.436507e-01 9.433284e-01 9.333001e-01 9.230331e-01 9.154911e-01 9.179310e-01 9.199471e-01 9.225925e-01 9.254815e-01 9.274091e-01 9.298298e-01 9.371943e-01 9.427173e-01 9.448524e-01 9.463645e-01 9.448704e-01 9.499499e-01 9.513240e-01 9.492064e-01 9.498443e-01 9.502272e-01 9.500457e-01 9.484286e-01 9.430239e-01 9.422104e-01 9.469025e-01 9.473576e-01 9.489959e-01 9.464272e-01 9.472163e-01 9.452949e-01 9.460719e-01 9.495074e-01 9.545051e-01 9.596218e-01 9.596892e-01 9.630353e-01 9.655530e-01 9.637928e-01 9.640124e-01 9.636201e-01 9.673868e-01 9.716640e-01 9.737900e-01 9.728024e-01 9.723449e-01 9.732425e-01 9.742721e-01 9.775943e-01 9.767354e-01 9.788289e-01 9.838901e-01 9.884248e-01 9.873223e-01 9.868364e-01 9.831265e-01 9.768670e-01 9.767416e-01 9.838450e-01 9.905025e-01 9.943509e-01 9.936327e-01 9.947355e-01 9.975386e-01 1.000659e+00 9.975196e-01 1.000205e+00 1.001983e+00 9.976525e-01 9.925863e-01 9.989846e-01 1.005826e+00 1.002632e+00 9.948810e-01 9.942853e-01 9.973105e-01 9.990832e-01 1.006029e+00 1.007019e+00 9.955099e-01 9.914196e-01 9.933524e-01 9.887639e-01 9.848784e-01 9.855394e-01 9.894212e-01 9.867057e-01 9.846512e-01 9.875085e-01 9.853618e-01 9.785861e-01 9.736670e-01 9.822335e-01 9.921616e-01 9.881431e-01 9.900625e-01 9.898323e-01 9.933329e-01 9.930970e-01 9.939748e-01 1.002371e+00 1.010098e+00 1.009746e+00 9.992484e-01 9.884555e-01 9.854298e-01 9.850243e-01 9.885752e-01 9.867358e-01 9.899460e-01 9.916183e-01 9.947180e-01 9.983834e-01 1.001197e+00 1.004275e+00 1.007174e+00 1.005346e+00 1.003165e+00 1.000142e+00 1.001434e+00 1.000907e+00 1.000319e+00 1.000308e+00 9.968172e-01 9.908190e-01 9.937664e-01 9.961195e-01 9.945245e-01 9.940173e-01 9.947925e-01 9.939415e-01 9.876801e-01 9.792939e-01 9.763238e-01 9.766464e-01 9.812324e-01 9.819957e-01 9.845443e-01 9.848844e-01 9.842107e-01 9.875984e-01 9.877596e-01 9.814089e-01 9.794590e-01 9.920893e-01 1.001708e+00 1.008153e+00 1.009965e+00 1.011841e+00 1.011123e+00 1.014506e+00 1.016693e+00 1.009488e+00 1.007199e+00 1.017861e+00 1.030001e+00 1.029660e+00 1.031192e+00 1.036185e+00 1.039060e+00 1.042463e+00 1.042129e+00 1.041378e+00 1.043484e+00 1.049199e+00 1.051904e+00 1.052984e+00 1.054810e+00 1.054799e+00 1.050547e+00 1.049585e+00 1.050489e+00 1.049777e+00 1.048988e+00 1.049401e+00 1.051849e+00 1.054152e+00 1.057479e+00 1.054177e+00 1.053095e+00 1.052661e+00 1.049574e+00 1.049837e+00 1.053399e+00 1.057268e+00 1.059621e+00 1.059735e+00 1.059405e+00 1.061501e+00 1.061283e+00 1.054635e+00 1.047856e+00 1.045991e+00 1.045748e+00 1.041312e+00 1.035276e+00 1.035253e+00 1.035096e+00 1.034314e+00 1.033113e+00 1.032528e+00 1.023112e+00 1.013141e+00 1.004098e+00 9.935393e-01 9.820135e-01 9.734089e-01 9.557506e-01 9.538845e-01 9.474384e-01 9.475932e-01 9.558268e-01 9.603165e-01 9.603546e-01 9.556390e-01 9.519314e-01 9.612763e-01 9.716655e-01 9.745854e-01 9.762785e-01 9.798105e-01 9.822775e-01 9.860355e-01 9.860998e-01 9.906644e-01 9.979469e-01 9.930394e-01 9.935363e-01 9.772363e-01 9.608402e-01 9.408782e-01 9.465000e-01 9.579333e-01 9.383439e-01 9.470496e-01 9.942106e-01 9.806004e-01 1.016364e+00
9.980437e-01 1.001991e+00 9.950531e-01 1.006761e+00 1.008846e+00 9.969035e-01 9.820218e-01 9.807750e-01 9.907290e-01 9.917970e-01 9.881164e-01 9.868740e-01 9.956442e-01 9.940621e-01 9.803804e-01 9.674679e-01 9.549289e-01 9.466766e-01 9.428533e-01 9.404547e-01 9.362922e-01 9.246295e-01 9.189206e-01 9.168270e-01 9.201190e-01 9.250195e-01 9.287544e-01 9.339583e-01 9.364353e-01 9.386509e-01 9.436218e-01 9.452026e-01 9.435725e-01 9.465641e-01 9.521355e-01 9.474379e-01 9.402769e-01 9.399933e-01 9.436525e-01 9.499566e-01 9.488828e-01 9.422406e-01 9.389901e-01 9.448689e-01 9.508376e-01 9.521995e-01 9.519001e-01 9.487180e-01 9.457331e-01 9.458438e-01 9.504725e-01 9.522763e-01 9.542334e-01 9.537732e-01 9.588655e-01 9.668813e-01 9.675055e-01 9.664833e-01 9.659129e-01 9.697114e-01 9.721814e-01 9.722107e-01 9.727628e-01 9.736746e-01 9.762929e-01 9.759892e-01 9.778886e-01 9.761893e-01 9.788001e-01 9.859751e-01 9.943241e-01 9.962986e-01 9.919317e-01 9.888972e-01 9.840108e-01 9.826519e-01 9.823846e-01 9.924056e-01 1.000812e+00 1.002848e+00 1.004443e+00 1.002738e+00 1.001360e+00 9.974450e-01 1.001279e+00 1.003764e+00 9.998114e-01 9.985887e-01 1.000846e+00 1.004041e+00 1.001834e+00 9.975646e-01 9.941286e-01 9.987573e-01 9.990884e-01 1.001030e+00 1.004126e+00 9.963660e-01 9.951630e-01 9.991260e-01 9.936732e-01 9.869513e-01 9.897683e-01 9.936130e-01 9.925204e-01 9.915334e-01 9.897605e-01 9.890836e-01 9.880170e-01 9.867323e-01 9.911940e-01 9.930099e-01 9.890066e-01 9.868286e-01 9.918135e-01 9.959238e-01 9.933056e-01 9.971110e-01 1.005083e+00 1.008578e+00 1.005149e+00 9.983081e-01 9.890056e-01 9.816215e-01 9.855159e-01 9.908034e-01 9.923428e-01 9.954509e-01 9.892674e-01 9.901978e-01 9.924543e-01 9.996818e-01 1.006594e+00 1.009863e+00 1.009968e+00 1.003839e+00 9.997979e-01 9.998612e-01 1.000053e+00 1.001921e+00 9.993342e-01 9.932211e-01 9.891982e-01 9.926612e-01 9.988409e-01 9.924819e-01 9.841297e-01 9.823623e-01 9.880015e-01 9.902594e-01 9.886974e-01 9.819117e-01 9.803981e-01 9.857307e-01 9.878888e-01 9.885059e-01 9.868248e-01 9.919307e-01 9.887679e-01 9.820434e-01 9.817332e-01 9.885845e-01 9.979509e-01 1.002838e+00 1.008678e+00 1.008462e+00 1.007795e+00 1.010470e+00 1.016927e+00 1.014662e+00 1.007179e+00 1.012542e+00 1.025497e+00 1.029087e+00 1.023053e+00 1.031337e+00 1.041756e+00 1.044796e+00 1.044701e+00 1.043797e+00 1.042000e+00 1.043344e+00 1.045567e+00 1.048616e+00 1.051279e+00 1.052004e+00 1.049264e+00 1.047949e+00 1.049832e+00 1.049832e+00 1.046458e+00 1.043050e+00 1.044831e+00 1.048351e+00 1.051238e+00 1.055198e+00 1.053991e+00 1.053395e+00 1.053364e+00 1.052643e+00 1.053332e+00 1.052979e+00 1.052799e+00 1.058072e+00 1.061762e+00 1.059567e+00 1.059847e+00 1.058426e+00 1.057490e+00 1.049652e+00 1.043371e+00 1.041390e+00 1.041470e+00 1.041303e+00 1.040583e+00 1.042992e+00 1.041510e+00 1.037109e+00 1.035793e+00 1.025770e+00 1.014646e+00 1.006347e+00 9.947684e-01 9.924551e-01 9.814916e-01 9.699170e-01 9.657928e-01 9.601671e-01 9.568788e-01 9.587061e-01 9.630911e-01 9.628016e-01 9.632336e-01 9.693333e-01 9.816953e-01 9.870897e-01 9.824547e-01 9.823605e-01 9.860480e-01 9.865924e-01 9.872265e-01 9.907736e-01 9.945095e-01 9.936135e-01 9.937337e-01 9.995160e-01 9.813764e-01 9.660783e-01 9.416798e-01 9.477978e-01 9.524891e-01 9.371210e-01 9.440491e-01 9.952452e-01 9.844360e-01 1.015796e+00
1.002711e+00 1.005896e+00 9.990244e-01 1.007463e+00 1.005129e+00 9.925556e-01 9.851121e-01 9.844240e-01 9.901270e-01 9.875065e-01 9.818631e-01 9.880186e-01 9.945093e-01 9.912077e-01 9.755468e-01 9.658840e-01 9.594483e-01 9.528773e-01 9.439768e-01 9.396930e-01 9.359038e-01 9.276339e-01 9.255614e-01 9.217514e-01 9.213641e-01 9.245162e-01 9.259818e-01 9.324407e-01 9.377272e-01 9.435207e-01 9.476852e-01 9.486389e-01 9.464581e-01 9.490751e-01 9.463073e-01 9.376087e-01 9.359148e-01 9.374610e-01 9.409994e-01 9.509087e-01 9.514336e-01 9.483231e-01 9.468885e-01 9.488902e-01 9.577200e-01 9.557878e-01 9.508911e-01 9.502668e-01 9.543965e-01 9.547939e-01 9.576927e-01 9.614677e-01 9.625707e-01 9.624581e-01 9.659927e-01 9.696062e-01 9.706103e-01 9.668096e-01 9.676310e-01 9.678739e-01 9.685491e-01 9.694018e-01 9.718958e-01 9.712257e-01 9.762012e-01 9.782290e-01 9.759197e-01 9.776837e-01 9.835240e-01 9.869272e-01 9.936016e-01 9.961855e-01 9.935504e-01 9.901840e-01 9.848492e-01 9.860491e-01 9.841650e-01 9.933822e-01 1.002062e+00 1.005473e+00 1.007756e+00 1.001757e+00 9.977419e-01 9.978536e-01 1.005590e+00 1.006199e+00 9.994906e-01 1.000465e+00 1.003929e+00 1.003107e+00 1.004701e+00 1.000091e+00 9.943007e-01 9.984025e-01 9.961227e-01 9.991939e-01 9.993415e-01 9.931027e-01 9.972796e-01 1.006866e+00 1.004365e+00 9.982473e-01 9.994211e-01 1.000666e+00 9.991430e-01 9.974427e-01 9.943370e-01 9.944541e-01 9.938383e-01 9.927243e-01 9.945211e-01 9.924932e-01 9.896666e-01 9.889835e-01 9.925419e-01 9.906515e-01 9.900190e-01 9.921958e-01 1.002110e+00 1.000712e+00 9.960579e-01 9.951490e-01 9.896319e-01 9.842845e-01 9.852893e-01 9.873908e-01 9.891291e-01 9.963862e-01 9.948712e-01 9.942051e-01 9.955500e-01 9.982842e-01 1.001940e+00 1.003113e+00 1.002997e+00 1.001845e+00 9.990493e-01 9.976307e-01 9.968408e-01 9.927123e-01 9.918181e-01 9.923089e-01 9.907367e-01 9.959662e-01 9.987426e-01 9.919936e-01 9.824398e-01 9.802200e-01 9.859031e-01 9.900948e-01 9.931104e-01 9.917526e-01 9.924009e-01 9.923459e-01 9.894937e-01 9.908134e-01 9.949540e-01 9.941298e-01 9.906248e-01 9.879410e-01 9.905494e-01 9.914371e-01 9.926946e-01 9.946434e-01 9.997629e-01 9.998567e-01 1.007748e+00 1.012812e+00 1.012593e+00 1.010422e+00 1.011075e+00 1.014694e+00 1.024848e+00 1.025082e+00 1.023566e+00 1.035487e+00 1.046423e+00 1.047932e+00 1.044987e+00 1.043852e+00 1.044146e+00 1.044183e+00 1.043579e+00 1.046718e+00 1.049676e+00 1.049570e+00 1.047274e+00 1.047330e+00 1.049043e+00 1.050803e+00 1.050109e+00 1.047094e+00 1.047007e+00 1.049421e+00 1.051946e+00 1.055735e+00 1.055604e+00 1.054935e+00 1.055028e+00 1.055255e+00 1.057585e+00 1.057009e+00 1.054669e+00 1.059544e+00 1.062384e+00 1.058576e+00 1.055525e+00 1.055031e+00 1.057832e+00 1.053480e+00 1.048353e+00 1.043642e+00 1.042118e+00 1.041454e+00 1.039124e+00 1.033978e+00 1.029269e+00 1.027974e+00 1.026273e+00 1.020602e+00 1.015550e+00 1.012360e+00 1.005948e+00 9.949962e-01 9.858170e-01 9.747566e-01 9.647930e-01 9.594423e-01 9.620521e-01 9.639416e-01 9.660772e-01 9.663268e-01 9.639962e-01 9.637235e-01 9.746189e-01 9.883088e-01 9.888073e-01 9.838872e-01 9.896079e-01 9.932970e-01 9.907499e-01 9.869061e-01 9.922700e-01 9.956135e-01 9.947941e-01 1.004125e+00 9.889295e-01 9.771237e-01 9.481399e-01 9.532009e-01 9.527889e-01 9.405180e-01 9.469211e-01 1.003540e+00 9.858027e-01 1.018798e+00
1.003255e+00 1.004018e+00 1.002178e+00 1.004263e+00 1.003731e+00 9.921132e-01 9.889207e-01 9.839485e-01 9.864707e-01 9.855326e-01 9.798138e-01 9.853111e-01 9.931331e-01 9.945274e-01 9.841275e-01 9.751001e-01 9.661520e-01 9.517382e-01 9.417276e-01 9.364034e-01 9.335420e-01 9.314613e-01 9.355786e-01 9.334114e-01 9.277462e-01 9.267671e-01 9.238808e-01 9.308857e-01 9.396362e-01 9.434404e-01 9.428467e-01 9.426405e-01 9.460509e-01 9.445666e-01 9.410966e-01 9.433191e-01 9.448349e-01 9.429154e-01 9.441189e-01 9.468301e-01 9.505914e-01 9.527727e-01 9.484641e-01 9.473548e-01 9.541311e-01 9.532396e-01 9.503419e-01 9.528499e-01 9.566018e-01 9.609039e-01 9.629512e-01 9.645828e-01 9.681678e-01 9.688106e-01 9.666828e-01 9.698687e-01 9.708343e-01 9.682450e-01 9.683964e-01 9.653284e-01 9.657720e-01 9.682322e-01 9.701284e-01 9.708664e-01 9.780275e-01 9.794563e-01 9.790976e-01 9.805004e-01 9.871877e-01 9.891011e-01 9.901267e-01 9.926529e-01 9.920632e-01 9.903994e-01 9.872238e-01 9.872410e-01 9.886533e-01 9.982674e-01 1.000672e+00 1.003721e+00 1.005633e+00 1.000947e+00 9.998643e-01 1.002799e+00 1.009684e+00 1.007833e+00 1.001809e+00 1.001596e+00 1.003530e+00 1.006949e+00 1.010075e+00 1.006626e+00 1.003144e+00 1.001626e+00 1.000316e+00 1.004337e+00 1.003178e+00 9.998386e-01 1.000574e+00 1.004047e+00 1.007752e+00 1.005419e+00 1.003294e+00 1.004476e+00 1.006073e+00 1.005425e+00 1.000361e+00 1.002780e+00 1.002090e+00 9.978276e-01 9.955902e-01 9.918378e-01 9.902239e-01 9.931773e-01 9.905416e-01 9.853256e-01 9.855806e-01 9.890064e-01 9.963256e-01 9.946551e-01 9.922989e-01 9.924708e-01 9.870896e-01 9.820793e-01 9.831501e-01 9.832934e-01 9.820152e-01 9.886524e-01 9.973468e-01 1.002088e+00 1.002061e+00 1.000958e+00 1.000892e+00 1.002703e+00 1.009728e+00 1.013005e+00 1.007408e+00 1.000984e+00 9.948348e-01 9.851175e-01 9.818894e-01 9.947774e-01 1.000044e+00 9.982126e-01 9.962521e-01 9.960080e-01 9.946797e-01 9.903437e-01 9.901903e-01 9.910944e-01 9.928108e-01 9.973465e-01 9.971490e-01 9.906796e-01 9.878903e-01 9.907268e-01 9.928311e-01 9.920154e-01 9.929950e-01 9.963901e-01 9.995076e-01 9.921194e-01 9.900800e-01 9.912283e-01 9.911543e-01 9.949367e-01 1.005803e+00 1.008010e+00 1.006133e+00 1.005007e+00 1.007180e+00 1.011333e+00 1.017474e+00 1.020272e+00 1.024333e+00 1.030671e+00 1.043580e+00 1.047682e+00 1.048324e+00 1.048396e+00 1.047937e+00 1.046044e+00 1.043859e+00 1.044137e+00 1.044194e+00 1.047571e+00 1.049991e+00 1.050475e+00 1.051973e+00 1.055532e+00 1.057664e+00 1.056708e+00 1.054173e+00 1.050589e+00 1.050211e+00 1.054417e+00 1.056388e+00 1.056364e+00 1.055641e+00 1.055805e+00 1.058383e+00 1.059032e+00 1.057672e+00 1.059437e+00 1.058997e+00 1.054434e+00 1.052880e+00 1.056686e+00 1.056867e+00 1.054321e+00 1.052347e+00 1.046720e+00 1.044109e+00 1.040813e+00 1.035616e+00 1.022636e+00 1.019331e+00 1.020198e+00 1.019912e+00 1.020370e+00 1.023061e+00 1.021720e+00 1.013167e+00 1.001119e+00 9.890843e-01 9.787740e-01 9.687359e-01 9.621100e-01 9.672013e-01 9.700507e-01 9.685491e-01 9.678555e-01 9.657042e-01 9.546470e-01 9.619259e-01 9.792811e-01 9.848952e-01 9.894959e-01 1.000957e+00 1.007982e+00 1.004077e+00 9.960613e-01 9.963595e-01 9.981385e-01 9.950698e-01 1.003585e+00 9.925405e-01 9.854273e-01 9.571306e-01 9.634075e-01 9.634428e-01 9.502349e-01 9.507376e-01 1.007168e+00 9.904904e-01 1.028432e+00
9.991494e-01 1.002672e+00 1.003886e+00 1.003816e+00 1.003958e+00 9.944483e-01 9.851320e-01 9.773828e-01 9.818624e-01 9.864482e-01 9.842380e-01 9.886993e-01 9.963936e-01 9.956085e-01 9.876350e-01 9.813485e-01 9.643053e-01 9.476789e-01 9.414169e-01 9.417596e-01 9.363155e-01 9.350398e-01 9.364265e-01 9.384639e-01 9.380760e-01 9.370475e-01 9.327378e-01 9.358227e-01 9.404098e-01 9.440782e-01 9.435717e-01 9.454269e-01 9.455956e-01 9.434198e-01 9.414647e-01 9.463483e-01 9.455689e-01 9.417703e-01 9.426947e-01 9.470450e-01 9.543616e-01 9.575184e-01 9.490522e-01 9.439598e-01 9.481462e-01 9.532677e-01 9.546850e-01 9.569168e-01 9.599265e-01 9.609001e-01 9.600752e-01 9.605112e-01 9.651160e-01 9.682861e-01 9.649841e-01 9.650666e-01 9.695568e-01 9.712446e-01 9.707408e-01 9.663523e-01 9.690040e-01 9.717021e-01 9.728842e-01 9.777557e-01 9.813238e-01 9.798516e-01 9.785219e-01 9.806852e-01 9.869210e-01 9.948345e-01 9.984994e-01 9.952536e-01 9.971788e-01 9.993256e-01 1.000139e+00 9.958973e-01 9.967524e-01 9.967930e-01 9.945248e-01 9.957933e-01 1.004343e+00 1.006983e+00 1.008893e+00 1.008076e+00 1.009954e+00 1.011763e+00 1.010149e+00 1.004209e+00 1.004490e+00 1.007227e+00 1.009761e+00 1.007810e+00 1.006785e+00 1.004331e+00 1.004906e+00 1.006151e+00 1.005052e+00 1.000568e+00 1.002717e+00 1.002046e+00 1.005020e+00 1.005223e+00 1.003378e+00 1.002452e+00 1.004331e+00 1.006359e+00 1.006874e+00 1.008789e+00 1.005246e+00 9.965901e-01 9.889479e-01 9.885734e-01 9.899171e-01 9.870832e-01 9.845126e-01 9.839951e-01 9.857517e-01 9.883200e-01 9.906257e-01 9.932129e-01 9.948196e-01 9.901593e-01 9.837779e-01 9.804190e-01 9.804788e-01 9.778037e-01 9.738312e-01 9.783508e-01 9.930972e-01 9.964696e-01 9.925410e-01 9.942714e-01 9.981762e-01 1.008574e+00 1.017696e+00 1.019040e+00 1.010486e+00 1.001472e+00 9.905211e-01 9.806306e-01 9.771265e-01 9.945745e-01 9.998122e-01 9.992155e-01 9.933439e-01 9.958647e-01 1.005779e+00 1.001824e+00 9.964831e-01 9.949978e-01 9.918252e-01 9.930166e-01 9.874178e-01 9.804044e-01 9.848870e-01 9.886836e-01 9.858287e-01 9.854673e-01 9.906971e-01 9.966007e-01 9.966941e-01 9.950664e-01 9.995387e-01 9.999177e-01 9.934023e-01 9.923694e-01 1.001863e+00 1.003439e+00 1.002190e+00 1.006700e+00 1.008554e+00 1.015090e+00 1.021461e+00 1.018380e+00 1.019928e+00 1.027426e+00 1.040399e+00 1.048783e+00 1.052161e+00 1.052254e+00 1.050513e+00 1.044982e+00 1.042273e+00 1.041228e+00 1.040333e+00 1.043211e+00 1.051044e+00 1.054715e+00 1.055516e+00 1.059222e+00 1.060902e+00 1.062287e+00 1.060419e+00 1.053303e+00 1.049930e+00 1.052953e+00 1.054908e+00 1.054258e+00 1.053929e+00 1.054902e+00 1.056810e+00 1.057503e+00 1.056994e+00 1.055826e+00 1.055445e+00 1.052474e+00 1.051849e+00 1.055156e+00 1.055264e+00 1.053134e+00 1.050441e+00 1.046735e+00 1.046642e+00 1.042657e+00 1.035992e+00 1.024923e+00 1.023850e+00 1.025588e+00 1.027088e+00 1.027474e+00 1.027567e+00 1.025561e+00 1.017909e+00 1.006896e+00 9.949610e-01 9.866254e-01 9.791917e-01 9.750793e-01 9.719985e-01 9.715055e-01 9.737368e-01 9.764350e-01 9.782109e-01 9.668987e-01 9.705446e-01 9.852574e-01 9.887178e-01 9.914849e-01 1.002657e+00 1.017193e+00 1.020010e+00 1.009002e+00 1.007635e+00 1.006458e+00 9.997275e-01 1.003195e+00 1.000461e+00 9.911371e-01 9.682847e-01 9.691596e-01 9.700683e-01 9.581102e-01 9.556084e-01 1.006418e+00 9.939666e-01 1.033855e+00
9.979938e-01 1.006938e+00 1.004287e+00 1.003889e+00 1.003447e+00 9.935030e-01 9.825541e-01 9.770269e-01 9.847778e-01 9.930795e-01 9.930599e-01 9.915494e-01 9.971059e-01 9.949979e-01 9.865959e-01 9.760702e-01 9.597818e-01 9.493015e-01 9.461778e-01 9.477141e-01 9.392695e-01 9.356282e-01 9.385771e-01 9.463508e-01 9.491899e-01 9.443736e-01 9.383635e-01 9.391734e-01 9.401879e-01 9.426717e-01 9.469407e-01 9.469960e-01 9.446762e-01 9.469212e-01 9.483625e-01 9.505579e-01 9.459263e-01 9.404386e-01 9.401377e-01 9.458581e-01 9.563252e-01 9.580944e-01 9.490812e-01 9.447446e-01 9.515322e-01 9.551056e-01 9.556331e-01 9.563659e-01 9.571539e-01 9.559204e-01 9.543890e-01 9.577944e-01 9.661115e-01 9.678228e-01 9.675021e-01 9.681203e-01 9.708433e-01 9.704443e-01 9.714424e-01 9.712241e-01 9.750609e-01 9.760572e-01 9.744258e-01 9.791860e-01 9.794130e-01 9.778282e-01 9.801792e-01 9.846701e-01 9.896351e-01 9.965646e-01 1.001541e+00 9.978999e-01 1.003597e+00 1.009700e+00 1.012791e+00 1.009775e+00 1.004364e+00 9.980206e-01 9.953520e-01 9.980903e-01 1.004234e+00 1.006405e+00 1.011127e+00 1.010475e+00 1.010489e+00 1.017506e+00 1.017968e+00 1.011275e+00 1.007845e+00 1.008293e+00 1.009564e+00 1.004487e+00 1.002621e+00 1.004796e+00 1.009730e+00 1.005451e+00 1.005544e+00 1.001970e+00 1.008119e+00 1.009851e+00 1.006723e+00 1.002944e+00 1.001749e+00 1.003259e+00 1.006784e+00 1.009192e+00 1.010925e+00 1.008407e+00 1.006358e+00 9.967770e-01 9.857225e-01 9.815487e-01 9.833220e-01 9.825861e-01 9.810823e-01 9.834597e-01 9.814276e-01 9.837312e-01 9.870065e-01 9.892746e-01 9.902419e-01 9.888740e-01 9.852780e-01 9.803777e-01 9.803360e-01 9.808054e-01 9.796226e-01 9.817802e-01 9.884775e-01 9.878075e-01 9.903716e-01 9.943691e-01 9.979405e-01 1.007846e+00 1.014080e+00 1.005698e+00 1.000700e+00 9.968214e-01 9.901807e-01 9.816431e-01 9.825146e-01 9.889164e-01 9.950156e-01 9.955207e-01 9.882245e-01 9.957614e-01 1.005476e+00 1.008319e+00 1.000448e+00 9.944210e-01 9.893979e-01 9.846405e-01 9.806338e-01 9.787180e-01 9.864221e-01 9.890701e-01 9.870842e-01 9.868359e-01 9.928350e-01 9.943206e-01 9.952837e-01 9.999340e-01 1.003721e+00 1.004813e+00 9.983759e-01 9.928740e-01 9.970838e-01 1.001882e+00 1.006785e+00 1.006155e+00 1.008090e+00 1.019301e+00 1.024995e+00 1.021412e+00 1.022863e+00 1.028737e+00 1.039209e+00 1.049568e+00 1.050483e+00 1.051026e+00 1.049702e+00 1.045208e+00 1.044834e+00 1.044554e+00 1.041874e+00 1.044086e+00 1.051095e+00 1.054563e+00 1.055312e+00 1.056507e+00 1.060021e+00 1.062791e+00 1.059796e+00 1.052057e+00 1.048296e+00 1.050763e+00 1.053423e+00 1.050698e+00 1.049627e+00 1.053357e+00 1.054565e+00 1.055549e+00 1.055842e+00 1.053172e+00 1.049640e+00 1.048623e+00 1.050618e+00 1.055102e+00 1.052925e+00 1.049945e+00 1.050677e+00 1.047419e+00 1.045789e+00 1.043714e+00 1.040472e+00 1.037868e+00 1.036625e+00 1.034720e+00 1.030115e+00 1.030488e+00 1.026545e+00 1.024959e+00 1.017669e+00 1.008474e+00 1.001148e+00 9.968286e-01 9.924820e-01 9.856717e-01 9.808471e-01 9.806634e-01 9.817073e-01 9.887335e-01 9.910092e-01 9.870988e-01 9.862199e-01 9.907271e-01 9.939500e-01 9.947172e-01 1.001675e+00 1.018914e+00 1.024724e+00 1.015903e+00 1.016656e+00 1.018412e+00 1.006924e+00 1.009333e+00 1.008031e+00 9.984885e-01 9.741264e-01 9.687899e-01 9.705187e-01 9.584599e-01 9.595760e-01 1.008143e+00 9.986131e-01 1.034752e+00
9.962264e-01 1.005946e+00 1.005772e+00 1.007763e+00 1.001637e+00 9.907519e-01 9.828653e-01 9.813858e-01 9.877102e-01 9.948877e-01 9.939398e-01 9.909921e-01 9.972735e-01 1.003064e+00 9.873096e-01 9.761301e-01 9.638384e-01 9.573151e-01 9.579832e-01 9.534283e-01 9.410795e-01 9.340825e-01 9.346980e-01 9.438146e-01 9.427625e-01 9.367139e-01 9.353844e-01 9.365426e-01 9.361714e-01 9.424257e-01 9.480311e-01 9.460546e-01 9.445269e-01 9.423039e-01 9.420747e-01 9.459513e-01 9.476556e-01 9.444148e-01 9.413840e-01 9.471131e-01 9.571926e-01 9.603692e-01 9.549091e-01 9.494306e-01 9.579963e-01 9.584552e-01 9.538711e-01 9.531348e-01 9.542817e-01 9.541011e-01 9.572017e-01 9.655359e-01 9.702541e-01 9.699910e-01 9.662226e-01 9.655687e-01 9.680017e-01 9.678426e-01 9.723819e-01 9.762089e-01 9.733606e-01 9.731048e-01 9.766657e-01 9.786876e-01 9.796225e-01 9.827903e-01 9.855396e-01 9.880414e-01 9.891381e-01 9.960181e-01 1.001568e+00 1.005388e+00 1.010129e+00 1.013608e+00 1.015128e+00 1.014510e+00 1.008170e+00 1.005394e+00 9.994203e-01 9.979095e-01 1.002623e+00 1.009977e+00 1.014385e+00 1.008080e+00 1.012419e+00 1.019288e+00 1.018619e+00 1.012078e+00 1.006412e+00 1.008422e+00 1.007075e+00 1.001940e+00 1.000518e+00 1.003078e+00 1.006567e+00 1.005036e+00 1.008708e+00 1.008043e+00 1.010017e+00 1.011069e+00 1.007209e+00 9.979962e-01 9.973676e-01 1.001641e+00 1.010286e+00 1.014149e+00 1.011527e+00 1.006284e+00 1.003996e+00 9.956034e-01 9.854433e-01 9.811163e-01 9.822893e-01 9.793031e-01 9.758615e-01 9.772422e-01 9.771091e-01 9.808534e-01 9.826412e-01 9.851411e-01 9.909430e-01 9.909027e-01 9.843373e-01 9.751253e-01 9.749140e-01 9.818431e-01 9.860587e-01 9.893559e-01 9.900508e-01 9.924883e-01 9.981712e-01 1.003241e+00 1.001048e+00 1.001395e+00 9.971580e-01 9.853423e-01 9.904615e-01 9.988835e-01 9.946746e-01 9.839157e-01 9.769431e-01 9.796200e-01 9.941462e-01 9.974065e-01 9.946311e-01 9.998119e-01 1.009830e+00 1.008752e+00 9.977164e-01 9.949993e-01 9.916468e-01 9.897021e-01 9.875918e-01 9.875399e-01 9.874994e-01 9.888219e-01 9.929342e-01 9.927570e-01 9.954248e-01 9.950730e-01 1.000582e+00 1.009370e+00 1.010711e+00 1.005697e+00 1.001587e+00 9.943821e-01 9.929965e-01 1.004518e+00 1.008031e+00 1.008419e+00 1.009836e+00 1.017326e+00 1.024520e+00 1.026705e+00 1.030455e+00 1.035306e+00 1.040985e+00 1.047126e+00 1.047720e+00 1.048628e+00 1.049152e+00 1.049039e+00 1.047724e+00 1.045399e+00 1.043251e+00 1.044921e+00 1.048806e+00 1.052555e+00 1.051987e+00 1.052681e+00 1.058925e+00 1.061581e+00 1.057562e+00 1.050560e+00 1.047027e+00 1.048105e+00 1.049596e+00 1.048377e+00 1.049620e+00 1.052935e+00 1.054319e+00 1.056228e+00 1.055812e+00 1.051522e+00 1.044074e+00 1.040453e+00 1.044246e+00 1.051142e+00 1.050887e+00 1.050191e+00 1.048799e+00 1.046085e+00 1.045514e+00 1.046818e+00 1.043923e+00 1.045098e+00 1.046186e+00 1.043055e+00 1.035706e+00 1.035882e+00 1.030608e+00 1.025426e+00 1.020710e+00 1.014547e+00 1.005098e+00 9.982566e-01 9.990593e-01 9.992109e-01 9.957550e-01 9.914885e-01 9.850383e-01 9.916289e-01 9.969184e-01 9.965002e-01 9.900277e-01 9.945996e-01 1.004830e+00 1.008312e+00 1.015144e+00 1.021020e+00 1.024763e+00 1.027356e+00 1.025451e+00 1.020215e+00 1.009545e+00 1.014159e+00 1.012515e+00 1.003154e+00 9.757074e-01 9.732192e-01 9.735258e-01 9.623849e-01 9.601417e-01 1.010117e+00 1.002075e+00 1.034351e+00
9.974419e-01 1.004958e+00 1.008844e+00 1.007309e+00 9.979502e-01 9.886010e-01 9.848272e-01 9.812080e-01 9.871516e-01 1.000313e+00 9.950930e-01 9.889444e-01 9.962213e-01 1.003910e+00 9.916030e-01 9.817995e-01 9.715904e-01 9.619830e-01 9.584733e-01 9.478758e-01 9.397604e-01 9.317318e-01 9.333760e-01 9.380192e-01 9.321133e-01 9.327431e-01 9.362204e-01 9.387193e-01 9.381259e-01 9.430251e-01 9.490552e-01 9.496374e-01 9.469411e-01 9.401091e-01 9.385346e-01 9.404252e-01 9.453248e-01 9.473094e-01 9.467289e-01 9.478212e-01 9.542132e-01 9.586438e-01 9.549901e-01 9.542163e-01 9.583800e-01 9.552487e-01 9.525387e-01 9.545305e-01 9.582505e-01 9.639447e-01 9.704509e-01 9.753360e-01 9.744142e-01 9.721540e-01 9.674559e-01 9.657987e-01 9.679931e-01 9.725264e-01 9.778029e-01 9.792897e-01 9.766040e-01 9.740335e-01 9.771150e-01 9.785415e-01 9.815046e-01 9.860568e-01 9.919646e-01 9.924548e-01 9.952886e-01 9.983631e-01 1.000084e+00 1.004109e+00 1.008346e+00 1.010942e+00 1.010536e+00 1.012461e+00 1.011355e+00 1.010998e+00 1.006998e+00 1.002460e+00 1.009025e+00 1.013815e+00 1.013385e+00 1.010537e+00 1.018225e+00 1.021565e+00 1.019224e+00 1.011701e+00 1.009477e+00 1.010090e+00 1.005793e+00 9.997745e-01 1.002512e+00 1.003868e+00 1.005929e+00 1.005579e+00 1.010974e+00 1.010720e+00 1.003914e+00 9.995325e-01 1.002334e+00 1.003511e+00 1.006478e+00 1.006174e+00 1.011203e+00 1.012130e+00 1.007599e+00 1.003908e+00 9.980158e-01 9.915011e-01 9.832168e-01 9.815813e-01 9.813174e-01 9.797786e-01 9.788153e-01 9.735671e-01 9.804745e-01 9.847031e-01 9.884099e-01 9.857590e-01 9.902046e-01 9.901009e-01 9.781623e-01 9.696474e-01 9.722221e-01 9.772934e-01 9.838806e-01 9.919933e-01 9.982938e-01 1.004666e+00 1.007008e+00 1.010149e+00 1.003699e+00 9.933627e-01 9.815634e-01 9.754627e-01 9.889352e-01 9.960206e-01 9.863344e-01 9.800657e-01 9.775429e-01 9.860805e-01 9.965984e-01 9.996160e-01 1.000157e+00 1.006578e+00 1.013012e+00 1.004114e+00 9.994034e-01 9.977055e-01 9.959534e-01 9.951074e-01 9.955491e-01 9.950240e-01 9.910083e-01 9.937980e-01 1.000691e+00 1.001215e+00 9.980925e-01 9.973380e-01 1.001787e+00 1.005104e+00 1.003037e+00 1.002489e+00 1.002740e+00 9.987040e-01 9.987012e-01 1.005633e+00 1.007766e+00 1.009073e+00 1.012189e+00 1.018499e+00 1.025018e+00 1.028811e+00 1.035456e+00 1.039977e+00 1.042925e+00 1.046386e+00 1.047423e+00 1.047886e+00 1.048342e+00 1.050149e+00 1.046837e+00 1.042304e+00 1.043577e+00 1.046429e+00 1.047689e+00 1.051308e+00 1.051433e+00 1.052366e+00 1.057306e+00 1.058260e+00 1.055968e+00 1.052170e+00 1.049053e+00 1.046572e+00 1.043294e+00 1.047392e+00 1.053631e+00 1.055125e+00 1.055443e+00 1.056936e+00 1.054870e+00 1.049048e+00 1.042184e+00 1.035960e+00 1.035185e+00 1.041746e+00 1.048718e+00 1.053290e+00 1.052268e+00 1.048455e+00 1.049316e+00 1.049646e+00 1.047528e+00 1.047581e+00 1.052879e+00 1.050876e+00 1.045460e+00 1.040194e+00 1.037425e+00 1.033483e+00 1.028534e+00 1.022803e+00 1.016482e+00 1.006366e+00 1.005006e+00 1.007354e+00 1.003668e+00 9.951401e-01 9.898713e-01 9.920738e-01 1.000277e+00 1.004269e+00 9.929094e-01 9.955062e-01 1.011223e+00 1.020215e+00 1.025128e+00 1.028738e+00 1.027501e+00 1.031259e+00 1.031936e+00 1.023996e+00 1.016201e+00 1.022172e+00 1.015983e+00 1.007719e+00 9.806087e-01 9.766459e-01 9.787861e-01 9.631099e-01 9.595777e-01 1.008729e+00 1.004632e+00 1.035381e+00
9.996208e-01 1.008488e+00 1.013407e+00 1.007317e+00 9.958552e-01 9.873787e-01 9.825987e-01 9.802707e-01 9.896242e-01 9.957682e-01 9.871044e-01 9.776083e-01 9.867683e-01 9.989785e-01 9.968025e-01 9.866018e-01 9.747388e-01 9.592894e-01 9.490935e-01 9.447489e-01 9.380683e-01 9.293051e-01 9.351904e-01 9.385217e-01 9.331049e-01 9.350166e-01 9.419817e-01 9.426714e-01 9.443367e-01 9.464316e-01 9.539388e-01 9.538518e-01 9.456065e-01 9.403683e-01 9.398056e-01 9.411645e-01 9.463278e-01 9.501454e-01 9.533115e-01 9.487285e-01 9.481217e-01 9.554050e-01 9.561483e-01 9.547756e-01 9.579170e-01 9.586641e-01 9.571300e-01 9.587665e-01 9.660428e-01 9.736643e-01 9.771924e-01 9.733332e-01 9.695865e-01 9.690662e-01 9.699659e-01 9.677469e-01 9.703646e-01 9.785855e-01 9.781271e-01 9.757423e-01 9.780453e-01 9.784800e-01 9.786475e-01 9.795125e-01 9.865507e-01 9.921784e-01 9.985431e-01 1.000938e+00 1.002447e+00 1.003935e+00 1.002646e+00 1.004130e+00 1.007731e+00 1.012282e+00 1.011837e+00 1.011740e+00 1.014752e+00 1.015680e+00 1.011984e+00 1.011638e+00 1.017268e+00 1.018111e+00 1.013607e+00 1.011210e+00 1.016976e+00 1.021593e+00 1.019691e+00 1.013254e+00 1.012691e+00 1.011316e+00 1.011619e+00 1.009354e+00 1.004926e+00 1.003412e+00 1.008211e+00 1.008925e+00 1.013798e+00 1.014027e+00 1.002091e+00 9.979236e-01 1.003676e+00 1.009396e+00 1.012152e+00 1.008517e+00 1.008287e+00 1.006247e+00 1.001085e+00 9.983622e-01 9.934950e-01 9.884102e-01 9.845948e-01 9.848056e-01 9.822432e-01 9.766877e-01 9.741980e-01 9.740026e-01 9.803336e-01 9.837449e-01 9.865576e-01 9.851218e-01 9.833851e-01 9.833202e-01 9.784589e-01 9.741472e-01 9.801014e-01 9.811936e-01 9.820991e-01 9.864383e-01 9.956182e-01 1.001542e+00 1.005243e+00 1.008622e+00 1.003551e+00 9.897580e-01 9.743931e-01 9.743162e-01 9.862728e-01 9.920949e-01 9.818622e-01 9.841051e-01 9.915857e-01 9.931751e-01 1.000004e+00 1.001756e+00 1.006302e+00 1.012004e+00 1.011828e+00 1.000528e+00 9.986725e-01 9.954136e-01 9.911189e-01 9.875059e-01 9.927444e-01 1.000466e+00 9.993809e-01 9.957289e-01 9.996797e-01 1.003346e+00 9.980214e-01 1.000029e+00 1.001971e+00 9.970886e-01 9.919462e-01 1.000405e+00 1.002049e+00 9.965938e-01 1.001516e+00 1.006628e+00 1.010060e+00 1.011566e+00 1.013384e+00 1.019631e+00 1.025704e+00 1.031482e+00 1.037039e+00 1.041644e+00 1.044482e+00 1.046503e+00 1.047204e+00 1.045429e+00 1.045293e+00 1.049220e+00 1.047658e+00 1.042514e+00 1.043297e+00 1.048608e+00 1.048626e+00 1.050090e+00 1.050546e+00 1.051610e+00 1.054115e+00 1.051171e+00 1.049163e+00 1.050244e+00 1.050565e+00 1.047459e+00 1.042467e+00 1.045847e+00 1.051800e+00 1.053402e+00 1.053932e+00 1.054796e+00 1.053961e+00 1.051574e+00 1.047265e+00 1.040059e+00 1.035037e+00 1.038555e+00 1.047732e+00 1.051970e+00 1.052055e+00 1.050143e+00 1.053456e+00 1.052894e+00 1.048867e+00 1.049142e+00 1.051177e+00 1.048746e+00 1.046269e+00 1.042202e+00 1.038406e+00 1.036551e+00 1.032916e+00 1.026950e+00 1.021567e+00 1.014857e+00 1.012825e+00 1.015078e+00 1.011059e+00 9.987761e-01 9.947120e-01 9.989851e-01 1.002649e+00 1.007754e+00 9.989802e-01 9.996119e-01 1.012714e+00 1.020549e+00 1.020959e+00 1.024077e+00 1.026430e+00 1.026350e+00 1.028641e+00 1.030319e+00 1.025622e+00 1.027252e+00 1.017716e+00 1.009720e+00 9.810793e-01 9.714871e-01 9.758494e-01 9.621658e-01 9.614913e-01 1.005983e+00 1.010297e+00 1.029950e+00
1.003579e+00 1.013263e+00 1.020611e+00 1.010419e+00 9.985828e-01 9.907417e-01 9.832412e-01 9.827541e-01 9.867859e-01 9.864121e-01 9.790467e-01 9.706728e-01 9.785478e-01 9.936652e-01 9.965826e-01 9.926426e-01 9.826462e-01 9.665532e-01 9.520855e-01 9.495418e-01 9.427833e-01 9.356888e-01 9.384357e-01 9.455557e-01 9.436728e-01 9.392537e-01 9.472960e-01 9.457147e-01 9.425983e-01 9.470457e-01 9.570761e-01 9.579720e-01 9.503281e-01 9.461812e-01 9.466221e-01 9.503978e-01 9.549175e-01 9.585451e-01 9.576744e-01 9.536204e-01 9.522155e-01 9.614522e-01 9.628448e-01 9.557859e-01 9.570024e-01 9.595643e-01 9.642258e-01 9.665961e-01 9.696354e-01 9.702261e-01 9.712915e-01 9.682869e-01 9.655440e-01 9.682118e-01 9.707425e-01 9.699756e-01 9.718780e-01 9.735358e-01 9.700017e-01 9.709774e-01 9.750459e-01 9.785703e-01 9.818149e-01 9.841484e-01 9.908651e-01 9.958788e-01 1.001699e+00 1.007128e+00 1.006179e+00 1.009239e+00 1.006974e+00 1.004987e+00 1.007262e+00 1.012317e+00 1.017399e+00 1.017329e+00 1.018010e+00 1.015805e+00 1.015798e+00 1.016781e+00 1.018863e+00 1.020457e+00 1.020839e+00 1.017731e+00 1.015755e+00 1.018804e+00 1.018744e+00 1.014766e+00 1.013731e+00 1.015045e+00 1.016962e+00 1.013190e+00 1.005281e+00 1.004413e+00 1.010903e+00 1.013441e+00 1.012097e+00 1.010622e+00 1.005274e+00 1.002688e+00 1.006490e+00 1.008723e+00 1.009651e+00 1.007992e+00 1.004815e+00 1.003726e+00 1.000360e+00 9.967117e-01 9.929066e-01 9.894273e-01 9.869223e-01 9.842256e-01 9.793645e-01 9.716111e-01 9.699599e-01 9.764830e-01 9.802339e-01 9.802827e-01 9.845822e-01 9.815077e-01 9.809647e-01 9.837278e-01 9.834872e-01 9.839392e-01 9.886507e-01 9.882752e-01 9.831759e-01 9.838269e-01 9.916711e-01 1.001028e+00 1.003259e+00 9.951841e-01 9.901141e-01 9.829267e-01 9.691894e-01 9.735444e-01 9.817396e-01 9.929159e-01 9.927931e-01 9.957678e-01 1.002460e+00 1.001025e+00 1.003478e+00 1.009845e+00 1.010146e+00 1.007448e+00 1.003255e+00 9.983883e-01 9.961067e-01 9.940973e-01 9.878172e-01 9.816723e-01 9.891640e-01 9.962886e-01 9.985912e-01 9.986729e-01 1.001032e+00 1.000785e+00 9.989918e-01 1.005308e+00 1.001596e+00 9.948154e-01 9.934980e-01 1.002126e+00 9.994942e-01 9.948950e-01 1.001805e+00 1.008446e+00 1.014152e+00 1.013257e+00 1.014114e+00 1.018258e+00 1.022362e+00 1.027180e+00 1.033275e+00 1.040475e+00 1.046588e+00 1.047809e+00 1.044668e+00 1.041311e+00 1.043933e+00 1.048441e+00 1.047661e+00 1.044746e+00 1.041461e+00 1.045303e+00 1.047627e+00 1.048932e+00 1.048577e+00 1.049393e+00 1.049524e+00 1.046651e+00 1.043638e+00 1.047344e+00 1.050203e+00 1.047203e+00 1.044374e+00 1.045239e+00 1.049255e+00 1.049453e+00 1.048780e+00 1.052320e+00 1.055008e+00 1.054337e+00 1.049394e+00 1.042999e+00 1.039674e+00 1.045091e+00 1.050299e+00 1.052361e+00 1.050881e+00 1.050510e+00 1.055403e+00 1.054515e+00 1.050490e+00 1.048380e+00 1.048568e+00 1.046885e+00 1.044764e+00 1.043813e+00 1.042102e+00 1.037611e+00 1.034082e+00 1.031165e+00 1.027413e+00 1.023717e+00 1.020463e+00 1.020569e+00 1.017587e+00 1.004285e+00 1.001151e+00 1.005494e+00 1.005312e+00 1.002733e+00 9.973694e-01 9.983729e-01 1.008655e+00 1.014654e+00 1.017742e+00 1.024283e+00 1.031655e+00 1.031990e+00 1.032945e+00 1.031647e+00 1.028949e+00 1.028085e+00 1.015688e+00 1.006231e+00 9.767437e-01 9.702302e-01 9.711109e-01 9.610176e-01 9.653463e-01 1.006106e+00 1.014044e+00 1.029915e+00
1.003744e+00 1.011582e+00 1.018261e+00 1.008873e+00 1.001018e+00 9.895359e-01 9.814314e-01 9.816553e-01 9.779607e-01 9.793325e-01 9.803485e-01 9.755999e-01 9.803989e-01 9.953007e-01 9.985431e-01 9.956275e-01 9.871990e-01 9.735858e-01 9.640210e-01 9.592344e-01 9.496231e-01 9.415913e-01 9.415140e-01 9.501454e-01 9.516948e-01 9.474187e-01 9.540136e-01 9.513748e-01 9.469467e-01 9.517805e-01 9.609047e-01 9.614125e-01 9.555394e-01 9.554708e-01 9.569963e-01 9.593415e-01 9.608117e-01 9.607915e-01 9.594082e-01 9.548621e-01 9.560753e-01 9.619860e-01 9.595680e-01 9.534440e-01 9.601737e-01 9.654263e-01 9.690014e-01 9.661618e-01 9.644483e-01 9.622899e-01 9.631924e-01 9.652902e-01 9.694366e-01 9.761897e-01 9.748104e-01 9.728329e-01 9.742225e-01 9.708476e-01 9.713090e-01 9.714772e-01 9.755903e-01 9.805898e-01 9.831687e-01 9.850664e-01 9.906432e-01 9.937185e-01 9.971722e-01 1.004806e+00 1.006942e+00 1.010339e+00 1.009260e+00 1.006042e+00 1.009339e+00 1.010829e+00 1.015669e+00 1.022651e+00 1.018611e+00 1.014389e+00 1.015432e+00 1.011004e+00 1.010469e+00 1.017781e+00 1.026690e+00 1.026092e+00 1.022227e+00 1.015307e+00 1.015160e+00 1.017117e+00 1.018311e+00 1.018424e+00 1.017079e+00 1.015080e+00 1.009925e+00 1.007155e+00 1.010776e+00 1.015809e+00 1.014917e+00 1.009423e+00 1.004547e+00 1.003425e+00 1.001227e+00 1.001986e+00 1.002477e+00 1.003520e+00 1.001376e+00 1.003447e+00 1.003727e+00 9.997880e-01 9.936991e-01 9.876143e-01 9.853114e-01 9.796332e-01 9.735219e-01 9.688217e-01 9.699886e-01 9.830008e-01 9.825593e-01 9.803941e-01 9.781242e-01 9.781665e-01 9.862884e-01 9.930234e-01 9.888944e-01 9.880530e-01 9.868709e-01 9.876193e-01 9.858814e-01 9.903722e-01 9.993249e-01 1.004753e+00 1.002216e+00 9.888949e-01 9.805355e-01 9.743211e-01 9.702122e-01 9.777181e-01 9.893144e-01 1.000967e+00 1.008448e+00 1.005202e+00 1.001078e+00 9.997813e-01 1.002850e+00 1.009498e+00 1.008202e+00 9.969085e-01 9.947288e-01 9.986650e-01 9.966477e-01 9.986754e-01 9.971828e-01 9.900995e-01 9.924375e-01 9.962360e-01 9.985433e-01 9.963628e-01 1.000143e+00 1.002072e+00 1.002051e+00 1.003817e+00 1.001967e+00 9.917965e-01 1.000751e+00 1.008311e+00 1.004449e+00 9.998034e-01 1.001580e+00 1.006459e+00 1.013058e+00 1.012589e+00 1.013686e+00 1.014138e+00 1.016830e+00 1.025123e+00 1.028715e+00 1.034451e+00 1.044933e+00 1.045932e+00 1.040530e+00 1.037588e+00 1.042418e+00 1.046810e+00 1.047804e+00 1.044893e+00 1.040023e+00 1.038921e+00 1.044442e+00 1.048247e+00 1.050722e+00 1.051456e+00 1.049032e+00 1.046385e+00 1.045377e+00 1.047990e+00 1.050444e+00 1.048005e+00 1.047978e+00 1.046578e+00 1.045005e+00 1.045414e+00 1.047446e+00 1.052171e+00 1.056262e+00 1.054229e+00 1.044339e+00 1.039672e+00 1.042804e+00 1.048051e+00 1.051019e+00 1.051008e+00 1.051445e+00 1.054032e+00 1.055960e+00 1.053563e+00 1.047672e+00 1.048038e+00 1.047830e+00 1.047574e+00 1.052518e+00 1.053227e+00 1.047662e+00 1.040735e+00 1.036412e+00 1.034517e+00 1.032031e+00 1.027790e+00 1.024339e+00 1.025260e+00 1.022427e+00 1.010375e+00 1.006280e+00 1.003345e+00 9.965408e-01 9.976703e-01 9.966187e-01 9.992821e-01 1.011409e+00 1.012818e+00 1.019538e+00 1.028939e+00 1.036562e+00 1.040985e+00 1.039630e+00 1.030840e+00 1.027697e+00 1.030572e+00 1.018708e+00 1.008114e+00 9.747447e-01 9.690771e-01 9.687910e-01 9.502857e-01 9.624320e-01 1.008323e+00 1.012134e+00 1.033423e+00
1.003943e+00 1.010013e+00 1.012939e+00 1.006320e+00 1.000817e+00 9.865505e-01 9.749880e-01 9.720337e-01 9.737961e-01 9.821738e-01 9.843593e-01 9.821680e-01 9.895692e-01 9.984537e-01 1.000502e+00 9.933698e-01 9.850120e-01 9.766165e-01 9.694195e-01 9.640952e-01 9.477115e-01 9.405944e-01 9.457555e-01 9.553981e-01 9.579300e-01 9.563991e-01 9.588220e-01 9.552981e-01 9.531171e-01 9.530151e-01 9.570754e-01 9.574925e-01 9.575143e-01 9.579211e-01 9.621314e-01 9.634330e-01 9.613935e-01 9.586108e-01 9.590856e-01 9.559873e-01 9.572358e-01 9.598858e-01 9.596724e-01 9.595524e-01 9.657167e-01 9.682106e-01 9.667584e-01 9.652919e-01 9.631060e-01 9.626829e-01 9.652871e-01 9.670452e-01 9.729710e-01 9.759788e-01 9.746462e-01 9.724990e-01 9.729419e-01 9.729232e-01 9.755138e-01 9.751937e-01 9.784832e-01 9.826607e-01 9.832835e-01 9.854484e-01 9.883322e-01 9.900219e-01 9.945533e-01 1.002641e+00 1.008180e+00 1.009469e+00 1.008220e+00 1.009045e+00 1.011617e+00 1.009485e+00 1.013115e+00 1.021871e+00 1.018544e+00 1.014112e+00 1.016238e+00 1.014740e+00 1.013334e+00 1.020980e+00 1.025999e+00 1.024702e+00 1.024704e+00 1.019241e+00 1.017153e+00 1.021208e+00 1.023248e+00 1.022189e+00 1.018969e+00 1.014898e+00 1.010564e+00 1.006856e+00 1.009768e+00 1.015141e+00 1.015250e+00 1.007971e+00 1.003089e+00 1.002394e+00 1.001611e+00 1.001738e+00 1.003490e+00 1.000649e+00 9.954613e-01 9.994483e-01 1.001164e+00 9.983932e-01 9.955428e-01 9.921221e-01 9.863304e-01 9.795901e-01 9.750909e-01 9.756483e-01 9.753256e-01 9.811982e-01 9.800413e-01 9.778824e-01 9.698723e-01 9.710310e-01 9.805714e-01 9.886583e-01 9.869659e-01 9.848926e-01 9.881257e-01 9.896024e-01 9.931636e-01 1.001964e+00 1.008263e+00 1.007538e+00 1.000851e+00 9.850501e-01 9.730989e-01 9.683841e-01 9.754150e-01 9.841399e-01 9.957340e-01 1.001894e+00 1.009100e+00 1.009156e+00 1.002087e+00 1.001925e+00 1.006094e+00 1.006137e+00 1.003821e+00 9.977213e-01 9.940842e-01 9.968826e-01 9.985183e-01 1.001912e+00 9.999197e-01 9.945480e-01 9.912519e-01 9.952499e-01 9.981904e-01 9.981546e-01 9.990854e-01 9.996924e-01 1.006787e+00 1.007645e+00 1.002044e+00 9.952371e-01 1.000254e+00 1.008414e+00 1.005296e+00 1.000607e+00 9.966459e-01 1.001984e+00 1.008360e+00 1.013461e+00 1.014583e+00 1.012748e+00 1.015527e+00 1.022716e+00 1.025031e+00 1.030684e+00 1.038875e+00 1.042080e+00 1.042127e+00 1.042900e+00 1.046558e+00 1.049795e+00 1.047657e+00 1.043819e+00 1.041115e+00 1.042385e+00 1.042868e+00 1.043025e+00 1.046929e+00 1.051159e+00 1.049861e+00 1.046816e+00 1.045247e+00 1.047321e+00 1.051442e+00 1.050134e+00 1.050799e+00 1.048193e+00 1.045535e+00 1.043649e+00 1.048357e+00 1.052458e+00 1.053859e+00 1.052126e+00 1.045095e+00 1.041791e+00 1.044363e+00 1.048149e+00 1.046249e+00 1.048763e+00 1.051990e+00 1.054002e+00 1.053540e+00 1.051544e+00 1.052135e+00 1.052797e+00 1.050104e+00 1.052393e+00 1.059336e+00 1.056756e+00 1.047319e+00 1.045401e+00 1.041313e+00 1.039311e+00 1.036735e+00 1.032383e+00 1.027489e+00 1.025913e+00 1.022268e+00 1.011926e+00 1.007452e+00 1.005032e+00 9.981979e-01 1.000350e+00 1.009768e+00 1.013441e+00 1.015751e+00 1.017117e+00 1.027108e+00 1.034153e+00 1.038684e+00 1.041810e+00 1.040192e+00 1.030138e+00 1.024927e+00 1.031123e+00 1.020105e+00 1.007962e+00 9.800331e-01 9.752324e-01 9.713412e-01 9.433578e-01 9.601988e-01 1.006620e+00 1.011837e+00 1.032889e+00
1.005128e+00 1.010410e+00 1.016008e+00 1.008783e+00 9.993677e-01 9.856761e-01 9.726152e-01 9.656324e-01 9.720410e-01 9.847931e-01 9.886416e-01 9.845413e-01 9.883917e-01 9.968579e-01 9.962055e-01 9.931608e-01 9.870409e-01 9.790473e-01 9.719206e-01 9.631122e-01 9.480119e-01 9.395278e-01 9.470909e-01 9.565219e-01 9.609841e-01 9.578192e-01 9.558384e-01 9.531028e-01 9.503878e-01 9.476348e-01 9.531219e-01 9.555907e-01 9.582119e-01 9.574882e-01 9.622209e-01 9.662522e-01 9.604175e-01 9.566537e-01 9.610850e-01 9.623120e-01 9.629117e-01 9.686946e-01 9.720703e-01 9.722880e-01 9.733965e-01 9.701451e-01 9.635801e-01 9.647145e-01 9.668542e-01 9.686904e-01 9.685739e-01 9.656885e-01 9.715120e-01 9.760171e-01 9.766593e-01 9.789723e-01 9.814733e-01 9.829094e-01 9.822105e-01 9.822010e-01 9.839583e-01 9.869710e-01 9.872320e-01 9.869194e-01 9.878902e-01 9.887821e-01 9.904908e-01 9.988816e-01 1.006148e+00 1.005730e+00 1.010998e+00 1.014410e+00 1.016930e+00 1.017687e+00 1.015881e+00 1.021407e+00 1.021354e+00 1.018916e+00 1.022325e+00 1.024512e+00 1.024096e+00 1.025802e+00 1.029188e+00 1.027924e+00 1.021369e+00 1.019463e+00 1.018502e+00 1.020578e+00 1.023376e+00 1.028995e+00 1.021506e+00 1.017581e+00 1.012659e+00 1.010803e+00 1.010779e+00 1.015690e+00 1.016003e+00 1.008291e+00 1.008655e+00 1.007574e+00 1.005183e+00 1.002373e+00 1.005258e+00 1.002635e+00 9.960576e-01 9.979752e-01 1.002222e+00 1.000702e+00 9.962290e-01 9.942443e-01 9.862896e-01 9.778221e-01 9.775322e-01 9.810752e-01 9.792480e-01 9.791330e-01 9.798827e-01 9.769474e-01 9.763554e-01 9.749282e-01 9.789206e-01 9.859110e-01 9.857680e-01 9.827237e-01 9.876217e-01 9.928166e-01 9.986504e-01 1.001144e+00 1.005653e+00 1.003977e+00 9.948761e-01 9.853879e-01 9.728546e-01 9.736387e-01 9.850024e-01 9.918441e-01 9.933733e-01 1.000402e+00 1.005634e+00 1.008834e+00 1.008762e+00 1.006199e+00 1.002703e+00 1.000121e+00 1.003128e+00 1.002513e+00 9.991739e-01 9.975638e-01 1.001937e+00 1.006114e+00 1.002186e+00 9.917396e-01 9.857342e-01 9.971894e-01 1.005527e+00 1.003041e+00 9.981841e-01 9.952220e-01 9.979208e-01 9.988413e-01 1.000584e+00 9.999254e-01 1.002604e+00 1.006780e+00 1.003584e+00 9.958600e-01 9.912847e-01 9.934008e-01 1.004620e+00 1.014940e+00 1.017001e+00 1.016534e+00 1.019229e+00 1.024782e+00 1.027737e+00 1.030016e+00 1.034371e+00 1.035669e+00 1.036650e+00 1.040094e+00 1.044848e+00 1.047940e+00 1.046589e+00 1.046590e+00 1.050772e+00 1.051264e+00 1.047204e+00 1.042919e+00 1.043221e+00 1.045441e+00 1.048343e+00 1.045667e+00 1.043675e+00 1.045686e+00 1.050163e+00 1.050126e+00 1.048325e+00 1.046448e+00 1.043848e+00 1.042958e+00 1.045094e+00 1.047023e+00 1.047040e+00 1.049853e+00 1.049829e+00 1.045695e+00 1.045404e+00 1.043668e+00 1.039333e+00 1.045874e+00 1.053894e+00 1.055449e+00 1.051746e+00 1.050678e+00 1.055892e+00 1.058471e+00 1.055692e+00 1.056710e+00 1.059414e+00 1.053631e+00 1.047683e+00 1.048043e+00 1.045668e+00 1.042579e+00 1.040187e+00 1.034912e+00 1.033744e+00 1.028905e+00 1.025191e+00 1.022322e+00 1.015198e+00 1.008645e+00 1.006374e+00 1.012204e+00 1.022081e+00 1.023240e+00 1.020127e+00 1.025780e+00 1.030777e+00 1.032208e+00 1.033557e+00 1.037841e+00 1.040291e+00 1.036486e+00 1.026768e+00 1.025842e+00 1.014170e+00 1.003128e+00 9.828975e-01 9.854800e-01 9.767556e-01 9.414404e-01 9.647370e-01 1.000191e+00 1.008284e+00 1.030084e+00
1.001512e+00 1.008854e+00 1.020278e+00 1.013747e+00 1.005669e+00 9.964625e-01 9.800637e-01 9.701086e-01 9.754810e-01 9.855563e-01 9.878716e-01 9.852057e-01 9.881910e-01 9.912850e-01 9.935614e-01 9.947765e-01 9.922166e-01 9.830762e-01 9.764374e-01 9.668760e-01 9.570249e-01 9.440380e-01 9.485100e-01 9.556932e-01 9.623373e-01 9.581714e-01 9.595317e-01 9.624992e-01 9.572743e-01 9.541674e-01 9.585883e-01 9.580721e-01 9.581680e-01 9.553812e-01 9.631271e-01 9.698493e-01 9.695020e-01 9.668388e-01 9.659787e-01 9.654400e-01 9.708380e-01 9.729914e-01 9.766541e-01 9.785438e-01 9.761766e-01 9.723611e-01 9.668450e-01 9.666669e-01 9.709193e-01 9.744773e-01 9.711869e-01 9.655933e-01 9.718115e-01 9.748864e-01 9.781235e-01 9.812358e-01 9.838955e-01 9.822918e-01 9.835898e-01 9.864830e-01 9.904046e-01 9.920569e-01 9.896107e-01 9.899458e-01 9.927829e-01 9.929048e-01 9.905051e-01 9.985425e-01 1.005627e+00 1.006121e+00 1.011632e+00 1.016271e+00 1.020585e+00 1.022149e+00 1.019989e+00 1.018755e+00 1.019116e+00 1.021676e+00 1.024147e+00 1.026556e+00 1.024894e+00 1.027098e+00 1.034422e+00 1.033586e+00 1.025863e+00 1.021266e+00 1.022150e+00 1.023151e+00 1.029641e+00 1.033830e+00 1.029914e+00 1.023702e+00 1.018730e+00 1.019874e+00 1.015690e+00 1.013597e+00 1.011865e+00 1.010199e+00 1.010656e+00 1.007791e+00 1.006634e+00 1.006716e+00 1.009023e+00 1.007356e+00 1.000523e+00 9.990104e-01 1.004512e+00 1.001664e+00 9.975879e-01 9.920184e-01 9.833626e-01 9.749373e-01 9.755822e-01 9.787037e-01 9.773383e-01 9.804592e-01 9.890060e-01 9.869161e-01 9.849778e-01 9.818000e-01 9.808676e-01 9.863562e-01 9.899510e-01 9.879268e-01 9.905844e-01 9.961978e-01 9.964083e-01 9.954822e-01 9.973511e-01 9.924764e-01 9.874012e-01 9.862221e-01 9.826251e-01 9.871022e-01 9.953358e-01 9.980608e-01 9.966708e-01 1.000941e+00 1.004524e+00 1.005445e+00 1.006036e+00 1.005998e+00 1.001554e+00 9.961403e-01 1.000985e+00 1.004369e+00 1.004112e+00 1.004764e+00 1.008881e+00 1.007381e+00 1.001513e+00 9.960017e-01 9.899051e-01 9.968335e-01 1.005208e+00 1.005743e+00 1.000829e+00 9.968873e-01 9.892967e-01 9.918147e-01 9.960560e-01 9.991605e-01 9.973580e-01 1.000266e+00 9.984825e-01 9.970393e-01 9.949874e-01 9.944084e-01 1.005464e+00 1.017600e+00 1.017101e+00 1.019788e+00 1.023235e+00 1.029437e+00 1.032267e+00 1.032863e+00 1.030333e+00 1.029419e+00 1.030382e+00 1.031390e+00 1.038462e+00 1.042561e+00 1.042538e+00 1.045891e+00 1.052491e+00 1.052849e+00 1.048409e+00 1.045383e+00 1.043451e+00 1.043699e+00 1.045833e+00 1.044996e+00 1.045229e+00 1.047686e+00 1.049690e+00 1.047223e+00 1.041463e+00 1.038401e+00 1.038342e+00 1.039024e+00 1.041277e+00 1.044178e+00 1.044532e+00 1.051993e+00 1.053787e+00 1.045875e+00 1.046253e+00 1.043169e+00 1.037872e+00 1.046393e+00 1.055474e+00 1.055769e+00 1.049936e+00 1.048674e+00 1.055840e+00 1.057817e+00 1.057344e+00 1.056483e+00 1.055605e+00 1.053744e+00 1.054401e+00 1.053707e+00 1.050208e+00 1.045649e+00 1.041767e+00 1.039489e+00 1.039073e+00 1.034643e+00 1.031572e+00 1.025771e+00 1.019976e+00 1.019382e+00 1.018494e+00 1.024324e+00 1.029222e+00 1.028302e+00 1.024071e+00 1.029301e+00 1.033252e+00 1.031197e+00 1.028370e+00 1.035049e+00 1.040844e+00 1.037372e+00 1.030931e+00 1.025276e+00 1.010477e+00 9.961060e-01 9.796184e-01 9.850363e-01 9.724265e-01 9.442706e-01 9.712640e-01 1.003476e+00 1.005733e+00 1.032204e+00
1.001051e+00 1.008059e+00 1.017204e+00 1.014342e+00 1.005440e+00 9.970790e-01 9.820796e-01 9.705807e-01 9.735996e-01 9.786475e-01 9.826872e-01 9.854189e-01 9.910314e-01 9.931145e-01 9.961985e-01 9.987189e-01 9.940208e-01 9.890643e-01 9.822128e-01 9.735042e-01 9.635106e-01 9.500183e-01 9.532236e-01 9.610111e-01 9.640184e-01 9.618167e-01 9.674301e-01 9.703835e-01 9.685460e-01 9.646105e-01 9.670358e-01 9.646471e-01 9.615766e-01 9.600197e-01 9.669546e-01 9.739374e-01 9.798431e-01 9.743894e-01 9.683375e-01 9.700398e-01 9.752986e-01 9.760741e-01 9.774096e-01 9.756460e-01 9.736068e-01 9.728987e-01 9.689932e-01 9.686811e-01 9.731660e-01 9.768909e-01 9.760612e-01 9.681509e-01 9.718917e-01 9.747472e-01 9.765509e-01 9.813555e-01 9.836633e-01 9.799374e-01 9.812713e-01 9.869097e-01 9.903238e-01 9.893316e-01 9.906241e-01 9.954956e-01 9.986843e-01 9.986821e-01 9.939863e-01 1.000767e+00 1.006681e+00 1.006541e+00 1.009406e+00 1.011227e+00 1.015566e+00 1.016683e+00 1.016259e+00 1.015706e+00 1.015280e+00 1.015364e+00 1.018353e+00 1.024551e+00 1.024863e+00 1.027138e+00 1.036160e+00 1.033583e+00 1.027963e+00 1.024961e+00 1.026623e+00 1.029629e+00 1.028893e+00 1.028503e+00 1.029992e+00 1.026254e+00 1.023840e+00 1.020841e+00 1.017592e+00 1.014943e+00 1.010448e+00 1.010240e+00 1.008382e+00 1.002998e+00 1.006175e+00 1.013020e+00 1.011026e+00 1.008350e+00 1.001171e+00 1.000056e+00 1.002418e+00 9.997352e-01 9.959146e-01 9.910422e-01 9.828116e-01 9.788923e-01 9.796893e-01 9.783766e-01 9.745286e-01 9.809648e-01 9.900692e-01 9.886685e-01 9.856122e-01 9.816295e-01 9.871804e-01 9.928687e-01 9.943820e-01 9.867611e-01 9.932757e-01 9.993052e-01 9.980913e-01 9.947793e-01 9.924762e-01 9.849921e-01 9.844135e-01 9.894893e-01 9.867798e-01 9.877214e-01 9.932912e-01 9.970549e-01 1.000633e+00 1.003001e+00 1.001450e+00 9.987299e-01 1.002234e+00 1.000897e+00 1.003220e+00 1.003850e+00 1.006081e+00 1.008487e+00 1.009390e+00 1.009011e+00 1.005010e+00 1.000953e+00 1.000714e+00 1.002456e+00 9.960837e-01 9.986485e-01 9.996355e-01 9.996071e-01 9.962685e-01 9.958779e-01 9.868327e-01 9.894846e-01 9.955465e-01 9.959140e-01 9.940782e-01 9.997963e-01 1.002412e+00 1.004061e+00 1.001504e+00 1.000888e+00 1.009156e+00 1.015575e+00 1.019436e+00 1.021861e+00 1.023263e+00 1.026806e+00 1.031183e+00 1.032757e+00 1.032223e+00 1.031461e+00 1.031326e+00 1.030315e+00 1.033947e+00 1.035680e+00 1.038012e+00 1.042030e+00 1.048307e+00 1.049319e+00 1.046381e+00 1.045066e+00 1.042029e+00 1.039705e+00 1.039411e+00 1.041941e+00 1.047058e+00 1.048790e+00 1.049694e+00 1.049777e+00 1.044166e+00 1.037597e+00 1.037336e+00 1.038900e+00 1.037146e+00 1.038797e+00 1.042141e+00 1.050604e+00 1.052151e+00 1.044211e+00 1.043363e+00 1.045320e+00 1.043164e+00 1.053335e+00 1.057835e+00 1.055268e+00 1.048759e+00 1.051001e+00 1.054746e+00 1.055510e+00 1.053066e+00 1.051808e+00 1.052965e+00 1.055567e+00 1.055329e+00 1.056578e+00 1.053474e+00 1.048999e+00 1.045957e+00 1.045178e+00 1.044199e+00 1.042011e+00 1.035109e+00 1.028981e+00 1.028542e+00 1.029170e+00 1.029331e+00 1.031483e+00 1.029953e+00 1.026571e+00 1.025157e+00 1.030163e+00 1.033316e+00 1.034287e+00 1.034877e+00 1.038973e+00 1.043154e+00 1.036910e+00 1.030949e+00 1.028045e+00 1.011626e+00 9.978275e-01 9.822163e-01 9.807330e-01 9.655566e-01 9.438281e-01 9.738994e-01 1.007002e+00 1.003321e+00 1.032203e+00
1.005892e+00 1.008445e+00 1.014072e+00 1.012055e+00 1.004499e+00 9.986293e-01 9.866533e-01 9.744298e-01 9.730042e-01 9.745867e-01 9.800578e-01 9.852107e-01 9.888121e-01 9.936711e-01 9.968953e-01 1.000624e+00 9.986452e-01 9.955597e-01 9.875851e-01 9.793250e-01 9.633105e-01 9.466739e-01 9.507297e-01 9.642698e-01 9.699979e-01 9.710647e-01 9.710606e-01 9.708950e-01 9.697697e-01 9.688687e-01 9.698898e-01 9.747785e-01 9.740505e-01 9.712751e-01 9.718965e-01 9.750876e-01 9.784984e-01 9.722623e-01 9.675859e-01 9.718117e-01 9.789242e-01 9.820572e-01 9.783127e-01 9.730521e-01 9.731748e-01 9.728010e-01 9.651670e-01 9.663032e-01 9.718011e-01 9.715897e-01 9.682024e-01 9.645877e-01 9.694607e-01 9.747725e-01 9.789520e-01 9.785795e-01 9.798918e-01 9.798269e-01 9.798469e-01 9.839550e-01 9.901799e-01 9.948704e-01 9.975469e-01 1.001051e+00 1.003800e+00 1.002270e+00 9.994144e-01 1.007178e+00 1.011905e+00 1.013741e+00 1.012826e+00 1.012219e+00 1.015169e+00 1.013075e+00 1.014524e+00 1.015672e+00 1.010535e+00 1.007512e+00 1.012548e+00 1.023283e+00 1.025724e+00 1.027201e+00 1.030832e+00 1.030290e+00 1.031670e+00 1.033304e+00 1.030610e+00 1.026821e+00 1.023196e+00 1.021689e+00 1.025290e+00 1.027085e+00 1.023116e+00 1.019416e+00 1.020640e+00 1.019063e+00 1.012932e+00 1.007867e+00 1.003986e+00 1.002263e+00 1.008228e+00 1.013375e+00 1.012338e+00 1.008126e+00 1.001121e+00 1.001626e+00 9.996226e-01 9.974096e-01 9.937501e-01 9.904873e-01 9.833989e-01 9.833848e-01 9.840457e-01 9.820465e-01 9.762979e-01 9.799757e-01 9.866260e-01 9.854747e-01 9.832440e-01 9.807460e-01 9.887439e-01 9.961632e-01 1.000192e+00 9.897346e-01 9.913350e-01 9.955239e-01 9.946244e-01 9.880639e-01 9.871573e-01 9.822701e-01 9.821688e-01 9.889718e-01 9.890189e-01 9.900391e-01 9.933788e-01 9.942899e-01 9.966750e-01 9.990209e-01 9.986780e-01 9.999548e-01 1.001288e+00 1.001458e+00 1.008385e+00 1.011703e+00 1.012622e+00 1.011770e+00 1.008681e+00 1.006145e+00 1.002157e+00 1.001081e+00 1.005143e+00 1.005545e+00 1.000257e+00 1.002500e+00 9.988727e-01 9.954016e-01 9.906803e-01 9.911583e-01 9.887767e-01 9.893721e-01 9.916247e-01 9.911538e-01 9.960125e-01 1.001567e+00 1.006541e+00 1.014350e+00 1.008920e+00 1.009136e+00 1.013907e+00 1.014876e+00 1.019115e+00 1.020491e+00 1.019487e+00 1.019302e+00 1.024379e+00 1.027352e+00 1.028451e+00 1.029778e+00 1.027198e+00 1.026282e+00 1.028826e+00 1.033631e+00 1.036705e+00 1.040494e+00 1.045575e+00 1.043889e+00 1.041837e+00 1.040755e+00 1.037560e+00 1.034654e+00 1.033742e+00 1.039322e+00 1.047368e+00 1.050197e+00 1.052119e+00 1.054076e+00 1.048880e+00 1.041214e+00 1.037021e+00 1.038301e+00 1.035366e+00 1.034817e+00 1.041554e+00 1.048226e+00 1.048870e+00 1.044802e+00 1.045214e+00 1.047374e+00 1.050780e+00 1.056004e+00 1.057489e+00 1.052487e+00 1.049292e+00 1.053148e+00 1.056689e+00 1.054633e+00 1.051831e+00 1.049910e+00 1.051971e+00 1.053317e+00 1.053100e+00 1.054395e+00 1.055621e+00 1.054918e+00 1.053171e+00 1.053074e+00 1.051007e+00 1.045722e+00 1.038795e+00 1.034152e+00 1.034050e+00 1.030410e+00 1.033785e+00 1.037552e+00 1.035908e+00 1.032942e+00 1.034684e+00 1.036319e+00 1.036240e+00 1.037229e+00 1.038228e+00 1.037677e+00 1.040442e+00 1.037292e+00 1.029987e+00 1.029276e+00 1.010201e+00 1.000460e+00 9.828461e-01 9.797254e-01 9.625694e-01 9.385133e-01 9.702622e-01 1.003226e+00 1.001822e+00 1.026189e+00
1.009254e+00 1.011132e+00 1.015014e+00 1.012682e+00 1.006732e+00 9.976612e-01 9.864690e-01 9.783668e-01 9.828033e-01 9.798635e-01 9.784011e-01 9.787692e-01 9.819523e-01 9.910980e-01 9.919632e-01 9.976523e-01 9.977020e-01 9.940928e-01 9.883113e-01 9.809291e-01 9.657617e-01 9.518148e-01 9.557490e-01 9.657319e-01 9.761797e-01 9.795969e-01 9.795168e-01 9.802713e-01 9.771309e-01 9.757081e-01 9.787102e-01 9.822611e-01 9.816810e-01 9.769641e-01 9.718745e-01 9.731270e-01 9.737418e-01 9.694062e-01 9.684374e-01 9.722586e-01 9.770867e-01 9.774226e-01 9.702867e-01 9.685687e-01 9.708299e-01 9.699838e-01 9.655355e-01 9.679123e-01 9.703915e-01 9.702946e-01 9.668847e-01 9.645357e-01 9.718649e-01 9.744831e-01 9.751747e-01 9.762407e-01 9.764839e-01 9.808701e-01 9.836808e-01 9.875962e-01 9.947113e-01 9.987875e-01 1.000595e+00 1.006205e+00 1.007027e+00 1.006961e+00 1.006987e+00 1.010869e+00 1.014833e+00 1.018850e+00 1.019614e+00 1.017183e+00 1.016390e+00 1.012307e+00 1.011739e+00 1.013642e+00 1.013280e+00 1.014101e+00 1.017357e+00 1.023725e+00 1.026392e+00 1.024925e+00 1.027198e+00 1.030318e+00 1.035686e+00 1.034866e+00 1.029066e+00 1.022607e+00 1.018778e+00 1.018414e+00 1.019867e+00 1.025286e+00 1.023446e+00 1.021186e+00 1.020827e+00 1.018887e+00 1.013341e+00 1.004108e+00 1.000525e+00 1.006465e+00 1.010532e+00 1.011620e+00 1.011328e+00 1.007303e+00 1.002295e+00 9.989676e-01 9.957305e-01 9.920703e-01 9.919620e-01 9.928948e-01 9.862835e-01 9.809275e-01 9.790634e-01 9.800574e-01 9.745549e-01 9.765511e-01 9.838198e-01 9.815393e-01 9.771856e-01 9.783778e-01 9.875561e-01 9.940568e-01 9.985821e-01 9.919582e-01 9.918706e-01 9.926590e-01 9.898612e-01 9.859906e-01 9.887107e-01 9.875852e-01 9.879600e-01 9.902534e-01 9.936230e-01 9.968498e-01 9.959525e-01 9.884868e-01 9.868064e-01 9.909483e-01 9.937328e-01 9.983875e-01 1.002994e+00 1.007616e+00 1.015213e+00 1.019976e+00 1.019286e+00 1.016173e+00 1.009661e+00 1.003457e+00 1.002601e+00 1.005818e+00 1.010042e+00 1.009320e+00 1.006769e+00 1.002530e+00 9.974657e-01 9.976522e-01 9.949277e-01 9.921306e-01 9.868884e-01 9.895813e-01 9.916638e-01 9.873032e-01 9.935852e-01 1.002229e+00 1.007452e+00 1.015099e+00 1.009514e+00 1.010266e+00 1.013617e+00 1.013299e+00 1.012750e+00 1.011906e+00 1.016655e+00 1.016088e+00 1.015493e+00 1.015595e+00 1.021976e+00 1.026978e+00 1.025152e+00 1.021596e+00 1.025897e+00 1.031885e+00 1.033933e+00 1.037205e+00 1.041164e+00 1.038871e+00 1.035697e+00 1.034287e+00 1.030011e+00 1.031231e+00 1.035066e+00 1.040290e+00 1.046936e+00 1.050886e+00 1.052729e+00 1.052871e+00 1.047490e+00 1.040748e+00 1.035664e+00 1.034892e+00 1.034597e+00 1.036689e+00 1.041344e+00 1.045177e+00 1.044035e+00 1.045319e+00 1.048655e+00 1.052461e+00 1.053907e+00 1.054690e+00 1.057404e+00 1.054870e+00 1.052006e+00 1.054164e+00 1.056343e+00 1.054650e+00 1.054088e+00 1.055571e+00 1.054532e+00 1.051611e+00 1.054566e+00 1.056682e+00 1.058862e+00 1.059592e+00 1.057427e+00 1.057065e+00 1.056244e+00 1.052626e+00 1.046358e+00 1.041506e+00 1.036424e+00 1.032731e+00 1.033434e+00 1.039145e+00 1.040987e+00 1.040534e+00 1.040731e+00 1.039340e+00 1.039532e+00 1.041446e+00 1.041915e+00 1.037426e+00 1.039562e+00 1.037107e+00 1.025756e+00 1.024717e+00 1.011245e+00 1.000804e+00 9.822557e-01 9.799973e-01 9.584869e-01 9.397657e-01 9.719537e-01 1.003426e+00 1.002122e+00 1.029997e+00
1.003752e+00 1.010165e+00 1.011613e+00 1.010298e+00 1.002255e+00 9.903479e-01 9.794017e-01 9.812140e-01 9.898775e-01 9.900410e-01 9.841154e-01 9.779903e-01 9.836778e-01 9.902210e-01 9.870875e-01 9.904242e-01 9.927428e-01 9.909883e-01 9.885718e-01 9.812369e-01 9.714155e-01 9.606419e-01 9.642079e-01 9.674278e-01 9.743530e-01 9.821336e-01 9.862322e-01 9.863731e-01 9.834061e-01 9.809404e-01 9.852607e-01 9.861229e-01 9.826961e-01 9.774003e-01 9.736183e-01 9.727521e-01 9.720804e-01 9.709449e-01 9.691058e-01 9.699972e-01 9.741915e-01 9.726409e-01 9.699396e-01 9.712110e-01 9.714223e-01 9.693897e-01 9.681618e-01 9.706407e-01 9.722548e-01 9.715973e-01 9.693531e-01 9.669628e-01 9.705378e-01 9.706227e-01 9.698507e-01 9.753333e-01 9.782998e-01 9.841489e-01 9.901062e-01 9.933889e-01 9.991729e-01 1.001602e+00 1.001276e+00 1.004395e+00 1.006250e+00 1.009732e+00 1.010657e+00 1.012586e+00 1.013351e+00 1.018295e+00 1.019747e+00 1.017684e+00 1.017604e+00 1.014744e+00 1.011532e+00 1.014980e+00 1.020209e+00 1.024206e+00 1.024829e+00 1.025493e+00 1.026733e+00 1.026879e+00 1.028397e+00 1.029500e+00 1.027516e+00 1.025242e+00 1.020346e+00 1.019637e+00 1.017520e+00 1.017135e+00 1.016562e+00 1.017828e+00 1.019747e+00 1.021332e+00 1.017900e+00 1.013635e+00 1.011005e+00 1.003822e+00 1.002585e+00 1.008451e+00 1.006209e+00 1.004373e+00 1.002490e+00 1.000535e+00 9.977440e-01 9.974472e-01 9.921444e-01 9.894175e-01 9.907305e-01 9.964795e-01 9.930553e-01 9.819835e-01 9.791186e-01 9.804239e-01 9.714586e-01 9.723539e-01 9.810718e-01 9.788687e-01 9.784931e-01 9.834197e-01 9.913449e-01 9.911312e-01 9.959314e-01 1.000493e+00 9.986446e-01 9.904580e-01 9.820493e-01 9.836051e-01 9.909341e-01 9.929034e-01 9.923292e-01 9.906667e-01 9.864513e-01 9.902443e-01 9.945524e-01 9.890859e-01 9.899806e-01 9.928733e-01 9.958656e-01 9.935724e-01 9.964573e-01 1.006177e+00 1.017498e+00 1.023915e+00 1.023551e+00 1.017279e+00 1.009536e+00 1.009798e+00 1.009702e+00 1.006752e+00 1.009084e+00 1.009840e+00 1.005779e+00 1.001405e+00 9.978759e-01 9.940328e-01 9.910167e-01 9.892572e-01 9.870160e-01 9.873413e-01 9.919695e-01 9.923920e-01 9.931727e-01 9.958634e-01 1.005509e+00 1.013657e+00 1.009400e+00 1.010404e+00 1.012610e+00 1.010605e+00 1.007833e+00 1.013464e+00 1.016727e+00 1.014046e+00 1.007859e+00 1.012586e+00 1.022085e+00 1.027228e+00 1.025625e+00 1.024526e+00 1.026382e+00 1.033355e+00 1.036112e+00 1.036023e+00 1.035031e+00 1.032841e+00 1.031273e+00 1.031366e+00 1.028511e+00 1.029650e+00 1.037316e+00 1.042191e+00 1.043550e+00 1.046404e+00 1.049207e+00 1.046733e+00 1.041746e+00 1.041002e+00 1.038403e+00 1.035231e+00 1.038198e+00 1.039934e+00 1.042050e+00 1.043649e+00 1.043848e+00 1.048274e+00 1.050887e+00 1.051095e+00 1.052160e+00 1.056090e+00 1.060020e+00 1.059870e+00 1.057341e+00 1.056420e+00 1.057134e+00 1.056125e+00 1.057744e+00 1.060710e+00 1.059864e+00 1.057904e+00 1.058719e+00 1.057777e+00 1.060712e+00 1.062096e+00 1.059723e+00 1.059749e+00 1.059952e+00 1.056452e+00 1.050075e+00 1.042453e+00 1.035654e+00 1.031567e+00 1.033768e+00 1.043810e+00 1.046222e+00 1.046700e+00 1.044861e+00 1.042598e+00 1.040250e+00 1.041571e+00 1.040736e+00 1.039302e+00 1.040448e+00 1.032693e+00 1.018591e+00 1.022582e+00 1.011959e+00 1.000724e+00 9.855850e-01 9.832482e-01 9.650322e-01 9.453776e-01 9.751594e-01 1.004048e+00 1.006148e+00 1.035358e+00
1.005531e+00 1.017574e+00 1.014184e+00 1.014913e+00 1.000511e+00 9.829749e-01 9.769818e-01 9.779348e-01 9.776946e-01 9.841493e-01 9.839590e-01 9.832215e-01 9.900490e-01 9.941826e-01 9.893891e-01 9.886881e-01 9.904090e-01 9.934804e-01 9.950910e-01 9.883277e-01 9.807494e-01 9.737977e-01 9.730661e-01 9.699782e-01 9.720107e-01 9.766724e-01 9.825183e-01 9.836544e-01 9.809854e-01 9.786856e-01 9.828312e-01 9.851680e-01 9.825349e-01 9.743971e-01 9.733213e-01 9.759848e-01 9.765893e-01 9.747485e-01 9.740345e-01 9.753970e-01 9.741061e-01 9.731207e-01 9.718716e-01 9.706883e-01 9.745334e-01 9.764545e-01 9.756061e-01 9.754550e-01 9.761298e-01 9.768116e-01 9.769235e-01 9.756055e-01 9.753158e-01 9.725022e-01 9.712636e-01 9.780920e-01 9.830561e-01 9.867014e-01 9.908431e-01 9.951008e-01 9.979686e-01 9.985653e-01 9.951453e-01 1.000751e+00 1.005138e+00 1.008290e+00 1.009103e+00 1.012897e+00 1.016070e+00 1.015210e+00 1.012739e+00 1.012820e+00 1.014785e+00 1.017306e+00 1.015726e+00 1.020373e+00 1.022678e+00 1.021974e+00 1.022640e+00 1.023996e+00 1.024531e+00 1.026379e+00 1.027012e+00 1.027476e+00 1.023085e+00 1.018600e+00 1.014052e+00 1.018957e+00 1.016271e+00 1.014430e+00 1.013622e+00 1.007497e+00 1.008357e+00 1.012263e+00 1.014807e+00 1.011864e+00 1.010264e+00 1.006494e+00 1.002644e+00 1.003185e+00 9.998489e-01 9.968653e-01 9.955677e-01 9.911404e-01 9.912952e-01 9.934297e-01 9.885485e-01 9.860471e-01 9.889905e-01 9.982768e-01 9.987954e-01 9.851452e-01 9.824888e-01 9.768332e-01 9.734037e-01 9.745642e-01 9.784811e-01 9.766584e-01 9.834010e-01 9.929491e-01 9.951378e-01 9.931903e-01 9.981197e-01 1.003188e+00 9.993162e-01 9.879332e-01 9.819877e-01 9.858001e-01 9.902055e-01 9.946963e-01 9.930992e-01 9.885350e-01 9.813089e-01 9.845150e-01 9.926992e-01 9.967961e-01 9.997532e-01 9.982246e-01 9.951411e-01 9.910317e-01 9.923503e-01 1.003595e+00 1.016776e+00 1.021797e+00 1.023582e+00 1.019832e+00 1.018594e+00 1.018118e+00 1.014458e+00 1.011505e+00 1.006266e+00 1.003506e+00 1.001193e+00 9.985777e-01 1.000265e+00 9.948030e-01 9.893656e-01 9.911351e-01 9.937614e-01 9.948980e-01 9.961011e-01 9.936168e-01 9.910272e-01 9.939573e-01 1.002013e+00 1.009738e+00 1.007388e+00 1.010437e+00 1.010406e+00 1.006949e+00 1.005374e+00 1.013877e+00 1.016322e+00 1.012257e+00 1.003729e+00 1.007749e+00 1.017328e+00 1.021737e+00 1.022705e+00 1.020253e+00 1.022198e+00 1.028000e+00 1.034495e+00 1.034307e+00 1.030687e+00 1.027780e+00 1.029885e+00 1.030304e+00 1.027776e+00 1.031724e+00 1.037026e+00 1.040784e+00 1.041465e+00 1.044980e+00 1.048102e+00 1.044170e+00 1.039293e+00 1.041272e+00 1.041154e+00 1.038960e+00 1.038293e+00 1.042826e+00 1.046712e+00 1.044901e+00 1.045200e+00 1.046673e+00 1.049983e+00 1.049841e+00 1.051221e+00 1.056939e+00 1.061561e+00 1.062384e+00 1.057789e+00 1.054312e+00 1.056937e+00 1.058652e+00 1.058994e+00 1.057931e+00 1.057273e+00 1.058317e+00 1.056867e+00 1.057355e+00 1.061322e+00 1.064111e+00 1.061500e+00 1.060252e+00 1.060401e+00 1.056540e+00 1.047715e+00 1.039238e+00 1.033263e+00 1.035415e+00 1.037202e+00 1.042568e+00 1.043422e+00 1.042206e+00 1.041703e+00 1.043572e+00 1.042893e+00 1.044513e+00 1.040935e+00 1.040141e+00 1.039019e+00 1.027730e+00 1.014635e+00 1.019670e+00 1.010530e+00 1.000037e+00 9.892172e-01 9.905156e-01 9.701518e-01 9.476719e-01 9.744375e-01 1.003448e+00 1.004033e+00 1.035361e+00
1.010026e+00 1.017901e+00 1.018141e+00 1.020160e+00 1.002512e+00 9.840995e-01 9.787534e-01 9.724481e-01 9.667976e-01 9.701335e-01 9.776379e-01 9.850484e-01 9.941447e-01 9.981783e-01 9.976131e-01 9.919955e-01 9.900618e-01 9.937470e-01 1.000827e+00 9.931587e-01 9.816628e-01 9.768329e-01 9.742301e-01 9.721957e-01 9.731060e-01 9.787403e-01 9.840496e-01 9.829634e-01 9.806401e-01 9.789871e-01 9.815336e-01 9.826453e-01 9.807844e-01 9.769530e-01 9.752876e-01 9.806646e-01 9.814177e-01 9.786522e-01 9.772139e-01 9.750221e-01 9.745293e-01 9.719692e-01 9.705688e-01 9.719198e-01 9.783046e-01 9.787930e-01 9.774054e-01 9.780973e-01 9.798017e-01 9.803016e-01 9.810342e-01 9.809958e-01 9.806867e-01 9.790194e-01 9.779072e-01 9.834841e-01 9.867575e-01 9.869110e-01 9.860501e-01 9.879972e-01 9.935814e-01 9.942797e-01 9.918847e-01 1.000959e+00 1.008137e+00 1.008037e+00 1.008206e+00 1.011526e+00 1.012656e+00 1.011814e+00 1.009752e+00 1.010356e+00 1.014369e+00 1.016957e+00 1.016152e+00 1.016930e+00 1.018608e+00 1.017056e+00 1.018622e+00 1.023875e+00 1.027299e+00 1.030332e+00 1.031596e+00 1.030072e+00 1.025323e+00 1.018704e+00 1.015169e+00 1.016241e+00 1.014532e+00 1.010663e+00 1.009639e+00 1.004307e+00 1.003036e+00 1.003164e+00 1.008580e+00 1.012260e+00 1.010630e+00 1.007077e+00 1.002731e+00 1.000533e+00 9.950070e-01 9.920195e-01 9.876839e-01 9.861472e-01 9.863518e-01 9.871057e-01 9.866102e-01 9.876772e-01 9.886063e-01 9.947245e-01 9.936787e-01 9.867485e-01 9.843512e-01 9.815043e-01 9.810706e-01 9.808058e-01 9.777531e-01 9.777613e-01 9.889736e-01 9.952264e-01 9.930851e-01 9.906048e-01 9.920498e-01 9.929706e-01 9.942183e-01 9.877366e-01 9.852518e-01 9.868935e-01 9.909911e-01 9.941234e-01 9.877982e-01 9.824816e-01 9.785900e-01 9.802482e-01 9.878501e-01 1.000931e+00 1.002386e+00 9.989189e-01 9.956638e-01 9.984844e-01 1.003559e+00 1.010249e+00 1.016869e+00 1.016984e+00 1.016244e+00 1.018728e+00 1.021387e+00 1.019002e+00 1.021065e+00 1.017630e+00 1.010238e+00 1.002426e+00 1.000195e+00 9.998605e-01 1.002464e+00 9.948639e-01 9.908025e-01 9.940676e-01 9.952239e-01 9.995309e-01 9.984399e-01 9.941338e-01 9.943477e-01 9.946047e-01 9.951963e-01 1.001131e+00 1.005205e+00 1.010701e+00 1.008337e+00 1.005099e+00 1.005459e+00 1.009778e+00 1.010294e+00 1.008297e+00 1.006034e+00 1.005246e+00 1.010895e+00 1.015057e+00 1.017734e+00 1.019193e+00 1.020762e+00 1.023208e+00 1.029081e+00 1.031568e+00 1.031365e+00 1.029352e+00 1.029393e+00 1.031787e+00 1.030431e+00 1.033172e+00 1.037794e+00 1.041435e+00 1.039638e+00 1.042743e+00 1.044358e+00 1.044258e+00 1.037871e+00 1.037478e+00 1.036094e+00 1.033360e+00 1.031027e+00 1.038722e+00 1.045724e+00 1.043568e+00 1.045442e+00 1.048971e+00 1.048174e+00 1.048144e+00 1.052533e+00 1.058470e+00 1.059906e+00 1.058597e+00 1.054300e+00 1.054996e+00 1.058299e+00 1.059919e+00 1.057784e+00 1.057677e+00 1.059230e+00 1.058691e+00 1.054421e+00 1.054702e+00 1.059607e+00 1.063461e+00 1.062479e+00 1.059529e+00 1.059663e+00 1.056846e+00 1.052730e+00 1.046076e+00 1.036621e+00 1.037566e+00 1.037751e+00 1.041413e+00 1.040756e+00 1.039662e+00 1.042700e+00 1.046072e+00 1.048530e+00 1.047192e+00 1.042176e+00 1.041451e+00 1.042641e+00 1.031205e+00 1.016105e+00 1.016960e+00 1.006817e+00 9.993626e-01 9.900577e-01 9.947094e-01 9.694467e-01 9.473681e-01 9.716797e-01 1.006470e+00 1.003086e+00 1.036089e+00
1.004744e+00 1.011345e+00 1.007990e+00 1.014104e+00 9.979016e-01 9.894685e-01 9.820812e-01 9.766319e-01 9.666946e-01 9.652506e-01 9.730374e-01 9.771301e-01 9.838237e-01 9.962929e-01 9.964022e-01 9.896586e-01 9.851861e-01 9.878060e-01 9.918954e-01 9.869454e-01 9.767011e-01 9.751679e-01 9.726727e-01 9.691694e-01 9.745585e-01 9.837605e-01 9.891711e-01 9.883199e-01 9.878560e-01 9.808437e-01 9.814859e-01 9.824185e-01 9.828926e-01 9.832790e-01 9.830639e-01 9.860371e-01 9.819504e-01 9.781983e-01 9.791753e-01 9.804161e-01 9.791913e-01 9.770015e-01 9.753302e-01 9.772958e-01 9.796248e-01 9.783092e-01 9.756686e-01 9.760079e-01 9.780891e-01 9.787382e-01 9.780844e-01 9.765286e-01 9.796364e-01 9.854130e-01 9.863105e-01 9.837680e-01 9.861402e-01 9.861456e-01 9.829501e-01 9.875691e-01 9.931997e-01 9.941936e-01 9.945779e-01 1.002296e+00 1.007775e+00 1.009392e+00 1.010262e+00 1.011608e+00 1.010905e+00 1.010209e+00 1.008932e+00 1.011089e+00 1.015842e+00 1.017133e+00 1.015128e+00 1.012601e+00 1.015894e+00 1.018231e+00 1.021804e+00 1.027437e+00 1.028774e+00 1.026284e+00 1.026769e+00 1.028441e+00 1.026028e+00 1.017788e+00 1.014794e+00 1.013369e+00 1.012807e+00 1.008334e+00 1.007283e+00 1.001185e+00 1.002011e+00 1.001874e+00 1.001753e+00 1.004760e+00 1.004806e+00 1.000882e+00 1.000304e+00 9.976001e-01 9.909925e-01 9.900270e-01 9.889255e-01 9.882166e-01 9.841015e-01 9.827861e-01 9.872715e-01 9.879229e-01 9.863744e-01 9.904914e-01 9.884026e-01 9.867665e-01 9.906487e-01 9.938486e-01 9.912172e-01 9.864463e-01 9.829033e-01 9.853126e-01 9.901705e-01 9.927285e-01 9.908518e-01 9.851766e-01 9.821464e-01 9.839501e-01 9.883012e-01 9.892931e-01 9.882061e-01 9.886734e-01 9.934264e-01 9.916940e-01 9.826827e-01 9.786754e-01 9.764239e-01 9.759815e-01 9.880659e-01 1.002308e+00 1.007058e+00 1.003152e+00 1.000397e+00 1.006827e+00 1.009207e+00 1.009212e+00 1.011669e+00 1.011333e+00 1.010501e+00 1.016703e+00 1.023727e+00 1.024982e+00 1.023726e+00 1.018325e+00 1.012857e+00 1.007409e+00 1.001166e+00 9.972780e-01 9.996435e-01 9.970118e-01 9.942108e-01 9.927875e-01 9.967176e-01 1.001795e+00 9.993595e-01 9.960474e-01 9.964454e-01 9.936733e-01 9.864002e-01 9.909669e-01 1.001618e+00 1.006793e+00 1.001518e+00 1.001995e+00 1.005075e+00 1.007823e+00 1.008837e+00 1.007880e+00 1.011148e+00 1.009802e+00 1.007385e+00 1.008072e+00 1.016894e+00 1.022943e+00 1.024177e+00 1.023662e+00 1.027716e+00 1.031322e+00 1.031447e+00 1.031719e+00 1.030952e+00 1.031149e+00 1.030817e+00 1.032617e+00 1.035831e+00 1.038436e+00 1.037014e+00 1.034933e+00 1.038776e+00 1.042805e+00 1.036655e+00 1.031277e+00 1.029726e+00 1.030068e+00 1.032788e+00 1.037377e+00 1.043846e+00 1.045892e+00 1.050588e+00 1.050248e+00 1.046785e+00 1.051169e+00 1.057566e+00 1.060646e+00 1.057791e+00 1.053950e+00 1.052779e+00 1.055182e+00 1.057383e+00 1.055588e+00 1.053834e+00 1.056411e+00 1.060071e+00 1.058354e+00 1.054753e+00 1.054302e+00 1.060973e+00 1.065594e+00 1.066267e+00 1.062372e+00 1.061974e+00 1.061554e+00 1.056320e+00 1.048976e+00 1.045611e+00 1.042044e+00 1.040550e+00 1.041139e+00 1.041471e+00 1.042928e+00 1.045826e+00 1.048593e+00 1.051388e+00 1.049546e+00 1.042699e+00 1.044045e+00 1.048873e+00 1.039342e+00 1.020248e+00 1.015297e+00 1.004653e+00 9.992294e-01 9.895183e-01 9.941857e-01 9.664891e-01 9.476486e-01 9.721074e-01 1.007440e+00 1.007879e+00 1.039188e+00
1.001339e+00 1.009101e+00 1.005921e+00 1.008238e+00 9.945679e-01 9.888047e-01 9.824182e-01 9.805091e-01 9.767252e-01 9.772027e-01 9.765570e-01 9.670804e-01 9.690592e-01 9.893055e-01 9.944880e-01 9.877188e-01 9.823933e-01 9.816357e-01 9.847554e-01 9.831343e-01 9.781463e-01 9.778074e-01 9.779513e-01 9.764993e-01 9.814422e-01 9.848165e-01 9.880792e-01 9.897285e-01 9.889219e-01 9.840159e-01 9.836161e-01 9.832070e-01 9.850107e-01 9.843876e-01 9.848294e-01 9.845623e-01 9.802751e-01 9.790013e-01 9.839748e-01 9.866469e-01 9.797148e-01 9.729594e-01 9.766377e-01 9.775708e-01 9.747540e-01 9.754232e-01 9.757680e-01 9.732814e-01 9.783071e-01 9.792898e-01 9.767967e-01 9.753999e-01 9.784648e-01 9.842437e-01 9.871870e-01 9.838693e-01 9.849769e-01 9.890175e-01 9.872309e-01 9.902741e-01 9.947742e-01 9.918842e-01 9.924865e-01 1.003895e+00 1.008866e+00 1.008221e+00 1.011314e+00 1.012419e+00 1.010316e+00 1.009012e+00 1.010579e+00 1.011982e+00 1.013830e+00 1.014099e+00 1.014084e+00 1.007390e+00 1.014402e+00 1.021175e+00 1.023092e+00 1.022909e+00 1.023249e+00 1.021333e+00 1.018783e+00 1.022222e+00 1.024329e+00 1.016960e+00 1.010407e+00 1.006593e+00 1.005795e+00 1.002168e+00 1.003195e+00 9.983416e-01 9.940552e-01 9.943178e-01 9.933359e-01 9.924061e-01 9.958286e-01 9.965377e-01 9.965090e-01 9.924346e-01 9.861565e-01 9.866579e-01 9.892251e-01 9.899291e-01 9.825847e-01 9.832250e-01 9.857926e-01 9.862887e-01 9.862410e-01 9.893180e-01 9.887892e-01 9.851697e-01 9.921563e-01 9.988171e-01 9.950708e-01 9.926467e-01 9.923787e-01 9.908069e-01 9.885392e-01 9.886514e-01 9.898903e-01 9.826143e-01 9.809510e-01 9.874867e-01 9.899799e-01 9.886376e-01 9.830350e-01 9.883191e-01 9.922419e-01 9.872639e-01 9.813233e-01 9.770220e-01 9.739153e-01 9.812640e-01 9.932123e-01 1.005454e+00 1.011670e+00 1.008582e+00 1.005251e+00 1.006219e+00 1.011991e+00 1.011768e+00 1.011527e+00 1.009429e+00 1.009536e+00 1.016314e+00 1.021807e+00 1.026470e+00 1.023822e+00 1.018523e+00 1.013381e+00 1.013443e+00 1.006126e+00 9.954523e-01 9.920702e-01 9.945036e-01 9.967754e-01 9.942556e-01 9.996708e-01 1.000131e+00 9.984084e-01 1.000159e+00 9.980381e-01 9.932786e-01 9.880023e-01 9.890349e-01 9.982113e-01 9.993514e-01 9.970176e-01 1.000431e+00 1.001475e+00 9.989563e-01 1.000991e+00 1.001406e+00 1.009424e+00 1.012200e+00 1.007371e+00 1.008691e+00 1.018685e+00 1.021215e+00 1.020239e+00 1.019504e+00 1.023282e+00 1.028736e+00 1.031560e+00 1.031799e+00 1.030634e+00 1.028583e+00 1.026055e+00 1.028228e+00 1.031623e+00 1.033150e+00 1.030467e+00 1.025433e+00 1.032452e+00 1.039825e+00 1.034214e+00 1.030708e+00 1.033852e+00 1.036728e+00 1.040782e+00 1.043668e+00 1.049194e+00 1.052010e+00 1.050965e+00 1.049498e+00 1.049193e+00 1.053528e+00 1.056110e+00 1.057105e+00 1.054793e+00 1.052247e+00 1.054670e+00 1.055758e+00 1.054578e+00 1.047580e+00 1.050703e+00 1.057653e+00 1.062933e+00 1.061367e+00 1.059213e+00 1.062875e+00 1.066697e+00 1.068065e+00 1.066546e+00 1.065470e+00 1.065300e+00 1.064129e+00 1.057855e+00 1.053541e+00 1.048816e+00 1.044266e+00 1.039094e+00 1.037073e+00 1.039421e+00 1.042507e+00 1.049184e+00 1.054950e+00 1.053512e+00 1.050741e+00 1.045233e+00 1.048232e+00 1.052144e+00 1.041678e+00 1.024537e+00 1.013926e+00 1.005745e+00 9.992169e-01 9.887600e-01 9.941988e-01 9.697377e-01 9.444891e-01 9.679945e-01 9.998303e-01 1.005589e+00 1.036915e+00
1.002639e+00 1.010719e+00 1.011491e+00 1.006563e+00 9.892178e-01 9.835175e-01 9.789302e-01 9.738913e-01 9.767082e-01 9.797362e-01 9.804508e-01 9.731836e-01 9.744253e-01 9.889635e-01 9.933363e-01 9.916170e-01 9.906800e-01 9.874918e-01 9.892759e-01 9.860491e-01 9.835989e-01 9.835591e-01 9.812941e-01 9.845269e-01 9.879223e-01 9.860864e-01 9.883661e-01 9.913968e-01 9.875849e-01 9.848626e-01 9.848450e-01 9.818578e-01 9.829859e-01 9.844806e-01 9.878228e-01 9.859568e-01 9.793056e-01 9.767647e-01 9.794319e-01 9.826902e-01 9.760332e-01 9.672102e-01 9.691233e-01 9.706427e-01 9.722237e-01 9.737968e-01 9.725299e-01 9.729081e-01 9.774661e-01 9.761990e-01 9.743282e-01 9.786032e-01 9.847527e-01 9.866009e-01 9.851552e-01 9.840959e-01 9.884150e-01 9.941873e-01 9.948671e-01 9.945382e-01 9.956338e-01 9.951255e-01 9.976826e-01 1.004641e+00 1.010842e+00 1.007544e+00 1.007885e+00 1.012237e+00 1.012208e+00 1.011991e+00 1.012191e+00 1.014047e+00 1.011979e+00 1.010637e+00 1.010251e+00 1.008635e+00 1.011459e+00 1.018762e+00 1.018631e+00 1.016013e+00 1.019131e+00 1.018835e+00 1.016591e+00 1.016908e+00 1.020695e+00 1.017117e+00 1.008470e+00 9.976479e-01 9.965873e-01 9.997419e-01 1.000066e+00 9.937246e-01 9.900244e-01 9.914730e-01 9.911672e-01 9.885946e-01 9.877438e-01 9.936641e-01 9.949263e-01 9.878021e-01 9.843209e-01 9.838193e-01 9.851651e-01 9.876574e-01 9.856381e-01 9.879613e-01 9.884524e-01 9.846055e-01 9.800007e-01 9.818528e-01 9.822592e-01 9.813432e-01 9.871410e-01 9.912767e-01 9.891033e-01 9.861814e-01 9.828980e-01 9.803008e-01 9.820662e-01 9.840902e-01 9.902078e-01 9.873047e-01 9.867228e-01 9.917197e-01 9.907207e-01 9.888062e-01 9.862620e-01 9.892401e-01 9.892404e-01 9.844086e-01 9.837536e-01 9.803677e-01 9.796472e-01 9.875628e-01 9.977611e-01 1.005731e+00 1.008558e+00 1.010166e+00 1.008925e+00 1.007647e+00 1.011083e+00 1.007144e+00 1.008085e+00 1.012136e+00 1.018134e+00 1.020152e+00 1.019699e+00 1.022352e+00 1.020612e+00 1.014796e+00 1.013239e+00 1.013700e+00 1.009602e+00 1.004911e+00 9.989114e-01 9.954392e-01 9.990241e-01 9.997258e-01 9.990773e-01 9.972590e-01 9.948754e-01 9.977990e-01 9.941248e-01 9.920577e-01 9.923343e-01 9.961490e-01 9.960507e-01 9.953138e-01 9.950902e-01 9.957312e-01 9.978579e-01 9.973748e-01 9.943879e-01 9.930240e-01 9.975032e-01 1.005801e+00 1.009670e+00 1.011937e+00 1.016261e+00 1.016173e+00 1.014811e+00 1.018925e+00 1.020383e+00 1.022938e+00 1.028303e+00 1.028316e+00 1.026044e+00 1.022910e+00 1.023750e+00 1.029178e+00 1.032634e+00 1.030130e+00 1.024380e+00 1.018940e+00 1.027427e+00 1.036191e+00 1.032451e+00 1.032938e+00 1.038426e+00 1.039627e+00 1.040864e+00 1.044414e+00 1.048392e+00 1.050329e+00 1.050946e+00 1.050064e+00 1.050368e+00 1.052896e+00 1.055377e+00 1.054460e+00 1.051711e+00 1.052791e+00 1.054978e+00 1.055294e+00 1.051928e+00 1.047292e+00 1.048641e+00 1.054652e+00 1.059679e+00 1.062495e+00 1.064346e+00 1.067884e+00 1.069738e+00 1.065889e+00 1.062957e+00 1.064020e+00 1.066305e+00 1.063986e+00 1.060309e+00 1.056055e+00 1.051671e+00 1.048398e+00 1.044725e+00 1.040514e+00 1.042041e+00 1.042857e+00 1.046570e+00 1.052837e+00 1.052077e+00 1.050763e+00 1.047816e+00 1.052506e+00 1.050134e+00 1.042707e+00 1.027958e+00 1.018170e+00 1.006565e+00 9.970666e-01 9.868864e-01 9.910477e-01 9.657096e-01 9.357736e-01 9.673058e-01 9.920117e-01 1.000215e+00 1.029137e+00
1.005446e+00 1.013576e+00 1.019310e+00 1.007443e+00 9.887875e-01 9.798477e-01 9.698902e-01 9.672675e-01 9.711875e-01 9.755145e-01 9.800657e-01 9.806083e-01 9.826767e-01 9.909675e-01 9.899812e-01 9.917680e-01 9.941319e-01 9.951222e-01 9.933237e-01 9.885830e-01 9.863951e-01 9.830112e-01 9.816254e-01 9.870168e-01 9.889368e-01 9.900818e-01 9.930083e-01 9.917537e-01 9.886497e-01 9.866265e-01 9.848886e-01 9.807577e-01 9.813901e-01 9.856493e-01 9.889281e-01 9.818663e-01 9.740103e-01 9.728811e-01 9.743508e-01 9.760269e-01 9.712809e-01 9.657329e-01 9.684844e-01 9.710743e-01 9.720670e-01 9.718795e-01 9.681099e-01 9.700346e-01 9.681421e-01 9.673961e-01 9.743685e-01 9.851522e-01 9.892516e-01 9.835973e-01 9.787052e-01 9.822766e-01 9.900230e-01 9.962999e-01 9.978584e-01 9.965527e-01 9.963999e-01 9.974141e-01 9.980958e-01 9.970265e-01 1.000725e+00 1.005852e+00 1.009398e+00 1.013189e+00 1.014879e+00 1.013985e+00 1.016063e+00 1.014880e+00 1.010002e+00 1.011235e+00 1.011623e+00 1.014945e+00 1.015986e+00 1.018951e+00 1.018557e+00 1.016570e+00 1.018474e+00 1.018164e+00 1.014042e+00 1.011516e+00 1.016186e+00 1.018130e+00 1.009363e+00 9.918586e-01 9.892842e-01 9.961519e-01 9.964930e-01 9.930784e-01 9.913211e-01 9.905105e-01 9.897082e-01 9.876193e-01 9.878390e-01 9.895219e-01 9.881732e-01 9.834422e-01 9.817944e-01 9.807084e-01 9.853156e-01 9.860604e-01 9.865619e-01 9.877886e-01 9.858202e-01 9.804891e-01 9.731453e-01 9.753334e-01 9.787765e-01 9.787247e-01 9.784266e-01 9.851197e-01 9.817591e-01 9.754128e-01 9.716837e-01 9.713485e-01 9.736140e-01 9.772673e-01 9.811077e-01 9.847133e-01 9.864277e-01 9.888820e-01 9.918813e-01 9.920725e-01 9.919189e-01 9.883785e-01 9.858981e-01 9.859327e-01 9.901234e-01 9.886497e-01 9.889424e-01 9.967119e-01 1.001254e+00 1.006394e+00 1.011184e+00 1.007541e+00 1.004580e+00 1.007070e+00 1.012220e+00 1.011028e+00 1.014125e+00 1.022842e+00 1.027562e+00 1.024030e+00 1.020108e+00 1.020850e+00 1.019102e+00 1.016487e+00 1.011452e+00 1.009582e+00 1.009405e+00 1.007270e+00 1.002980e+00 1.001025e+00 1.001730e+00 1.000819e+00 9.977651e-01 9.980596e-01 9.954655e-01 9.963465e-01 9.928772e-01 9.909917e-01 9.953842e-01 9.990911e-01 9.957919e-01 9.957297e-01 9.985675e-01 9.988024e-01 1.000067e+00 9.988723e-01 9.959679e-01 9.920942e-01 9.919767e-01 9.988765e-01 1.005247e+00 1.009630e+00 1.010661e+00 1.008355e+00 1.006195e+00 1.010410e+00 1.012439e+00 1.018033e+00 1.021718e+00 1.022454e+00 1.022730e+00 1.023917e+00 1.023832e+00 1.028124e+00 1.029901e+00 1.027203e+00 1.019843e+00 1.019662e+00 1.025519e+00 1.030962e+00 1.033394e+00 1.033489e+00 1.039384e+00 1.039480e+00 1.038941e+00 1.043249e+00 1.048560e+00 1.053207e+00 1.053815e+00 1.052884e+00 1.051037e+00 1.051534e+00 1.052691e+00 1.051853e+00 1.050452e+00 1.053268e+00 1.055280e+00 1.057260e+00 1.055212e+00 1.052924e+00 1.052902e+00 1.052537e+00 1.056405e+00 1.062053e+00 1.066037e+00 1.065650e+00 1.067199e+00 1.064264e+00 1.061899e+00 1.064618e+00 1.066264e+00 1.064268e+00 1.061917e+00 1.059150e+00 1.054311e+00 1.053842e+00 1.050855e+00 1.045556e+00 1.045981e+00 1.044249e+00 1.046805e+00 1.053201e+00 1.051563e+00 1.050616e+00 1.052101e+00 1.052214e+00 1.045725e+00 1.042589e+00 1.031836e+00 1.021184e+00 1.002158e+00 9.957446e-01 9.856391e-01 9.847788e-01 9.512241e-01 9.287173e-01 9.688131e-01 9.964290e-01 1.004855e+00 1.030876e+00
9.976970e-01 1.008956e+00 1.022120e+00 1.011409e+00 9.951834e-01 9.778723e-01 9.643088e-01 9.631603e-01 9.679235e-01 9.732487e-01 9.793751e-01 9.836717e-01 9.852735e-01 9.940855e-01 9.963894e-01 9.967045e-01 9.983082e-01 9.962164e-01 9.897796e-01 9.877040e-01 9.832228e-01 9.815644e-01 9.838308e-01 9.852965e-01 9.847524e-01 9.912609e-01 9.923131e-01 9.853681e-01 9.819236e-01 9.792197e-01 9.820572e-01 9.817870e-01 9.846555e-01 9.837381e-01 9.790539e-01 9.740580e-01 9.729168e-01 9.730154e-01 9.728230e-01 9.723529e-01 9.686481e-01 9.661444e-01 9.717386e-01 9.741234e-01 9.751341e-01 9.719011e-01 9.700559e-01 9.689905e-01 9.649648e-01 9.674289e-01 9.792344e-01 9.860377e-01 9.853814e-01 9.813315e-01 9.807902e-01 9.866918e-01 9.914791e-01 9.917321e-01 9.930637e-01 9.923915e-01 9.932496e-01 9.942910e-01 9.951428e-01 9.967207e-01 1.000733e+00 1.007243e+00 1.014624e+00 1.015557e+00 1.014926e+00 1.014980e+00 1.015549e+00 1.014364e+00 1.011649e+00 1.014756e+00 1.014470e+00 1.018026e+00 1.018510e+00 1.017174e+00 1.018695e+00 1.016577e+00 1.016284e+00 1.017276e+00 1.014685e+00 1.009319e+00 1.010513e+00 1.009869e+00 1.005462e+00 9.939634e-01 9.893336e-01 9.906750e-01 9.922132e-01 9.925481e-01 9.882307e-01 9.859328e-01 9.851660e-01 9.848841e-01 9.847592e-01 9.842250e-01 9.822836e-01 9.818161e-01 9.796659e-01 9.814937e-01 9.871430e-01 9.860739e-01 9.857875e-01 9.862385e-01 9.825574e-01 9.785339e-01 9.760032e-01 9.796777e-01 9.791067e-01 9.768388e-01 9.758683e-01 9.795808e-01 9.716166e-01 9.675936e-01 9.717703e-01 9.739664e-01 9.743850e-01 9.710585e-01 9.691727e-01 9.746044e-01 9.787117e-01 9.816008e-01 9.872254e-01 9.896883e-01 9.900327e-01 9.880015e-01 9.864263e-01 9.851153e-01 9.880847e-01 9.867869e-01 9.897613e-01 9.998889e-01 1.004023e+00 1.005749e+00 1.008592e+00 1.006956e+00 1.006145e+00 1.009789e+00 1.011862e+00 1.014842e+00 1.021690e+00 1.025154e+00 1.025381e+00 1.021792e+00 1.020715e+00 1.017813e+00 1.016976e+00 1.018320e+00 1.011226e+00 1.003517e+00 1.004005e+00 1.006382e+00 1.004311e+00 9.996958e-01 9.994880e-01 9.986800e-01 9.968425e-01 9.977809e-01 9.975364e-01 9.969379e-01 9.916870e-01 9.908106e-01 9.970574e-01 1.000578e+00 9.923583e-01 9.907600e-01 9.970698e-01 9.998446e-01 9.941350e-01 9.902010e-01 9.942026e-01 9.960840e-01 9.981928e-01 1.002341e+00 1.005253e+00 1.000048e+00 9.941072e-01 9.936163e-01 9.984083e-01 1.000903e+00 1.004927e+00 1.013310e+00 1.016410e+00 1.019230e+00 1.022025e+00 1.019410e+00 1.014854e+00 1.015594e+00 1.018140e+00 1.021524e+00 1.018090e+00 1.017365e+00 1.024537e+00 1.036180e+00 1.036962e+00 1.030607e+00 1.031089e+00 1.031647e+00 1.030796e+00 1.039779e+00 1.049664e+00 1.053390e+00 1.053545e+00 1.053060e+00 1.054064e+00 1.052916e+00 1.051110e+00 1.050007e+00 1.049860e+00 1.053220e+00 1.055715e+00 1.058595e+00 1.057510e+00 1.056358e+00 1.056028e+00 1.054803e+00 1.056067e+00 1.060755e+00 1.064715e+00 1.063685e+00 1.062507e+00 1.063672e+00 1.063292e+00 1.066105e+00 1.067906e+00 1.067434e+00 1.064285e+00 1.062608e+00 1.059004e+00 1.057461e+00 1.055440e+00 1.050218e+00 1.046613e+00 1.047089e+00 1.047053e+00 1.051763e+00 1.052606e+00 1.053526e+00 1.055062e+00 1.051386e+00 1.046666e+00 1.038703e+00 1.030549e+00 1.020751e+00 1.000947e+00 1.002413e+00 9.944194e-01 9.872146e-01 9.487880e-01 9.286081e-01 9.626660e-01 1.001263e+00 1.007961e+00 1.036323e+00
9.997018e-01 1.009339e+00 1.021734e+00 1.013571e+00 9.986104e-01 9.851423e-01 9.701253e-01 9.624026e-01 9.627069e-01 9.701759e-01 9.776334e-01 9.786286e-01 9.829868e-01 9.927344e-01 1.003070e+00 1.000553e+00 1.001736e+00 9.946694e-01 9.890875e-01 9.895386e-01 9.852437e-01 9.833969e-01 9.840046e-01 9.842927e-01 9.829448e-01 9.875712e-01 9.805811e-01 9.741023e-01 9.721902e-01 9.770800e-01 9.777302e-01 9.768767e-01 9.767868e-01 9.761761e-01 9.738995e-01 9.721340e-01 9.735553e-01 9.765128e-01 9.744670e-01 9.731469e-01 9.717803e-01 9.711841e-01 9.741403e-01 9.737337e-01 9.724026e-01 9.729434e-01 9.735039e-01 9.719320e-01 9.707718e-01 9.750051e-01 9.797338e-01 9.842158e-01 9.859312e-01 9.874604e-01 9.899083e-01 9.914326e-01 9.914464e-01 9.847739e-01 9.865783e-01 9.888856e-01 9.900730e-01 9.929134e-01 9.968110e-01 1.001649e+00 1.006369e+00 1.009811e+00 1.013387e+00 1.014505e+00 1.014150e+00 1.013027e+00 1.011521e+00 1.013184e+00 1.012573e+00 1.016291e+00 1.017159e+00 1.018838e+00 1.018629e+00 1.010968e+00 1.012245e+00 1.013277e+00 1.016702e+00 1.016815e+00 1.014183e+00 1.005657e+00 1.002889e+00 1.004439e+00 1.004213e+00 9.987338e-01 9.929635e-01 9.851266e-01 9.845032e-01 9.834104e-01 9.804047e-01 9.782045e-01 9.811721e-01 9.829993e-01 9.779453e-01 9.761938e-01 9.734145e-01 9.740692e-01 9.805225e-01 9.834578e-01 9.845541e-01 9.846036e-01 9.828700e-01 9.786898e-01 9.769372e-01 9.792416e-01 9.820600e-01 9.825838e-01 9.798158e-01 9.748396e-01 9.773237e-01 9.721503e-01 9.627448e-01 9.636588e-01 9.737399e-01 9.782625e-01 9.757227e-01 9.657736e-01 9.646509e-01 9.661589e-01 9.662474e-01 9.743891e-01 9.813414e-01 9.876776e-01 9.914222e-01 9.912134e-01 9.913142e-01 9.853197e-01 9.795477e-01 9.758826e-01 9.825577e-01 9.924515e-01 9.980692e-01 1.006658e+00 1.005458e+00 1.005400e+00 1.007423e+00 1.013869e+00 1.010690e+00 1.014039e+00 1.018685e+00 1.021539e+00 1.016959e+00 1.012851e+00 1.016079e+00 1.012775e+00 1.012232e+00 1.012913e+00 1.008275e+00 1.000244e+00 9.999764e-01 1.000413e+00 9.969812e-01 9.981444e-01 9.953177e-01 9.934589e-01 9.938121e-01 9.956588e-01 9.937241e-01 9.885119e-01 9.891389e-01 9.909536e-01 9.995142e-01 1.001962e+00 9.905623e-01 9.865850e-01 9.936461e-01 9.952865e-01 9.894009e-01 9.911228e-01 9.992309e-01 9.996279e-01 9.993697e-01 9.978716e-01 9.951414e-01 9.887447e-01 9.860436e-01 9.883056e-01 9.910157e-01 9.939705e-01 1.002506e+00 1.007455e+00 1.011844e+00 1.011275e+00 1.012975e+00 1.010617e+00 1.004542e+00 1.003439e+00 1.008061e+00 1.018991e+00 1.019050e+00 1.019276e+00 1.023456e+00 1.036658e+00 1.037635e+00 1.030074e+00 1.027891e+00 1.028485e+00 1.029147e+00 1.038588e+00 1.046002e+00 1.048637e+00 1.049211e+00 1.050095e+00 1.053259e+00 1.052965e+00 1.049226e+00 1.046193e+00 1.047841e+00 1.053949e+00 1.057557e+00 1.058524e+00 1.055611e+00 1.054690e+00 1.055655e+00 1.058111e+00 1.058964e+00 1.059825e+00 1.063778e+00 1.064069e+00 1.062315e+00 1.064574e+00 1.065565e+00 1.065144e+00 1.066335e+00 1.064873e+00 1.063120e+00 1.062321e+00 1.061571e+00 1.061898e+00 1.060166e+00 1.052420e+00 1.048106e+00 1.045858e+00 1.043841e+00 1.042567e+00 1.047188e+00 1.052836e+00 1.052346e+00 1.049074e+00 1.047457e+00 1.037784e+00 1.025493e+00 1.022905e+00 1.008328e+00 1.011124e+00 1.003309e+00 9.988128e-01 9.627332e-01 9.347373e-01 9.569437e-01 1.000722e+00 1.007033e+00 1.038083e+00
1.001628e+00 1.010457e+00 1.016151e+00 1.007064e+00 9.987093e-01 9.857171e-01 9.686099e-01 9.586361e-01 9.606712e-01 9.671808e-01 9.688714e-01 9.708685e-01 9.802036e-01 9.908453e-01 9.982035e-01 9.959491e-01 9.936693e-01 9.913791e-01 9.913579e-01 9.920533e-01 9.883363e-01 9.868426e-01 9.838566e-01 9.813437e-01 9.807571e-01 9.825817e-01 9.788060e-01 9.764380e-01 9.786273e-01 9.836740e-01 9.778941e-01 9.720078e-01 9.706528e-01 9.755319e-01 9.750432e-01 9.728309e-01 9.736385e-01 9.758778e-01 9.726191e-01 9.700339e-01 9.697259e-01 9.709854e-01 9.730201e-01 9.682242e-01 9.651938e-01 9.694883e-01 9.729446e-01 9.757292e-01 9.775813e-01 9.769555e-01 9.752837e-01 9.791694e-01 9.828502e-01 9.879666e-01 9.897693e-01 9.911117e-01 9.873863e-01 9.845880e-01 9.854814e-01 9.860433e-01 9.869379e-01 9.921020e-01 9.999217e-01 1.006513e+00 1.009135e+00 1.007991e+00 1.009490e+00 1.011735e+00 1.011330e+00 1.010404e+00 1.009777e+00 1.011670e+00 1.011395e+00 1.013361e+00 1.015788e+00 1.018018e+00 1.013638e+00 1.007113e+00 1.004789e+00 1.003730e+00 1.008462e+00 1.011864e+00 1.007875e+00 1.000161e+00 9.971045e-01 9.977677e-01 9.968839e-01 9.960297e-01 9.873505e-01 9.763188e-01 9.744730e-01 9.696168e-01 9.686000e-01 9.690816e-01 9.724997e-01 9.735158e-01 9.682778e-01 9.699785e-01 9.715919e-01 9.707399e-01 9.765531e-01 9.789459e-01 9.804893e-01 9.799423e-01 9.754226e-01 9.744146e-01 9.763683e-01 9.800802e-01 9.807373e-01 9.790558e-01 9.756320e-01 9.786283e-01 9.835762e-01 9.767799e-01 9.644780e-01 9.631651e-01 9.689312e-01 9.733599e-01 9.719708e-01 9.666128e-01 9.654443e-01 9.582674e-01 9.557374e-01 9.649988e-01 9.770392e-01 9.864923e-01 9.890696e-01 9.885113e-01 9.884306e-01 9.804097e-01 9.676172e-01 9.630825e-01 9.758399e-01 9.887959e-01 9.972824e-01 1.002754e+00 1.001448e+00 1.002511e+00 1.005469e+00 1.013619e+00 1.011433e+00 1.013596e+00 1.014717e+00 1.011150e+00 1.008795e+00 1.009598e+00 1.010351e+00 1.009660e+00 1.007945e+00 1.004233e+00 1.002541e+00 9.979184e-01 9.934947e-01 9.919449e-01 9.956948e-01 9.998238e-01 9.978830e-01 9.898099e-01 9.896044e-01 9.914052e-01 9.861159e-01 9.816838e-01 9.879743e-01 9.916331e-01 9.968502e-01 9.970480e-01 9.888281e-01 9.857963e-01 9.872844e-01 9.879364e-01 9.855600e-01 9.923041e-01 9.994884e-01 9.916351e-01 9.815372e-01 9.800370e-01 9.861405e-01 9.924322e-01 9.935299e-01 9.890335e-01 9.888876e-01 9.941893e-01 9.975232e-01 1.001283e+00 1.006347e+00 1.002554e+00 9.982168e-01 9.955128e-01 9.924800e-01 9.968736e-01 1.003519e+00 1.018594e+00 1.023103e+00 1.018923e+00 1.019718e+00 1.026174e+00 1.029871e+00 1.029135e+00 1.024620e+00 1.028557e+00 1.037117e+00 1.044134e+00 1.044428e+00 1.041381e+00 1.043873e+00 1.048731e+00 1.053661e+00 1.054820e+00 1.048937e+00 1.043922e+00 1.046793e+00 1.054414e+00 1.057759e+00 1.056465e+00 1.054177e+00 1.053557e+00 1.057402e+00 1.060807e+00 1.060207e+00 1.060307e+00 1.064708e+00 1.066323e+00 1.066313e+00 1.068373e+00 1.068906e+00 1.066533e+00 1.062895e+00 1.061199e+00 1.061408e+00 1.062898e+00 1.060118e+00 1.060471e+00 1.058741e+00 1.056111e+00 1.053146e+00 1.047267e+00 1.039354e+00 1.035236e+00 1.040192e+00 1.046578e+00 1.049475e+00 1.049865e+00 1.049294e+00 1.039107e+00 1.024236e+00 1.026790e+00 1.016796e+00 1.013158e+00 1.001458e+00 1.003778e+00 9.731433e-01 9.359943e-01 9.586672e-01 9.928917e-01 1.002356e+00 1.039095e+00
1.005964e+00 1.017482e+00 1.022573e+00 1.011096e+00 1.003850e+00 9.835960e-01 9.598411e-01 9.560694e-01 9.609022e-01 9.633626e-01 9.644541e-01 9.692244e-01 9.792982e-01 9.832142e-01 9.856961e-01 9.895764e-01 9.889622e-01 9.874752e-01 9.928609e-01 9.919667e-01 9.853935e-01 9.811860e-01 9.778803e-01 9.765201e-01 9.783258e-01 9.788979e-01 9.808857e-01 9.782413e-01 9.796363e-01 9.815579e-01 9.734994e-01 9.693009e-01 9.700435e-01 9.741034e-01 9.749383e-01 9.762294e-01 9.749448e-01 9.739676e-01 9.711636e-01 9.681538e-01 9.683421e-01 9.703522e-01 9.724537e-01 9.704465e-01 9.692146e-01 9.712021e-01 9.723138e-01 9.766439e-01 9.783701e-01 9.748620e-01 9.761154e-01 9.816908e-01 9.859595e-01 9.888386e-01 9.871155e-01 9.870092e-01 9.837583e-01 9.845695e-01 9.829201e-01 9.866523e-01 9.902891e-01 9.969459e-01 1.002443e+00 1.005509e+00 1.005609e+00 1.006643e+00 1.008352e+00 1.010405e+00 1.008543e+00 1.010207e+00 1.014180e+00 1.014230e+00 1.010295e+00 1.009748e+00 1.013103e+00 1.016392e+00 1.013750e+00 1.010158e+00 1.007490e+00 1.004468e+00 1.003904e+00 1.005084e+00 1.001827e+00 9.995784e-01 9.955813e-01 9.905617e-01 9.912394e-01 9.907576e-01 9.848791e-01 9.763668e-01 9.693038e-01 9.656017e-01 9.697061e-01 9.707202e-01 9.666957e-01 9.623762e-01 9.619879e-01 9.676402e-01 9.719861e-01 9.763676e-01 9.755781e-01 9.730932e-01 9.710552e-01 9.706225e-01 9.685584e-01 9.702652e-01 9.734537e-01 9.778359e-01 9.778565e-01 9.736251e-01 9.708085e-01 9.775337e-01 9.798797e-01 9.745666e-01 9.678894e-01 9.644186e-01 9.653513e-01 9.715735e-01 9.712111e-01 9.676965e-01 9.649051e-01 9.540466e-01 9.564002e-01 9.638191e-01 9.779413e-01 9.793473e-01 9.782814e-01 9.808452e-01 9.779382e-01 9.732075e-01 9.664068e-01 9.640304e-01 9.750113e-01 9.920178e-01 1.000145e+00 1.001467e+00 1.006087e+00 1.006884e+00 1.002749e+00 1.007358e+00 1.012373e+00 1.007198e+00 1.004435e+00 1.001896e+00 1.000314e+00 1.004129e+00 1.004205e+00 1.001890e+00 1.000052e+00 9.972396e-01 9.982299e-01 9.947703e-01 9.932635e-01 9.926064e-01 9.978073e-01 1.002579e+00 9.992368e-01 9.893655e-01 9.877549e-01 9.895885e-01 9.828245e-01 9.776758e-01 9.844893e-01 9.876077e-01 9.861700e-01 9.889601e-01 9.863189e-01 9.824466e-01 9.815967e-01 9.830830e-01 9.813724e-01 9.824138e-01 9.865981e-01 9.766657e-01 9.636795e-01 9.663529e-01 9.819616e-01 9.975206e-01 1.001307e+00 9.951373e-01 9.895287e-01 9.856055e-01 9.870579e-01 9.911416e-01 9.962820e-01 9.966477e-01 9.920916e-01 9.851237e-01 9.860039e-01 9.951636e-01 9.999542e-01 1.004991e+00 1.008990e+00 1.011331e+00 1.008893e+00 1.013808e+00 1.019254e+00 1.021274e+00 1.019600e+00 1.027669e+00 1.037714e+00 1.043678e+00 1.040804e+00 1.038363e+00 1.041128e+00 1.048729e+00 1.053829e+00 1.054387e+00 1.048102e+00 1.044890e+00 1.049592e+00 1.055285e+00 1.057011e+00 1.057824e+00 1.056044e+00 1.055852e+00 1.059487e+00 1.061479e+00 1.061404e+00 1.062327e+00 1.063174e+00 1.064426e+00 1.067460e+00 1.070703e+00 1.070404e+00 1.066074e+00 1.061555e+00 1.059828e+00 1.061528e+00 1.061887e+00 1.059055e+00 1.058020e+00 1.055807e+00 1.057112e+00 1.055203e+00 1.046716e+00 1.037783e+00 1.038013e+00 1.038397e+00 1.042326e+00 1.047108e+00 1.047588e+00 1.044542e+00 1.039322e+00 1.028992e+00 1.024401e+00 1.012871e+00 1.004325e+00 1.001410e+00 1.001321e+00 9.686465e-01 9.350848e-01 9.664272e-01 9.921390e-01 1.001545e+00 1.040657e+00
1.015339e+00 1.021859e+00 1.025459e+00 1.018215e+00 1.001514e+00 9.752872e-01 9.615198e-01 9.607900e-01 9.607146e-01 9.645135e-01 9.680699e-01 9.704548e-01 9.740433e-01 9.747651e-01 9.757894e-01 9.785929e-01 9.822518e-01 9.838963e-01 9.886316e-01 9.842464e-01 9.765584e-01 9.714357e-01 9.766083e-01 9.795551e-01 9.780017e-01 9.771299e-01 9.764025e-01 9.754061e-01 9.769306e-01 9.753076e-01 9.703847e-01 9.673109e-01 9.676993e-01 9.701825e-01 9.711249e-01 9.734491e-01 9.705904e-01 9.699700e-01 9.672012e-01 9.684149e-01 9.718364e-01 9.733777e-01 9.738302e-01 9.736885e-01 9.734357e-01 9.687570e-01 9.685250e-01 9.733686e-01 9.753318e-01 9.747190e-01 9.799080e-01 9.865378e-01 9.875074e-01 9.879650e-01 9.884626e-01 9.854681e-01 9.847572e-01 9.861777e-01 9.885033e-01 9.928045e-01 9.931021e-01 9.955083e-01 9.986730e-01 9.977767e-01 1.002688e+00 1.004902e+00 1.005449e+00 1.003194e+00 1.004713e+00 1.012059e+00 1.017919e+00 1.015444e+00 1.009968e+00 1.008408e+00 1.012367e+00 1.015154e+00 1.014142e+00 1.010734e+00 1.010895e+00 1.011851e+00 1.006543e+00 1.003766e+00 1.001020e+00 9.989402e-01 9.939583e-01 9.877366e-01 9.871286e-01 9.886026e-01 9.835140e-01 9.725004e-01 9.639207e-01 9.654225e-01 9.701590e-01 9.665316e-01 9.610909e-01 9.586460e-01 9.606490e-01 9.642927e-01 9.681907e-01 9.723014e-01 9.712632e-01 9.692439e-01 9.644989e-01 9.629754e-01 9.644328e-01 9.665248e-01 9.654014e-01 9.674419e-01 9.670241e-01 9.638444e-01 9.643612e-01 9.660006e-01 9.645063e-01 9.692549e-01 9.718060e-01 9.715220e-01 9.701991e-01 9.703472e-01 9.684534e-01 9.621044e-01 9.616366e-01 9.583300e-01 9.565976e-01 9.651626e-01 9.738078e-01 9.730404e-01 9.739197e-01 9.749808e-01 9.717298e-01 9.718558e-01 9.690219e-01 9.648036e-01 9.785091e-01 9.952838e-01 9.982030e-01 1.001505e+00 1.009251e+00 1.008626e+00 1.003161e+00 9.964520e-01 9.932969e-01 9.883963e-01 9.937239e-01 9.942088e-01 9.943461e-01 9.966262e-01 9.958293e-01 9.893261e-01 9.896148e-01 9.928851e-01 9.930174e-01 9.959826e-01 9.996279e-01 1.001941e+00 1.003319e+00 1.002783e+00 9.994884e-01 9.896247e-01 9.884664e-01 9.884942e-01 9.828137e-01 9.760934e-01 9.796233e-01 9.793667e-01 9.726573e-01 9.755118e-01 9.745274e-01 9.745498e-01 9.759198e-01 9.781826e-01 9.763194e-01 9.722090e-01 9.717655e-01 9.635622e-01 9.521137e-01 9.585851e-01 9.790339e-01 9.912864e-01 9.953030e-01 9.884387e-01 9.857724e-01 9.785194e-01 9.762047e-01 9.781319e-01 9.829684e-01 9.861378e-01 9.828939e-01 9.801822e-01 9.822956e-01 9.920688e-01 9.938667e-01 9.936501e-01 9.964740e-01 1.002193e+00 1.003283e+00 1.004923e+00 1.010403e+00 1.012041e+00 1.012699e+00 1.021533e+00 1.029403e+00 1.036687e+00 1.041615e+00 1.041231e+00 1.041305e+00 1.046361e+00 1.049360e+00 1.047989e+00 1.044048e+00 1.047313e+00 1.051636e+00 1.055006e+00 1.056139e+00 1.057689e+00 1.056014e+00 1.056817e+00 1.058782e+00 1.057580e+00 1.055344e+00 1.058574e+00 1.059974e+00 1.063709e+00 1.067503e+00 1.070646e+00 1.068930e+00 1.064515e+00 1.061079e+00 1.062194e+00 1.064596e+00 1.063296e+00 1.061429e+00 1.058942e+00 1.054058e+00 1.053414e+00 1.052623e+00 1.046707e+00 1.041821e+00 1.043576e+00 1.043607e+00 1.046204e+00 1.049290e+00 1.045905e+00 1.041859e+00 1.040009e+00 1.029704e+00 1.021623e+00 1.006208e+00 1.000419e+00 1.004162e+00 9.966493e-01 9.613783e-01 9.371566e-01 9.731653e-01 9.938561e-01 1.006385e+00 1.044518e+00
1.018033e+00 1.019352e+00 1.027642e+00 1.021898e+00 9.974376e-01 9.730509e-01 9.654901e-01 9.637493e-01 9.573475e-01 9.584787e-01 9.605372e-01 9.646722e-01 9.679340e-01 9.729201e-01 9.752309e-01 9.767159e-01 9.777747e-01 9.836277e-01 9.859324e-01 9.810585e-01 9.771727e-01 9.749735e-01 9.795487e-01 9.801492e-01 9.793542e-01 9.792047e-01 9.794985e-01 9.773648e-01 9.762188e-01 9.706758e-01 9.681257e-01 9.668924e-01 9.676472e-01 9.682650e-01 9.679593e-01 9.642984e-01 9.636052e-01 9.654340e-01 9.658424e-01 9.679148e-01 9.728539e-01 9.724355e-01 9.722635e-01 9.724442e-01 9.715611e-01 9.681315e-01 9.712048e-01 9.741518e-01 9.740617e-01 9.756222e-01 9.798377e-01 9.836550e-01 9.832804e-01 9.852613e-01 9.873109e-01 9.851760e-01 9.851615e-01 9.855559e-01 9.875552e-01 9.890718e-01 9.916611e-01 9.914719e-01 9.948928e-01 9.990079e-01 1.004895e+00 1.005152e+00 9.977699e-01 9.954320e-01 1.004119e+00 1.011999e+00 1.011437e+00 1.009268e+00 1.008442e+00 1.006196e+00 1.009672e+00 1.012389e+00 1.011331e+00 1.008988e+00 1.010282e+00 1.011779e+00 1.010476e+00 1.004459e+00 1.000174e+00 9.982771e-01 9.910218e-01 9.841197e-01 9.835498e-01 9.859384e-01 9.831138e-01 9.727105e-01 9.653337e-01 9.654194e-01 9.603009e-01 9.588852e-01 9.609684e-01 9.595932e-01 9.599980e-01 9.617090e-01 9.612056e-01 9.621925e-01 9.647181e-01 9.610382e-01 9.518183e-01 9.536300e-01 9.616016e-01 9.592821e-01 9.571084e-01 9.623903e-01 9.613286e-01 9.589474e-01 9.589269e-01 9.591998e-01 9.583206e-01 9.697875e-01 9.772581e-01 9.748728e-01 9.696840e-01 9.646897e-01 9.586213e-01 9.570924e-01 9.634269e-01 9.648605e-01 9.639628e-01 9.678964e-01 9.656912e-01 9.687266e-01 9.718529e-01 9.758378e-01 9.690614e-01 9.661878e-01 9.675733e-01 9.653999e-01 9.752474e-01 9.858651e-01 9.933671e-01 9.975236e-01 9.986025e-01 1.000717e+00 9.921852e-01 9.870407e-01 9.800091e-01 9.877211e-01 9.903600e-01 9.876443e-01 9.871064e-01 9.878103e-01 9.870313e-01 9.792503e-01 9.800192e-01 9.879324e-01 9.951602e-01 1.000094e+00 1.001294e+00 9.978716e-01 9.987879e-01 1.002482e+00 9.996642e-01 9.929524e-01 9.908423e-01 9.873193e-01 9.784892e-01 9.713918e-01 9.723094e-01 9.745820e-01 9.689393e-01 9.661243e-01 9.681838e-01 9.640551e-01 9.668217e-01 9.680685e-01 9.666429e-01 9.654801e-01 9.621330e-01 9.572983e-01 9.564449e-01 9.621645e-01 9.711462e-01 9.795048e-01 9.803870e-01 9.711590e-01 9.727541e-01 9.749366e-01 9.755100e-01 9.759061e-01 9.701677e-01 9.642518e-01 9.690534e-01 9.776543e-01 9.877669e-01 9.911360e-01 9.919137e-01 9.972814e-01 1.007242e+00 1.004834e+00 1.003425e+00 1.002240e+00 1.005740e+00 1.007561e+00 1.009532e+00 1.017350e+00 1.026823e+00 1.033833e+00 1.040832e+00 1.042343e+00 1.039169e+00 1.040092e+00 1.041720e+00 1.042266e+00 1.043154e+00 1.046107e+00 1.050204e+00 1.054855e+00 1.055743e+00 1.054335e+00 1.054265e+00 1.055510e+00 1.056621e+00 1.055739e+00 1.050167e+00 1.056911e+00 1.063850e+00 1.066262e+00 1.066291e+00 1.066891e+00 1.065399e+00 1.063618e+00 1.064729e+00 1.068424e+00 1.067622e+00 1.063771e+00 1.061574e+00 1.060154e+00 1.056272e+00 1.051665e+00 1.050349e+00 1.048454e+00 1.046658e+00 1.048000e+00 1.048865e+00 1.050720e+00 1.052165e+00 1.046245e+00 1.044356e+00 1.041430e+00 1.036443e+00 1.028109e+00 1.012267e+00 1.005846e+00 1.009409e+00 1.003590e+00 9.673120e-01 9.468960e-01 9.732921e-01 9.947159e-01 1.009543e+00 1.045237e+00
1.015940e+00 1.018818e+00 1.025205e+00 1.017683e+00 9.999059e-01 9.822921e-01 9.760151e-01 9.691793e-01 9.613704e-01 9.579746e-01 9.567527e-01 9.596851e-01 9.625309e-01 9.705041e-01 9.768304e-01 9.764088e-01 9.799593e-01 9.847880e-01 9.886433e-01 9.852859e-01 9.838878e-01 9.832922e-01 9.827803e-01 9.841517e-01 9.843974e-01 9.819524e-01 9.826178e-01 9.783908e-01 9.713484e-01 9.662948e-01 9.658578e-01 9.709438e-01 9.698626e-01 9.672912e-01 9.619166e-01 9.624955e-01 9.656907e-01 9.637943e-01 9.624093e-01 9.645951e-01 9.676244e-01 9.689534e-01 9.695824e-01 9.710562e-01 9.721044e-01 9.737883e-01 9.773241e-01 9.790770e-01 9.812883e-01 9.827623e-01 9.859653e-01 9.834530e-01 9.788870e-01 9.844646e-01 9.881812e-01 9.862930e-01 9.905955e-01 9.939374e-01 9.930000e-01 9.867405e-01 9.880965e-01 9.925047e-01 9.962490e-01 1.002919e+00 1.005302e+00 1.002680e+00 1.001827e+00 1.001733e+00 1.008094e+00 1.010681e+00 1.007608e+00 1.009557e+00 1.009053e+00 1.006512e+00 1.011036e+00 1.013206e+00 1.010591e+00 1.005685e+00 1.008132e+00 1.009945e+00 1.010207e+00 1.002455e+00 9.956822e-01 9.951991e-01 9.899654e-01 9.814910e-01 9.804237e-01 9.796925e-01 9.754289e-01 9.699761e-01 9.658294e-01 9.620543e-01 9.533422e-01 9.565619e-01 9.600189e-01 9.571469e-01 9.536272e-01 9.506025e-01 9.475743e-01 9.485298e-01 9.523656e-01 9.527640e-01 9.485378e-01 9.516979e-01 9.566261e-01 9.535987e-01 9.502173e-01 9.554660e-01 9.587881e-01 9.559374e-01 9.530480e-01 9.565858e-01 9.643329e-01 9.717184e-01 9.759616e-01 9.718392e-01 9.627638e-01 9.550951e-01 9.506074e-01 9.518585e-01 9.648138e-01 9.699289e-01 9.699197e-01 9.702491e-01 9.660347e-01 9.669100e-01 9.705885e-01 9.729582e-01 9.660430e-01 9.649044e-01 9.680551e-01 9.632856e-01 9.669163e-01 9.758850e-01 9.878956e-01 9.896256e-01 9.857398e-01 9.867296e-01 9.812232e-01 9.788502e-01 9.772711e-01 9.806617e-01 9.838394e-01 9.878916e-01 9.802947e-01 9.769141e-01 9.735287e-01 9.709755e-01 9.772968e-01 9.875290e-01 9.985133e-01 1.003027e+00 1.001668e+00 9.942607e-01 9.942137e-01 9.975928e-01 9.962535e-01 9.966022e-01 9.923705e-01 9.821311e-01 9.725525e-01 9.772597e-01 9.778244e-01 9.782790e-01 9.760354e-01 9.679053e-01 9.639436e-01 9.569122e-01 9.611034e-01 9.569551e-01 9.562789e-01 9.553711e-01 9.526595e-01 9.528192e-01 9.542551e-01 9.609121e-01 9.683551e-01 9.740269e-01 9.703059e-01 9.603923e-01 9.631506e-01 9.691544e-01 9.728239e-01 9.726824e-01 9.598567e-01 9.570628e-01 9.759790e-01 9.898474e-01 9.919558e-01 9.866817e-01 9.880102e-01 9.989858e-01 1.007655e+00 1.000533e+00 1.001653e+00 1.003248e+00 1.000570e+00 1.004858e+00 1.007704e+00 1.016793e+00 1.025346e+00 1.028915e+00 1.033418e+00 1.038948e+00 1.037264e+00 1.033444e+00 1.034537e+00 1.040545e+00 1.044917e+00 1.044597e+00 1.048874e+00 1.055561e+00 1.056189e+00 1.053109e+00 1.051952e+00 1.053748e+00 1.056400e+00 1.054698e+00 1.052094e+00 1.058648e+00 1.063123e+00 1.065780e+00 1.067251e+00 1.064663e+00 1.062342e+00 1.062181e+00 1.066293e+00 1.068695e+00 1.068317e+00 1.064061e+00 1.061622e+00 1.060639e+00 1.059245e+00 1.053526e+00 1.050892e+00 1.049215e+00 1.047578e+00 1.048494e+00 1.050200e+00 1.052122e+00 1.054839e+00 1.051354e+00 1.049562e+00 1.046409e+00 1.040059e+00 1.034842e+00 1.021439e+00 1.015926e+00 1.017963e+00 1.010605e+00 9.800779e-01 9.526841e-01 9.752765e-01 9.979004e-01 1.014453e+00 1.050015e+00
1.017563e+00 1.021152e+00 1.022346e+00 1.014827e+00 1.002311e+00 9.934730e-01 9.861108e-01 9.744136e-01 9.653554e-01 9.639052e-01 9.605373e-01 9.623143e-01 9.707143e-01 9.786074e-01 9.777446e-01 9.727606e-01 9.825714e-01 9.943427e-01 9.980425e-01 9.901019e-01 9.827494e-01 9.798293e-01 9.826957e-01 9.842689e-01 9.849022e-01 9.846666e-01 9.844458e-01 9.769457e-01 9.707084e-01 9.681444e-01 9.651729e-01 9.664408e-01 9.664623e-01 9.644607e-01 9.594550e-01 9.604549e-01 9.620236e-01 9.629272e-01 9.659711e-01 9.650498e-01 9.622101e-01 9.642287e-01 9.658685e-01 9.675302e-01 9.726536e-01 9.754654e-01 9.780440e-01 9.822214e-01 9.875461e-01 9.906962e-01 9.897011e-01 9.857247e-01 9.849033e-01 9.891547e-01 9.877737e-01 9.877079e-01 9.954335e-01 1.000234e+00 9.953004e-01 9.909755e-01 9.949564e-01 9.997807e-01 1.004628e+00 1.006710e+00 1.003881e+00 9.984418e-01 1.004258e+00 1.010395e+00 1.011794e+00 1.009923e+00 1.008062e+00 1.010338e+00 1.009645e+00 1.006750e+00 1.009864e+00 1.010095e+00 1.008499e+00 1.007963e+00 1.006340e+00 1.010454e+00 1.009528e+00 1.003786e+00 9.958610e-01 9.930422e-01 9.857550e-01 9.772565e-01 9.729467e-01 9.699206e-01 9.670048e-01 9.654201e-01 9.628873e-01 9.552610e-01 9.458920e-01 9.515300e-01 9.518514e-01 9.500765e-01 9.473259e-01 9.436436e-01 9.388683e-01 9.424346e-01 9.434310e-01 9.428332e-01 9.473488e-01 9.489727e-01 9.516538e-01 9.476255e-01 9.455041e-01 9.482280e-01 9.554844e-01 9.581448e-01 9.544355e-01 9.557996e-01 9.606751e-01 9.613734e-01 9.643971e-01 9.609054e-01 9.532447e-01 9.474436e-01 9.438617e-01 9.445177e-01 9.508562e-01 9.608041e-01 9.642350e-01 9.603105e-01 9.595582e-01 9.642835e-01 9.683113e-01 9.696904e-01 9.624030e-01 9.590164e-01 9.646004e-01 9.647123e-01 9.632360e-01 9.679922e-01 9.746445e-01 9.813028e-01 9.824236e-01 9.811139e-01 9.746534e-01 9.743408e-01 9.778375e-01 9.763112e-01 9.802046e-01 9.832839e-01 9.758138e-01 9.693057e-01 9.680398e-01 9.740734e-01 9.821550e-01 9.852886e-01 9.953291e-01 1.003457e+00 1.002330e+00 9.929547e-01 9.889848e-01 9.896051e-01 9.881630e-01 9.910215e-01 9.884652e-01 9.809990e-01 9.770409e-01 9.828414e-01 9.851154e-01 9.831622e-01 9.779569e-01 9.681588e-01 9.652905e-01 9.578402e-01 9.525485e-01 9.503303e-01 9.468797e-01 9.425078e-01 9.421667e-01 9.436126e-01 9.458416e-01 9.526760e-01 9.655876e-01 9.707332e-01 9.660069e-01 9.603776e-01 9.602214e-01 9.670430e-01 9.702644e-01 9.622060e-01 9.482614e-01 9.550547e-01 9.719490e-01 9.878399e-01 9.863471e-01 9.798499e-01 9.801931e-01 9.920835e-01 9.916791e-01 9.916111e-01 9.980502e-01 9.966835e-01 9.934981e-01 1.001471e+00 1.006532e+00 1.014824e+00 1.023186e+00 1.023664e+00 1.024580e+00 1.030881e+00 1.034574e+00 1.031530e+00 1.029235e+00 1.037112e+00 1.043070e+00 1.043802e+00 1.048917e+00 1.054655e+00 1.055067e+00 1.052545e+00 1.051703e+00 1.053780e+00 1.054641e+00 1.054981e+00 1.056010e+00 1.059271e+00 1.061275e+00 1.064914e+00 1.064023e+00 1.061205e+00 1.060018e+00 1.061906e+00 1.064151e+00 1.066411e+00 1.066401e+00 1.062868e+00 1.061760e+00 1.060912e+00 1.060798e+00 1.057114e+00 1.052560e+00 1.049957e+00 1.047264e+00 1.051032e+00 1.050594e+00 1.052359e+00 1.053305e+00 1.054491e+00 1.052318e+00 1.048260e+00 1.043233e+00 1.038611e+00 1.024887e+00 1.017831e+00 1.015253e+00 1.007482e+00 9.822723e-01 9.550792e-01 9.819519e-01 1.000743e+00 1.020619e+00 1.053241e+00
1.017612e+00 1.024600e+00 1.021181e+00 1.013049e+00 1.000793e+00 9.921437e-01 9.841915e-01 9.732368e-01 9.672845e-01 9.667861e-01 9.639170e-01 9.650237e-01 9.762719e-01 9.805929e-01 9.756877e-01 9.712383e-01 9.838182e-01 9.968176e-01 9.951155e-01 9.865450e-01 9.828347e-01 9.818250e-01 9.824450e-01 9.823214e-01 9.856097e-01 9.883025e-01 9.840620e-01 9.733280e-01 9.707789e-01 9.768202e-01 9.721303e-01 9.638434e-01 9.637149e-01 9.654378e-01 9.621574e-01 9.601045e-01 9.581636e-01 9.609357e-01 9.624388e-01 9.624299e-01 9.623764e-01 9.646442e-01 9.649050e-01 9.693023e-01 9.749758e-01 9.806896e-01 9.828347e-01 9.859180e-01 9.884263e-01 9.899556e-01 9.916371e-01 9.925457e-01 9.915704e-01 9.902564e-01 9.895493e-01 9.912747e-01 9.916955e-01 9.911177e-01 9.921232e-01 9.947795e-01 9.948145e-01 9.957404e-01 1.002860e+00 1.003898e+00 1.002813e+00 1.007773e+00 1.010135e+00 1.010020e+00 1.012951e+00 1.010632e+00 1.011426e+00 1.010185e+00 1.013217e+00 1.008847e+00 1.004683e+00 1.006441e+00 1.010297e+00 1.011494e+00 1.006687e+00 1.006287e+00 1.006124e+00 1.002349e+00 9.977125e-01 9.922255e-01 9.821773e-01 9.746123e-01 9.707341e-01 9.664435e-01 9.636747e-01 9.602438e-01 9.576039e-01 9.576429e-01 9.531024e-01 9.497608e-01 9.450514e-01 9.443581e-01 9.426530e-01 9.405269e-01 9.370713e-01 9.402853e-01 9.397688e-01 9.374989e-01 9.418948e-01 9.430175e-01 9.426069e-01 9.405578e-01 9.389752e-01 9.435473e-01 9.518339e-01 9.570664e-01 9.554996e-01 9.554125e-01 9.556333e-01 9.509939e-01 9.496859e-01 9.491102e-01 9.500792e-01 9.499549e-01 9.452800e-01 9.385877e-01 9.393679e-01 9.481162e-01 9.485232e-01 9.411123e-01 9.483789e-01 9.574954e-01 9.635928e-01 9.649784e-01 9.630390e-01 9.603068e-01 9.640274e-01 9.649742e-01 9.624684e-01 9.577377e-01 9.557742e-01 9.667445e-01 9.754676e-01 9.766829e-01 9.675050e-01 9.676600e-01 9.734930e-01 9.700603e-01 9.745225e-01 9.766172e-01 9.694873e-01 9.664934e-01 9.644861e-01 9.696501e-01 9.763005e-01 9.810994e-01 9.897815e-01 9.967505e-01 9.979242e-01 9.888130e-01 9.795158e-01 9.788984e-01 9.796305e-01 9.820747e-01 9.808829e-01 9.798455e-01 9.846562e-01 9.854096e-01 9.850267e-01 9.821362e-01 9.763346e-01 9.690880e-01 9.662244e-01 9.550782e-01 9.463540e-01 9.436097e-01 9.375798e-01 9.420357e-01 9.424012e-01 9.450872e-01 9.458951e-01 9.487559e-01 9.572026e-01 9.663127e-01 9.616481e-01 9.566453e-01 9.518607e-01 9.570112e-01 9.557447e-01 9.459893e-01 9.435712e-01 9.635118e-01 9.781592e-01 9.816085e-01 9.800895e-01 9.782695e-01 9.735131e-01 9.727791e-01 9.785141e-01 9.889886e-01 9.863123e-01 9.810771e-01 9.864632e-01 9.997616e-01 1.004079e+00 1.006093e+00 1.014562e+00 1.020373e+00 1.024159e+00 1.030125e+00 1.035151e+00 1.030805e+00 1.030124e+00 1.033927e+00 1.037200e+00 1.041391e+00 1.045158e+00 1.053957e+00 1.054736e+00 1.054290e+00 1.053330e+00 1.056064e+00 1.055694e+00 1.055603e+00 1.057964e+00 1.059267e+00 1.060101e+00 1.060772e+00 1.058526e+00 1.056341e+00 1.058512e+00 1.061247e+00 1.063165e+00 1.066052e+00 1.065115e+00 1.062456e+00 1.061787e+00 1.060676e+00 1.060284e+00 1.058562e+00 1.052535e+00 1.049919e+00 1.046915e+00 1.048509e+00 1.052816e+00 1.059012e+00 1.057105e+00 1.054912e+00 1.052975e+00 1.045051e+00 1.042608e+00 1.036100e+00 1.021880e+00 1.014479e+00 1.011474e+00 1.005739e+00 9.836025e-01 9.588180e-01 9.895283e-01 1.006429e+00 1.021785e+00 1.057804e+00
1.015654e+00 1.023759e+00 1.023153e+00 1.014754e+00 1.003211e+00 9.901878e-01 9.814474e-01 9.721147e-01 9.655277e-01 9.675067e-01 9.662462e-01 9.647247e-01 9.741618e-01 9.802241e-01 9.750283e-01 9.694156e-01 9.784391e-01 9.861629e-01 9.863501e-01 9.786448e-01 9.798783e-01 9.846893e-01 9.829522e-01 9.815897e-01 9.845513e-01 9.886074e-01 9.854647e-01 9.802945e-01 9.770699e-01 9.772308e-01 9.750646e-01 9.671058e-01 9.627547e-01 9.614618e-01 9.592146e-01 9.604194e-01 9.583711e-01 9.602808e-01 9.611309e-01 9.637125e-01 9.650379e-01 9.664617e-01 9.688269e-01 9.709070e-01 9.765172e-01 9.810535e-01 9.861204e-01 9.890158e-01 9.891649e-01 9.892302e-01 9.918531e-01 9.961738e-01 9.944544e-01 9.918648e-01 9.917177e-01 9.944944e-01 9.918413e-01 9.876586e-01 9.899840e-01 9.951130e-01 9.939335e-01 9.923927e-01 9.959821e-01 9.968266e-01 1.003068e+00 1.012795e+00 1.011709e+00 1.007319e+00 1.012020e+00 1.013139e+00 1.012413e+00 1.010725e+00 1.014174e+00 1.014289e+00 1.011403e+00 1.012503e+00 1.012091e+00 1.009313e+00 1.004574e+00 9.972517e-01 9.919612e-01 9.925402e-01 9.914762e-01 9.873552e-01 9.799207e-01 9.725671e-01 9.667771e-01 9.599704e-01 9.569818e-01 9.533700e-01 9.497843e-01 9.520336e-01 9.548285e-01 9.515666e-01 9.422513e-01 9.410192e-01 9.363953e-01 9.351497e-01 9.362696e-01 9.367042e-01 9.368833e-01 9.339091e-01 9.313716e-01 9.324155e-01 9.370254e-01 9.402694e-01 9.387561e-01 9.432310e-01 9.495536e-01 9.491510e-01 9.461276e-01 9.511490e-01 9.503640e-01 9.450189e-01 9.398999e-01 9.399699e-01 9.466465e-01 9.501085e-01 9.462449e-01 9.387053e-01 9.375153e-01 9.441579e-01 9.436799e-01 9.383237e-01 9.475098e-01 9.537908e-01 9.549442e-01 9.578318e-01 9.566046e-01 9.552864e-01 9.581247e-01 9.643130e-01 9.604377e-01 9.529401e-01 9.491575e-01 9.617192e-01 9.737343e-01 9.723550e-01 9.672058e-01 9.632976e-01 9.616823e-01 9.617890e-01 9.663522e-01 9.694905e-01 9.638918e-01 9.626869e-01 9.637096e-01 9.682713e-01 9.732945e-01 9.777324e-01 9.773833e-01 9.841045e-01 9.906908e-01 9.871081e-01 9.817086e-01 9.802949e-01 9.781758e-01 9.737099e-01 9.735283e-01 9.815270e-01 9.866131e-01 9.813737e-01 9.777020e-01 9.739523e-01 9.706098e-01 9.689220e-01 9.627435e-01 9.487925e-01 9.444432e-01 9.429910e-01 9.409034e-01 9.444034e-01 9.428591e-01 9.463103e-01 9.480621e-01 9.503182e-01 9.545846e-01 9.590254e-01 9.552352e-01 9.497843e-01 9.462770e-01 9.476297e-01 9.453030e-01 9.387233e-01 9.463761e-01 9.655108e-01 9.717507e-01 9.707747e-01 9.757968e-01 9.742243e-01 9.652988e-01 9.638693e-01 9.717410e-01 9.832658e-01 9.830898e-01 9.803765e-01 9.857944e-01 9.934820e-01 9.958687e-01 1.002358e+00 1.013577e+00 1.021277e+00 1.029743e+00 1.034177e+00 1.034334e+00 1.033334e+00 1.032521e+00 1.032725e+00 1.035170e+00 1.038550e+00 1.043041e+00 1.049865e+00 1.050807e+00 1.052433e+00 1.053852e+00 1.054943e+00 1.056326e+00 1.057705e+00 1.059899e+00 1.059011e+00 1.059370e+00 1.057330e+00 1.053226e+00 1.054262e+00 1.058622e+00 1.060591e+00 1.063043e+00 1.065003e+00 1.064019e+00 1.063507e+00 1.063904e+00 1.060279e+00 1.059379e+00 1.058427e+00 1.054685e+00 1.052709e+00 1.050962e+00 1.050796e+00 1.053369e+00 1.061107e+00 1.056575e+00 1.054956e+00 1.053658e+00 1.039957e+00 1.033173e+00 1.034213e+00 1.025393e+00 1.016334e+00 1.015654e+00 1.012705e+00 9.877574e-01 9.670079e-01 1.002024e+00 1.018387e+00 1.025971e+00 1.062734e+00
1.013423e+00 1.020002e+00 1.019634e+00 1.011184e+00 9.970495e-01 9.843709e-01 9.832995e-01 9.759562e-01 9.664912e-01 9.638283e-01 9.628987e-01 9.613640e-01 9.693342e-01 9.767564e-01 9.707595e-01 9.639316e-01 9.633032e-01 9.675664e-01 9.714077e-01 9.701608e-01 9.689469e-01 9.732965e-01 9.766719e-01 9.758098e-01 9.786227e-01 9.813780e-01 9.822964e-01 9.842066e-01 9.826273e-01 9.785265e-01 9.752074e-01 9.710820e-01 9.667563e-01 9.617699e-01 9.547594e-01 9.544142e-01 9.574146e-01 9.608515e-01 9.648533e-01 9.659235e-01 9.692116e-01 9.728851e-01 9.718055e-01 9.698052e-01 9.756945e-01 9.819974e-01 9.840486e-01 9.852304e-01 9.914769e-01 9.914619e-01 9.918933e-01 9.921904e-01 9.925692e-01 9.946573e-01 9.966738e-01 9.924545e-01 9.861862e-01 9.880962e-01 9.932041e-01 9.939781e-01 9.912581e-01 9.970912e-01 9.984924e-01 9.968675e-01 1.001425e+00 1.007310e+00 1.003514e+00 1.002922e+00 1.006435e+00 1.007669e+00 1.010263e+00 1.012505e+00 1.016504e+00 1.016306e+00 1.012209e+00 1.012470e+00 1.009536e+00 1.005800e+00 9.992509e-01 9.865178e-01 9.786904e-01 9.840328e-01 9.856591e-01 9.813481e-01 9.737707e-01 9.649427e-01 9.591561e-01 9.538631e-01 9.485527e-01 9.392692e-01 9.390812e-01 9.399520e-01 9.426903e-01 9.419256e-01 9.346478e-01 9.327959e-01 9.322585e-01 9.338976e-01 9.304432e-01 9.299192e-01 9.318063e-01 9.293563e-01 9.237114e-01 9.256124e-01 9.340787e-01 9.372104e-01 9.336439e-01 9.374279e-01 9.437685e-01 9.455651e-01 9.415582e-01 9.438413e-01 9.474044e-01 9.482119e-01 9.413385e-01 9.346096e-01 9.382746e-01 9.445494e-01 9.369015e-01 9.299729e-01 9.341499e-01 9.433598e-01 9.483411e-01 9.509063e-01 9.524406e-01 9.587594e-01 9.548611e-01 9.492833e-01 9.518175e-01 9.544511e-01 9.592974e-01 9.581079e-01 9.530418e-01 9.510759e-01 9.529195e-01 9.604754e-01 9.652397e-01 9.636167e-01 9.603631e-01 9.550632e-01 9.513918e-01 9.546552e-01 9.646829e-01 9.710262e-01 9.666936e-01 9.679204e-01 9.678811e-01 9.720103e-01 9.712182e-01 9.721458e-01 9.689018e-01 9.737236e-01 9.836885e-01 9.872529e-01 9.897639e-01 9.915410e-01 9.828985e-01 9.680181e-01 9.659892e-01 9.725130e-01 9.755515e-01 9.745144e-01 9.689947e-01 9.644130e-01 9.642851e-01 9.603950e-01 9.525810e-01 9.442394e-01 9.452000e-01 9.435517e-01 9.437423e-01 9.441049e-01 9.454754e-01 9.427484e-01 9.439227e-01 9.449168e-01 9.544269e-01 9.606102e-01 9.615898e-01 9.534366e-01 9.494241e-01 9.448656e-01 9.417575e-01 9.377114e-01 9.415442e-01 9.558238e-01 9.653262e-01 9.590173e-01 9.667118e-01 9.687592e-01 9.637802e-01 9.669708e-01 9.708213e-01 9.738414e-01 9.806519e-01 9.872125e-01 9.864944e-01 9.900687e-01 9.976906e-01 1.007503e+00 1.015428e+00 1.022797e+00 1.030109e+00 1.030632e+00 1.033272e+00 1.036417e+00 1.032992e+00 1.035127e+00 1.035940e+00 1.037939e+00 1.042592e+00 1.048231e+00 1.048979e+00 1.048571e+00 1.051155e+00 1.055943e+00 1.058142e+00 1.057726e+00 1.058331e+00 1.056323e+00 1.058070e+00 1.056071e+00 1.052971e+00 1.056544e+00 1.058503e+00 1.057597e+00 1.060169e+00 1.063096e+00 1.064270e+00 1.065017e+00 1.063736e+00 1.061708e+00 1.060100e+00 1.057472e+00 1.055348e+00 1.055212e+00 1.055884e+00 1.054511e+00 1.058194e+00 1.060432e+00 1.059326e+00 1.060656e+00 1.056447e+00 1.039966e+00 1.031066e+00 1.040086e+00 1.031348e+00 1.024728e+00 1.027080e+00 1.021782e+00 9.900872e-01 9.725565e-01 1.008986e+00 1.028614e+00 1.028747e+00 1.065062e+00
1.012791e+00 1.016286e+00 1.018930e+00 1.009087e+00 9.900965e-01 9.835855e-01 9.856250e-01 9.801870e-01 9.692869e-01 9.655910e-01 9.616907e-01 9.576352e-01 9.642587e-01 9.704996e-01 9.663796e-01 9.613987e-01 9.545902e-01 9.533888e-01 9.578015e-01 9.655123e-01 9.657149e-01 9.686019e-01 9.736381e-01 9.742023e-01 9.727048e-01 9.732415e-01 9.752106e-01 9.782655e-01 9.754697e-01 9.755726e-01 9.765931e-01 9.760949e-01 9.722936e-01 9.701936e-01 9.601058e-01 9.528455e-01 9.597638e-01 9.673414e-01 9.720749e-01 9.714140e-01 9.726859e-01 9.725478e-01 9.714217e-01 9.732975e-01 9.819893e-01 9.864567e-01 9.852951e-01 9.880304e-01 9.968109e-01 9.952067e-01 9.902652e-01 9.881474e-01 9.915195e-01 9.993359e-01 1.000362e+00 9.946876e-01 9.926730e-01 9.950825e-01 9.950699e-01 9.922227e-01 9.943615e-01 9.991445e-01 9.985228e-01 9.966073e-01 9.980382e-01 1.002053e+00 1.004123e+00 1.005083e+00 1.004148e+00 1.006015e+00 1.008733e+00 1.012595e+00 1.011710e+00 1.012689e+00 1.008278e+00 1.004888e+00 1.000477e+00 9.984317e-01 9.939972e-01 9.860564e-01 9.793634e-01 9.808338e-01 9.792832e-01 9.738030e-01 9.694498e-01 9.581398e-01 9.461169e-01 9.445828e-01 9.419088e-01 9.315864e-01 9.352038e-01 9.360446e-01 9.337155e-01 9.332985e-01 9.355243e-01 9.309216e-01 9.306483e-01 9.289122e-01 9.254100e-01 9.256586e-01 9.266515e-01 9.227288e-01 9.220241e-01 9.222236e-01 9.273919e-01 9.304252e-01 9.314906e-01 9.381047e-01 9.427568e-01 9.433067e-01 9.374149e-01 9.357591e-01 9.408518e-01 9.447025e-01 9.400339e-01 9.331609e-01 9.400797e-01 9.451284e-01 9.384547e-01 9.318344e-01 9.360799e-01 9.432083e-01 9.483481e-01 9.537321e-01 9.553224e-01 9.577038e-01 9.552212e-01 9.485418e-01 9.568145e-01 9.629838e-01 9.632810e-01 9.526856e-01 9.506970e-01 9.531434e-01 9.538567e-01 9.492985e-01 9.537662e-01 9.509224e-01 9.534602e-01 9.512579e-01 9.506597e-01 9.523402e-01 9.599742e-01 9.690276e-01 9.725971e-01 9.703944e-01 9.701352e-01 9.728027e-01 9.665120e-01 9.689209e-01 9.657506e-01 9.705728e-01 9.795555e-01 9.798338e-01 9.849897e-01 9.893811e-01 9.766961e-01 9.627482e-01 9.646201e-01 9.659798e-01 9.669110e-01 9.657789e-01 9.592905e-01 9.536844e-01 9.543580e-01 9.515638e-01 9.451688e-01 9.396393e-01 9.355406e-01 9.395123e-01 9.389161e-01 9.417268e-01 9.462247e-01 9.388575e-01 9.348710e-01 9.371697e-01 9.412195e-01 9.467422e-01 9.524860e-01 9.484340e-01 9.425320e-01 9.397994e-01 9.442081e-01 9.463768e-01 9.409197e-01 9.367319e-01 9.451093e-01 9.514502e-01 9.583628e-01 9.652768e-01 9.645135e-01 9.688641e-01 9.714037e-01 9.747083e-01 9.797614e-01 9.902071e-01 9.866000e-01 9.937778e-01 1.000871e+00 1.010769e+00 1.017380e+00 1.022308e+00 1.024809e+00 1.021775e+00 1.025198e+00 1.035098e+00 1.037210e+00 1.038360e+00 1.036557e+00 1.035812e+00 1.039383e+00 1.044945e+00 1.046364e+00 1.043261e+00 1.048972e+00 1.057053e+00 1.060656e+00 1.056377e+00 1.054709e+00 1.053228e+00 1.056171e+00 1.055387e+00 1.055949e+00 1.057163e+00 1.056329e+00 1.056022e+00 1.060521e+00 1.062736e+00 1.063853e+00 1.063222e+00 1.063232e+00 1.064556e+00 1.064047e+00 1.058994e+00 1.055019e+00 1.056320e+00 1.057741e+00 1.056437e+00 1.058962e+00 1.062779e+00 1.064581e+00 1.061576e+00 1.056773e+00 1.045292e+00 1.039024e+00 1.045369e+00 1.034192e+00 1.029537e+00 1.035254e+00 1.026194e+00 9.948817e-01 9.752586e-01 1.011063e+00 1.031537e+00 1.029461e+00 1.065339e+00
1.009517e+00 1.019523e+00 1.024734e+00 1.009183e+00 9.897316e-01 9.845818e-01 9.830481e-01 9.783676e-01 9.673886e-01 9.665071e-01 9.623647e-01 9.612522e-01 9.643912e-01 9.680603e-01 9.657758e-01 9.669009e-01 9.580941e-01 9.494027e-01 9.532108e-01 9.690790e-01 9.726675e-01 9.757788e-01 9.799712e-01 9.761028e-01 9.730164e-01 9.732361e-01 9.746146e-01 9.776632e-01 9.785545e-01 9.792747e-01 9.770293e-01 9.747710e-01 9.742026e-01 9.742606e-01 9.653943e-01 9.588583e-01 9.616727e-01 9.664078e-01 9.706172e-01 9.745148e-01 9.745653e-01 9.722879e-01 9.747647e-01 9.806178e-01 9.844278e-01 9.873455e-01 9.900664e-01 9.909141e-01 9.972296e-01 9.958333e-01 9.877306e-01 9.873608e-01 9.895504e-01 9.970803e-01 1.002619e+00 1.002002e+00 1.002274e+00 1.000449e+00 9.969284e-01 9.950840e-01 1.003211e+00 1.001551e+00 9.960449e-01 9.947225e-01 9.950472e-01 9.989974e-01 1.007494e+00 1.002667e+00 1.000448e+00 1.003372e+00 1.001467e+00 1.003507e+00 1.006656e+00 1.010011e+00 1.005833e+00 1.000415e+00 9.961163e-01 9.901363e-01 9.891177e-01 9.855346e-01 9.802713e-01 9.770606e-01 9.760886e-01 9.707447e-01 9.634013e-01 9.473581e-01 9.338183e-01 9.321383e-01 9.330727e-01 9.290580e-01 9.322414e-01 9.361030e-01 9.341115e-01 9.313726e-01 9.341479e-01 9.314374e-01 9.278812e-01 9.234363e-01 9.228532e-01 9.244118e-01 9.236453e-01 9.232496e-01 9.186097e-01 9.174637e-01 9.238410e-01 9.297564e-01 9.346021e-01 9.378513e-01 9.438619e-01 9.439618e-01 9.344195e-01 9.277620e-01 9.343525e-01 9.364638e-01 9.332314e-01 9.379233e-01 9.458661e-01 9.459693e-01 9.388214e-01 9.385848e-01 9.384363e-01 9.406731e-01 9.407883e-01 9.394903e-01 9.498859e-01 9.584163e-01 9.580575e-01 9.553952e-01 9.621440e-01 9.652622e-01 9.616800e-01 9.522941e-01 9.492688e-01 9.462103e-01 9.419337e-01 9.445019e-01 9.462993e-01 9.471928e-01 9.536809e-01 9.558115e-01 9.563190e-01 9.537855e-01 9.591786e-01 9.704021e-01 9.755965e-01 9.669103e-01 9.619561e-01 9.609694e-01 9.630796e-01 9.673119e-01 9.729576e-01 9.790719e-01 9.786741e-01 9.728078e-01 9.744707e-01 9.738004e-01 9.713271e-01 9.670529e-01 9.647638e-01 9.620960e-01 9.632899e-01 9.606351e-01 9.549231e-01 9.502043e-01 9.466550e-01 9.410975e-01 9.357496e-01 9.322907e-01 9.260330e-01 9.319133e-01 9.349867e-01 9.380665e-01 9.415807e-01 9.362515e-01 9.272704e-01 9.253775e-01 9.242807e-01 9.269413e-01 9.330549e-01 9.353790e-01 9.318920e-01 9.353041e-01 9.416584e-01 9.411100e-01 9.347903e-01 9.281366e-01 9.354861e-01 9.470941e-01 9.528233e-01 9.639053e-01 9.618616e-01 9.602044e-01 9.704587e-01 9.793199e-01 9.842714e-01 9.874803e-01 9.923133e-01 9.995385e-01 1.002857e+00 1.008796e+00 1.015443e+00 1.020896e+00 1.019461e+00 1.015713e+00 1.020003e+00 1.035457e+00 1.040138e+00 1.039979e+00 1.036864e+00 1.038823e+00 1.042780e+00 1.042796e+00 1.040558e+00 1.038426e+00 1.045916e+00 1.055287e+00 1.058749e+00 1.056266e+00 1.052497e+00 1.052380e+00 1.054175e+00 1.053938e+00 1.052256e+00 1.054055e+00 1.056741e+00 1.059743e+00 1.060955e+00 1.061030e+00 1.061111e+00 1.060381e+00 1.062808e+00 1.063976e+00 1.061565e+00 1.057376e+00 1.053199e+00 1.052260e+00 1.055630e+00 1.056252e+00 1.059299e+00 1.062895e+00 1.066254e+00 1.064608e+00 1.059000e+00 1.053017e+00 1.046164e+00 1.048070e+00 1.036905e+00 1.031396e+00 1.036657e+00 1.026590e+00 9.973330e-01 9.784003e-01 1.010127e+00 1.029663e+00 1.029583e+00 1.066748e+00
1.007581e+00 1.016625e+00 1.024625e+00 1.012258e+00 9.929441e-01 9.832574e-01 9.796196e-01 9.699990e-01 9.638789e-01 9.653202e-01 9.627640e-01 9.655496e-01 9.692131e-01 9.648235e-01 9.658505e-01 9.700612e-01 9.667584e-01 9.554411e-01 9.644334e-01 9.802695e-01 9.822208e-01 9.807276e-01 9.789366e-01 9.744956e-01 9.738772e-01 9.798015e-01 9.780878e-01 9.822309e-01 9.827929e-01 9.774238e-01 9.738513e-01 9.764895e-01 9.770504e-01 9.739852e-01 9.680134e-01 9.651825e-01 9.632930e-01 9.680360e-01 9.732136e-01 9.750614e-01 9.775164e-01 9.791735e-01 9.806178e-01 9.836464e-01 9.840814e-01 9.847057e-01 9.913679e-01 9.906770e-01 9.926787e-01 9.920505e-01 9.902509e-01 9.918771e-01 9.903976e-01 9.926291e-01 1.002915e+00 1.005965e+00 1.001974e+00 9.948786e-01 9.946090e-01 9.962252e-01 1.002219e+00 1.001297e+00 9.991946e-01 9.961907e-01 9.969087e-01 1.001312e+00 1.000438e+00 9.945807e-01 9.997888e-01 1.001788e+00 1.000139e+00 1.003069e+00 1.003433e+00 1.006373e+00 1.000868e+00 9.952752e-01 9.936373e-01 9.845521e-01 9.799760e-01 9.789799e-01 9.744307e-01 9.717569e-01 9.722344e-01 9.690459e-01 9.613953e-01 9.455866e-01 9.336230e-01 9.282074e-01 9.322172e-01 9.320191e-01 9.321088e-01 9.346234e-01 9.336883e-01 9.273511e-01 9.265636e-01 9.303601e-01 9.260186e-01 9.223273e-01 9.223198e-01 9.237688e-01 9.227014e-01 9.212443e-01 9.165815e-01 9.176382e-01 9.252817e-01 9.302516e-01 9.370162e-01 9.377660e-01 9.392053e-01 9.386392e-01 9.304298e-01 9.254065e-01 9.314344e-01 9.341116e-01 9.310076e-01 9.371319e-01 9.428164e-01 9.394543e-01 9.363905e-01 9.370770e-01 9.363334e-01 9.390320e-01 9.375202e-01 9.316106e-01 9.394907e-01 9.472855e-01 9.523889e-01 9.542322e-01 9.613262e-01 9.648151e-01 9.607823e-01 9.519209e-01 9.436340e-01 9.408407e-01 9.382725e-01 9.390640e-01 9.380102e-01 9.456637e-01 9.536296e-01 9.551152e-01 9.511779e-01 9.523781e-01 9.586240e-01 9.713494e-01 9.778673e-01 9.728197e-01 9.618564e-01 9.567977e-01 9.606236e-01 9.694278e-01 9.808726e-01 9.811013e-01 9.762503e-01 9.729515e-01 9.715533e-01 9.674644e-01 9.715662e-01 9.705625e-01 9.620693e-01 9.578670e-01 9.593405e-01 9.586517e-01 9.553688e-01 9.490502e-01 9.453374e-01 9.420831e-01 9.324252e-01 9.201775e-01 9.208089e-01 9.269622e-01 9.365730e-01 9.395546e-01 9.361596e-01 9.318033e-01 9.215918e-01 9.163557e-01 9.209754e-01 9.229708e-01 9.244785e-01 9.225479e-01 9.260840e-01 9.361488e-01 9.434710e-01 9.367850e-01 9.325234e-01 9.331574e-01 9.364668e-01 9.455004e-01 9.532777e-01 9.679435e-01 9.662982e-01 9.605294e-01 9.695467e-01 9.795142e-01 9.834161e-01 9.896142e-01 1.001891e+00 1.009063e+00 1.009130e+00 1.010717e+00 1.017771e+00 1.024012e+00 1.020130e+00 1.011908e+00 1.019161e+00 1.035393e+00 1.039643e+00 1.037089e+00 1.034252e+00 1.039032e+00 1.042340e+00 1.036334e+00 1.034830e+00 1.037310e+00 1.040435e+00 1.046156e+00 1.054504e+00 1.057749e+00 1.053901e+00 1.054372e+00 1.053413e+00 1.051751e+00 1.050123e+00 1.050849e+00 1.054934e+00 1.059834e+00 1.061577e+00 1.062126e+00 1.062307e+00 1.060593e+00 1.060605e+00 1.057531e+00 1.053995e+00 1.053398e+00 1.049977e+00 1.049309e+00 1.055259e+00 1.058841e+00 1.062415e+00 1.062837e+00 1.064383e+00 1.066688e+00 1.063612e+00 1.055087e+00 1.046381e+00 1.041862e+00 1.037815e+00 1.035151e+00 1.036959e+00 1.026673e+00 1.002247e+00 9.804109e-01 1.012844e+00 1.029267e+00 1.031903e+00 1.067570e+00
1.005684e+00 1.009899e+00 1.019568e+00 1.010087e+00 9.930182e-01 9.788517e-01 9.757841e-01 9.720204e-01 9.710925e-01 9.724948e-01 9.696954e-01 9.674503e-01 9.678565e-01 9.646298e-01 9.654573e-01 9.682515e-01 9.680393e-01 9.690293e-01 9.777034e-01 9.866065e-01 9.822827e-01 9.748040e-01 9.740200e-01 9.747860e-01 9.698140e-01 9.774523e-01 9.803786e-01 9.812047e-01 9.795995e-01 9.744622e-01 9.727108e-01 9.785152e-01 9.757862e-01 9.697285e-01 9.670727e-01 9.656667e-01 9.632497e-01 9.686328e-01 9.773226e-01 9.765584e-01 9.745829e-01 9.777508e-01 9.805055e-01 9.838044e-01 9.861236e-01 9.888381e-01 9.913052e-01 9.896003e-01 9.908702e-01 9.924297e-01 9.911405e-01 9.927634e-01 9.923940e-01 9.909644e-01 9.963788e-01 9.964007e-01 9.942740e-01 9.913338e-01 9.924839e-01 9.962329e-01 1.000122e+00 1.001906e+00 1.003848e+00 1.002131e+00 9.999198e-01 1.001369e+00 9.922007e-01 9.951416e-01 1.005013e+00 1.007201e+00 1.005231e+00 1.007071e+00 1.002054e+00 1.002434e+00 9.974027e-01 9.908867e-01 9.868475e-01 9.774975e-01 9.723516e-01 9.767483e-01 9.760010e-01 9.695878e-01 9.653113e-01 9.617485e-01 9.566079e-01 9.503213e-01 9.370907e-01 9.256255e-01 9.272454e-01 9.271914e-01 9.261773e-01 9.288822e-01 9.289188e-01 9.269460e-01 9.258855e-01 9.244465e-01 9.212844e-01 9.194201e-01 9.219931e-01 9.196136e-01 9.175706e-01 9.149414e-01 9.151179e-01 9.208704e-01 9.249988e-01 9.306303e-01 9.364334e-01 9.369318e-01 9.362392e-01 9.339455e-01 9.263097e-01 9.228036e-01 9.277829e-01 9.308898e-01 9.297767e-01 9.348781e-01 9.346823e-01 9.301750e-01 9.302691e-01 9.344746e-01 9.372883e-01 9.397504e-01 9.376155e-01 9.330706e-01 9.399838e-01 9.415543e-01 9.471234e-01 9.501241e-01 9.491287e-01 9.559657e-01 9.588379e-01 9.563438e-01 9.491718e-01 9.480482e-01 9.438701e-01 9.377112e-01 9.380986e-01 9.453253e-01 9.477870e-01 9.457452e-01 9.441351e-01 9.458445e-01 9.542929e-01 9.653012e-01 9.760227e-01 9.780942e-01 9.696630e-01 9.660237e-01 9.642031e-01 9.711461e-01 9.756174e-01 9.740634e-01 9.714206e-01 9.703205e-01 9.671011e-01 9.636303e-01 9.667559e-01 9.718195e-01 9.672589e-01 9.609418e-01 9.564856e-01 9.546562e-01 9.560944e-01 9.477408e-01 9.446832e-01 9.416578e-01 9.305586e-01 9.187741e-01 9.174556e-01 9.207640e-01 9.305397e-01 9.325471e-01 9.333529e-01 9.278975e-01 9.221634e-01 9.168011e-01 9.175554e-01 9.196308e-01 9.211054e-01 9.194773e-01 9.219542e-01 9.273216e-01 9.364477e-01 9.378314e-01 9.337007e-01 9.384729e-01 9.417489e-01 9.477862e-01 9.634857e-01 9.723091e-01 9.739293e-01 9.698553e-01 9.727473e-01 9.801190e-01 9.794784e-01 9.882382e-01 1.002067e+00 1.008530e+00 1.010523e+00 1.012558e+00 1.014133e+00 1.019497e+00 1.018967e+00 1.016354e+00 1.025328e+00 1.034169e+00 1.035559e+00 1.030829e+00 1.030934e+00 1.034138e+00 1.034368e+00 1.035186e+00 1.039258e+00 1.041346e+00 1.037177e+00 1.040397e+00 1.050685e+00 1.056053e+00 1.056637e+00 1.058215e+00 1.055741e+00 1.051020e+00 1.049017e+00 1.047997e+00 1.048424e+00 1.056228e+00 1.061938e+00 1.062841e+00 1.063420e+00 1.062353e+00 1.056722e+00 1.049569e+00 1.049596e+00 1.049013e+00 1.048939e+00 1.052735e+00 1.056221e+00 1.061027e+00 1.065520e+00 1.065645e+00 1.065558e+00 1.067936e+00 1.067102e+00 1.054839e+00 1.041308e+00 1.039132e+00 1.036907e+00 1.035691e+00 1.035824e+00 1.027968e+00 1.006969e+00 9.825107e-01 1.019503e+00 1.032464e+00 1.036975e+00 1.067608e+00
1.008962e+00 1.008978e+00 1.019498e+00 1.009801e+00 9.976795e-01 9.884474e-01 9.830077e-01 9.774067e-01 9.776592e-01 9.771819e-01 9.745708e-01 9.691137e-01 9.644868e-01 9.608974e-01 9.603835e-01 9.642997e-01 9.672464e-01 9.735987e-01 9.778673e-01 9.784371e-01 9.712225e-01 9.649695e-01 9.698932e-01 9.716161e-01 9.711594e-01 9.795744e-01 9.819027e-01 9.768654e-01 9.751202e-01 9.730468e-01 9.724228e-01 9.707233e-01 9.679989e-01 9.690479e-01 9.696975e-01 9.648490e-01 9.642386e-01 9.691315e-01 9.756345e-01 9.769945e-01 9.776953e-01 9.777093e-01 9.771020e-01 9.824287e-01 9.884214e-01 9.904692e-01 9.917428e-01 9.892212e-01 9.882171e-01 9.877166e-01 9.857101e-01 9.875649e-01 9.885501e-01 9.888610e-01 9.900983e-01 9.908950e-01 9.946510e-01 9.953791e-01 9.956812e-01 9.952386e-01 9.961120e-01 9.991837e-01 1.004184e+00 1.007240e+00 1.007329e+00 1.004127e+00 9.948047e-01 9.987833e-01 1.009281e+00 1.009068e+00 1.005162e+00 1.007277e+00 1.003637e+00 9.992492e-01 9.953104e-01 9.920174e-01 9.870160e-01 9.805398e-01 9.764355e-01 9.766997e-01 9.797908e-01 9.761353e-01 9.661112e-01 9.536402e-01 9.512957e-01 9.514239e-01 9.411328e-01 9.257718e-01 9.238627e-01 9.209796e-01 9.193190e-01 9.210502e-01 9.260809e-01 9.245944e-01 9.206575e-01 9.187160e-01 9.175586e-01 9.189032e-01 9.207952e-01 9.157605e-01 9.147110e-01 9.109035e-01 9.130065e-01 9.210961e-01 9.260111e-01 9.300246e-01 9.315885e-01 9.352099e-01 9.341192e-01 9.332452e-01 9.288560e-01 9.211379e-01 9.257062e-01 9.273294e-01 9.286134e-01 9.329518e-01 9.285117e-01 9.265614e-01 9.220792e-01 9.296259e-01 9.341167e-01 9.355659e-01 9.368136e-01 9.402506e-01 9.470336e-01 9.452074e-01 9.473057e-01 9.496345e-01 9.498292e-01 9.513105e-01 9.554549e-01 9.592506e-01 9.563791e-01 9.537233e-01 9.458762e-01 9.317641e-01 9.370313e-01 9.483057e-01 9.505066e-01 9.489413e-01 9.432766e-01 9.418562e-01 9.500177e-01 9.629627e-01 9.715149e-01 9.760999e-01 9.748075e-01 9.743382e-01 9.706036e-01 9.724399e-01 9.712111e-01 9.695280e-01 9.668323e-01 9.674611e-01 9.665461e-01 9.617125e-01 9.652873e-01 9.723115e-01 9.787987e-01 9.741317e-01 9.630072e-01 9.533328e-01 9.506968e-01 9.389532e-01 9.360921e-01 9.389930e-01 9.345161e-01 9.285432e-01 9.212505e-01 9.195722e-01 9.312112e-01 9.328943e-01 9.325662e-01 9.287672e-01 9.239652e-01 9.238684e-01 9.248251e-01 9.228310e-01 9.279628e-01 9.259521e-01 9.178362e-01 9.184167e-01 9.292677e-01 9.392617e-01 9.366762e-01 9.457011e-01 9.554216e-01 9.551748e-01 9.608766e-01 9.698413e-01 9.758707e-01 9.758672e-01 9.749646e-01 9.781216e-01 9.841359e-01 9.938465e-01 1.000165e+00 1.003485e+00 1.005612e+00 1.007880e+00 1.015355e+00 1.021684e+00 1.025718e+00 1.027761e+00 1.033321e+00 1.040080e+00 1.040033e+00 1.033219e+00 1.029919e+00 1.031013e+00 1.031653e+00 1.038215e+00 1.045559e+00 1.045410e+00 1.039517e+00 1.039124e+00 1.046682e+00 1.053488e+00 1.057116e+00 1.059815e+00 1.059383e+00 1.052711e+00 1.048883e+00 1.045609e+00 1.046709e+00 1.055267e+00 1.061798e+00 1.061141e+00 1.062814e+00 1.060059e+00 1.050514e+00 1.046414e+00 1.045625e+00 1.043445e+00 1.046362e+00 1.050596e+00 1.056318e+00 1.061967e+00 1.069049e+00 1.070469e+00 1.066688e+00 1.064145e+00 1.063403e+00 1.051411e+00 1.037032e+00 1.037171e+00 1.035375e+00 1.036987e+00 1.037457e+00 1.030965e+00 1.005989e+00 9.833626e-01 1.026478e+00 1.037129e+00 1.039634e+00 1.066261e+00
1.011633e+00 1.013893e+00 1.017026e+00 1.007768e+00 9.986317e-01 9.917674e-01 9.865957e-01 9.847010e-01 9.821994e-01 9.775086e-01 9.743717e-01 9.671732e-01 9.606873e-01 9.569626e-01 9.562939e-01 9.641415e-01 9.701520e-01 9.677063e-01 9.661391e-01 9.635196e-01 9.622044e-01 9.658482e-01 9.776834e-01 9.756927e-01 9.717989e-01 9.730567e-01 9.715289e-01 9.646928e-01 9.687496e-01 9.756818e-01 9.722233e-01 9.670808e-01 9.666957e-01 9.685484e-01 9.692065e-01 9.669883e-01 9.665578e-01 9.694920e-01 9.730774e-01 9.765030e-01 9.810646e-01 9.757826e-01 9.737719e-01 9.814757e-01 9.903808e-01 9.918801e-01 9.901846e-01 9.870473e-01 9.839900e-01 9.843689e-01 9.855230e-01 9.887760e-01 9.896895e-01 9.868511e-01 9.900016e-01 9.948506e-01 1.000291e+00 9.990835e-01 9.974746e-01 9.939888e-01 9.948182e-01 9.973657e-01 9.997960e-01 1.006008e+00 1.008875e+00 1.006637e+00 1.004234e+00 1.004313e+00 1.008894e+00 1.004382e+00 1.001664e+00 1.004973e+00 1.007758e+00 1.000345e+00 9.965846e-01 9.947903e-01 9.853237e-01 9.837654e-01 9.814898e-01 9.815035e-01 9.793728e-01 9.721807e-01 9.621921e-01 9.497743e-01 9.496279e-01 9.463955e-01 9.385084e-01 9.283120e-01 9.257182e-01 9.230860e-01 9.228080e-01 9.247923e-01 9.264443e-01 9.222253e-01 9.173785e-01 9.159387e-01 9.162143e-01 9.171661e-01 9.148234e-01 9.148151e-01 9.139082e-01 9.100076e-01 9.130920e-01 9.196542e-01 9.228093e-01 9.208996e-01 9.233605e-01 9.277558e-01 9.280806e-01 9.259003e-01 9.298897e-01 9.256641e-01 9.258723e-01 9.303228e-01 9.343545e-01 9.346337e-01 9.274361e-01 9.238959e-01 9.228784e-01 9.294884e-01 9.289081e-01 9.307451e-01 9.362009e-01 9.385487e-01 9.416983e-01 9.450912e-01 9.431259e-01 9.464371e-01 9.508221e-01 9.530888e-01 9.501534e-01 9.503166e-01 9.458451e-01 9.403809e-01 9.373740e-01 9.320963e-01 9.376091e-01 9.517131e-01 9.562172e-01 9.624820e-01 9.533014e-01 9.455009e-01 9.501473e-01 9.598887e-01 9.698204e-01 9.753518e-01 9.765052e-01 9.747203e-01 9.747412e-01 9.721941e-01 9.622717e-01 9.643756e-01 9.668415e-01 9.631576e-01 9.603124e-01 9.635094e-01 9.698046e-01 9.759275e-01 9.830281e-01 9.801838e-01 9.679852e-01 9.515315e-01 9.422814e-01 9.357038e-01 9.327253e-01 9.374361e-01 9.423221e-01 9.397607e-01 9.289200e-01 9.251882e-01 9.313160e-01 9.337104e-01 9.283472e-01 9.269188e-01 9.244459e-01 9.282887e-01 9.315969e-01 9.304363e-01 9.319940e-01 9.331437e-01 9.249241e-01 9.241314e-01 9.252945e-01 9.355494e-01 9.406461e-01 9.534696e-01 9.627129e-01 9.620344e-01 9.641042e-01 9.744712e-01 9.765380e-01 9.795995e-01 9.827762e-01 9.878433e-01 9.907470e-01 9.985201e-01 1.000106e+00 1.001780e+00 1.005003e+00 1.013507e+00 1.024998e+00 1.025752e+00 1.025586e+00 1.028628e+00 1.029330e+00 1.036913e+00 1.039745e+00 1.036124e+00 1.032348e+00 1.030859e+00 1.030857e+00 1.038992e+00 1.044755e+00 1.047046e+00 1.044018e+00 1.038312e+00 1.047362e+00 1.053710e+00 1.057388e+00 1.060048e+00 1.061207e+00 1.056554e+00 1.051081e+00 1.050069e+00 1.051035e+00 1.058127e+00 1.061557e+00 1.060591e+00 1.056658e+00 1.052484e+00 1.048991e+00 1.050149e+00 1.047095e+00 1.042784e+00 1.043370e+00 1.044049e+00 1.051746e+00 1.060738e+00 1.065871e+00 1.067331e+00 1.063455e+00 1.059526e+00 1.060343e+00 1.050216e+00 1.039957e+00 1.042299e+00 1.037432e+00 1.040235e+00 1.043836e+00 1.035862e+00 1.007519e+00 9.882329e-01 1.027070e+00 1.038609e+00 1.038976e+00 1.067454e+00
1.010479e+00 1.012493e+00 1.018882e+00 1.005599e+00 1.000157e+00 9.944504e-01 9.920300e-01 9.920722e-01 9.861116e-01 9.759499e-01 9.696547e-01 9.655508e-01 9.633833e-01 9.602727e-01 9.615094e-01 9.691647e-01 9.708370e-01 9.605700e-01 9.561936e-01 9.598868e-01 9.603232e-01 9.695650e-01 9.794036e-01 9.774299e-01 9.689346e-01 9.644344e-01 9.607896e-01 9.583323e-01 9.706955e-01 9.786208e-01 9.716465e-01 9.653650e-01 9.645050e-01 9.650696e-01 9.630080e-01 9.658920e-01 9.688267e-01 9.688642e-01 9.688469e-01 9.732372e-01 9.798559e-01 9.784946e-01 9.796017e-01 9.844444e-01 9.890190e-01 9.879126e-01 9.865956e-01 9.894559e-01 9.841782e-01 9.834124e-01 9.888493e-01 9.939740e-01 9.961662e-01 9.952999e-01 9.969608e-01 9.963231e-01 9.984711e-01 1.001788e+00 9.998839e-01 9.954162e-01 9.959301e-01 9.998766e-01 9.983816e-01 1.001907e+00 1.007981e+00 1.008053e+00 1.007103e+00 1.002964e+00 1.000616e+00 9.952055e-01 9.959908e-01 1.002017e+00 1.002743e+00 9.977716e-01 9.971277e-01 9.959106e-01 9.877121e-01 9.820912e-01 9.804395e-01 9.800374e-01 9.754742e-01 9.636935e-01 9.574357e-01 9.489658e-01 9.420168e-01 9.408612e-01 9.376450e-01 9.300487e-01 9.277790e-01 9.303464e-01 9.278288e-01 9.274681e-01 9.238014e-01 9.167037e-01 9.111347e-01 9.124615e-01 9.171390e-01 9.175688e-01 9.147500e-01 9.168763e-01 9.145458e-01 9.088675e-01 9.091046e-01 9.100986e-01 9.174303e-01 9.178903e-01 9.204516e-01 9.186076e-01 9.154812e-01 9.188966e-01 9.260343e-01 9.251137e-01 9.235907e-01 9.260118e-01 9.269171e-01 9.296087e-01 9.245416e-01 9.241208e-01 9.241357e-01 9.310998e-01 9.304289e-01 9.318994e-01 9.331760e-01 9.316332e-01 9.303972e-01 9.413376e-01 9.417687e-01 9.433563e-01 9.475659e-01 9.500082e-01 9.449169e-01 9.402624e-01 9.300268e-01 9.248757e-01 9.311827e-01 9.362105e-01 9.470238e-01 9.558700e-01 9.600166e-01 9.665633e-01 9.606665e-01 9.537129e-01 9.575092e-01 9.637112e-01 9.745220e-01 9.788575e-01 9.801630e-01 9.795146e-01 9.769622e-01 9.683152e-01 9.604629e-01 9.683096e-01 9.724962e-01 9.684354e-01 9.689090e-01 9.694969e-01 9.679052e-01 9.703676e-01 9.777618e-01 9.773742e-01 9.660581e-01 9.494182e-01 9.384828e-01 9.344052e-01 9.336621e-01 9.415967e-01 9.497107e-01 9.456619e-01 9.400930e-01 9.348236e-01 9.334608e-01 9.278558e-01 9.314221e-01 9.337981e-01 9.247972e-01 9.294128e-01 9.394838e-01 9.361414e-01 9.354002e-01 9.373811e-01 9.370584e-01 9.287365e-01 9.271713e-01 9.331581e-01 9.403943e-01 9.527901e-01 9.605674e-01 9.594598e-01 9.589086e-01 9.699011e-01 9.755353e-01 9.802797e-01 9.835535e-01 9.834156e-01 9.872730e-01 9.940120e-01 1.000590e+00 1.007230e+00 1.015192e+00 1.022720e+00 1.034306e+00 1.031954e+00 1.027019e+00 1.028484e+00 1.027482e+00 1.035136e+00 1.039503e+00 1.039073e+00 1.038937e+00 1.037178e+00 1.036281e+00 1.039793e+00 1.046164e+00 1.048557e+00 1.049804e+00 1.046934e+00 1.050595e+00 1.054033e+00 1.056031e+00 1.058936e+00 1.058081e+00 1.056133e+00 1.052314e+00 1.049575e+00 1.050583e+00 1.054735e+00 1.056028e+00 1.056440e+00 1.056216e+00 1.055321e+00 1.053295e+00 1.049749e+00 1.043755e+00 1.041094e+00 1.042609e+00 1.047276e+00 1.053884e+00 1.058784e+00 1.062184e+00 1.061023e+00 1.061172e+00 1.060682e+00 1.060194e+00 1.050138e+00 1.045889e+00 1.050581e+00 1.040730e+00 1.041912e+00 1.045110e+00 1.038030e+00 1.011085e+00 9.949200e-01 1.026803e+00 1.041264e+00 1.039233e+00 1.068638e+00
1.004094e+00 1.009719e+00 1.015366e+00 1.009435e+00 1.001449e+00 9.964966e-01 9.955549e-01 9.976553e-01 9.861510e-01 9.720480e-01 9.671989e-01 9.692634e-01 9.717675e-01 9.687940e-01 9.643158e-01 9.636081e-01 9.609190e-01 9.571225e-01 9.578441e-01 9.630195e-01 9.575571e-01 9.573873e-01 9.641272e-01 9.676871e-01 9.595751e-01 9.549720e-01 9.561259e-01 9.581314e-01 9.703993e-01 9.662088e-01 9.638045e-01 9.661065e-01 9.692206e-01 9.634169e-01 9.638845e-01 9.661977e-01 9.691963e-01 9.679976e-01 9.711232e-01 9.768756e-01 9.820896e-01 9.833344e-01 9.812169e-01 9.821785e-01 9.835536e-01 9.835163e-01 9.879422e-01 9.923787e-01 9.874827e-01 9.847645e-01 9.899635e-01 9.953679e-01 9.947706e-01 9.957024e-01 9.927108e-01 9.925551e-01 9.934998e-01 9.985132e-01 9.965569e-01 9.950127e-01 9.961375e-01 9.980436e-01 9.981307e-01 1.002120e+00 1.005341e+00 1.002154e+00 1.001251e+00 9.996929e-01 9.937848e-01 9.865428e-01 9.844674e-01 9.911518e-01 9.887750e-01 9.912637e-01 9.877760e-01 9.905756e-01 9.873343e-01 9.816054e-01 9.801724e-01 9.806034e-01 9.744036e-01 9.634179e-01 9.584495e-01 9.514930e-01 9.410318e-01 9.373950e-01 9.353138e-01 9.245152e-01 9.268723e-01 9.271040e-01 9.233413e-01 9.218658e-01 9.199687e-01 9.174142e-01 9.136308e-01 9.120842e-01 9.150099e-01 9.153125e-01 9.174984e-01 9.161036e-01 9.120277e-01 9.090399e-01 9.114513e-01 9.123708e-01 9.212000e-01 9.240376e-01 9.245507e-01 9.229723e-01 9.190798e-01 9.175957e-01 9.215413e-01 9.215356e-01 9.184039e-01 9.198480e-01 9.198530e-01 9.229234e-01 9.212894e-01 9.190541e-01 9.237034e-01 9.341089e-01 9.383801e-01 9.374729e-01 9.278446e-01 9.210685e-01 9.240755e-01 9.343206e-01 9.404440e-01 9.439639e-01 9.474852e-01 9.424648e-01 9.376544e-01 9.317187e-01 9.211599e-01 9.224424e-01 9.310457e-01 9.416414e-01 9.448075e-01 9.511933e-01 9.559639e-01 9.609538e-01 9.615643e-01 9.572890e-01 9.585706e-01 9.658847e-01 9.746225e-01 9.826086e-01 9.838815e-01 9.822525e-01 9.810895e-01 9.761591e-01 9.756451e-01 9.799682e-01 9.804360e-01 9.761595e-01 9.749264e-01 9.750592e-01 9.742899e-01 9.729229e-01 9.752800e-01 9.721410e-01 9.621269e-01 9.513330e-01 9.401913e-01 9.311309e-01 9.329131e-01 9.430584e-01 9.532870e-01 9.498817e-01 9.463797e-01 9.447358e-01 9.460307e-01 9.360643e-01 9.336663e-01 9.355452e-01 9.271863e-01 9.345816e-01 9.415982e-01 9.417450e-01 9.414675e-01 9.424480e-01 9.372189e-01 9.303425e-01 9.297951e-01 9.299815e-01 9.363643e-01 9.505396e-01 9.556981e-01 9.540585e-01 9.547541e-01 9.634702e-01 9.731168e-01 9.786168e-01 9.822339e-01 9.779400e-01 9.853910e-01 9.984850e-01 1.008985e+00 1.015719e+00 1.019768e+00 1.023932e+00 1.030501e+00 1.032216e+00 1.029561e+00 1.029686e+00 1.028739e+00 1.033218e+00 1.039089e+00 1.041883e+00 1.045654e+00 1.044726e+00 1.043897e+00 1.047145e+00 1.050843e+00 1.050315e+00 1.053013e+00 1.052357e+00 1.050946e+00 1.053707e+00 1.053780e+00 1.055032e+00 1.052692e+00 1.051022e+00 1.050082e+00 1.048264e+00 1.047623e+00 1.049824e+00 1.049750e+00 1.053367e+00 1.054831e+00 1.053129e+00 1.047846e+00 1.042959e+00 1.038834e+00 1.038555e+00 1.042534e+00 1.050357e+00 1.051398e+00 1.051239e+00 1.057296e+00 1.059197e+00 1.063289e+00 1.063572e+00 1.059858e+00 1.053421e+00 1.049357e+00 1.050553e+00 1.044780e+00 1.039776e+00 1.042946e+00 1.034456e+00 1.013896e+00 1.000268e+00 1.026199e+00 1.043746e+00 1.040881e+00 1.068589e+00
9.989174e-01 1.002642e+00 1.008555e+00 1.005897e+00 9.996110e-01 9.925637e-01 9.915442e-01 9.965399e-01 9.837815e-01 9.708347e-01 9.691368e-01 9.702178e-01 9.694278e-01 9.674245e-01 9.615780e-01 9.554951e-01 9.516189e-01 9.519761e-01 9.551821e-01 9.597796e-01 9.516802e-01 9.439310e-01 9.470187e-01 9.562801e-01 9.547698e-01 9.515284e-01 9.583975e-01 9.675424e-01 9.705279e-01 9.628606e-01 9.639882e-01 9.673526e-01 9.679079e-01 9.630035e-01 9.636790e-01 9.622533e-01 9.662041e-01 9.722875e-01 9.766787e-01 9.786485e-01 9.826876e-01 9.835296e-01 9.807944e-01 9.812954e-01 9.826785e-01 9.836930e-01 9.906950e-01 9.910055e-01 9.862095e-01 9.820521e-01 9.849170e-01 9.876694e-01 9.898107e-01 9.898943e-01 9.864040e-01 9.901713e-01 9.896855e-01 9.973860e-01 9.974957e-01 9.973738e-01 1.000844e+00 1.001649e+00 1.001812e+00 1.003653e+00 1.002191e+00 9.978311e-01 9.955119e-01 9.974375e-01 9.904370e-01 9.845303e-01 9.816062e-01 9.865727e-01 9.865910e-01 9.892001e-01 9.884037e-01 9.926113e-01 9.907236e-01 9.830341e-01 9.790795e-01 9.775020e-01 9.704958e-01 9.645713e-01 9.626716e-01 9.564638e-01 9.451507e-01 9.356517e-01 9.286930e-01 9.203604e-01 9.275383e-01 9.247468e-01 9.156032e-01 9.127598e-01 9.185097e-01 9.219763e-01 9.223718e-01 9.165618e-01 9.181341e-01 9.188467e-01 9.175649e-01 9.156421e-01 9.120842e-01 9.118283e-01 9.152563e-01 9.148808e-01 9.240634e-01 9.300462e-01 9.318578e-01 9.335114e-01 9.253538e-01 9.154126e-01 9.191427e-01 9.237819e-01 9.241718e-01 9.237076e-01 9.258928e-01 9.266941e-01 9.256277e-01 9.210100e-01 9.193428e-01 9.285882e-01 9.403109e-01 9.413485e-01 9.266940e-01 9.222138e-01 9.235795e-01 9.286061e-01 9.400567e-01 9.461704e-01 9.428468e-01 9.375042e-01 9.318538e-01 9.255928e-01 9.256080e-01 9.280883e-01 9.372128e-01 9.408780e-01 9.417623e-01 9.441603e-01 9.478907e-01 9.553673e-01 9.540672e-01 9.496265e-01 9.488680e-01 9.592813e-01 9.704870e-01 9.777815e-01 9.785729e-01 9.733181e-01 9.738618e-01 9.821976e-01 9.857959e-01 9.842393e-01 9.819592e-01 9.785061e-01 9.817220e-01 9.870007e-01 9.845476e-01 9.797958e-01 9.753678e-01 9.727144e-01 9.686406e-01 9.586451e-01 9.448884e-01 9.355038e-01 9.382347e-01 9.459868e-01 9.487092e-01 9.497365e-01 9.464578e-01 9.440605e-01 9.499261e-01 9.465904e-01 9.385968e-01 9.402635e-01 9.395526e-01 9.400708e-01 9.384373e-01 9.349077e-01 9.343057e-01 9.326198e-01 9.283414e-01 9.315619e-01 9.392675e-01 9.365877e-01 9.354190e-01 9.434234e-01 9.515197e-01 9.580208e-01 9.635336e-01 9.677795e-01 9.740991e-01 9.781451e-01 9.796714e-01 9.820525e-01 9.968040e-01 1.009269e+00 1.011956e+00 1.016258e+00 1.017296e+00 1.019818e+00 1.026718e+00 1.028962e+00 1.028163e+00 1.028931e+00 1.029690e+00 1.034812e+00 1.041495e+00 1.044600e+00 1.050195e+00 1.052231e+00 1.049532e+00 1.052144e+00 1.053522e+00 1.051149e+00 1.050080e+00 1.050398e+00 1.050340e+00 1.053677e+00 1.052597e+00 1.050266e+00 1.047716e+00 1.049642e+00 1.052212e+00 1.051859e+00 1.051466e+00 1.052281e+00 1.053797e+00 1.051333e+00 1.050548e+00 1.045302e+00 1.035508e+00 1.034935e+00 1.036281e+00 1.033069e+00 1.040802e+00 1.048843e+00 1.049340e+00 1.046295e+00 1.049896e+00 1.055103e+00 1.059625e+00 1.059475e+00 1.056468e+00 1.049554e+00 1.045939e+00 1.048016e+00 1.046740e+00 1.041732e+00 1.040695e+00 1.032707e+00 1.013714e+00 9.991120e-01 1.026546e+00 1.044157e+00 1.041509e+00 1.068408e+00
1.002647e+00 1.004425e+00 1.008302e+00 1.005966e+00 9.991298e-01 9.857226e-01 9.870732e-01 9.927567e-01 9.869079e-01 9.778696e-01 9.699365e-01 9.603781e-01 9.596297e-01 9.607002e-01 9.600581e-01 9.557037e-01 9.533382e-01 9.528152e-01 9.494780e-01 9.490144e-01 9.430051e-01 9.389064e-01 9.443696e-01 9.534172e-01 9.534619e-01 9.599584e-01 9.706391e-01 9.711620e-01 9.677578e-01 9.633540e-01 9.659155e-01 9.691488e-01 9.636644e-01 9.600980e-01 9.611111e-01 9.631703e-01 9.636075e-01 9.704916e-01 9.721332e-01 9.699792e-01 9.728213e-01 9.729986e-01 9.750127e-01 9.793510e-01 9.828595e-01 9.849683e-01 9.915981e-01 9.906815e-01 9.855315e-01 9.801677e-01 9.838955e-01 9.869324e-01 9.857863e-01 9.846455e-01 9.838194e-01 9.901639e-01 9.900143e-01 9.946386e-01 1.003216e+00 1.006149e+00 1.007466e+00 1.006100e+00 1.008366e+00 1.004429e+00 1.001515e+00 1.000244e+00 1.000478e+00 9.969810e-01 9.912387e-01 9.888256e-01 9.814306e-01 9.793063e-01 9.842706e-01 9.866723e-01 9.918514e-01 9.925960e-01 9.879061e-01 9.787157e-01 9.761376e-01 9.724395e-01 9.648001e-01 9.639446e-01 9.654930e-01 9.581751e-01 9.453921e-01 9.324787e-01 9.241617e-01 9.172634e-01 9.222631e-01 9.189550e-01 9.102026e-01 9.096611e-01 9.182591e-01 9.224823e-01 9.231097e-01 9.196706e-01 9.197773e-01 9.186230e-01 9.148015e-01 9.159175e-01 9.184154e-01 9.189513e-01 9.199712e-01 9.222496e-01 9.253615e-01 9.264193e-01 9.321656e-01 9.345021e-01 9.271489e-01 9.152647e-01 9.189276e-01 9.233912e-01 9.277217e-01 9.295686e-01 9.284166e-01 9.255239e-01 9.205945e-01 9.207352e-01 9.150268e-01 9.198604e-01 9.358186e-01 9.461375e-01 9.320256e-01 9.223716e-01 9.262889e-01 9.333800e-01 9.399319e-01 9.359092e-01 9.344429e-01 9.352050e-01 9.269192e-01 9.221622e-01 9.222857e-01 9.288885e-01 9.335967e-01 9.366928e-01 9.449807e-01 9.486725e-01 9.538750e-01 9.521377e-01 9.456162e-01 9.392443e-01 9.417431e-01 9.534459e-01 9.668660e-01 9.706403e-01 9.678894e-01 9.608918e-01 9.645793e-01 9.767448e-01 9.863226e-01 9.834936e-01 9.791680e-01 9.788313e-01 9.818753e-01 9.889156e-01 9.875438e-01 9.803240e-01 9.762387e-01 9.771217e-01 9.715099e-01 9.593708e-01 9.511764e-01 9.441732e-01 9.505481e-01 9.535244e-01 9.490204e-01 9.518181e-01 9.459022e-01 9.418677e-01 9.479591e-01 9.481896e-01 9.376347e-01 9.407256e-01 9.470214e-01 9.419799e-01 9.394132e-01 9.315730e-01 9.247579e-01 9.231392e-01 9.285188e-01 9.389648e-01 9.418373e-01 9.399120e-01 9.368480e-01 9.448022e-01 9.540471e-01 9.622854e-01 9.689332e-01 9.721233e-01 9.752544e-01 9.775873e-01 9.802030e-01 9.916266e-01 1.003425e+00 1.007635e+00 1.007010e+00 1.011904e+00 1.018462e+00 1.022797e+00 1.025622e+00 1.026093e+00 1.025127e+00 1.027758e+00 1.034033e+00 1.040762e+00 1.048302e+00 1.051158e+00 1.052450e+00 1.051272e+00 1.048084e+00 1.049044e+00 1.052225e+00 1.053292e+00 1.050271e+00 1.049602e+00 1.053396e+00 1.054219e+00 1.052717e+00 1.054198e+00 1.053195e+00 1.050595e+00 1.054138e+00 1.054160e+00 1.052299e+00 1.056131e+00 1.057126e+00 1.052756e+00 1.048522e+00 1.046231e+00 1.041950e+00 1.038187e+00 1.038144e+00 1.033855e+00 1.038221e+00 1.046171e+00 1.047159e+00 1.047072e+00 1.047737e+00 1.053252e+00 1.054104e+00 1.054101e+00 1.049128e+00 1.045044e+00 1.044630e+00 1.048006e+00 1.046881e+00 1.045558e+00 1.042029e+00 1.033430e+00 1.015392e+00 9.999744e-01 1.029019e+00 1.044090e+00 1.041452e+00 1.068403e+00
1.004331e+00 1.010723e+00 1.008859e+00 1.006422e+00 9.956512e-01 9.875181e-01 9.871677e-01 9.928601e-01 9.893872e-01 9.800382e-01 9.669942e-01 9.570747e-01 9.571878e-01 9.589356e-01 9.593127e-01 9.596182e-01 9.543498e-01 9.495531e-01 9.460481e-01 9.441433e-01 9.426550e-01 9.433133e-01 9.442827e-01 9.507552e-01 9.548895e-01 9.600697e-01 9.648101e-01 9.634582e-01 9.622703e-01 9.604340e-01 9.630376e-01 9.628920e-01 9.565474e-01 9.531919e-01 9.563443e-01 9.647219e-01 9.688308e-01 9.693223e-01 9.669694e-01 9.656498e-01 9.721720e-01 9.764770e-01 9.764496e-01 9.769888e-01 9.846480e-01 9.878957e-01 9.902326e-01 9.905531e-01 9.859551e-01 9.850186e-01 9.891461e-01 9.872143e-01 9.829900e-01 9.829180e-01 9.833567e-01 9.879578e-01 9.910046e-01 9.927481e-01 1.001629e+00 1.002935e+00 1.001019e+00 1.001402e+00 1.005001e+00 1.005232e+00 1.003333e+00 1.004641e+00 1.003458e+00 9.975940e-01 9.955063e-01 9.942250e-01 9.857559e-01 9.786921e-01 9.813040e-01 9.806842e-01 9.821750e-01 9.797173e-01 9.783613e-01 9.768686e-01 9.717715e-01 9.634768e-01 9.588988e-01 9.560357e-01 9.584881e-01 9.532391e-01 9.424462e-01 9.310694e-01 9.252337e-01 9.179717e-01 9.156953e-01 9.106879e-01 9.076529e-01 9.089466e-01 9.166515e-01 9.195557e-01 9.185363e-01 9.216716e-01 9.174110e-01 9.154985e-01 9.105710e-01 9.146537e-01 9.193502e-01 9.186349e-01 9.191029e-01 9.218411e-01 9.270278e-01 9.273182e-01 9.284418e-01 9.310237e-01 9.297716e-01 9.221472e-01 9.191828e-01 9.212363e-01 9.249036e-01 9.287384e-01 9.275704e-01 9.261543e-01 9.203186e-01 9.179084e-01 9.126455e-01 9.205943e-01 9.294856e-01 9.401286e-01 9.338753e-01 9.280599e-01 9.282476e-01 9.280009e-01 9.351041e-01 9.230741e-01 9.237368e-01 9.275712e-01 9.221275e-01 9.212579e-01 9.187674e-01 9.226624e-01 9.243734e-01 9.280004e-01 9.377151e-01 9.489845e-01 9.601427e-01 9.611540e-01 9.502551e-01 9.386195e-01 9.445736e-01 9.559703e-01 9.648269e-01 9.684241e-01 9.693016e-01 9.641110e-01 9.592234e-01 9.676713e-01 9.746425e-01 9.773434e-01 9.766228e-01 9.760447e-01 9.792280e-01 9.859794e-01 9.853479e-01 9.815429e-01 9.797972e-01 9.787395e-01 9.716319e-01 9.666052e-01 9.610834e-01 9.548859e-01 9.596718e-01 9.564199e-01 9.488588e-01 9.461080e-01 9.450267e-01 9.436205e-01 9.443546e-01 9.339183e-01 9.284551e-01 9.365423e-01 9.448834e-01 9.407839e-01 9.399068e-01 9.322743e-01 9.249881e-01 9.267288e-01 9.374470e-01 9.430678e-01 9.453743e-01 9.469323e-01 9.419270e-01 9.533315e-01 9.625108e-01 9.700249e-01 9.729959e-01 9.741503e-01 9.806601e-01 9.829074e-01 9.826382e-01 9.943504e-01 1.004913e+00 1.005759e+00 1.008856e+00 1.018556e+00 1.023069e+00 1.026379e+00 1.027005e+00 1.028445e+00 1.030664e+00 1.032936e+00 1.038168e+00 1.046258e+00 1.052794e+00 1.056349e+00 1.054396e+00 1.050401e+00 1.047924e+00 1.047789e+00 1.051669e+00 1.053943e+00 1.052863e+00 1.052185e+00 1.055797e+00 1.057041e+00 1.059800e+00 1.060236e+00 1.055036e+00 1.050786e+00 1.053714e+00 1.054423e+00 1.052685e+00 1.059409e+00 1.057997e+00 1.053632e+00 1.048241e+00 1.047626e+00 1.046043e+00 1.038601e+00 1.036875e+00 1.034589e+00 1.033830e+00 1.039580e+00 1.042409e+00 1.040357e+00 1.043162e+00 1.047847e+00 1.050572e+00 1.051047e+00 1.050875e+00 1.048774e+00 1.043060e+00 1.044980e+00 1.048109e+00 1.047168e+00 1.041429e+00 1.032672e+00 1.013151e+00 1.003372e+00 1.032148e+00 1.044616e+00 1.039303e+00 1.066783e+00
1.001130e+00 1.010654e+00 1.010700e+00 1.002278e+00 9.943258e-01 9.883556e-01 9.884774e-01 9.899462e-01 9.878289e-01 9.814960e-01 9.662856e-01 9.595676e-01 9.596056e-01 9.596638e-01 9.575778e-01 9.564115e-01 9.514612e-01 9.450078e-01 9.460013e-01 9.454756e-01 9.446349e-01 9.436916e-01 9.430888e-01 9.473302e-01 9.566664e-01 9.604868e-01 9.578289e-01 9.588335e-01 9.604118e-01 9.570528e-01 9.619891e-01 9.597897e-01 9.522804e-01 9.487965e-01 9.505771e-01 9.567714e-01 9.652508e-01 9.629290e-01 9.624179e-01 9.662558e-01 9.740212e-01 9.764102e-01 9.741280e-01 9.724471e-01 9.802044e-01 9.856329e-01 9.853369e-01 9.863173e-01 9.882506e-01 9.876070e-01 9.918818e-01 9.929423e-01 9.873264e-01 9.822903e-01 9.824877e-01 9.877756e-01 9.929175e-01 9.900172e-01 9.957576e-01 9.996554e-01 9.961414e-01 9.968448e-01 1.002565e+00 1.007298e+00 1.005996e+00 1.008837e+00 1.002636e+00 9.947231e-01 9.929472e-01 9.939094e-01 9.889060e-01 9.848666e-01 9.852282e-01 9.842506e-01 9.809554e-01 9.755756e-01 9.676104e-01 9.677879e-01 9.665565e-01 9.616838e-01 9.557271e-01 9.515201e-01 9.467221e-01 9.454367e-01 9.402111e-01 9.348140e-01 9.313774e-01 9.219065e-01 9.156945e-01 9.139805e-01 9.141695e-01 9.122103e-01 9.156129e-01 9.164618e-01 9.155858e-01 9.183253e-01 9.185420e-01 9.124901e-01 9.091105e-01 9.136373e-01 9.172081e-01 9.188506e-01 9.204348e-01 9.162529e-01 9.229854e-01 9.244513e-01 9.253998e-01 9.254407e-01 9.278553e-01 9.204598e-01 9.153718e-01 9.225512e-01 9.270765e-01 9.246528e-01 9.261975e-01 9.275604e-01 9.226449e-01 9.156295e-01 9.121977e-01 9.191111e-01 9.273888e-01 9.349746e-01 9.309356e-01 9.262347e-01 9.200382e-01 9.177573e-01 9.180642e-01 9.141893e-01 9.156201e-01 9.185953e-01 9.267318e-01 9.275396e-01 9.184772e-01 9.209496e-01 9.262419e-01 9.301468e-01 9.369290e-01 9.467652e-01 9.569709e-01 9.614282e-01 9.569485e-01 9.476680e-01 9.488479e-01 9.582758e-01 9.650855e-01 9.696438e-01 9.716732e-01 9.631482e-01 9.559917e-01 9.625126e-01 9.696901e-01 9.742386e-01 9.786223e-01 9.807854e-01 9.820154e-01 9.840558e-01 9.840987e-01 9.823819e-01 9.797249e-01 9.750482e-01 9.707990e-01 9.712237e-01 9.656449e-01 9.615586e-01 9.587179e-01 9.532035e-01 9.477334e-01 9.441040e-01 9.401220e-01 9.345832e-01 9.340290e-01 9.331093e-01 9.366737e-01 9.378387e-01 9.418122e-01 9.428882e-01 9.417042e-01 9.389265e-01 9.336587e-01 9.369208e-01 9.414489e-01 9.435100e-01 9.436822e-01 9.406592e-01 9.408299e-01 9.545549e-01 9.651107e-01 9.697095e-01 9.726480e-01 9.773523e-01 9.851508e-01 9.845292e-01 9.897229e-01 9.964978e-01 1.006208e+00 1.009799e+00 1.016334e+00 1.021014e+00 1.024082e+00 1.024452e+00 1.025786e+00 1.032104e+00 1.035390e+00 1.035897e+00 1.042401e+00 1.049595e+00 1.052916e+00 1.055980e+00 1.055144e+00 1.053056e+00 1.051411e+00 1.049322e+00 1.052041e+00 1.054431e+00 1.054315e+00 1.054333e+00 1.055678e+00 1.053515e+00 1.057873e+00 1.057123e+00 1.055922e+00 1.052370e+00 1.053920e+00 1.053643e+00 1.050178e+00 1.053846e+00 1.053324e+00 1.051198e+00 1.046305e+00 1.043069e+00 1.042599e+00 1.034495e+00 1.031560e+00 1.028244e+00 1.025764e+00 1.029699e+00 1.040363e+00 1.042249e+00 1.045992e+00 1.053108e+00 1.056473e+00 1.054579e+00 1.056157e+00 1.055542e+00 1.048870e+00 1.045431e+00 1.047602e+00 1.047653e+00 1.037556e+00 1.031214e+00 1.009409e+00 1.005379e+00 1.033694e+00 1.046210e+00 1.036309e+00 1.064499e+00
9.968708e-01 1.009657e+00 1.011133e+00 9.964694e-01 9.900443e-01 9.883587e-01 9.905761e-01 9.904394e-01 9.917794e-01 9.826791e-01 9.709055e-01 9.648001e-01 9.657406e-01 9.638818e-01 9.567872e-01 9.528834e-01 9.507727e-01 9.442412e-01 9.445768e-01 9.529720e-01 9.556416e-01 9.515568e-01 9.475408e-01 9.521822e-01 9.614193e-01 9.626907e-01 9.592266e-01 9.564155e-01 9.581279e-01 9.553282e-01 9.594155e-01 9.567016e-01 9.529539e-01 9.521716e-01 9.476165e-01 9.510393e-01 9.575975e-01 9.562368e-01 9.577274e-01 9.578076e-01 9.625079e-01 9.681659e-01 9.721326e-01 9.720514e-01 9.755079e-01 9.828659e-01 9.821931e-01 9.847355e-01 9.894577e-01 9.925025e-01 9.910533e-01 9.921135e-01 9.878550e-01 9.862643e-01 9.883146e-01 9.885574e-01 9.958499e-01 9.939273e-01 9.946092e-01 1.000123e+00 1.001797e+00 9.976369e-01 1.003609e+00 1.007065e+00 1.003811e+00 1.004223e+00 9.986727e-01 9.946553e-01 9.906561e-01 9.929801e-01 9.955310e-01 9.922615e-01 9.878949e-01 9.796955e-01 9.757925e-01 9.744767e-01 9.690135e-01 9.632664e-01 9.603819e-01 9.604735e-01 9.571958e-01 9.527215e-01 9.478000e-01 9.406207e-01 9.373127e-01 9.363045e-01 9.315007e-01 9.241514e-01 9.150608e-01 9.133992e-01 9.158114e-01 9.124526e-01 9.119160e-01 9.128463e-01 9.143032e-01 9.178154e-01 9.188450e-01 9.148580e-01 9.148382e-01 9.187318e-01 9.237885e-01 9.266878e-01 9.259863e-01 9.190399e-01 9.224005e-01 9.230123e-01 9.279462e-01 9.288093e-01 9.257878e-01 9.203531e-01 9.195372e-01 9.239748e-01 9.261907e-01 9.212190e-01 9.186406e-01 9.174543e-01 9.197774e-01 9.157825e-01 9.109740e-01 9.194283e-01 9.262202e-01 9.244319e-01 9.274430e-01 9.244701e-01 9.181541e-01 9.192979e-01 9.125639e-01 9.090406e-01 9.092941e-01 9.189733e-01 9.287682e-01 9.276972e-01 9.244632e-01 9.238479e-01 9.298157e-01 9.382712e-01 9.426959e-01 9.465683e-01 9.502501e-01 9.532065e-01 9.581186e-01 9.555739e-01 9.554333e-01 9.586279e-01 9.657986e-01 9.696212e-01 9.645143e-01 9.583430e-01 9.587687e-01 9.613935e-01 9.663512e-01 9.777632e-01 9.843370e-01 9.909404e-01 9.928713e-01 9.870470e-01 9.841846e-01 9.827443e-01 9.788525e-01 9.722982e-01 9.678507e-01 9.677462e-01 9.650911e-01 9.642769e-01 9.563729e-01 9.579384e-01 9.564687e-01 9.487950e-01 9.408134e-01 9.385913e-01 9.396031e-01 9.431720e-01 9.442312e-01 9.413128e-01 9.429393e-01 9.465100e-01 9.420289e-01 9.381186e-01 9.360768e-01 9.420649e-01 9.465505e-01 9.482232e-01 9.493858e-01 9.456333e-01 9.464508e-01 9.530492e-01 9.579002e-01 9.628336e-01 9.670080e-01 9.793493e-01 9.850526e-01 9.845392e-01 9.945853e-01 1.002330e+00 1.010346e+00 1.016061e+00 1.020213e+00 1.024681e+00 1.024254e+00 1.022275e+00 1.029211e+00 1.037276e+00 1.035511e+00 1.037734e+00 1.044951e+00 1.050343e+00 1.053137e+00 1.057294e+00 1.057135e+00 1.058569e+00 1.055013e+00 1.050517e+00 1.051936e+00 1.054605e+00 1.055012e+00 1.053496e+00 1.052005e+00 1.048803e+00 1.048125e+00 1.050343e+00 1.051884e+00 1.049504e+00 1.048747e+00 1.047788e+00 1.046231e+00 1.048424e+00 1.051458e+00 1.048059e+00 1.043938e+00 1.041168e+00 1.038717e+00 1.029400e+00 1.026620e+00 1.023533e+00 1.024017e+00 1.029108e+00 1.039668e+00 1.044919e+00 1.049071e+00 1.055672e+00 1.056962e+00 1.054452e+00 1.055368e+00 1.052019e+00 1.051044e+00 1.049226e+00 1.048540e+00 1.046443e+00 1.035812e+00 1.031873e+00 1.008607e+00 1.004636e+00 1.029505e+00 1.047313e+00 1.036527e+00 1.066286e+00
9.922136e-01 1.005159e+00 1.009021e+00 9.950674e-01 9.892219e-01 9.901930e-01 9.883044e-01 9.852103e-01 9.837885e-01 9.794764e-01 9.757935e-01 9.669089e-01 9.679486e-01 9.593363e-01 9.489720e-01 9.488037e-01 9.531198e-01 9.498541e-01 9.487475e-01 9.524549e-01 9.556548e-01 9.580141e-01 9.566733e-01 9.583489e-01 9.608650e-01 9.584343e-01 9.587535e-01 9.569716e-01 9.573090e-01 9.530814e-01 9.497390e-01 9.464923e-01 9.485500e-01 9.466517e-01 9.433949e-01 9.476735e-01 9.527003e-01 9.571246e-01 9.590012e-01 9.569633e-01 9.604375e-01 9.647414e-01 9.704582e-01 9.738770e-01 9.776356e-01 9.806727e-01 9.777720e-01 9.811952e-01 9.855920e-01 9.893904e-01 9.881703e-01 9.876268e-01 9.889683e-01 9.898632e-01 9.932787e-01 9.887193e-01 9.924504e-01 9.963471e-01 9.930516e-01 9.932609e-01 9.985025e-01 9.976304e-01 1.001049e+00 1.002256e+00 1.000545e+00 1.003359e+00 1.005244e+00 1.000556e+00 9.930931e-01 9.950379e-01 1.001330e+00 9.999761e-01 9.890343e-01 9.781489e-01 9.737331e-01 9.754041e-01 9.713653e-01 9.650208e-01 9.630598e-01 9.631755e-01 9.580983e-01 9.533724e-01 9.478428e-01 9.381227e-01 9.292049e-01 9.298796e-01 9.319463e-01 9.258082e-01 9.206818e-01 9.154775e-01 9.113196e-01 9.079147e-01 9.080558e-01 9.115431e-01 9.137965e-01 9.183882e-01 9.208701e-01 9.200659e-01 9.204382e-01 9.256843e-01 9.286089e-01 9.271536e-01 9.247789e-01 9.213204e-01 9.248871e-01 9.243435e-01 9.251875e-01 9.238607e-01 9.178787e-01 9.121877e-01 9.194362e-01 9.248447e-01 9.250385e-01 9.162495e-01 9.110999e-01 9.099815e-01 9.134078e-01 9.148716e-01 9.124492e-01 9.128239e-01 9.171423e-01 9.191122e-01 9.186927e-01 9.155725e-01 9.137795e-01 9.165782e-01 9.147769e-01 9.087050e-01 9.126534e-01 9.241661e-01 9.286695e-01 9.283192e-01 9.293185e-01 9.283624e-01 9.331641e-01 9.390498e-01 9.426749e-01 9.453700e-01 9.477997e-01 9.508730e-01 9.559733e-01 9.589140e-01 9.614922e-01 9.609683e-01 9.671217e-01 9.652405e-01 9.600204e-01 9.644418e-01 9.685092e-01 9.662747e-01 9.756621e-01 9.809483e-01 9.873577e-01 9.926203e-01 9.950460e-01 9.900925e-01 9.867805e-01 9.812751e-01 9.719568e-01 9.690813e-01 9.665295e-01 9.657801e-01 9.646090e-01 9.624665e-01 9.567059e-01 9.589744e-01 9.607861e-01 9.521885e-01 9.469700e-01 9.456226e-01 9.449136e-01 9.451267e-01 9.406012e-01 9.377155e-01 9.399107e-01 9.414315e-01 9.355733e-01 9.351771e-01 9.369038e-01 9.371786e-01 9.428138e-01 9.527364e-01 9.549098e-01 9.591308e-01 9.639217e-01 9.670508e-01 9.715293e-01 9.739982e-01 9.764668e-01 9.868646e-01 9.929135e-01 9.965176e-01 1.004301e+00 1.010487e+00 1.016503e+00 1.020799e+00 1.023681e+00 1.027032e+00 1.026831e+00 1.028950e+00 1.035042e+00 1.039074e+00 1.036734e+00 1.040992e+00 1.046102e+00 1.049530e+00 1.055656e+00 1.058996e+00 1.058514e+00 1.060168e+00 1.057794e+00 1.054124e+00 1.054477e+00 1.056474e+00 1.054589e+00 1.053951e+00 1.055067e+00 1.051792e+00 1.049005e+00 1.049813e+00 1.052187e+00 1.047774e+00 1.048166e+00 1.049664e+00 1.048401e+00 1.048130e+00 1.048144e+00 1.045117e+00 1.039609e+00 1.035311e+00 1.031420e+00 1.027472e+00 1.026641e+00 1.024316e+00 1.024132e+00 1.031657e+00 1.036284e+00 1.038985e+00 1.043099e+00 1.051488e+00 1.054873e+00 1.054618e+00 1.052471e+00 1.048494e+00 1.048928e+00 1.048916e+00 1.046282e+00 1.045074e+00 1.036334e+00 1.031171e+00 1.011113e+00 1.001826e+00 1.025497e+00 1.048155e+00 1.037726e+00 1.069536e+00
9.888023e-01 9.989411e-01 1.007941e+00 9.967286e-01 9.875237e-01 9.869990e-01 9.864614e-01 9.820263e-01 9.757775e-01 9.730465e-01 9.709660e-01 9.619066e-01 9.632880e-01 9.580947e-01 9.448563e-01 9.462721e-01 9.531604e-01 9.486521e-01 9.465307e-01 9.434634e-01 9.439421e-01 9.537030e-01 9.599563e-01 9.612887e-01 9.585345e-01 9.556679e-01 9.603698e-01 9.587440e-01 9.554526e-01 9.499852e-01 9.432572e-01 9.397048e-01 9.431475e-01 9.477271e-01 9.452640e-01 9.485268e-01 9.513744e-01 9.526290e-01 9.566901e-01 9.572155e-01 9.619044e-01 9.653409e-01 9.719825e-01 9.786383e-01 9.782639e-01 9.765670e-01 9.776660e-01 9.779180e-01 9.792480e-01 9.823841e-01 9.840682e-01 9.839402e-01 9.886798e-01 9.893032e-01 9.906799e-01 9.836259e-01 9.844288e-01 9.890721e-01 9.899760e-01 9.870752e-01 9.990190e-01 1.004953e+00 1.003069e+00 9.988701e-01 9.950095e-01 1.003583e+00 1.009858e+00 1.006835e+00 9.960580e-01 9.994653e-01 1.003320e+00 9.976299e-01 9.885499e-01 9.784531e-01 9.746137e-01 9.768086e-01 9.750784e-01 9.735739e-01 9.689757e-01 9.625266e-01 9.581568e-01 9.516369e-01 9.498557e-01 9.410230e-01 9.276406e-01 9.249981e-01 9.269189e-01 9.255558e-01 9.269512e-01 9.228390e-01 9.129186e-01 9.082872e-01 9.098381e-01 9.155879e-01 9.148942e-01 9.159256e-01 9.207173e-01 9.225844e-01 9.259596e-01 9.310499e-01 9.276199e-01 9.217591e-01 9.234643e-01 9.221976e-01 9.265258e-01 9.227376e-01 9.169260e-01 9.162923e-01 9.125012e-01 9.086971e-01 9.146506e-01 9.226032e-01 9.250467e-01 9.203116e-01 9.197454e-01 9.180695e-01 9.142646e-01 9.146588e-01 9.135776e-01 9.083788e-01 9.162595e-01 9.220539e-01 9.188913e-01 9.146230e-01 9.080487e-01 9.110516e-01 9.180783e-01 9.170640e-01 9.234790e-01 9.287404e-01 9.311205e-01 9.277043e-01 9.302763e-01 9.312037e-01 9.374790e-01 9.362931e-01 9.385535e-01 9.421936e-01 9.451494e-01 9.494163e-01 9.550014e-01 9.559601e-01 9.566807e-01 9.628913e-01 9.700729e-01 9.662024e-01 9.660980e-01 9.762224e-01 9.806783e-01 9.843197e-01 9.867184e-01 9.846492e-01 9.864941e-01 9.883614e-01 9.910145e-01 9.930860e-01 9.935280e-01 9.850404e-01 9.691984e-01 9.662413e-01 9.649132e-01 9.648949e-01 9.639685e-01 9.588160e-01 9.531311e-01 9.511214e-01 9.594635e-01 9.630888e-01 9.571159e-01 9.539418e-01 9.536476e-01 9.510399e-01 9.372144e-01 9.341522e-01 9.359708e-01 9.388561e-01 9.407563e-01 9.356352e-01 9.376923e-01 9.362000e-01 9.408427e-01 9.480164e-01 9.589002e-01 9.678649e-01 9.726615e-01 9.782010e-01 9.869611e-01 9.905985e-01 9.882521e-01 9.885074e-01 9.949546e-01 1.000935e+00 1.004667e+00 1.009809e+00 1.016394e+00 1.020726e+00 1.028408e+00 1.033163e+00 1.033991e+00 1.037233e+00 1.041716e+00 1.040630e+00 1.037508e+00 1.042589e+00 1.047003e+00 1.050930e+00 1.055722e+00 1.059076e+00 1.057692e+00 1.057567e+00 1.058084e+00 1.057170e+00 1.055842e+00 1.056356e+00 1.055760e+00 1.056113e+00 1.058176e+00 1.056607e+00 1.055486e+00 1.051695e+00 1.051518e+00 1.051303e+00 1.052844e+00 1.052259e+00 1.050383e+00 1.049006e+00 1.044194e+00 1.041989e+00 1.036196e+00 1.032169e+00 1.029419e+00 1.029457e+00 1.026894e+00 1.025147e+00 1.030259e+00 1.034929e+00 1.033755e+00 1.032634e+00 1.035031e+00 1.044938e+00 1.051172e+00 1.053524e+00 1.051346e+00 1.046715e+00 1.044401e+00 1.048670e+00 1.043875e+00 1.041732e+00 1.035456e+00 1.031874e+00 1.012650e+00 9.961210e-01 1.021900e+00 1.044163e+00 1.038775e+00 1.070354e+00
9.892503e-01 9.915556e-01 1.002371e+00 9.939770e-01 9.899236e-01 9.879613e-01 9.835901e-01 9.791149e-01 9.746112e-01 9.770725e-01 9.712188e-01 9.638694e-01 9.599800e-01 9.545309e-01 9.439556e-01 9.421687e-01 9.450039e-01 9.457289e-01 9.430031e-01 9.424691e-01 9.466863e-01 9.555462e-01 9.621245e-01 9.645121e-01 9.616070e-01 9.595213e-01 9.547006e-01 9.464733e-01 9.470785e-01 9.487446e-01 9.468554e-01 9.452960e-01 9.499490e-01 9.535983e-01 9.536420e-01 9.498373e-01 9.509662e-01 9.515893e-01 9.536874e-01 9.595315e-01 9.665189e-01 9.662871e-01 9.693936e-01 9.714919e-01 9.724833e-01 9.743520e-01 9.783544e-01 9.742283e-01 9.745933e-01 9.783419e-01 9.805903e-01 9.787242e-01 9.837947e-01 9.860006e-01 9.851347e-01 9.817234e-01 9.855111e-01 9.901564e-01 9.943150e-01 9.942697e-01 1.000038e+00 1.007995e+00 1.010559e+00 1.003791e+00 1.000090e+00 1.005505e+00 1.006777e+00 1.004254e+00 9.999723e-01 1.002046e+00 9.958975e-01 9.910575e-01 9.880202e-01 9.826920e-01 9.818660e-01 9.838653e-01 9.805812e-01 9.750376e-01 9.686025e-01 9.633302e-01 9.600443e-01 9.541014e-01 9.492257e-01 9.408847e-01 9.295055e-01 9.230042e-01 9.227504e-01 9.216182e-01 9.262799e-01 9.226372e-01 9.107785e-01 9.084370e-01 9.153207e-01 9.165587e-01 9.105413e-01 9.106300e-01 9.182825e-01 9.244459e-01 9.298555e-01 9.288605e-01 9.221880e-01 9.190943e-01 9.210153e-01 9.228522e-01 9.259795e-01 9.248080e-01 9.206368e-01 9.161011e-01 9.123449e-01 9.078686e-01 9.109675e-01 9.177196e-01 9.250755e-01 9.180288e-01 9.201442e-01 9.201536e-01 9.088953e-01 9.052458e-01 9.126455e-01 9.132559e-01 9.209020e-01 9.235989e-01 9.189500e-01 9.163586e-01 9.101430e-01 9.067230e-01 9.081241e-01 9.154431e-01 9.270676e-01 9.318881e-01 9.365306e-01 9.302900e-01 9.267613e-01 9.259199e-01 9.246172e-01 9.235771e-01 9.303470e-01 9.385210e-01 9.487357e-01 9.524966e-01 9.497743e-01 9.468635e-01 9.496424e-01 9.607282e-01 9.660952e-01 9.662258e-01 9.670820e-01 9.772344e-01 9.847637e-01 9.919338e-01 9.889786e-01 9.863663e-01 9.844643e-01 9.816349e-01 9.905446e-01 9.943072e-01 9.970757e-01 9.919868e-01 9.736826e-01 9.673411e-01 9.645807e-01 9.622936e-01 9.610782e-01 9.534141e-01 9.437516e-01 9.433618e-01 9.605139e-01 9.715707e-01 9.698244e-01 9.641622e-01 9.623166e-01 9.533893e-01 9.374871e-01 9.324196e-01 9.318796e-01 9.366980e-01 9.371601e-01 9.383584e-01 9.420962e-01 9.411337e-01 9.381492e-01 9.457508e-01 9.625328e-01 9.698681e-01 9.790031e-01 9.839118e-01 9.914886e-01 9.958920e-01 9.965281e-01 9.932687e-01 9.978206e-01 1.000487e+00 1.000728e+00 1.010037e+00 1.018839e+00 1.024057e+00 1.032058e+00 1.036738e+00 1.040658e+00 1.046198e+00 1.046299e+00 1.044117e+00 1.039226e+00 1.042529e+00 1.048227e+00 1.054132e+00 1.056486e+00 1.058390e+00 1.057626e+00 1.058083e+00 1.059541e+00 1.059433e+00 1.057257e+00 1.056646e+00 1.057448e+00 1.057184e+00 1.060436e+00 1.058872e+00 1.056305e+00 1.050201e+00 1.043736e+00 1.042406e+00 1.043817e+00 1.042886e+00 1.045543e+00 1.041815e+00 1.034595e+00 1.034013e+00 1.032726e+00 1.032176e+00 1.033385e+00 1.030298e+00 1.020091e+00 1.021486e+00 1.032143e+00 1.033463e+00 1.030998e+00 1.028182e+00 1.029373e+00 1.043353e+00 1.051140e+00 1.048406e+00 1.046317e+00 1.044251e+00 1.042887e+00 1.048293e+00 1.042944e+00 1.039587e+00 1.032235e+00 1.031657e+00 1.011236e+00 9.906512e-01 1.018123e+00 1.039240e+00 1.037954e+00 1.068293e+00
9.938254e-01 9.920262e-01 1.000380e+00 9.920497e-01 9.901088e-01 9.819413e-01 9.791770e-01 9.834332e-01 9.819713e-01 9.799312e-01 9.730674e-01 9.628214e-01 9.557694e-01 9.505925e-01 9.402926e-01 9.328596e-01 9.361821e-01 9.413679e-01 9.498427e-01 9.552918e-01 9.594883e-01 9.617236e-01 9.639652e-01 9.623538e-01 9.612712e-01 9.555347e-01 9.479731e-01 9.443215e-01 9.482542e-01 9.540340e-01 9.559460e-01 9.500393e-01 9.515015e-01 9.540250e-01 9.535722e-01 9.493237e-01 9.495791e-01 9.530163e-01 9.591057e-01 9.676809e-01 9.732614e-01 9.660554e-01 9.616408e-01 9.639796e-01 9.683890e-01 9.753666e-01 9.782268e-01 9.746511e-01 9.758356e-01 9.792743e-01 9.784581e-01 9.744078e-01 9.759704e-01 9.801034e-01 9.855549e-01 9.873650e-01 9.930125e-01 9.989173e-01 1.000696e+00 9.922308e-01 9.935144e-01 1.001630e+00 1.004650e+00 1.005012e+00 1.005399e+00 1.006155e+00 1.005248e+00 1.003057e+00 1.002090e+00 1.004810e+00 9.998105e-01 9.953238e-01 9.927769e-01 9.922147e-01 9.945988e-01 9.924697e-01 9.822378e-01 9.732341e-01 9.675965e-01 9.620085e-01 9.586296e-01 9.511172e-01 9.457849e-01 9.366426e-01 9.297822e-01 9.247544e-01 9.233066e-01 9.217390e-01 9.216084e-01 9.179223e-01 9.092575e-01 9.126876e-01 9.197313e-01 9.160080e-01 9.075711e-01 9.063895e-01 9.147332e-01 9.248243e-01 9.279564e-01 9.241375e-01 9.221504e-01 9.167476e-01 9.194633e-01 9.228756e-01 9.227883e-01 9.197075e-01 9.192607e-01 9.168615e-01 9.143280e-01 9.111917e-01 9.107733e-01 9.132833e-01 9.223952e-01 9.193900e-01 9.182374e-01 9.145901e-01 8.996755e-01 8.945100e-01 9.040141e-01 9.142926e-01 9.195403e-01 9.168041e-01 9.157172e-01 9.149768e-01 9.134592e-01 9.051857e-01 9.017497e-01 9.105930e-01 9.236248e-01 9.298017e-01 9.289564e-01 9.250259e-01 9.256944e-01 9.224187e-01 9.149796e-01 9.187692e-01 9.275376e-01 9.399058e-01 9.503822e-01 9.503281e-01 9.424747e-01 9.392998e-01 9.452351e-01 9.528502e-01 9.523815e-01 9.539320e-01 9.582443e-01 9.632202e-01 9.730672e-01 9.795920e-01 9.843523e-01 9.859610e-01 9.856769e-01 9.810732e-01 9.877872e-01 9.908349e-01 9.918603e-01 9.889554e-01 9.766956e-01 9.698755e-01 9.662749e-01 9.616157e-01 9.549851e-01 9.499930e-01 9.456953e-01 9.443538e-01 9.537752e-01 9.619970e-01 9.643108e-01 9.556078e-01 9.481355e-01 9.385737e-01 9.362047e-01 9.370330e-01 9.328057e-01 9.332717e-01 9.324449e-01 9.381326e-01 9.445354e-01 9.477000e-01 9.452051e-01 9.492509e-01 9.612183e-01 9.725430e-01 9.809964e-01 9.853196e-01 9.943659e-01 9.968501e-01 9.999281e-01 1.001027e+00 1.005625e+00 1.008111e+00 1.010586e+00 1.019339e+00 1.026142e+00 1.031574e+00 1.036408e+00 1.036532e+00 1.042428e+00 1.051432e+00 1.053127e+00 1.048617e+00 1.044023e+00 1.044775e+00 1.051444e+00 1.057478e+00 1.061057e+00 1.061228e+00 1.059520e+00 1.061034e+00 1.062241e+00 1.062652e+00 1.062141e+00 1.061063e+00 1.059271e+00 1.055401e+00 1.059399e+00 1.060228e+00 1.058471e+00 1.054340e+00 1.045025e+00 1.039081e+00 1.036267e+00 1.034804e+00 1.040268e+00 1.038474e+00 1.032501e+00 1.031820e+00 1.036401e+00 1.035435e+00 1.032705e+00 1.027385e+00 1.017773e+00 1.022770e+00 1.031813e+00 1.029340e+00 1.030608e+00 1.028780e+00 1.035399e+00 1.046714e+00 1.052650e+00 1.042589e+00 1.038198e+00 1.040330e+00 1.036282e+00 1.039153e+00 1.040381e+00 1.035123e+00 1.021945e+00 1.022435e+00 1.010095e+00 9.885375e-01 1.016768e+00 1.041233e+00 1.038876e+00 1.065021e+00
9.976850e-01 9.925839e-01 9.972830e-01 9.895479e-01 9.855553e-01 9.761161e-01 9.794095e-01 9.847382e-01 9.834583e-01 9.777087e-01 9.709182e-01 9.539847e-01 9.444412e-01 9.422399e-01 9.354830e-01 9.300575e-01 9.357721e-01 9.395158e-01 9.495583e-01 9.569709e-01 9.590651e-01 9.548552e-01 9.469226e-01 9.494131e-01 9.555231e-01 9.552770e-01 9.506270e-01 9.488031e-01 9.528336e-01 9.612324e-01 9.646444e-01 9.559273e-01 9.507546e-01 9.512530e-01 9.473284e-01 9.461427e-01 9.495631e-01 9.541802e-01 9.610045e-01 9.699061e-01 9.708240e-01 9.592710e-01 9.581219e-01 9.636571e-01 9.638415e-01 9.692007e-01 9.683268e-01 9.668161e-01 9.672436e-01 9.692408e-01 9.712474e-01 9.679480e-01 9.719859e-01 9.787141e-01 9.864848e-01 9.886642e-01 9.912682e-01 9.949330e-01 9.970234e-01 9.862056e-01 9.872462e-01 9.930570e-01 9.991853e-01 1.003802e+00 1.006453e+00 1.002147e+00 9.941642e-01 9.922500e-01 9.966822e-01 1.001838e+00 1.001253e+00 9.949645e-01 9.947173e-01 9.957395e-01 9.973927e-01 9.911491e-01 9.789674e-01 9.683587e-01 9.645017e-01 9.613312e-01 9.530867e-01 9.473674e-01 9.422364e-01 9.350426e-01 9.289989e-01 9.265600e-01 9.242043e-01 9.218196e-01 9.221077e-01 9.162100e-01 9.085484e-01 9.143823e-01 9.201196e-01 9.149841e-01 9.063374e-01 9.051154e-01 9.144307e-01 9.230834e-01 9.259290e-01 9.218375e-01 9.225169e-01 9.182585e-01 9.231984e-01 9.246917e-01 9.243158e-01 9.199588e-01 9.190410e-01 9.180099e-01 9.169821e-01 9.182781e-01 9.210638e-01 9.163890e-01 9.163671e-01 9.211678e-01 9.176188e-01 9.102013e-01 8.986600e-01 8.937895e-01 8.976507e-01 9.002137e-01 9.014270e-01 9.063439e-01 9.091631e-01 9.122730e-01 9.082825e-01 9.037216e-01 9.021235e-01 9.073505e-01 9.214807e-01 9.271591e-01 9.246636e-01 9.186959e-01 9.193290e-01 9.197007e-01 9.173100e-01 9.231890e-01 9.294966e-01 9.382074e-01 9.459133e-01 9.476029e-01 9.418100e-01 9.434465e-01 9.483739e-01 9.528985e-01 9.466251e-01 9.454526e-01 9.451959e-01 9.482937e-01 9.572833e-01 9.684995e-01 9.791463e-01 9.851770e-01 9.881452e-01 9.830852e-01 9.841444e-01 9.876911e-01 9.868813e-01 9.856257e-01 9.736596e-01 9.674112e-01 9.641031e-01 9.639899e-01 9.590371e-01 9.578682e-01 9.546564e-01 9.532946e-01 9.532326e-01 9.570563e-01 9.577083e-01 9.442431e-01 9.339340e-01 9.253324e-01 9.321294e-01 9.366307e-01 9.363452e-01 9.408963e-01 9.401427e-01 9.417469e-01 9.426454e-01 9.467449e-01 9.493885e-01 9.584280e-01 9.689801e-01 9.764208e-01 9.792554e-01 9.810715e-01 9.908287e-01 9.950129e-01 9.983406e-01 1.004266e+00 1.003734e+00 1.007168e+00 1.016922e+00 1.026514e+00 1.031248e+00 1.033759e+00 1.038169e+00 1.037503e+00 1.043767e+00 1.052574e+00 1.054995e+00 1.052446e+00 1.050597e+00 1.048186e+00 1.053054e+00 1.059604e+00 1.063554e+00 1.061859e+00 1.060228e+00 1.063013e+00 1.064741e+00 1.063918e+00 1.061832e+00 1.060532e+00 1.059441e+00 1.056524e+00 1.056429e+00 1.057136e+00 1.057784e+00 1.058057e+00 1.051665e+00 1.041581e+00 1.033913e+00 1.033368e+00 1.037865e+00 1.038586e+00 1.036037e+00 1.038843e+00 1.038226e+00 1.034781e+00 1.028227e+00 1.023659e+00 1.021090e+00 1.028101e+00 1.029925e+00 1.024966e+00 1.025306e+00 1.031238e+00 1.042438e+00 1.049745e+00 1.048461e+00 1.037849e+00 1.033583e+00 1.033825e+00 1.027699e+00 1.029584e+00 1.034433e+00 1.028917e+00 1.017408e+00 1.019947e+00 1.003217e+00 9.787138e-01 1.013600e+00 1.043396e+00 1.038113e+00 1.060933e+00
9.993867e-01 9.947510e-01 9.937851e-01 9.887337e-01 9.852332e-01 9.779392e-01 9.820306e-01 9.867690e-01 9.883081e-01 9.826419e-01 9.677593e-01 9.488232e-01 9.377275e-01 9.364784e-01 9.364079e-01 9.377834e-01 9.378216e-01 9.376669e-01 9.414586e-01 9.474759e-01 9.515644e-01 9.462925e-01 9.393868e-01 9.430913e-01 9.532150e-01 9.534017e-01 9.492769e-01 9.535540e-01 9.602611e-01 9.690294e-01 9.681716e-01 9.526117e-01 9.461942e-01 9.457086e-01 9.450912e-01 9.425709e-01 9.454865e-01 9.489126e-01 9.542903e-01 9.619395e-01 9.633952e-01 9.596810e-01 9.609607e-01 9.641964e-01 9.604943e-01 9.565959e-01 9.578280e-01 9.628904e-01 9.640916e-01 9.644343e-01 9.699830e-01 9.714548e-01 9.766358e-01 9.805660e-01 9.906209e-01 9.892954e-01 9.853807e-01 9.831105e-01 9.910306e-01 9.895975e-01 9.879662e-01 9.860050e-01 9.923038e-01 9.939529e-01 9.963526e-01 9.960979e-01 9.872177e-01 9.894781e-01 9.938309e-01 9.965938e-01 9.961784e-01 9.896851e-01 9.935045e-01 9.950203e-01 9.898921e-01 9.835585e-01 9.758314e-01 9.695098e-01 9.675183e-01 9.616157e-01 9.517100e-01 9.455169e-01 9.366392e-01 9.351497e-01 9.306127e-01 9.257740e-01 9.230034e-01 9.206101e-01 9.176171e-01 9.090725e-01 9.079382e-01 9.125617e-01 9.149293e-01 9.129083e-01 9.099466e-01 9.101420e-01 9.148935e-01 9.192885e-01 9.205220e-01 9.190753e-01 9.200742e-01 9.234515e-01 9.296562e-01 9.271677e-01 9.256006e-01 9.240873e-01 9.187622e-01 9.140000e-01 9.168101e-01 9.223847e-01 9.245623e-01 9.212109e-01 9.203116e-01 9.219805e-01 9.186418e-01 9.125640e-01 9.074968e-01 9.028239e-01 9.039551e-01 8.919746e-01 8.890617e-01 8.974500e-01 9.045050e-01 9.099922e-01 9.100467e-01 9.116586e-01 9.075571e-01 9.055793e-01 9.159811e-01 9.244919e-01 9.222175e-01 9.234570e-01 9.232273e-01 9.217846e-01 9.237122e-01 9.266271e-01 9.304095e-01 9.393534e-01 9.483330e-01 9.509338e-01 9.464177e-01 9.452398e-01 9.507467e-01 9.564672e-01 9.522702e-01 9.536778e-01 9.514821e-01 9.541315e-01 9.650650e-01 9.749765e-01 9.790697e-01 9.840352e-01 9.893818e-01 9.835816e-01 9.789419e-01 9.833924e-01 9.893757e-01 9.866531e-01 9.731885e-01 9.639229e-01 9.593940e-01 9.630537e-01 9.676466e-01 9.720859e-01 9.668775e-01 9.590209e-01 9.542314e-01 9.538273e-01 9.562085e-01 9.478675e-01 9.366819e-01 9.336551e-01 9.326082e-01 9.305575e-01 9.390196e-01 9.456394e-01 9.391817e-01 9.394200e-01 9.440913e-01 9.442184e-01 9.463218e-01 9.601709e-01 9.702352e-01 9.738167e-01 9.731903e-01 9.730660e-01 9.836497e-01 9.934618e-01 9.988585e-01 1.004300e+00 1.001508e+00 1.010513e+00 1.019313e+00 1.029058e+00 1.034400e+00 1.034120e+00 1.034671e+00 1.038122e+00 1.042015e+00 1.050402e+00 1.054890e+00 1.054037e+00 1.053754e+00 1.051515e+00 1.054691e+00 1.060996e+00 1.065670e+00 1.064380e+00 1.061968e+00 1.064403e+00 1.067458e+00 1.064967e+00 1.059410e+00 1.058785e+00 1.060444e+00 1.058428e+00 1.056638e+00 1.056627e+00 1.055618e+00 1.054476e+00 1.051309e+00 1.044814e+00 1.039159e+00 1.035134e+00 1.033033e+00 1.033141e+00 1.036973e+00 1.041606e+00 1.039338e+00 1.032352e+00 1.022997e+00 1.017036e+00 1.017210e+00 1.024475e+00 1.025094e+00 1.024681e+00 1.019604e+00 1.028481e+00 1.040477e+00 1.051014e+00 1.047823e+00 1.040119e+00 1.036274e+00 1.029589e+00 1.023185e+00 1.024930e+00 1.027026e+00 1.019480e+00 1.023035e+00 1.024676e+00 9.963185e-01 9.817845e-01 1.014081e+00 1.039317e+00 1.032811e+00 1.058344e+00
9.964348e-01 9.967543e-01 9.901704e-01 9.905820e-01 9.867953e-01 9.838072e-01 9.875736e-01 9.945258e-01 9.914517e-01 9.858925e-01 9.689362e-01 9.499577e-01 9.401430e-01 9.401873e-01 9.470350e-01 9.504723e-01 9.440147e-01 9.388061e-01 9.339732e-01 9.390118e-01 9.512447e-01 9.514390e-01 9.496517e-01 9.506124e-01 9.515575e-01 9.490791e-01 9.512969e-01 9.534899e-01 9.538956e-01 9.586375e-01 9.596944e-01 9.503632e-01 9.444903e-01 9.416262e-01 9.423614e-01 9.390461e-01 9.390389e-01 9.365354e-01 9.448571e-01 9.498342e-01 9.573198e-01 9.570863e-01 9.530218e-01 9.568954e-01 9.559487e-01 9.504316e-01 9.579046e-01 9.659129e-01 9.669020e-01 9.720674e-01 9.833990e-01 9.837921e-01 9.814491e-01 9.839592e-01 9.905658e-01 9.876921e-01 9.844788e-01 9.805713e-01 9.835263e-01 9.904581e-01 9.834024e-01 9.785000e-01 9.810039e-01 9.855399e-01 9.881997e-01 9.929034e-01 9.908330e-01 9.917130e-01 9.920481e-01 9.909374e-01 9.939801e-01 9.921265e-01 9.954271e-01 9.862669e-01 9.788691e-01 9.786623e-01 9.740356e-01 9.723020e-01 9.680822e-01 9.569618e-01 9.462776e-01 9.467576e-01 9.387267e-01 9.370098e-01 9.303372e-01 9.229360e-01 9.213799e-01 9.206812e-01 9.193512e-01 9.151726e-01 9.109432e-01 9.098412e-01 9.087152e-01 9.113599e-01 9.111411e-01 9.099054e-01 9.144355e-01 9.189650e-01 9.190530e-01 9.157745e-01 9.177181e-01 9.291490e-01 9.320334e-01 9.318340e-01 9.269177e-01 9.264807e-01 9.181381e-01 9.106275e-01 9.109589e-01 9.161093e-01 9.192931e-01 9.167186e-01 9.158164e-01 9.193754e-01 9.137072e-01 9.108642e-01 9.101931e-01 9.100999e-01 9.057105e-01 8.976733e-01 8.947960e-01 8.938696e-01 8.968837e-01 9.007877e-01 9.039488e-01 9.109083e-01 9.080665e-01 9.072021e-01 9.108521e-01 9.180650e-01 9.211463e-01 9.275746e-01 9.244360e-01 9.212472e-01 9.274639e-01 9.347740e-01 9.410034e-01 9.463781e-01 9.495461e-01 9.510052e-01 9.488775e-01 9.445633e-01 9.487778e-01 9.546220e-01 9.600015e-01 9.621257e-01 9.662396e-01 9.681726e-01 9.733314e-01 9.809166e-01 9.787949e-01 9.825969e-01 9.914372e-01 9.876642e-01 9.787518e-01 9.837093e-01 9.892997e-01 9.820733e-01 9.777907e-01 9.709975e-01 9.612912e-01 9.600888e-01 9.630280e-01 9.675687e-01 9.679814e-01 9.639525e-01 9.597927e-01 9.598907e-01 9.590168e-01 9.475375e-01 9.401940e-01 9.377860e-01 9.334685e-01 9.366160e-01 9.453680e-01 9.468231e-01 9.387000e-01 9.390121e-01 9.439569e-01 9.442400e-01 9.467106e-01 9.612219e-01 9.684347e-01 9.706135e-01 9.740469e-01 9.751440e-01 9.864618e-01 9.970782e-01 1.001567e+00 1.005080e+00 1.010184e+00 1.017126e+00 1.024044e+00 1.029483e+00 1.032015e+00 1.035746e+00 1.038779e+00 1.041269e+00 1.043754e+00 1.048760e+00 1.053966e+00 1.052963e+00 1.051824e+00 1.052006e+00 1.056369e+00 1.060815e+00 1.066243e+00 1.068465e+00 1.067894e+00 1.068286e+00 1.068511e+00 1.066151e+00 1.061672e+00 1.059022e+00 1.059644e+00 1.057471e+00 1.058332e+00 1.057640e+00 1.055394e+00 1.053711e+00 1.052911e+00 1.047714e+00 1.040564e+00 1.034301e+00 1.028793e+00 1.033164e+00 1.037754e+00 1.037994e+00 1.033623e+00 1.026696e+00 1.019240e+00 1.014922e+00 1.016883e+00 1.018260e+00 1.016841e+00 1.015456e+00 1.017002e+00 1.025534e+00 1.039297e+00 1.046332e+00 1.045010e+00 1.043697e+00 1.037001e+00 1.027162e+00 1.022517e+00 1.026784e+00 1.023038e+00 1.021270e+00 1.024113e+00 1.018303e+00 9.950544e-01 9.915218e-01 1.014770e+00 1.030398e+00 1.032215e+00 1.061395e+00
9.888263e-01 9.969225e-01 9.941703e-01 9.972748e-01 9.925327e-01 9.896245e-01 9.892622e-01 9.937387e-01 9.900302e-01 9.860226e-01 9.704143e-01 9.507045e-01 9.419216e-01 9.451427e-01 9.532412e-01 9.514681e-01 9.423836e-01 9.366826e-01 9.361681e-01 9.433566e-01 9.601048e-01 9.670714e-01 9.587673e-01 9.512393e-01 9.518366e-01 9.525163e-01 9.573848e-01 9.563841e-01 9.522665e-01 9.510633e-01 9.550957e-01 9.529748e-01 9.478464e-01 9.466735e-01 9.467501e-01 9.433223e-01 9.362415e-01 9.277483e-01 9.351823e-01 9.448667e-01 9.510495e-01 9.492660e-01 9.494880e-01 9.569644e-01 9.599291e-01 9.554883e-01 9.601478e-01 9.677524e-01 9.715872e-01 9.793530e-01 9.907385e-01 9.851390e-01 9.791095e-01 9.800370e-01 9.804978e-01 9.842825e-01 9.859115e-01 9.845700e-01 9.796007e-01 9.838314e-01 9.837679e-01 9.823945e-01 9.788690e-01 9.853386e-01 9.894400e-01 9.945098e-01 9.924018e-01 9.923133e-01 9.919077e-01 9.940931e-01 9.982112e-01 9.946633e-01 9.960964e-01 9.888295e-01 9.780729e-01 9.734054e-01 9.655639e-01 9.682843e-01 9.695362e-01 9.547994e-01 9.449607e-01 9.488756e-01 9.434084e-01 9.401287e-01 9.299461e-01 9.210193e-01 9.174030e-01 9.156618e-01 9.176643e-01 9.216833e-01 9.175364e-01 9.089463e-01 9.074506e-01 9.115363e-01 9.144117e-01 9.149117e-01 9.191113e-01 9.220993e-01 9.196035e-01 9.166272e-01 9.210213e-01 9.318073e-01 9.307491e-01 9.307454e-01 9.277959e-01 9.252537e-01 9.181429e-01 9.161887e-01 9.113950e-01 9.141861e-01 9.170199e-01 9.173773e-01 9.138809e-01 9.154792e-01 9.133249e-01 9.099088e-01 9.150484e-01 9.137667e-01 9.051463e-01 8.977801e-01 8.960433e-01 8.934359e-01 8.951277e-01 8.965902e-01 8.984345e-01 8.999744e-01 9.029567e-01 9.070197e-01 9.097970e-01 9.127764e-01 9.206491e-01 9.229513e-01 9.232718e-01 9.197792e-01 9.262265e-01 9.367302e-01 9.441627e-01 9.465393e-01 9.434622e-01 9.494871e-01 9.497962e-01 9.463560e-01 9.496501e-01 9.581496e-01 9.635135e-01 9.686763e-01 9.712793e-01 9.719852e-01 9.723874e-01 9.764416e-01 9.745029e-01 9.783951e-01 9.873119e-01 9.838148e-01 9.801147e-01 9.808936e-01 9.820673e-01 9.748311e-01 9.730529e-01 9.726055e-01 9.679863e-01 9.655428e-01 9.645130e-01 9.639935e-01 9.640560e-01 9.604738e-01 9.594544e-01 9.599822e-01 9.570025e-01 9.522156e-01 9.468564e-01 9.430996e-01 9.376071e-01 9.341394e-01 9.362091e-01 9.414851e-01 9.410709e-01 9.387537e-01 9.425575e-01 9.472876e-01 9.507473e-01 9.594861e-01 9.692028e-01 9.734801e-01 9.747905e-01 9.818899e-01 9.932516e-01 1.001624e+00 1.002430e+00 1.005233e+00 1.020878e+00 1.026909e+00 1.030262e+00 1.028713e+00 1.032836e+00 1.041494e+00 1.045171e+00 1.046607e+00 1.046763e+00 1.048916e+00 1.053550e+00 1.055221e+00 1.054887e+00 1.053274e+00 1.055964e+00 1.059128e+00 1.064233e+00 1.069567e+00 1.070269e+00 1.069018e+00 1.069609e+00 1.067343e+00 1.063313e+00 1.060280e+00 1.058812e+00 1.055669e+00 1.057376e+00 1.057039e+00 1.058242e+00 1.057897e+00 1.055337e+00 1.048852e+00 1.042677e+00 1.036870e+00 1.031730e+00 1.035901e+00 1.039774e+00 1.035038e+00 1.030272e+00 1.019192e+00 1.015536e+00 1.011996e+00 1.017396e+00 1.013429e+00 1.010576e+00 1.011431e+00 1.015951e+00 1.024570e+00 1.037771e+00 1.043060e+00 1.041605e+00 1.040840e+00 1.032090e+00 1.028021e+00 1.030239e+00 1.033347e+00 1.028577e+00 1.024162e+00 1.017933e+00 1.008068e+00 9.991224e-01 9.948572e-01 1.010948e+00 1.023554e+00 1.035524e+00 1.060706e+00
9.831122e-01 9.950853e-01 9.982122e-01 9.968017e-01 9.934488e-01 9.841671e-01 9.818956e-01 9.850023e-01 9.862275e-01 9.818931e-01 9.716591e-01 9.527822e-01 9.422023e-01 9.445913e-01 9.475406e-01 9.394087e-01 9.369918e-01 9.378762e-01 9.354506e-01 9.353598e-01 9.468867e-01 9.567325e-01 9.559050e-01 9.514307e-01 9.521993e-01 9.551554e-01 9.558886e-01 9.558117e-01 9.551939e-01 9.529061e-01 9.580648e-01 9.569691e-01 9.533268e-01 9.488206e-01 9.508989e-01 9.468076e-01 9.403362e-01 9.345403e-01 9.386472e-01 9.429589e-01 9.395432e-01 9.423865e-01 9.521750e-01 9.576499e-01 9.584530e-01 9.606401e-01 9.613041e-01 9.719155e-01 9.784727e-01 9.841820e-01 9.840388e-01 9.762660e-01 9.730847e-01 9.758431e-01 9.772736e-01 9.826383e-01 9.881932e-01 9.889187e-01 9.848201e-01 9.826239e-01 9.826594e-01 9.796601e-01 9.784318e-01 9.901192e-01 1.002470e+00 1.003512e+00 1.002877e+00 9.966316e-01 9.943086e-01 9.983318e-01 1.003770e+00 9.978797e-01 9.978917e-01 9.971510e-01 9.872051e-01 9.786380e-01 9.653512e-01 9.636212e-01 9.652708e-01 9.589456e-01 9.470766e-01 9.502895e-01 9.499218e-01 9.468966e-01 9.387518e-01 9.252933e-01 9.169610e-01 9.131019e-01 9.160454e-01 9.247075e-01 9.219626e-01 9.093060e-01 9.072157e-01 9.149550e-01 9.218018e-01 9.219050e-01 9.239142e-01 9.243470e-01 9.220614e-01 9.234401e-01 9.249629e-01 9.307447e-01 9.315386e-01 9.282953e-01 9.250445e-01 9.212263e-01 9.197788e-01 9.148682e-01 9.135774e-01 9.164397e-01 9.168524e-01 9.194089e-01 9.163378e-01 9.107423e-01 9.095696e-01 9.042144e-01 9.112231e-01 9.093324e-01 9.008069e-01 8.969453e-01 8.956086e-01 8.966021e-01 8.999940e-01 9.023136e-01 9.015328e-01 8.994927e-01 9.039412e-01 9.050308e-01 9.044390e-01 9.092906e-01 9.173824e-01 9.201576e-01 9.258519e-01 9.240222e-01 9.223448e-01 9.258679e-01 9.337990e-01 9.357581e-01 9.377357e-01 9.477593e-01 9.540123e-01 9.567582e-01 9.575796e-01 9.649366e-01 9.678132e-01 9.709301e-01 9.687157e-01 9.692882e-01 9.721854e-01 9.767011e-01 9.774018e-01 9.797733e-01 9.818424e-01 9.828967e-01 9.781739e-01 9.735771e-01 9.755070e-01 9.749503e-01 9.687384e-01 9.712865e-01 9.699054e-01 9.692179e-01 9.677867e-01 9.679993e-01 9.629787e-01 9.592183e-01 9.566122e-01 9.560352e-01 9.557399e-01 9.562181e-01 9.528827e-01 9.447197e-01 9.377141e-01 9.311470e-01 9.294821e-01 9.379177e-01 9.420403e-01 9.386250e-01 9.416175e-01 9.485785e-01 9.531766e-01 9.594090e-01 9.647949e-01 9.723944e-01 9.844207e-01 9.954583e-01 1.001997e+00 1.001764e+00 1.000044e+00 1.001594e+00 1.016600e+00 1.027509e+00 1.031715e+00 1.031765e+00 1.036285e+00 1.046134e+00 1.047898e+00 1.050374e+00 1.050654e+00 1.049233e+00 1.054137e+00 1.057835e+00 1.057303e+00 1.054791e+00 1.056106e+00 1.058261e+00 1.062027e+00 1.067228e+00 1.068888e+00 1.069834e+00 1.071222e+00 1.069322e+00 1.064743e+00 1.061954e+00 1.059883e+00 1.056975e+00 1.056315e+00 1.055510e+00 1.055420e+00 1.055543e+00 1.054983e+00 1.050198e+00 1.044312e+00 1.037394e+00 1.032076e+00 1.032956e+00 1.035514e+00 1.028222e+00 1.023256e+00 1.017997e+00 1.014621e+00 1.009216e+00 1.012340e+00 1.009496e+00 1.010162e+00 1.013298e+00 1.015561e+00 1.021866e+00 1.033258e+00 1.042126e+00 1.044213e+00 1.040693e+00 1.030422e+00 1.031675e+00 1.037940e+00 1.038101e+00 1.026708e+00 1.024519e+00 1.016016e+00 1.004941e+00 1.000153e+00 9.909558e-01 1.009700e+00 1.021133e+00 1.036868e+00 1.058781e+00
9.832047e-01 9.915256e-01 9.984655e-01 9.926265e-01 9.853338e-01 9.715436e-01 9.710586e-01 9.764515e-01 9.763617e-01 9.753829e-01 9.721206e-01 9.600375e-01 9.502997e-01 9.496170e-01 9.433748e-01 9.317366e-01 9.305649e-01 9.318095e-01 9.306323e-01 9.395818e-01 9.458119e-01 9.459788e-01 9.522263e-01 9.517736e-01 9.485833e-01 9.440704e-01 9.526377e-01 9.598933e-01 9.544250e-01 9.536772e-01 9.542236e-01 9.557339e-01 9.546388e-01 9.538875e-01 9.509765e-01 9.440461e-01 9.435550e-01 9.455271e-01 9.434865e-01 9.410298e-01 9.382064e-01 9.395213e-01 9.485730e-01 9.552248e-01 9.590574e-01 9.638329e-01 9.666420e-01 9.768595e-01 9.807324e-01 9.811246e-01 9.760982e-01 9.726089e-01 9.748024e-01 9.826216e-01 9.861576e-01 9.839497e-01 9.812933e-01 9.806793e-01 9.835983e-01 9.871528e-01 9.844542e-01 9.829379e-01 9.866135e-01 9.919994e-01 1.004468e+00 1.009267e+00 1.006764e+00 9.923141e-01 9.868468e-01 9.944571e-01 1.004054e+00 1.002106e+00 1.002188e+00 9.975083e-01 9.873998e-01 9.779703e-01 9.658126e-01 9.593489e-01 9.596670e-01 9.631023e-01 9.531016e-01 9.511310e-01 9.463146e-01 9.435630e-01 9.434339e-01 9.292243e-01 9.188682e-01 9.177514e-01 9.230633e-01 9.274099e-01 9.250903e-01 9.151596e-01 9.125711e-01 9.194139e-01 9.237801e-01 9.278294e-01 9.276679e-01 9.286906e-01 9.351580e-01 9.359460e-01 9.287203e-01 9.313611e-01 9.303835e-01 9.265721e-01 9.218909e-01 9.193686e-01 9.225900e-01 9.218664e-01 9.191206e-01 9.168652e-01 9.204197e-01 9.218640e-01 9.166583e-01 9.119014e-01 9.069864e-01 9.014252e-01 8.998978e-01 9.000074e-01 8.989441e-01 8.982891e-01 8.974173e-01 9.047207e-01 9.089913e-01 9.079210e-01 9.065901e-01 9.069932e-01 9.116879e-01 9.082852e-01 9.020770e-01 9.061009e-01 9.136410e-01 9.185809e-01 9.261196e-01 9.289109e-01 9.228726e-01 9.197808e-01 9.191415e-01 9.230936e-01 9.374201e-01 9.504421e-01 9.562715e-01 9.603272e-01 9.570957e-01 9.576882e-01 9.617294e-01 9.613733e-01 9.632998e-01 9.705936e-01 9.806678e-01 9.899507e-01 9.865467e-01 9.833368e-01 9.824765e-01 9.789517e-01 9.741678e-01 9.723454e-01 9.784493e-01 9.781236e-01 9.726484e-01 9.813701e-01 9.754410e-01 9.684739e-01 9.678550e-01 9.674888e-01 9.625423e-01 9.609868e-01 9.587426e-01 9.600041e-01 9.661304e-01 9.625124e-01 9.555570e-01 9.463868e-01 9.394175e-01 9.325518e-01 9.349453e-01 9.424348e-01 9.476069e-01 9.441394e-01 9.467651e-01 9.489561e-01 9.535539e-01 9.629534e-01 9.712306e-01 9.798146e-01 9.921017e-01 9.993918e-01 1.000718e+00 1.002447e+00 9.970107e-01 1.001043e+00 1.013758e+00 1.023276e+00 1.027034e+00 1.032930e+00 1.040441e+00 1.048545e+00 1.050837e+00 1.051572e+00 1.051553e+00 1.051776e+00 1.053290e+00 1.056469e+00 1.056180e+00 1.056024e+00 1.059572e+00 1.061809e+00 1.062691e+00 1.064978e+00 1.068205e+00 1.069367e+00 1.071170e+00 1.069144e+00 1.066774e+00 1.064634e+00 1.061679e+00 1.056964e+00 1.053322e+00 1.047541e+00 1.048113e+00 1.051698e+00 1.053826e+00 1.047065e+00 1.041056e+00 1.035944e+00 1.032680e+00 1.031297e+00 1.031870e+00 1.021684e+00 1.011482e+00 1.013929e+00 1.011155e+00 1.005183e+00 1.001058e+00 1.002373e+00 1.009635e+00 1.015424e+00 1.017433e+00 1.021630e+00 1.032171e+00 1.044381e+00 1.047074e+00 1.039761e+00 1.030209e+00 1.027796e+00 1.031713e+00 1.031384e+00 1.016819e+00 1.017470e+00 1.016394e+00 1.002830e+00 9.953578e-01 9.879540e-01 1.012170e+00 1.024945e+00 1.036818e+00 1.059015e+00
9.867396e-01 9.913191e-01 9.944057e-01 9.839068e-01 9.741644e-01 9.649332e-01 9.686239e-01 9.745377e-01 9.688168e-01 9.701290e-01 9.657313e-01 9.578176e-01 9.492427e-01 9.449331e-01 9.397348e-01 9.300907e-01 9.274396e-01 9.230057e-01 9.293100e-01 9.452226e-01 9.487314e-01 9.446725e-01 9.494768e-01 9.546866e-01 9.513202e-01 9.409779e-01 9.523441e-01 9.582850e-01 9.530100e-01 9.475473e-01 9.481026e-01 9.515821e-01 9.552226e-01 9.560189e-01 9.477851e-01 9.385037e-01 9.433081e-01 9.516063e-01 9.482725e-01 9.438656e-01 9.440018e-01 9.457039e-01 9.478536e-01 9.527444e-01 9.621707e-01 9.676926e-01 9.672151e-01 9.736173e-01 9.721375e-01 9.747310e-01 9.756642e-01 9.741830e-01 9.812661e-01 9.862534e-01 9.844663e-01 9.821499e-01 9.777591e-01 9.788061e-01 9.859728e-01 9.906988e-01 9.890172e-01 9.904395e-01 9.992156e-01 1.001213e+00 1.005721e+00 1.005299e+00 1.000573e+00 9.910290e-01 9.825867e-01 9.847243e-01 9.926370e-01 1.001412e+00 1.001072e+00 9.913121e-01 9.781690e-01 9.709476e-01 9.681193e-01 9.639085e-01 9.611143e-01 9.621965e-01 9.573389e-01 9.518689e-01 9.433346e-01 9.397802e-01 9.424217e-01 9.360182e-01 9.264770e-01 9.277482e-01 9.294658e-01 9.310916e-01 9.327152e-01 9.271336e-01 9.190401e-01 9.198103e-01 9.258088e-01 9.272897e-01 9.240485e-01 9.273474e-01 9.367676e-01 9.374065e-01 9.312536e-01 9.289972e-01 9.264550e-01 9.229481e-01 9.193534e-01 9.170530e-01 9.152510e-01 9.169518e-01 9.141877e-01 9.091005e-01 9.146604e-01 9.147318e-01 9.102935e-01 9.070776e-01 9.017410e-01 8.998415e-01 8.960187e-01 8.968166e-01 8.990803e-01 9.005287e-01 9.020745e-01 9.095076e-01 9.141443e-01 9.102258e-01 9.078208e-01 9.081290e-01 9.109855e-01 9.087443e-01 9.051450e-01 9.055117e-01 9.098958e-01 9.103334e-01 9.153318e-01 9.237389e-01 9.318499e-01 9.298162e-01 9.250879e-01 9.363873e-01 9.446515e-01 9.473349e-01 9.529723e-01 9.517791e-01 9.504870e-01 9.497448e-01 9.594665e-01 9.626188e-01 9.668381e-01 9.761013e-01 9.856883e-01 9.901177e-01 9.868094e-01 9.813709e-01 9.782302e-01 9.701302e-01 9.645083e-01 9.732119e-01 9.750128e-01 9.729409e-01 9.732661e-01 9.843017e-01 9.767792e-01 9.683413e-01 9.645144e-01 9.601858e-01 9.564589e-01 9.552699e-01 9.563060e-01 9.575529e-01 9.622203e-01 9.606696e-01 9.557873e-01 9.504875e-01 9.472222e-01 9.397366e-01 9.432637e-01 9.524015e-01 9.550177e-01 9.471288e-01 9.489182e-01 9.524309e-01 9.577412e-01 9.676504e-01 9.754083e-01 9.819704e-01 9.881392e-01 9.896875e-01 9.960130e-01 9.965897e-01 9.961019e-01 1.004344e+00 1.014118e+00 1.021016e+00 1.027583e+00 1.035553e+00 1.041939e+00 1.046649e+00 1.046324e+00 1.048722e+00 1.053432e+00 1.052356e+00 1.052254e+00 1.052293e+00 1.051751e+00 1.055476e+00 1.059607e+00 1.062409e+00 1.063898e+00 1.064629e+00 1.067026e+00 1.066183e+00 1.064126e+00 1.065570e+00 1.066412e+00 1.064607e+00 1.062126e+00 1.057170e+00 1.051735e+00 1.044954e+00 1.043758e+00 1.046856e+00 1.049449e+00 1.040481e+00 1.031831e+00 1.028403e+00 1.030863e+00 1.033009e+00 1.032858e+00 1.026656e+00 1.016761e+00 1.013816e+00 1.005816e+00 1.000650e+00 9.944505e-01 9.965078e-01 1.004388e+00 1.012323e+00 1.020714e+00 1.023502e+00 1.034433e+00 1.044548e+00 1.045644e+00 1.035475e+00 1.024356e+00 1.015625e+00 1.017631e+00 1.018018e+00 1.006211e+00 1.007510e+00 1.009112e+00 9.944215e-01 9.951492e-01 9.917819e-01 1.017151e+00 1.026960e+00 1.034491e+00 1.059902e+00
9.801114e-01 9.867275e-01 9.878648e-01 9.773487e-01 9.680202e-01 9.677385e-01 9.693377e-01 9.701047e-01 9.656549e-01 9.611131e-01 9.476753e-01 9.392822e-01 9.358663e-01 9.398744e-01 9.366446e-01 9.329523e-01 9.335659e-01 9.294443e-01 9.298433e-01 9.372255e-01 9.406119e-01 9.444907e-01 9.463739e-01 9.544804e-01 9.497861e-01 9.420916e-01 9.504441e-01 9.562021e-01 9.522003e-01 9.449806e-01 9.482531e-01 9.501697e-01 9.549956e-01 9.556086e-01 9.413114e-01 9.351192e-01 9.423568e-01 9.524722e-01 9.505635e-01 9.469454e-01 9.492993e-01 9.520130e-01 9.519928e-01 9.531875e-01 9.595779e-01 9.681005e-01 9.688882e-01 9.748012e-01 9.711153e-01 9.758033e-01 9.740410e-01 9.770483e-01 9.779726e-01 9.735623e-01 9.689975e-01 9.708095e-01 9.765697e-01 9.841715e-01 9.904359e-01 9.919480e-01 9.878480e-01 9.900507e-01 9.980787e-01 9.970872e-01 9.937642e-01 9.918999e-01 9.906922e-01 9.917697e-01 9.903502e-01 9.870909e-01 9.886463e-01 9.910724e-01 9.894130e-01 9.837130e-01 9.751399e-01 9.710542e-01 9.751903e-01 9.711968e-01 9.660986e-01 9.620064e-01 9.606757e-01 9.558710e-01 9.513264e-01 9.437422e-01 9.404907e-01 9.378637e-01 9.355508e-01 9.349057e-01 9.349774e-01 9.315003e-01 9.359592e-01 9.312462e-01 9.232823e-01 9.257879e-01 9.296269e-01 9.273943e-01 9.208732e-01 9.236076e-01 9.285560e-01 9.318045e-01 9.349916e-01 9.304520e-01 9.283022e-01 9.240391e-01 9.225811e-01 9.197537e-01 9.169222e-01 9.149911e-01 9.114628e-01 9.083366e-01 9.102271e-01 9.131031e-01 9.057729e-01 8.993068e-01 8.945995e-01 8.956623e-01 8.960751e-01 8.946642e-01 8.971320e-01 9.021469e-01 9.028947e-01 9.069773e-01 9.109345e-01 9.047734e-01 8.987609e-01 9.031720e-01 9.097562e-01 9.162909e-01 9.137987e-01 9.112421e-01 9.071958e-01 9.059734e-01 9.123400e-01 9.284184e-01 9.453012e-01 9.500418e-01 9.482567e-01 9.521029e-01 9.533995e-01 9.489043e-01 9.481323e-01 9.453738e-01 9.458568e-01 9.503892e-01 9.572544e-01 9.658889e-01 9.645939e-01 9.729288e-01 9.792805e-01 9.798445e-01 9.775841e-01 9.791145e-01 9.715246e-01 9.650267e-01 9.647944e-01 9.739020e-01 9.746518e-01 9.756278e-01 9.764045e-01 9.764937e-01 9.756522e-01 9.711048e-01 9.618369e-01 9.554678e-01 9.528174e-01 9.522937e-01 9.508155e-01 9.486645e-01 9.478332e-01 9.562824e-01 9.558234e-01 9.521461e-01 9.511964e-01 9.490501e-01 9.548140e-01 9.592929e-01 9.565345e-01 9.500170e-01 9.509851e-01 9.566189e-01 9.629527e-01 9.705764e-01 9.761123e-01 9.778970e-01 9.785518e-01 9.824039e-01 9.921719e-01 9.941343e-01 9.973949e-01 1.005876e+00 1.015899e+00 1.024347e+00 1.028374e+00 1.033188e+00 1.037766e+00 1.039646e+00 1.044301e+00 1.047884e+00 1.052056e+00 1.052587e+00 1.053808e+00 1.053492e+00 1.053206e+00 1.055391e+00 1.060624e+00 1.061323e+00 1.063897e+00 1.065870e+00 1.066412e+00 1.064211e+00 1.060413e+00 1.062378e+00 1.064333e+00 1.063321e+00 1.060833e+00 1.054737e+00 1.051428e+00 1.047552e+00 1.044804e+00 1.044673e+00 1.045233e+00 1.036891e+00 1.026697e+00 1.022715e+00 1.022699e+00 1.022867e+00 1.024553e+00 1.027640e+00 1.025518e+00 1.019755e+00 1.002129e+00 9.913849e-01 9.901965e-01 9.926827e-01 9.990221e-01 1.005982e+00 1.015657e+00 1.019643e+00 1.031521e+00 1.040777e+00 1.042498e+00 1.034010e+00 1.023827e+00 1.009704e+00 1.012177e+00 1.014804e+00 1.000088e+00 9.985823e-01 1.001752e+00 9.959955e-01 9.934928e-01 9.898565e-01 1.022382e+00 1.030461e+00 1.031355e+00 1.059365e+00
9.734433e-01 9.738032e-01 9.758528e-01 9.726804e-01 9.701636e-01 9.696892e-01 9.635013e-01 9.613678e-01 9.587867e-01 9.503000e-01 9.352723e-01 9.324521e-01 9.350555e-01 9.327469e-01 9.334871e-01 9.342790e-01 9.421871e-01 9.400919e-01 9.316834e-01 9.315353e-01 9.345558e-01 9.380395e-01 9.427230e-01 9.444246e-01 9.433442e-01 9.447132e-01 9.482301e-01 9.535069e-01 9.540069e-01 9.529443e-01 9.504629e-01 9.492207e-01 9.523028e-01 9.488887e-01 9.377478e-01 9.342269e-01 9.450160e-01 9.574426e-01 9.570532e-01 9.516408e-01 9.497446e-01 9.497559e-01 9.539850e-01 9.521579e-01 9.541765e-01 9.645768e-01 9.657511e-01 9.701363e-01 9.701622e-01 9.675087e-01 9.657590e-01 9.712102e-01 9.738275e-01 9.646884e-01 9.565737e-01 9.610824e-01 9.710394e-01 9.814758e-01 9.899394e-01 9.915270e-01 9.849596e-01 9.809782e-01 9.891935e-01 9.919070e-01 9.869201e-01 9.890816e-01 9.891090e-01 9.907712e-01 9.920882e-01 9.885217e-01 9.858513e-01 9.874704e-01 9.871617e-01 9.846864e-01 9.848699e-01 9.857271e-01 9.816936e-01 9.783576e-01 9.728783e-01 9.688277e-01 9.625978e-01 9.631664e-01 9.569096e-01 9.468122e-01 9.394476e-01 9.411744e-01 9.411374e-01 9.380584e-01 9.395695e-01 9.343891e-01 9.333681e-01 9.298936e-01 9.296418e-01 9.313593e-01 9.295509e-01 9.234582e-01 9.157192e-01 9.158113e-01 9.247947e-01 9.313181e-01 9.348217e-01 9.294639e-01 9.268566e-01 9.220560e-01 9.219971e-01 9.217446e-01 9.188966e-01 9.141182e-01 9.141485e-01 9.169472e-01 9.170276e-01 9.136213e-01 9.010434e-01 8.947978e-01 8.949552e-01 8.967473e-01 8.961645e-01 8.926875e-01 8.940360e-01 8.990058e-01 9.036641e-01 9.044302e-01 9.006945e-01 8.939038e-01 8.936822e-01 9.024924e-01 9.122546e-01 9.184092e-01 9.173260e-01 9.118938e-01 9.043710e-01 9.011861e-01 9.138677e-01 9.312055e-01 9.480156e-01 9.602333e-01 9.569014e-01 9.553572e-01 9.500990e-01 9.438486e-01 9.410384e-01 9.417968e-01 9.450562e-01 9.530389e-01 9.611567e-01 9.662617e-01 9.594484e-01 9.693287e-01 9.703566e-01 9.694734e-01 9.701685e-01 9.759678e-01 9.706422e-01 9.719502e-01 9.680331e-01 9.700062e-01 9.716039e-01 9.725415e-01 9.717820e-01 9.719930e-01 9.726398e-01 9.669387e-01 9.578719e-01 9.488174e-01 9.514735e-01 9.513860e-01 9.432653e-01 9.414528e-01 9.480079e-01 9.589971e-01 9.613148e-01 9.536626e-01 9.568997e-01 9.599416e-01 9.570388e-01 9.548237e-01 9.527551e-01 9.527451e-01 9.547157e-01 9.561307e-01 9.624708e-01 9.710299e-01 9.741227e-01 9.725891e-01 9.734930e-01 9.786499e-01 9.886519e-01 9.915236e-01 9.957740e-01 1.004641e+00 1.011864e+00 1.017425e+00 1.023085e+00 1.030374e+00 1.034718e+00 1.038866e+00 1.046032e+00 1.049373e+00 1.055275e+00 1.055194e+00 1.055885e+00 1.056885e+00 1.055272e+00 1.058346e+00 1.061058e+00 1.061309e+00 1.063146e+00 1.067258e+00 1.069032e+00 1.066437e+00 1.062690e+00 1.062985e+00 1.062826e+00 1.062146e+00 1.061266e+00 1.057629e+00 1.053311e+00 1.047106e+00 1.043154e+00 1.042383e+00 1.041433e+00 1.036139e+00 1.029203e+00 1.020962e+00 1.015150e+00 1.013497e+00 1.018113e+00 1.027960e+00 1.029460e+00 1.021819e+00 1.006935e+00 9.937956e-01 9.885752e-01 9.884657e-01 9.930447e-01 9.981195e-01 1.006654e+00 1.014835e+00 1.025701e+00 1.033459e+00 1.038077e+00 1.035156e+00 1.025980e+00 1.017525e+00 1.014292e+00 1.010409e+00 9.940912e-01 9.927484e-01 1.002520e+00 1.002380e+00 9.935688e-01 9.880660e-01 1.023767e+00 1.035203e+00 1.028180e+00 1.060648e+00
9.752884e-01 9.700024e-01 9.751081e-01 9.729031e-01 9.699166e-01 9.614258e-01 9.584616e-01 9.557939e-01 9.524694e-01 9.458568e-01 9.367777e-01 9.323179e-01 9.336032e-01 9.349663e-01 9.386539e-01 9.437346e-01 9.445373e-01 9.386432e-01 9.320463e-01 9.307414e-01 9.314277e-01 9.358662e-01 9.414483e-01 9.433150e-01 9.452849e-01 9.504439e-01 9.526208e-01 9.528999e-01 9.551962e-01 9.621521e-01 9.562351e-01 9.509459e-01 9.495950e-01 9.457375e-01 9.436573e-01 9.473608e-01 9.555310e-01 9.618913e-01 9.631573e-01 9.543797e-01 9.525276e-01 9.497014e-01 9.516237e-01 9.580411e-01 9.550264e-01 9.595130e-01 9.602660e-01 9.646171e-01 9.666416e-01 9.638557e-01 9.631939e-01 9.636775e-01 9.645445e-01 9.626491e-01 9.647208e-01 9.721854e-01 9.802939e-01 9.852348e-01 9.909965e-01 9.887315e-01 9.831400e-01 9.856592e-01 9.887416e-01 9.909169e-01 9.928041e-01 9.960685e-01 9.943771e-01 9.929544e-01 9.977812e-01 9.933206e-01 9.896336e-01 9.938062e-01 9.964027e-01 9.897978e-01 9.949513e-01 9.965710e-01 9.826326e-01 9.743931e-01 9.782804e-01 9.793289e-01 9.679984e-01 9.588403e-01 9.555164e-01 9.500749e-01 9.465442e-01 9.441421e-01 9.455983e-01 9.422583e-01 9.411740e-01 9.387953e-01 9.322544e-01 9.332963e-01 9.346395e-01 9.331930e-01 9.287385e-01 9.216315e-01 9.150239e-01 9.151760e-01 9.249445e-01 9.276866e-01 9.240411e-01 9.250962e-01 9.264913e-01 9.229448e-01 9.237151e-01 9.211624e-01 9.158582e-01 9.152382e-01 9.170678e-01 9.221040e-01 9.209318e-01 9.131346e-01 9.002453e-01 8.935855e-01 8.948041e-01 8.935318e-01 8.940473e-01 8.923491e-01 8.917078e-01 8.970798e-01 9.048186e-01 9.046960e-01 8.992755e-01 8.942638e-01 8.979731e-01 9.033928e-01 9.112371e-01 9.216501e-01 9.247718e-01 9.129117e-01 9.015449e-01 8.994729e-01 9.111738e-01 9.264517e-01 9.363468e-01 9.504263e-01 9.543702e-01 9.562088e-01 9.481493e-01 9.385234e-01 9.406250e-01 9.396424e-01 9.394549e-01 9.486824e-01 9.676187e-01 9.712163e-01 9.654708e-01 9.699329e-01 9.688147e-01 9.628493e-01 9.643046e-01 9.661138e-01 9.664619e-01 9.680951e-01 9.609817e-01 9.641690e-01 9.692771e-01 9.653282e-01 9.656641e-01 9.651060e-01 9.592341e-01 9.567574e-01 9.528242e-01 9.512582e-01 9.544715e-01 9.497623e-01 9.416814e-01 9.465995e-01 9.559541e-01 9.601210e-01 9.584778e-01 9.564871e-01 9.626020e-01 9.700209e-01 9.636460e-01 9.580792e-01 9.554328e-01 9.574880e-01 9.584187e-01 9.566369e-01 9.602734e-01 9.694378e-01 9.740304e-01 9.714221e-01 9.699540e-01 9.754467e-01 9.800299e-01 9.853029e-01 9.944662e-01 1.001843e+00 1.009955e+00 1.014492e+00 1.021001e+00 1.027528e+00 1.032507e+00 1.039465e+00 1.046417e+00 1.048353e+00 1.055682e+00 1.055634e+00 1.056139e+00 1.057544e+00 1.058241e+00 1.058930e+00 1.059782e+00 1.059898e+00 1.059296e+00 1.063627e+00 1.066654e+00 1.064813e+00 1.061098e+00 1.060776e+00 1.060178e+00 1.059351e+00 1.060598e+00 1.058776e+00 1.054558e+00 1.049485e+00 1.045499e+00 1.043087e+00 1.040213e+00 1.038048e+00 1.033818e+00 1.022746e+00 1.019900e+00 1.022089e+00 1.025806e+00 1.027890e+00 1.027473e+00 1.017684e+00 1.008496e+00 1.001278e+00 9.943810e-01 9.865328e-01 9.884626e-01 9.917350e-01 1.000078e+00 1.012877e+00 1.024692e+00 1.034326e+00 1.037055e+00 1.033338e+00 1.030751e+00 1.020813e+00 1.010875e+00 1.007360e+00 9.910053e-01 9.863841e-01 9.988072e-01 9.986822e-01 9.862509e-01 9.904237e-01 1.022673e+00 1.039232e+00 1.024812e+00 1.061136e+00
9.765061e-01 9.741710e-01 9.777533e-01 9.702879e-01 9.631324e-01 9.544355e-01 9.556839e-01 9.546133e-01 9.477495e-01 9.415729e-01 9.426414e-01 9.413764e-01 9.392589e-01 9.358290e-01 9.342549e-01 9.339883e-01 9.351874e-01 9.299952e-01 9.320996e-01 9.320669e-01 9.299526e-01 9.356630e-01 9.413901e-01 9.438772e-01 9.537845e-01 9.600431e-01 9.573475e-01 9.523490e-01 9.533537e-01 9.590886e-01 9.546593e-01 9.472332e-01 9.440838e-01 9.458306e-01 9.511474e-01 9.573464e-01 9.587198e-01 9.632288e-01 9.620736e-01 9.529223e-01 9.545386e-01 9.600957e-01 9.592200e-01 9.591219e-01 9.540011e-01 9.544140e-01 9.601806e-01 9.636635e-01 9.648911e-01 9.691321e-01 9.669102e-01 9.611790e-01 9.630884e-01 9.701889e-01 9.777913e-01 9.839535e-01 9.858652e-01 9.901836e-01 9.926596e-01 9.892600e-01 9.893559e-01 9.924361e-01 9.944476e-01 9.969885e-01 9.983880e-01 9.952505e-01 9.960862e-01 9.986907e-01 9.999039e-01 9.995700e-01 9.949573e-01 9.954004e-01 9.960437e-01 9.930341e-01 9.948028e-01 9.960660e-01 9.825441e-01 9.801120e-01 9.843542e-01 9.791864e-01 9.680172e-01 9.611899e-01 9.589750e-01 9.534712e-01 9.502397e-01 9.478334e-01 9.543753e-01 9.556714e-01 9.529033e-01 9.449733e-01 9.371179e-01 9.388441e-01 9.410149e-01 9.391527e-01 9.322323e-01 9.271446e-01 9.223633e-01 9.256717e-01 9.309332e-01 9.301994e-01 9.293154e-01 9.308666e-01 9.282616e-01 9.265983e-01 9.264426e-01 9.230224e-01 9.172470e-01 9.146866e-01 9.154511e-01 9.130788e-01 9.117561e-01 9.041623e-01 8.975821e-01 8.939766e-01 8.925202e-01 8.946444e-01 8.931126e-01 8.961004e-01 8.956083e-01 9.003255e-01 9.047852e-01 9.063638e-01 9.026998e-01 8.976255e-01 8.994945e-01 9.034784e-01 9.096390e-01 9.171453e-01 9.260888e-01 9.192817e-01 9.025750e-01 8.975379e-01 9.024408e-01 9.185162e-01 9.302052e-01 9.455251e-01 9.575102e-01 9.563636e-01 9.522089e-01 9.463988e-01 9.464433e-01 9.421182e-01 9.359486e-01 9.431221e-01 9.641974e-01 9.705902e-01 9.683220e-01 9.631407e-01 9.600325e-01 9.597095e-01 9.577737e-01 9.611543e-01 9.623241e-01 9.676226e-01 9.673307e-01 9.700744e-01 9.669980e-01 9.660938e-01 9.683836e-01 9.657071e-01 9.477790e-01 9.394965e-01 9.429123e-01 9.521417e-01 9.542091e-01 9.511079e-01 9.477335e-01 9.535980e-01 9.587430e-01 9.555049e-01 9.551439e-01 9.583465e-01 9.599386e-01 9.655498e-01 9.649566e-01 9.599606e-01 9.546323e-01 9.565722e-01 9.607931e-01 9.567446e-01 9.556381e-01 9.645563e-01 9.755468e-01 9.737000e-01 9.723566e-01 9.758815e-01 9.768382e-01 9.840069e-01 9.970352e-01 1.000929e+00 1.007427e+00 1.016592e+00 1.021405e+00 1.026087e+00 1.030260e+00 1.034811e+00 1.039838e+00 1.044471e+00 1.049848e+00 1.050863e+00 1.047976e+00 1.050004e+00 1.052374e+00 1.053432e+00 1.053542e+00 1.053592e+00 1.054632e+00 1.059710e+00 1.062255e+00 1.060596e+00 1.056525e+00 1.055307e+00 1.055577e+00 1.058041e+00 1.059757e+00 1.059275e+00 1.053777e+00 1.046383e+00 1.043686e+00 1.037120e+00 1.036420e+00 1.040092e+00 1.037070e+00 1.029610e+00 1.026605e+00 1.029748e+00 1.030246e+00 1.026775e+00 1.021684e+00 1.010477e+00 1.000004e+00 9.931274e-01 9.895728e-01 9.869285e-01 9.928121e-01 9.972296e-01 1.004158e+00 1.013043e+00 1.022205e+00 1.031662e+00 1.032522e+00 1.032820e+00 1.032851e+00 1.018441e+00 1.003865e+00 9.976279e-01 9.804380e-01 9.719430e-01 9.868445e-01 1.002051e+00 9.829422e-01 9.945843e-01 1.024373e+00 1.038547e+00 1.022693e+00 1.059302e+00
9.739404e-01 9.727798e-01 9.752055e-01 9.716507e-01 9.589305e-01 9.515302e-01 9.536356e-01 9.537235e-01 9.493127e-01 9.445744e-01 9.403281e-01 9.395321e-01 9.425135e-01 9.381106e-01 9.307188e-01 9.230738e-01 9.255036e-01 9.267991e-01 9.305589e-01 9.316806e-01 9.306414e-01 9.308747e-01 9.383358e-01 9.445866e-01 9.528748e-01 9.614959e-01 9.595285e-01 9.533824e-01 9.530525e-01 9.560438e-01 9.550822e-01 9.469738e-01 9.414461e-01 9.464324e-01 9.489052e-01 9.518240e-01 9.553554e-01 9.588239e-01 9.541842e-01 9.528227e-01 9.586877e-01 9.663813e-01 9.602407e-01 9.525256e-01 9.461994e-01 9.528913e-01 9.653296e-01 9.621261e-01 9.607637e-01 9.663898e-01 9.644192e-01 9.615479e-01 9.671442e-01 9.765791e-01 9.807132e-01 9.820912e-01 9.816450e-01 9.856658e-01 9.868550e-01 9.868266e-01 9.905151e-01 9.981256e-01 1.000955e+00 9.989237e-01 9.960164e-01 9.877188e-01 9.926757e-01 9.978962e-01 9.980979e-01 9.999880e-01 9.977326e-01 1.000056e+00 1.001657e+00 9.989467e-01 9.962030e-01 9.933668e-01 9.903775e-01 9.888573e-01 9.912882e-01 9.816963e-01 9.697345e-01 9.675195e-01 9.655144e-01 9.601603e-01 9.618979e-01 9.643544e-01 9.678563e-01 9.667529e-01 9.610441e-01 9.561002e-01 9.485644e-01 9.462770e-01 9.467507e-01 9.446257e-01 9.357299e-01 9.308417e-01 9.297352e-01 9.320913e-01 9.363441e-01 9.368290e-01 9.334323e-01 9.310097e-01 9.323073e-01 9.305523e-01 9.271775e-01 9.205405e-01 9.124857e-01 9.086508e-01 9.109647e-01 9.055201e-01 9.012486e-01 9.009460e-01 9.021375e-01 9.038669e-01 9.011974e-01 9.042946e-01 9.031537e-01 9.011469e-01 8.998815e-01 9.047207e-01 9.080042e-01 9.055517e-01 9.037758e-01 9.048870e-01 9.021392e-01 9.049770e-01 9.096132e-01 9.136391e-01 9.214085e-01 9.250929e-01 9.115149e-01 9.000182e-01 9.056787e-01 9.198650e-01 9.305873e-01 9.406789e-01 9.510055e-01 9.547784e-01 9.536661e-01 9.529179e-01 9.507188e-01 9.515013e-01 9.490047e-01 9.561353e-01 9.659536e-01 9.703003e-01 9.649130e-01 9.486130e-01 9.387520e-01 9.399157e-01 9.434753e-01 9.537755e-01 9.573981e-01 9.720392e-01 9.792699e-01 9.712510e-01 9.696122e-01 9.698368e-01 9.690331e-01 9.632766e-01 9.462690e-01 9.322734e-01 9.384120e-01 9.479882e-01 9.497703e-01 9.527476e-01 9.553915e-01 9.570118e-01 9.548175e-01 9.531190e-01 9.569055e-01 9.597414e-01 9.597177e-01 9.649688e-01 9.634198e-01 9.601621e-01 9.582586e-01 9.579611e-01 9.583856e-01 9.569952e-01 9.551177e-01 9.581720e-01 9.647086e-01 9.687529e-01 9.718688e-01 9.733103e-01 9.757555e-01 9.829253e-01 9.959042e-01 9.999423e-01 1.003779e+00 1.009533e+00 1.015254e+00 1.024281e+00 1.028967e+00 1.028535e+00 1.032456e+00 1.041612e+00 1.046525e+00 1.045857e+00 1.045562e+00 1.045813e+00 1.047277e+00 1.051941e+00 1.054518e+00 1.054371e+00 1.054811e+00 1.058153e+00 1.059174e+00 1.060702e+00 1.057364e+00 1.054584e+00 1.054294e+00 1.056504e+00 1.058577e+00 1.059801e+00 1.055986e+00 1.047629e+00 1.036461e+00 1.028797e+00 1.030064e+00 1.034492e+00 1.035774e+00 1.034830e+00 1.030021e+00 1.030668e+00 1.031928e+00 1.025389e+00 1.015271e+00 1.005104e+00 9.938823e-01 9.856707e-01 9.854627e-01 9.884065e-01 9.999171e-01 1.009898e+00 1.011614e+00 1.010630e+00 1.013811e+00 1.020992e+00 1.024266e+00 1.028581e+00 1.027690e+00 1.016716e+00 9.998471e-01 9.913436e-01 9.682259e-01 9.609944e-01 9.842409e-01 1.003159e+00 9.871315e-01 9.963218e-01 1.023130e+00 1.040400e+00 1.019759e+00 1.058166e+00
9.638104e-01 9.621392e-01 9.678329e-01 9.771956e-01 9.641652e-01 9.540163e-01 9.530594e-01 9.486478e-01 9.393904e-01 9.375409e-01 9.359637e-01 9.327587e-01 9.333485e-01 9.282436e-01 9.222909e-01 9.149330e-01 9.180599e-01 9.267099e-01 9.291778e-01 9.280719e-01 9.275162e-01 9.240451e-01 9.332329e-01 9.459295e-01 9.513016e-01 9.537148e-01 9.517766e-01 9.506620e-01 9.509516e-01 9.529314e-01 9.566202e-01 9.493397e-01 9.463406e-01 9.485982e-01 9.430615e-01 9.424803e-01 9.497105e-01 9.593545e-01 9.556773e-01 9.538395e-01 9.591743e-01 9.602816e-01 9.505467e-01 9.497326e-01 9.504699e-01 9.598531e-01 9.700761e-01 9.691083e-01 9.617149e-01 9.608027e-01 9.642437e-01 9.686173e-01 9.743073e-01 9.774973e-01 9.785416e-01 9.747674e-01 9.740971e-01 9.776449e-01 9.791281e-01 9.804640e-01 9.911974e-01 1.000717e+00 1.000572e+00 9.941886e-01 9.922301e-01 9.888541e-01 9.908271e-01 9.913456e-01 9.928681e-01 9.981664e-01 1.003392e+00 1.006700e+00 1.004031e+00 1.000425e+00 9.969345e-01 9.924349e-01 9.939804e-01 9.916841e-01 9.883995e-01 9.729093e-01 9.629698e-01 9.680048e-01 9.719359e-01 9.671424e-01 9.682351e-01 9.669188e-01 9.674933e-01 9.634425e-01 9.603755e-01 9.611048e-01 9.573881e-01 9.568576e-01 9.587245e-01 9.548190e-01 9.412051e-01 9.407386e-01 9.365055e-01 9.347125e-01 9.423156e-01 9.419065e-01 9.354447e-01 9.302129e-01 9.294634e-01 9.281576e-01 9.243470e-01 9.170153e-01 9.122331e-01 9.072826e-01 9.056568e-01 8.998799e-01 8.984064e-01 8.978767e-01 8.995603e-01 9.040713e-01 9.050003e-01 9.067013e-01 9.108469e-01 9.088423e-01 9.070022e-01 9.114654e-01 9.100205e-01 9.075460e-01 9.119594e-01 9.142464e-01 9.111703e-01 9.123361e-01 9.110280e-01 9.149560e-01 9.228389e-01 9.289300e-01 9.236677e-01 9.119841e-01 9.138417e-01 9.200594e-01 9.303769e-01 9.378162e-01 9.436105e-01 9.550273e-01 9.580273e-01 9.540930e-01 9.566728e-01 9.614662e-01 9.602997e-01 9.638036e-01 9.748298e-01 9.800285e-01 9.681996e-01 9.514773e-01 9.420543e-01 9.364338e-01 9.435471e-01 9.542378e-01 9.559935e-01 9.761841e-01 9.746965e-01 9.667705e-01 9.706149e-01 9.669097e-01 9.628168e-01 9.613633e-01 9.535921e-01 9.446591e-01 9.462848e-01 9.516708e-01 9.572229e-01 9.591540e-01 9.564146e-01 9.564446e-01 9.589999e-01 9.615930e-01 9.633216e-01 9.637727e-01 9.647686e-01 9.651192e-01 9.563146e-01 9.521750e-01 9.576712e-01 9.586422e-01 9.548265e-01 9.544398e-01 9.536222e-01 9.519450e-01 9.534371e-01 9.608446e-01 9.678531e-01 9.722548e-01 9.750634e-01 9.794378e-01 9.846178e-01 9.881997e-01 9.951108e-01 9.990904e-01 1.007750e+00 1.021618e+00 1.026263e+00 1.027764e+00 1.032805e+00 1.039671e+00 1.044356e+00 1.046544e+00 1.047658e+00 1.046782e+00 1.048827e+00 1.056352e+00 1.059067e+00 1.058159e+00 1.056761e+00 1.057654e+00 1.059660e+00 1.062137e+00 1.060107e+00 1.057054e+00 1.054559e+00 1.055267e+00 1.056312e+00 1.057359e+00 1.056055e+00 1.049968e+00 1.043016e+00 1.036649e+00 1.030019e+00 1.026141e+00 1.027239e+00 1.028981e+00 1.029279e+00 1.030662e+00 1.030397e+00 1.021395e+00 1.006772e+00 9.978631e-01 9.811999e-01 9.753314e-01 9.778113e-01 9.847845e-01 9.965003e-01 1.006003e+00 1.007862e+00 1.002077e+00 1.003599e+00 1.013153e+00 1.019428e+00 1.018097e+00 1.015793e+00 1.011636e+00 1.004710e+00 9.919297e-01 9.688365e-01 9.632895e-01 9.804929e-01 9.993963e-01 9.956849e-01 9.962682e-01 1.014015e+00 1.037555e+00 1.011866e+00 1.056316e+00
9.587025e-01 9.600072e-01 9.679915e-01 9.733925e-01 9.614927e-01 9.523765e-01 9.459072e-01 9.413001e-01 9.348986e-01 9.342599e-01 9.371411e-01 9.312222e-01 9.229499e-01 9.215453e-01 9.170592e-01 9.117571e-01 9.174705e-01 9.228211e-01 9.231741e-01 9.229922e-01 9.214352e-01 9.240687e-01 9.339207e-01 9.456089e-01 9.506320e-01 9.460933e-01 9.438184e-01 9.478972e-01 9.519764e-01 9.592406e-01 9.597529e-01 9.558209e-01 9.530008e-01 9.457835e-01 9.361622e-01 9.383560e-01 9.471961e-01 9.567941e-01 9.555565e-01 9.490508e-01 9.455928e-01 9.443352e-01 9.448386e-01 9.528884e-01 9.610311e-01 9.630055e-01 9.665273e-01 9.695414e-01 9.680048e-01 9.685729e-01 9.756656e-01 9.799654e-01 9.828517e-01 9.804261e-01 9.806045e-01 9.780439e-01 9.764476e-01 9.768454e-01 9.783236e-01 9.774132e-01 9.849624e-01 9.915815e-01 9.915932e-01 9.887316e-01 9.910111e-01 9.962089e-01 9.983080e-01 9.901169e-01 9.882935e-01 9.933608e-01 1.001207e+00 1.008891e+00 1.002715e+00 9.964030e-01 9.958858e-01 9.947532e-01 9.972706e-01 9.923778e-01 9.865876e-01 9.709309e-01 9.645665e-01 9.679646e-01 9.697750e-01 9.715666e-01 9.704162e-01 9.668804e-01 9.609301e-01 9.566673e-01 9.548942e-01 9.571057e-01 9.615505e-01 9.630249e-01 9.676827e-01 9.591168e-01 9.485986e-01 9.478981e-01 9.396626e-01 9.338880e-01 9.365861e-01 9.352763e-01 9.314677e-01 9.287337e-01 9.288350e-01 9.230654e-01 9.214019e-01 9.152259e-01 9.125689e-01 9.068798e-01 9.027271e-01 9.004387e-01 8.990661e-01 8.917849e-01 8.900005e-01 8.930975e-01 8.966912e-01 8.999841e-01 9.013882e-01 9.053425e-01 9.087732e-01 9.105546e-01 9.087785e-01 9.076656e-01 9.155469e-01 9.188291e-01 9.115249e-01 9.120821e-01 9.152789e-01 9.208239e-01 9.269457e-01 9.276350e-01 9.269798e-01 9.220069e-01 9.221414e-01 9.239120e-01 9.321585e-01 9.405214e-01 9.493091e-01 9.590712e-01 9.578318e-01 9.544792e-01 9.557022e-01 9.597347e-01 9.599360e-01 9.644849e-01 9.840199e-01 9.856750e-01 9.745837e-01 9.679250e-01 9.629081e-01 9.580568e-01 9.534519e-01 9.559011e-01 9.585485e-01 9.700172e-01 9.722465e-01 9.740896e-01 9.713812e-01 9.656454e-01 9.616384e-01 9.562638e-01 9.610400e-01 9.600910e-01 9.553051e-01 9.549233e-01 9.604102e-01 9.602225e-01 9.599961e-01 9.626856e-01 9.643676e-01 9.649895e-01 9.645109e-01 9.634553e-01 9.615500e-01 9.579067e-01 9.501510e-01 9.474105e-01 9.498534e-01 9.494916e-01 9.507886e-01 9.527655e-01 9.521512e-01 9.520978e-01 9.518457e-01 9.551421e-01 9.622959e-01 9.698048e-01 9.727837e-01 9.739598e-01 9.720780e-01 9.764481e-01 9.834665e-01 9.891190e-01 1.004612e+00 1.018657e+00 1.025301e+00 1.025648e+00 1.031557e+00 1.040344e+00 1.045259e+00 1.045472e+00 1.047845e+00 1.048452e+00 1.052037e+00 1.055365e+00 1.058741e+00 1.059825e+00 1.056406e+00 1.056218e+00 1.058771e+00 1.059838e+00 1.058522e+00 1.058903e+00 1.056133e+00 1.053326e+00 1.051972e+00 1.051720e+00 1.052675e+00 1.049670e+00 1.049628e+00 1.045041e+00 1.035923e+00 1.025652e+00 1.018117e+00 1.016889e+00 1.024080e+00 1.025953e+00 1.024301e+00 1.016225e+00 1.007398e+00 9.965610e-01 9.841441e-01 9.776337e-01 9.736499e-01 9.789044e-01 9.887931e-01 9.961876e-01 9.986855e-01 9.972284e-01 9.970856e-01 1.010470e+00 1.015136e+00 1.012003e+00 1.012328e+00 1.001860e+00 9.961036e-01 9.898803e-01 9.733879e-01 9.685107e-01 9.758863e-01 9.930369e-01 9.964592e-01 9.908209e-01 1.001875e+00 1.032453e+00 1.011270e+00 1.050483e+00
9.657298e-01 9.645073e-01 9.701118e-01 9.701869e-01 9.595009e-01 9.442049e-01 9.396278e-01 9.399638e-01 9.436075e-01 9.429775e-01 9.412759e-01 9.271500e-01 9.209215e-01 9.201553e-01 9.200404e-01 9.191219e-01 9.199047e-01 9.171907e-01 9.177464e-01 9.206098e-01 9.240097e-01 9.284287e-01 9.356620e-01 9.456105e-01 9.514173e-01 9.434570e-01 9.419159e-01 9.485747e-01 9.587825e-01 9.634642e-01 9.593965e-01 9.565657e-01 9.536693e-01 9.422926e-01 9.389861e-01 9.434664e-01 9.430509e-01 9.461710e-01 9.504990e-01 9.482329e-01 9.432411e-01 9.406984e-01 9.461883e-01 9.591486e-01 9.630430e-01 9.629557e-01 9.625066e-01 9.616058e-01 9.657542e-01 9.711838e-01 9.800346e-01 9.845464e-01 9.837899e-01 9.836838e-01 9.820498e-01 9.820030e-01 9.809647e-01 9.774835e-01 9.790526e-01 9.770238e-01 9.777927e-01 9.808661e-01 9.823056e-01 9.846095e-01 9.897808e-01 9.951306e-01 9.994601e-01 9.932417e-01 9.855669e-01 9.912784e-01 9.973437e-01 1.001885e+00 9.976764e-01 9.938987e-01 9.972001e-01 9.949587e-01 9.896942e-01 9.869516e-01 9.820338e-01 9.750506e-01 9.691879e-01 9.659361e-01 9.655903e-01 9.702962e-01 9.708653e-01 9.675261e-01 9.639674e-01 9.638777e-01 9.643416e-01 9.597334e-01 9.610745e-01 9.666691e-01 9.687576e-01 9.625906e-01 9.528780e-01 9.474101e-01 9.399075e-01 9.308982e-01 9.327430e-01 9.328956e-01 9.297556e-01 9.318818e-01 9.333582e-01 9.275415e-01 9.289965e-01 9.194193e-01 9.144691e-01 9.091513e-01 9.045166e-01 9.050786e-01 9.005215e-01 8.920564e-01 8.869887e-01 8.920699e-01 8.968462e-01 8.966315e-01 8.973980e-01 9.003853e-01 9.025179e-01 9.034001e-01 9.037414e-01 9.063368e-01 9.141150e-01 9.197324e-01 9.154252e-01 9.180047e-01 9.230402e-01 9.239026e-01 9.267795e-01 9.249971e-01 9.235131e-01 9.254119e-01 9.298635e-01 9.354643e-01 9.397623e-01 9.473191e-01 9.540924e-01 9.541777e-01 9.475368e-01 9.473569e-01 9.495237e-01 9.526480e-01 9.505882e-01 9.620095e-01 9.770020e-01 9.721622e-01 9.653770e-01 9.691352e-01 9.704247e-01 9.691074e-01 9.615884e-01 9.641389e-01 9.633948e-01 9.601548e-01 9.680623e-01 9.709603e-01 9.623202e-01 9.569144e-01 9.576817e-01 9.544410e-01 9.683862e-01 9.701203e-01 9.626442e-01 9.557779e-01 9.577777e-01 9.604881e-01 9.637719e-01 9.641277e-01 9.579176e-01 9.581515e-01 9.575049e-01 9.550397e-01 9.530331e-01 9.496541e-01 9.448504e-01 9.437823e-01 9.421675e-01 9.444616e-01 9.476926e-01 9.483313e-01 9.499210e-01 9.506438e-01 9.510865e-01 9.498713e-01 9.528264e-01 9.602848e-01 9.616305e-01 9.587233e-01 9.610344e-01 9.691610e-01 9.771584e-01 9.860618e-01 1.000352e+00 1.011102e+00 1.016563e+00 1.019570e+00 1.028836e+00 1.035722e+00 1.042827e+00 1.047294e+00 1.049859e+00 1.049592e+00 1.051027e+00 1.053256e+00 1.057193e+00 1.058923e+00 1.054644e+00 1.055629e+00 1.058485e+00 1.059044e+00 1.057880e+00 1.059394e+00 1.057168e+00 1.054234e+00 1.051777e+00 1.049422e+00 1.047295e+00 1.045865e+00 1.048307e+00 1.047083e+00 1.043115e+00 1.033729e+00 1.022696e+00 1.015595e+00 1.017239e+00 1.022070e+00 1.022166e+00 1.016671e+00 1.011421e+00 9.995165e-01 9.912202e-01 9.846779e-01 9.790668e-01 9.792278e-01 9.897682e-01 9.958749e-01 1.000430e+00 1.004693e+00 1.002066e+00 1.008210e+00 1.008728e+00 1.007823e+00 1.011684e+00 1.003510e+00 9.907802e-01 9.877380e-01 9.756399e-01 9.681118e-01 9.744177e-01 9.973539e-01 9.960486e-01 9.908139e-01 9.984704e-01 1.027921e+00 1.008861e+00 1.047144e+00
9.724030e-01 9.727102e-01 9.722880e-01 9.666788e-01 9.558753e-01 9.406407e-01 9.431524e-01 9.451873e-01 9.492081e-01 9.508983e-01 9.368551e-01 9.299176e-01 9.223249e-01 9.211996e-01 9.196770e-01 9.198349e-01 9.180228e-01 9.161777e-01 9.220340e-01 9.249234e-01 9.299234e-01 9.347762e-01 9.371173e-01 9.440038e-01 9.463072e-01 9.437982e-01 9.479369e-01 9.487622e-01 9.585598e-01 9.626157e-01 9.620305e-01 9.585522e-01 9.534248e-01 9.450352e-01 9.436837e-01 9.447106e-01 9.400443e-01 9.442861e-01 9.458922e-01 9.424719e-01 9.438580e-01 9.471690e-01 9.505584e-01 9.508185e-01 9.503311e-01 9.568808e-01 9.598548e-01 9.612682e-01 9.699960e-01 9.767331e-01 9.789739e-01 9.811257e-01 9.786009e-01 9.827274e-01 9.843127e-01 9.844882e-01 9.780094e-01 9.765456e-01 9.767710e-01 9.744992e-01 9.751774e-01 9.771812e-01 9.787869e-01 9.852620e-01 9.884066e-01 9.894081e-01 9.939775e-01 9.931548e-01 9.886208e-01 9.929008e-01 9.931343e-01 9.963978e-01 1.002987e+00 9.966496e-01 9.919401e-01 9.870964e-01 9.823784e-01 9.785710e-01 9.786725e-01 9.811764e-01 9.741269e-01 9.682742e-01 9.688580e-01 9.676073e-01 9.715640e-01 9.754653e-01 9.763958e-01 9.756230e-01 9.709630e-01 9.587238e-01 9.613527e-01 9.737028e-01 9.736152e-01 9.671767e-01 9.574356e-01 9.488087e-01 9.397630e-01 9.341974e-01 9.338466e-01 9.381090e-01 9.343661e-01 9.372297e-01 9.384192e-01 9.365112e-01 9.341888e-01 9.230953e-01 9.134872e-01 9.102916e-01 9.085844e-01 9.110020e-01 9.006895e-01 8.939221e-01 8.941802e-01 8.995398e-01 9.002026e-01 8.996975e-01 9.010228e-01 8.993007e-01 8.999327e-01 9.041985e-01 9.058024e-01 9.050256e-01 9.095683e-01 9.169781e-01 9.232733e-01 9.247225e-01 9.256380e-01 9.242117e-01 9.271502e-01 9.253433e-01 9.246872e-01 9.312653e-01 9.411303e-01 9.506364e-01 9.483262e-01 9.497618e-01 9.503461e-01 9.445802e-01 9.413170e-01 9.462798e-01 9.480141e-01 9.476134e-01 9.489717e-01 9.552234e-01 9.622678e-01 9.652159e-01 9.593117e-01 9.594561e-01 9.708377e-01 9.717858e-01 9.668154e-01 9.730363e-01 9.727572e-01 9.601052e-01 9.617364e-01 9.599221e-01 9.584658e-01 9.604369e-01 9.628184e-01 9.660918e-01 9.743611e-01 9.729260e-01 9.654912e-01 9.591814e-01 9.589025e-01 9.642287e-01 9.631659e-01 9.552399e-01 9.491443e-01 9.498322e-01 9.501761e-01 9.460341e-01 9.449253e-01 9.431503e-01 9.409474e-01 9.374775e-01 9.346378e-01 9.335683e-01 9.399717e-01 9.436705e-01 9.479594e-01 9.464135e-01 9.474971e-01 9.452320e-01 9.465758e-01 9.527482e-01 9.552339e-01 9.570508e-01 9.640699e-01 9.745361e-01 9.809518e-01 9.897557e-01 9.980727e-01 1.001460e+00 1.009176e+00 1.018009e+00 1.025909e+00 1.030104e+00 1.040631e+00 1.046934e+00 1.049764e+00 1.047599e+00 1.047634e+00 1.053221e+00 1.056991e+00 1.055280e+00 1.053348e+00 1.055444e+00 1.057827e+00 1.060071e+00 1.059024e+00 1.057463e+00 1.055912e+00 1.052275e+00 1.049454e+00 1.046692e+00 1.043455e+00 1.042900e+00 1.045689e+00 1.044394e+00 1.040403e+00 1.033986e+00 1.024798e+00 1.016662e+00 1.015033e+00 1.021467e+00 1.023218e+00 1.023280e+00 1.017618e+00 1.010554e+00 1.002372e+00 9.874348e-01 9.822881e-01 9.830831e-01 9.932221e-01 9.986824e-01 1.001535e+00 1.008880e+00 1.009523e+00 1.012981e+00 1.010156e+00 1.000934e+00 9.967499e-01 9.926978e-01 9.810908e-01 9.813175e-01 9.689726e-01 9.686033e-01 9.772335e-01 9.975434e-01 9.930745e-01 9.939840e-01 1.001803e+00 1.025939e+00 1.005288e+00 1.042983e+00
9.727511e-01 9.744082e-01 9.745039e-01 9.632951e-01 9.532331e-01 9.406626e-01 9.477462e-01 9.502462e-01 9.461969e-01 9.405078e-01 9.248990e-01 9.219393e-01 9.226308e-01 9.220243e-01 9.192477e-01 9.138453e-01 9.179517e-01 9.201177e-01 9.227133e-01 9.251362e-01 9.330518e-01 9.373508e-01 9.382628e-01 9.409620e-01 9.454085e-01 9.481440e-01 9.497206e-01 9.490322e-01 9.525954e-01 9.599942e-01 9.684817e-01 9.630181e-01 9.536019e-01 9.427809e-01 9.405565e-01 9.442792e-01 9.416802e-01 9.434052e-01 9.428595e-01 9.371720e-01 9.406786e-01 9.500324e-01 9.451289e-01 9.399023e-01 9.451398e-01 9.544141e-01 9.647997e-01 9.687588e-01 9.721922e-01 9.747539e-01 9.737502e-01 9.697850e-01 9.694812e-01 9.761587e-01 9.817434e-01 9.796180e-01 9.734555e-01 9.749983e-01 9.758552e-01 9.755131e-01 9.771560e-01 9.740200e-01 9.813903e-01 9.899777e-01 9.914043e-01 9.913510e-01 9.964021e-01 9.997050e-01 9.971072e-01 9.987867e-01 9.962202e-01 9.995329e-01 1.004210e+00 9.963059e-01 9.873590e-01 9.848816e-01 9.841214e-01 9.809391e-01 9.785693e-01 9.767772e-01 9.769272e-01 9.779785e-01 9.761451e-01 9.759663e-01 9.807957e-01 9.831939e-01 9.810096e-01 9.746079e-01 9.729559e-01 9.628288e-01 9.687355e-01 9.751887e-01 9.725402e-01 9.631586e-01 9.581855e-01 9.516491e-01 9.445579e-01 9.378497e-01 9.389143e-01 9.421871e-01 9.414677e-01 9.391450e-01 9.378279e-01 9.363911e-01 9.263636e-01 9.239995e-01 9.154624e-01 9.094374e-01 9.034467e-01 9.053764e-01 8.984983e-01 8.973545e-01 9.014730e-01 9.036226e-01 9.044851e-01 9.049090e-01 9.042959e-01 9.050368e-01 9.100956e-01 9.120097e-01 9.149764e-01 9.144304e-01 9.126120e-01 9.193166e-01 9.277791e-01 9.314728e-01 9.280905e-01 9.248425e-01 9.247653e-01 9.257893e-01 9.296865e-01 9.384651e-01 9.533694e-01 9.609285e-01 9.582288e-01 9.477198e-01 9.423029e-01 9.413519e-01 9.431604e-01 9.461037e-01 9.453870e-01 9.442259e-01 9.468065e-01 9.486294e-01 9.554262e-01 9.602800e-01 9.525145e-01 9.536374e-01 9.676521e-01 9.753233e-01 9.767478e-01 9.781063e-01 9.824019e-01 9.696643e-01 9.610822e-01 9.586016e-01 9.621320e-01 9.629766e-01 9.659456e-01 9.718601e-01 9.710661e-01 9.647322e-01 9.607046e-01 9.584813e-01 9.614869e-01 9.630070e-01 9.533760e-01 9.477744e-01 9.462575e-01 9.466206e-01 9.460769e-01 9.427788e-01 9.412647e-01 9.410957e-01 9.397179e-01 9.375475e-01 9.339771e-01 9.312478e-01 9.374775e-01 9.458736e-01 9.467897e-01 9.417526e-01 9.435539e-01 9.440448e-01 9.468160e-01 9.511691e-01 9.533428e-01 9.590403e-01 9.632617e-01 9.730342e-01 9.815218e-01 9.881411e-01 9.934207e-01 1.000560e+00 1.007119e+00 1.014041e+00 1.021047e+00 1.025593e+00 1.037834e+00 1.043436e+00 1.044064e+00 1.042758e+00 1.044256e+00 1.051900e+00 1.057309e+00 1.054254e+00 1.052426e+00 1.055467e+00 1.056508e+00 1.057323e+00 1.055873e+00 1.053976e+00 1.054904e+00 1.053800e+00 1.051828e+00 1.044455e+00 1.040354e+00 1.042132e+00 1.043069e+00 1.039666e+00 1.035827e+00 1.031426e+00 1.024277e+00 1.017063e+00 1.011634e+00 1.017545e+00 1.019702e+00 1.021728e+00 1.022259e+00 1.013050e+00 1.001804e+00 9.913057e-01 9.892947e-01 9.901838e-01 9.968548e-01 1.000328e+00 1.003278e+00 1.006911e+00 1.011273e+00 1.015849e+00 1.011961e+00 9.969814e-01 9.898763e-01 9.874215e-01 9.859624e-01 9.808965e-01 9.673021e-01 9.692326e-01 9.831529e-01 1.001032e+00 9.939228e-01 9.985973e-01 1.007857e+00 1.030180e+00 1.007886e+00 1.039597e+00
9.669822e-01 9.731168e-01 9.750558e-01 9.626808e-01 9.495747e-01 9.457854e-01 9.496776e-01 9.498801e-01 9.414788e-01 9.307609e-01 9.193968e-01 9.242463e-01 9.227846e-01 9.235948e-01 9.181747e-01 9.148285e-01 9.242614e-01 9.250258e-01 9.215802e-01 9.221792e-01 9.299639e-01 9.402757e-01 9.449095e-01 9.452671e-01 9.472240e-01 9.478213e-01 9.491521e-01 9.501275e-01 9.534051e-01 9.595826e-01 9.691368e-01 9.645208e-01 9.545469e-01 9.446218e-01 9.453968e-01 9.444963e-01 9.443574e-01 9.444553e-01 9.423087e-01 9.379771e-01 9.385327e-01 9.449430e-01 9.419940e-01 9.423683e-01 9.506717e-01 9.618860e-01 9.739572e-01 9.786461e-01 9.729607e-01 9.720511e-01 9.702579e-01 9.647127e-01 9.653679e-01 9.755953e-01 9.805826e-01 9.820662e-01 9.785557e-01 9.804420e-01 9.802932e-01 9.828614e-01 9.832217e-01 9.797609e-01 9.854143e-01 9.907643e-01 9.912898e-01 9.860022e-01 9.901348e-01 9.972019e-01 9.977589e-01 9.977747e-01 9.979479e-01 9.986388e-01 9.975787e-01 9.901464e-01 9.907549e-01 9.967949e-01 9.954873e-01 9.870884e-01 9.796466e-01 9.775538e-01 9.829110e-01 9.796663e-01 9.761565e-01 9.806920e-01 9.869251e-01 9.854484e-01 9.760883e-01 9.731685e-01 9.775230e-01 9.734377e-01 9.720064e-01 9.739586e-01 9.682258e-01 9.580701e-01 9.502488e-01 9.468282e-01 9.454303e-01 9.426246e-01 9.433744e-01 9.450514e-01 9.399291e-01 9.373643e-01 9.388115e-01 9.304871e-01 9.197552e-01 9.166141e-01 9.116066e-01 9.044909e-01 8.982458e-01 8.913607e-01 8.933973e-01 8.931805e-01 8.952200e-01 8.933451e-01 8.983960e-01 9.093802e-01 9.139947e-01 9.125986e-01 9.181914e-01 9.266291e-01 9.238556e-01 9.212035e-01 9.171041e-01 9.270796e-01 9.334582e-01 9.361813e-01 9.337625e-01 9.270775e-01 9.204691e-01 9.234716e-01 9.318399e-01 9.422754e-01 9.506787e-01 9.571906e-01 9.571110e-01 9.474259e-01 9.416948e-01 9.409929e-01 9.390804e-01 9.432471e-01 9.412548e-01 9.433782e-01 9.489807e-01 9.542314e-01 9.565536e-01 9.535919e-01 9.506734e-01 9.584586e-01 9.653236e-01 9.709420e-01 9.735911e-01 9.752463e-01 9.772466e-01 9.697309e-01 9.597468e-01 9.595271e-01 9.633179e-01 9.657718e-01 9.687767e-01 9.684365e-01 9.649169e-01 9.630052e-01 9.613871e-01 9.575036e-01 9.641387e-01 9.602995e-01 9.496117e-01 9.468674e-01 9.457283e-01 9.421498e-01 9.389386e-01 9.357119e-01 9.360261e-01 9.358173e-01 9.350176e-01 9.372274e-01 9.335553e-01 9.302097e-01 9.372880e-01 9.447842e-01 9.429162e-01 9.400206e-01 9.419561e-01 9.446199e-01 9.457252e-01 9.451066e-01 9.486798e-01 9.555762e-01 9.615090e-01 9.660216e-01 9.706922e-01 9.758352e-01 9.908132e-01 1.006114e+00 1.007886e+00 1.007585e+00 1.010544e+00 1.018816e+00 1.033819e+00 1.045244e+00 1.045619e+00 1.042016e+00 1.044633e+00 1.049370e+00 1.056231e+00 1.054929e+00 1.053627e+00 1.055069e+00 1.057148e+00 1.055757e+00 1.052356e+00 1.053560e+00 1.054991e+00 1.054947e+00 1.053547e+00 1.046558e+00 1.042176e+00 1.043515e+00 1.040491e+00 1.035843e+00 1.033377e+00 1.028870e+00 1.028766e+00 1.022605e+00 1.015887e+00 1.018292e+00 1.019798e+00 1.017386e+00 1.019672e+00 1.015031e+00 1.000729e+00 9.922284e-01 9.980044e-01 9.994226e-01 1.000237e+00 1.002866e+00 1.006287e+00 1.009074e+00 1.015652e+00 1.017256e+00 1.008447e+00 9.936346e-01 9.894221e-01 9.878123e-01 9.894674e-01 9.865390e-01 9.700810e-01 9.725996e-01 9.866554e-01 1.004216e+00 9.962160e-01 1.000922e+00 1.011707e+00 1.033548e+00 1.010473e+00 1.039097e+00
9.616826e-01 9.635858e-01 9.656014e-01 9.613033e-01 9.532466e-01 9.498346e-01 9.469438e-01 9.390966e-01 9.301457e-01 9.279144e-01 9.262297e-01 9.301275e-01 9.282777e-01 9.213707e-01 9.167363e-01 9.188644e-01 9.261880e-01 9.253656e-01 9.245788e-01 9.239070e-01 9.310546e-01 9.392576e-01 9.452752e-01 9.478795e-01 9.500557e-01 9.446188e-01 9.440123e-01 9.558116e-01 9.636950e-01 9.628131e-01 9.597020e-01 9.581015e-01 9.528628e-01 9.478103e-01 9.520581e-01 9.481117e-01 9.450722e-01 9.468740e-01 9.458314e-01 9.413226e-01 9.378089e-01 9.416488e-01 9.510407e-01 9.572495e-01 9.609601e-01 9.705387e-01 9.756543e-01 9.754948e-01 9.718636e-01 9.759974e-01 9.740447e-01 9.674814e-01 9.689274e-01 9.780679e-01 9.808605e-01 9.861923e-01 9.901553e-01 9.912425e-01 9.876845e-01 9.855010e-01 9.867252e-01 9.880322e-01 9.874766e-01 9.843919e-01 9.842799e-01 9.811285e-01 9.853825e-01 9.955768e-01 9.954111e-01 9.960893e-01 9.978563e-01 9.945815e-01 9.898366e-01 9.853385e-01 9.876024e-01 9.951733e-01 9.958947e-01 9.943415e-01 9.901292e-01 9.889867e-01 9.873912e-01 9.800798e-01 9.751724e-01 9.812279e-01 9.820320e-01 9.825143e-01 9.754077e-01 9.728770e-01 9.809940e-01 9.789246e-01 9.771245e-01 9.765998e-01 9.725305e-01 9.594459e-01 9.496806e-01 9.447851e-01 9.465657e-01 9.498938e-01 9.448733e-01 9.446416e-01 9.382071e-01 9.323876e-01 9.272905e-01 9.182032e-01 9.099398e-01 9.046944e-01 8.989797e-01 8.932562e-01 8.909110e-01 8.838637e-01 8.925762e-01 8.906976e-01 8.878763e-01 8.884507e-01 8.978510e-01 9.126455e-01 9.206686e-01 9.186902e-01 9.166973e-01 9.264125e-01 9.261808e-01 9.241369e-01 9.288688e-01 9.341987e-01 9.309270e-01 9.301546e-01 9.302764e-01 9.267657e-01 9.258122e-01 9.262694e-01 9.369839e-01 9.422279e-01 9.396033e-01 9.414192e-01 9.443437e-01 9.420765e-01 9.376203e-01 9.384634e-01 9.395213e-01 9.460350e-01 9.425322e-01 9.463638e-01 9.469312e-01 9.561737e-01 9.615108e-01 9.535984e-01 9.581206e-01 9.702607e-01 9.725578e-01 9.691937e-01 9.662214e-01 9.648661e-01 9.642153e-01 9.637702e-01 9.589019e-01 9.584894e-01 9.642225e-01 9.664400e-01 9.666387e-01 9.660615e-01 9.634647e-01 9.686213e-01 9.680122e-01 9.629725e-01 9.603012e-01 9.516054e-01 9.469640e-01 9.477030e-01 9.431437e-01 9.381009e-01 9.366126e-01 9.337675e-01 9.361475e-01 9.345529e-01 9.328731e-01 9.350886e-01 9.294262e-01 9.265409e-01 9.346991e-01 9.389983e-01 9.339170e-01 9.365129e-01 9.401058e-01 9.439604e-01 9.402449e-01 9.378951e-01 9.467053e-01 9.575462e-01 9.624259e-01 9.610368e-01 9.623718e-01 9.706225e-01 9.854957e-01 9.981837e-01 9.990117e-01 9.976348e-01 1.005564e+00 1.013893e+00 1.026056e+00 1.039360e+00 1.043468e+00 1.041675e+00 1.042908e+00 1.045576e+00 1.053737e+00 1.055555e+00 1.052978e+00 1.051085e+00 1.053205e+00 1.053043e+00 1.052247e+00 1.053890e+00 1.054891e+00 1.053225e+00 1.050322e+00 1.044696e+00 1.042293e+00 1.040496e+00 1.037342e+00 1.032460e+00 1.031934e+00 1.030425e+00 1.032196e+00 1.026985e+00 1.023278e+00 1.022332e+00 1.020614e+00 1.016987e+00 1.015745e+00 1.012268e+00 1.003115e+00 9.942648e-01 9.991086e-01 1.001784e+00 1.002721e+00 1.001970e+00 1.003591e+00 1.007513e+00 1.011375e+00 1.009987e+00 9.981614e-01 9.909552e-01 9.829901e-01 9.813434e-01 9.822453e-01 9.883422e-01 9.694041e-01 9.755049e-01 9.891422e-01 1.006245e+00 9.929826e-01 9.959616e-01 1.008294e+00 1.025475e+00 1.005122e+00 1.035798e+00
9.614377e-01 9.542816e-01 9.616752e-01 9.592531e-01 9.591381e-01 9.461115e-01 9.402256e-01 9.293264e-01 9.211066e-01 9.317066e-01 9.400311e-01 9.387282e-01 9.376786e-01 9.274154e-01 9.274236e-01 9.232368e-01 9.212426e-01 9.198718e-01 9.225662e-01 9.259713e-01 9.350659e-01 9.432670e-01 9.457065e-01 9.491030e-01 9.536268e-01 9.458044e-01 9.489700e-01 9.558491e-01 9.597985e-01 9.573598e-01 9.536729e-01 9.493711e-01 9.463508e-01 9.467966e-01 9.468440e-01 9.466554e-01 9.433345e-01 9.450294e-01 9.451945e-01 9.426705e-01 9.404631e-01 9.464114e-01 9.607483e-01 9.684766e-01 9.709643e-01 9.764043e-01 9.740630e-01 9.710170e-01 9.723096e-01 9.750006e-01 9.729715e-01 9.726107e-01 9.758589e-01 9.828377e-01 9.837865e-01 9.875590e-01 9.895730e-01 9.901395e-01 9.906996e-01 9.912441e-01 9.903571e-01 9.918920e-01 9.894686e-01 9.811321e-01 9.796875e-01 9.792556e-01 9.834984e-01 9.998176e-01 1.000220e+00 1.000330e+00 9.980972e-01 9.954715e-01 9.910526e-01 9.857756e-01 9.819738e-01 9.833394e-01 9.942892e-01 1.002187e+00 9.939143e-01 9.914836e-01 9.905346e-01 9.881142e-01 9.902617e-01 9.902199e-01 9.835569e-01 9.797066e-01 9.766788e-01 9.734346e-01 9.789459e-01 9.763443e-01 9.767327e-01 9.711479e-01 9.690785e-01 9.593445e-01 9.508539e-01 9.496715e-01 9.522277e-01 9.539056e-01 9.470870e-01 9.401548e-01 9.342223e-01 9.267272e-01 9.149919e-01 9.036254e-01 8.982595e-01 8.948238e-01 8.906260e-01 8.909810e-01 8.915800e-01 8.896581e-01 8.939087e-01 8.924335e-01 8.939805e-01 8.988379e-01 9.073825e-01 9.179476e-01 9.177582e-01 9.161480e-01 9.147577e-01 9.213285e-01 9.260583e-01 9.307952e-01 9.326621e-01 9.293880e-01 9.255326e-01 9.228600e-01 9.213641e-01 9.239973e-01 9.270815e-01 9.346489e-01 9.401029e-01 9.392456e-01 9.351126e-01 9.316009e-01 9.349481e-01 9.368952e-01 9.401308e-01 9.392500e-01 9.378781e-01 9.421120e-01 9.423851e-01 9.444335e-01 9.453726e-01 9.597562e-01 9.726572e-01 9.725478e-01 9.769866e-01 9.755296e-01 9.730484e-01 9.700295e-01 9.563869e-01 9.567797e-01 9.619099e-01 9.592480e-01 9.603848e-01 9.637107e-01 9.624745e-01 9.645748e-01 9.656726e-01 9.645126e-01 9.622945e-01 9.662727e-01 9.634774e-01 9.572000e-01 9.517204e-01 9.476036e-01 9.466712e-01 9.451548e-01 9.375841e-01 9.368656e-01 9.371547e-01 9.355531e-01 9.354756e-01 9.328718e-01 9.321935e-01 9.346042e-01 9.289482e-01 9.240190e-01 9.320465e-01 9.355198e-01 9.272397e-01 9.330099e-01 9.395263e-01 9.396247e-01 9.364854e-01 9.382938e-01 9.480006e-01 9.635369e-01 9.673423e-01 9.575058e-01 9.547611e-01 9.635479e-01 9.713133e-01 9.840173e-01 9.882711e-01 9.898621e-01 1.000021e+00 1.008596e+00 1.016400e+00 1.026036e+00 1.034605e+00 1.037645e+00 1.042460e+00 1.046942e+00 1.052675e+00 1.055100e+00 1.053821e+00 1.051164e+00 1.051049e+00 1.050747e+00 1.051027e+00 1.053830e+00 1.053530e+00 1.050540e+00 1.047036e+00 1.041070e+00 1.038977e+00 1.039202e+00 1.039406e+00 1.035892e+00 1.034323e+00 1.034817e+00 1.033908e+00 1.027855e+00 1.027089e+00 1.020990e+00 1.020626e+00 1.020167e+00 1.016249e+00 1.012701e+00 1.006982e+00 9.968846e-01 9.973497e-01 9.991722e-01 9.961560e-01 9.937207e-01 9.945636e-01 9.986521e-01 1.005440e+00 1.008960e+00 1.001203e+00 9.952397e-01 9.832481e-01 9.743840e-01 9.797914e-01 9.882303e-01 9.637343e-01 9.805228e-01 9.991429e-01 1.011331e+00 9.973012e-01 9.951628e-01 1.005620e+00 1.019066e+00 1.004283e+00 1.032901e+00
9.613701e-01 9.519516e-01 9.580395e-01 9.603412e-01 9.588003e-01 9.438965e-01 9.318712e-01 9.235199e-01 9.245167e-01 9.357492e-01 9.422820e-01 9.410934e-01 9.396189e-01 9.319925e-01 9.344057e-01 9.336314e-01 9.279229e-01 9.208540e-01 9.220390e-01 9.246130e-01 9.314325e-01 9.335488e-01 9.448873e-01 9.531996e-01 9.552875e-01 9.520521e-01 9.559977e-01 9.594267e-01 9.564137e-01 9.589798e-01 9.599930e-01 9.544957e-01 9.503694e-01 9.484971e-01 9.458199e-01 9.434853e-01 9.401535e-01 9.369497e-01 9.375358e-01 9.414671e-01 9.439335e-01 9.529290e-01 9.589727e-01 9.648784e-01 9.701130e-01 9.705194e-01 9.638929e-01 9.607099e-01 9.661992e-01 9.660474e-01 9.675046e-01 9.699869e-01 9.790597e-01 9.868298e-01 9.890062e-01 9.903431e-01 9.866325e-01 9.838686e-01 9.901739e-01 9.961576e-01 9.913310e-01 9.881098e-01 9.898943e-01 9.860796e-01 9.816412e-01 9.801647e-01 9.902371e-01 1.004135e+00 1.006048e+00 1.006422e+00 1.002722e+00 1.001294e+00 1.000300e+00 9.916735e-01 9.853096e-01 9.869204e-01 9.945344e-01 9.991381e-01 1.002048e+00 1.002556e+00 9.971985e-01 9.935774e-01 9.901057e-01 9.897686e-01 9.810606e-01 9.793094e-01 9.757438e-01 9.710122e-01 9.755630e-01 9.769720e-01 9.680880e-01 9.593371e-01 9.588009e-01 9.568723e-01 9.517890e-01 9.483986e-01 9.493768e-01 9.474384e-01 9.383892e-01 9.306068e-01 9.250993e-01 9.155427e-01 9.085599e-01 9.000909e-01 8.950032e-01 8.914070e-01 8.897697e-01 8.933967e-01 8.985305e-01 9.047865e-01 9.036717e-01 8.999435e-01 8.993827e-01 9.087899e-01 9.160626e-01 9.205801e-01 9.209276e-01 9.204999e-01 9.160616e-01 9.165962e-01 9.213194e-01 9.291133e-01 9.269747e-01 9.257095e-01 9.238155e-01 9.210644e-01 9.204258e-01 9.234781e-01 9.287090e-01 9.320150e-01 9.342301e-01 9.329716e-01 9.319428e-01 9.266498e-01 9.319949e-01 9.398232e-01 9.397402e-01 9.356302e-01 9.333107e-01 9.362437e-01 9.383829e-01 9.420519e-01 9.509876e-01 9.657695e-01 9.823875e-01 9.872475e-01 9.859042e-01 9.766077e-01 9.738915e-01 9.700132e-01 9.591367e-01 9.624084e-01 9.657460e-01 9.623428e-01 9.663025e-01 9.731712e-01 9.709830e-01 9.687615e-01 9.658820e-01 9.643167e-01 9.623599e-01 9.597127e-01 9.555070e-01 9.475806e-01 9.481311e-01 9.466313e-01 9.463413e-01 9.446838e-01 9.379427e-01 9.364306e-01 9.379140e-01 9.347187e-01 9.310660e-01 9.296033e-01 9.338204e-01 9.354728e-01 9.297490e-01 9.248058e-01 9.305885e-01 9.349050e-01 9.364958e-01 9.392536e-01 9.424793e-01 9.433973e-01 9.418241e-01 9.391515e-01 9.470916e-01 9.569942e-01 9.615438e-01 9.543428e-01 9.508339e-01 9.540657e-01 9.649292e-01 9.776986e-01 9.849089e-01 9.961147e-01 1.006260e+00 1.011425e+00 1.013851e+00 1.018444e+00 1.026587e+00 1.030665e+00 1.041080e+00 1.048080e+00 1.052411e+00 1.052896e+00 1.054134e+00 1.055187e+00 1.052847e+00 1.053147e+00 1.053466e+00 1.052583e+00 1.053602e+00 1.052745e+00 1.048330e+00 1.040479e+00 1.035322e+00 1.039322e+00 1.040030e+00 1.035472e+00 1.033359e+00 1.036849e+00 1.035597e+00 1.027673e+00 1.021527e+00 1.016654e+00 1.016791e+00 1.015178e+00 1.010053e+00 1.004063e+00 1.001745e+00 9.995487e-01 9.996448e-01 9.936569e-01 9.879715e-01 9.885018e-01 9.984630e-01 1.004459e+00 1.011248e+00 1.016646e+00 1.012311e+00 9.992665e-01 9.857358e-01 9.820747e-01 9.865858e-01 9.841580e-01 9.620456e-01 9.812403e-01 1.005932e+00 1.015096e+00 1.003855e+00 9.997170e-01 1.009968e+00 1.019749e+00 1.005896e+00 1.031317e+00
9.620044e-01 9.511960e-01 9.558827e-01 9.578565e-01 9.524773e-01 9.424744e-01 9.334944e-01 9.318067e-01 9.378984e-01 9.383352e-01 9.409367e-01 9.439402e-01 9.394148e-01 9.332285e-01 9.304153e-01 9.360299e-01 9.353952e-01 9.226389e-01 9.221085e-01 9.255218e-01 9.283145e-01 9.303010e-01 9.409778e-01 9.524669e-01 9.542127e-01 9.525704e-01 9.592834e-01 9.637547e-01 9.652314e-01 9.654757e-01 9.652303e-01 9.566141e-01 9.507496e-01 9.497904e-01 9.475138e-01 9.449679e-01 9.357834e-01 9.312370e-01 9.359189e-01 9.450302e-01 9.498785e-01 9.515787e-01 9.510197e-01 9.533322e-01 9.550961e-01 9.548393e-01 9.611227e-01 9.606940e-01 9.606911e-01 9.581695e-01 9.609436e-01 9.692848e-01 9.794284e-01 9.888597e-01 9.969863e-01 9.966739e-01 9.898778e-01 9.866763e-01 9.924743e-01 9.967406e-01 9.877291e-01 9.826551e-01 9.910032e-01 9.968815e-01 9.891880e-01 9.882641e-01 9.952586e-01 9.994269e-01 1.002423e+00 1.001359e+00 1.002395e+00 1.007070e+00 1.011420e+00 1.002111e+00 9.921238e-01 9.907287e-01 9.920825e-01 9.967221e-01 1.006699e+00 1.006255e+00 9.992249e-01 9.878041e-01 9.826897e-01 9.819196e-01 9.748746e-01 9.797211e-01 9.800952e-01 9.685289e-01 9.686348e-01 9.692966e-01 9.619067e-01 9.531364e-01 9.580010e-01 9.585552e-01 9.514796e-01 9.502052e-01 9.506655e-01 9.425963e-01 9.341871e-01 9.244273e-01 9.154897e-01 9.059469e-01 9.037027e-01 9.007541e-01 8.951437e-01 8.920380e-01 8.882818e-01 8.873997e-01 8.979344e-01 9.060378e-01 9.043587e-01 9.043669e-01 9.066407e-01 9.143110e-01 9.174347e-01 9.183062e-01 9.226480e-01 9.216786e-01 9.169469e-01 9.144687e-01 9.162825e-01 9.196370e-01 9.200611e-01 9.234790e-01 9.231398e-01 9.205565e-01 9.217426e-01 9.294370e-01 9.333845e-01 9.351401e-01 9.319489e-01 9.257857e-01 9.224284e-01 9.197945e-01 9.280272e-01 9.395934e-01 9.387153e-01 9.306467e-01 9.318537e-01 9.397927e-01 9.442690e-01 9.502940e-01 9.564681e-01 9.695408e-01 9.867839e-01 9.906950e-01 9.909688e-01 9.819705e-01 9.742941e-01 9.670295e-01 9.649086e-01 9.641090e-01 9.655030e-01 9.687307e-01 9.675121e-01 9.711834e-01 9.759029e-01 9.712023e-01 9.633069e-01 9.658783e-01 9.627816e-01 9.601271e-01 9.604588e-01 9.534454e-01 9.473495e-01 9.457080e-01 9.445076e-01 9.427950e-01 9.374576e-01 9.337544e-01 9.325795e-01 9.295001e-01 9.253086e-01 9.272707e-01 9.324898e-01 9.320651e-01 9.292224e-01 9.268333e-01 9.301813e-01 9.382322e-01 9.418691e-01 9.410452e-01 9.429854e-01 9.478683e-01 9.484800e-01 9.392308e-01 9.387858e-01 9.449615e-01 9.536632e-01 9.498444e-01 9.521948e-01 9.592161e-01 9.660728e-01 9.751248e-01 9.882905e-01 1.001486e+00 1.010814e+00 1.011044e+00 1.013858e+00 1.017287e+00 1.021065e+00 1.026484e+00 1.040282e+00 1.050254e+00 1.051924e+00 1.050286e+00 1.053185e+00 1.054191e+00 1.051395e+00 1.054089e+00 1.055351e+00 1.053295e+00 1.051550e+00 1.052587e+00 1.049439e+00 1.043980e+00 1.035869e+00 1.038025e+00 1.039533e+00 1.035722e+00 1.032153e+00 1.031712e+00 1.031560e+00 1.024332e+00 1.019096e+00 1.020402e+00 1.014437e+00 1.008845e+00 1.003963e+00 9.975144e-01 9.934312e-01 9.927105e-01 9.930254e-01 9.898609e-01 9.868307e-01 9.910824e-01 9.997146e-01 1.006504e+00 1.015020e+00 1.018518e+00 1.008119e+00 9.944243e-01 9.892005e-01 9.824395e-01 9.845627e-01 9.890687e-01 9.769763e-01 9.903275e-01 1.007686e+00 1.017841e+00 1.004332e+00 9.991229e-01 1.011518e+00 1.020852e+00 1.004542e+00 1.025669e+00
9.589226e-01 9.512353e-01 9.533408e-01 9.544657e-01 9.443125e-01 9.385970e-01 9.333673e-01 9.396657e-01 9.483098e-01 9.437950e-01 9.439355e-01 9.427568e-01 9.403854e-01 9.394887e-01 9.386833e-01 9.407304e-01 9.385270e-01 9.218059e-01 9.231063e-01 9.285768e-01 9.337214e-01 9.378297e-01 9.432032e-01 9.464892e-01 9.453968e-01 9.491759e-01 9.567821e-01 9.622360e-01 9.642788e-01 9.667731e-01 9.662381e-01 9.547876e-01 9.462579e-01 9.496976e-01 9.500996e-01 9.418157e-01 9.319278e-01 9.320303e-01 9.380332e-01 9.466494e-01 9.463106e-01 9.497267e-01 9.453769e-01 9.440120e-01 9.464072e-01 9.577947e-01 9.691713e-01 9.668482e-01 9.625692e-01 9.648006e-01 9.698687e-01 9.742112e-01 9.834303e-01 9.941386e-01 1.001356e+00 1.005826e+00 9.998935e-01 9.932438e-01 9.948345e-01 9.961271e-01 9.904792e-01 9.863786e-01 9.936343e-01 9.996424e-01 9.913208e-01 9.912094e-01 9.934770e-01 9.947625e-01 9.899256e-01 9.878496e-01 9.928204e-01 1.003989e+00 1.006457e+00 9.999005e-01 9.959924e-01 9.956382e-01 9.941358e-01 9.872766e-01 9.918451e-01 9.916255e-01 9.887426e-01 9.785779e-01 9.728549e-01 9.738443e-01 9.768553e-01 9.856168e-01 9.840991e-01 9.730639e-01 9.695936e-01 9.662452e-01 9.615473e-01 9.584119e-01 9.598410e-01 9.626898e-01 9.551436e-01 9.511028e-01 9.492923e-01 9.365561e-01 9.265196e-01 9.151250e-01 9.059657e-01 9.015048e-01 9.043320e-01 9.001559e-01 8.926003e-01 8.903494e-01 8.861856e-01 8.855644e-01 8.961394e-01 9.013641e-01 9.045603e-01 9.034809e-01 9.095264e-01 9.105139e-01 9.084930e-01 9.088942e-01 9.148572e-01 9.171856e-01 9.170063e-01 9.203610e-01 9.192021e-01 9.154549e-01 9.144873e-01 9.152486e-01 9.181796e-01 9.189802e-01 9.259828e-01 9.372677e-01 9.419222e-01 9.449138e-01 9.382433e-01 9.281574e-01 9.231478e-01 9.226820e-01 9.319732e-01 9.377247e-01 9.346344e-01 9.289044e-01 9.370867e-01 9.449248e-01 9.554822e-01 9.629692e-01 9.660308e-01 9.783151e-01 9.859937e-01 9.845827e-01 9.862899e-01 9.829659e-01 9.718852e-01 9.721957e-01 9.708293e-01 9.650920e-01 9.679275e-01 9.715444e-01 9.709298e-01 9.746525e-01 9.833264e-01 9.747258e-01 9.698307e-01 9.726126e-01 9.677662e-01 9.650958e-01 9.625112e-01 9.527750e-01 9.447533e-01 9.440899e-01 9.434002e-01 9.405158e-01 9.363256e-01 9.280639e-01 9.254769e-01 9.261436e-01 9.251648e-01 9.272097e-01 9.290565e-01 9.303212e-01 9.277460e-01 9.262826e-01 9.336587e-01 9.379996e-01 9.362910e-01 9.348936e-01 9.347413e-01 9.428055e-01 9.436503e-01 9.353512e-01 9.356164e-01 9.484686e-01 9.530908e-01 9.521732e-01 9.585311e-01 9.639967e-01 9.710757e-01 9.773538e-01 9.878225e-01 9.981450e-01 1.006993e+00 1.012245e+00 1.015729e+00 1.016158e+00 1.020511e+00 1.024720e+00 1.039628e+00 1.048512e+00 1.050617e+00 1.049631e+00 1.051217e+00 1.053004e+00 1.051172e+00 1.052167e+00 1.052699e+00 1.050988e+00 1.049401e+00 1.050400e+00 1.048063e+00 1.042264e+00 1.036188e+00 1.034342e+00 1.038371e+00 1.036727e+00 1.033901e+00 1.030809e+00 1.026548e+00 1.020420e+00 1.024104e+00 1.028218e+00 1.020766e+00 1.013691e+00 1.003052e+00 9.938447e-01 9.911993e-01 9.901284e-01 9.970648e-01 1.001371e+00 9.972064e-01 9.954339e-01 1.001653e+00 1.007060e+00 1.014503e+00 1.016106e+00 1.000337e+00 9.834484e-01 9.862087e-01 9.803914e-01 9.803683e-01 9.917291e-01 9.885767e-01 9.985003e-01 1.006912e+00 1.016875e+00 1.004127e+00 1.000146e+00 1.009091e+00 1.021803e+00 1.003057e+00 1.020517e+00
9.607271e-01 9.572296e-01 9.596409e-01 9.547496e-01 9.493884e-01 9.410826e-01 9.369733e-01 9.468729e-01 9.585490e-01 9.576672e-01 9.512360e-01 9.496266e-01 9.489487e-01 9.567168e-01 9.520340e-01 9.439181e-01 9.358355e-01 9.261335e-01 9.271535e-01 9.307189e-01 9.352065e-01 9.460776e-01 9.504123e-01 9.455078e-01 9.411528e-01 9.509429e-01 9.616005e-01 9.639874e-01 9.691029e-01 9.702694e-01 9.661452e-01 9.563422e-01 9.468883e-01 9.392482e-01 9.428518e-01 9.473027e-01 9.407884e-01 9.412267e-01 9.410473e-01 9.425038e-01 9.401914e-01 9.417547e-01 9.439804e-01 9.488763e-01 9.623058e-01 9.739041e-01 9.759859e-01 9.705784e-01 9.692787e-01 9.784567e-01 9.803374e-01 9.820884e-01 9.911011e-01 9.993971e-01 1.005831e+00 1.009923e+00 1.001644e+00 9.955719e-01 9.967506e-01 1.000345e+00 9.940808e-01 9.900318e-01 9.909236e-01 9.965507e-01 9.926939e-01 9.933336e-01 9.956937e-01 9.980742e-01 9.959834e-01 9.913170e-01 9.925267e-01 9.998829e-01 9.995944e-01 9.955657e-01 9.946969e-01 1.002199e+00 9.990951e-01 9.842077e-01 9.801001e-01 9.784587e-01 9.761629e-01 9.695538e-01 9.639434e-01 9.676265e-01 9.777796e-01 9.799954e-01 9.797728e-01 9.757549e-01 9.732852e-01 9.669267e-01 9.659391e-01 9.655092e-01 9.653477e-01 9.602968e-01 9.515529e-01 9.507693e-01 9.438556e-01 9.262636e-01 9.146442e-01 9.067680e-01 9.014561e-01 8.973854e-01 9.004191e-01 8.980553e-01 8.917558e-01 8.884006e-01 8.882166e-01 8.920959e-01 9.013621e-01 9.055989e-01 9.093322e-01 9.093271e-01 9.095669e-01 9.053453e-01 9.040421e-01 9.063564e-01 9.128233e-01 9.156863e-01 9.196436e-01 9.215253e-01 9.209709e-01 9.186107e-01 9.138235e-01 9.123917e-01 9.167956e-01 9.214149e-01 9.350362e-01 9.424716e-01 9.500120e-01 9.498057e-01 9.417727e-01 9.332071e-01 9.284238e-01 9.300690e-01 9.349896e-01 9.366974e-01 9.300987e-01 9.262246e-01 9.348649e-01 9.494298e-01 9.610469e-01 9.664383e-01 9.765071e-01 9.871148e-01 9.884410e-01 9.793116e-01 9.754602e-01 9.785451e-01 9.757962e-01 9.777103e-01 9.692996e-01 9.680474e-01 9.746469e-01 9.785404e-01 9.738249e-01 9.791315e-01 9.812847e-01 9.799332e-01 9.827285e-01 9.772471e-01 9.717398e-01 9.709004e-01 9.646263e-01 9.503121e-01 9.386542e-01 9.384725e-01 9.436377e-01 9.398749e-01 9.395725e-01 9.342409e-01 9.307330e-01 9.281387e-01 9.288507e-01 9.333845e-01 9.361966e-01 9.307212e-01 9.276931e-01 9.279431e-01 9.325228e-01 9.346753e-01 9.326759e-01 9.285465e-01 9.246597e-01 9.313647e-01 9.390515e-01 9.338064e-01 9.382827e-01 9.570752e-01 9.536081e-01 9.478377e-01 9.528501e-01 9.586104e-01 9.728051e-01 9.818963e-01 9.861302e-01 9.907711e-01 1.001623e+00 1.007763e+00 1.010512e+00 1.018505e+00 1.025927e+00 1.030018e+00 1.039903e+00 1.048016e+00 1.051471e+00 1.050341e+00 1.052542e+00 1.053936e+00 1.053176e+00 1.052826e+00 1.050075e+00 1.045667e+00 1.046955e+00 1.046611e+00 1.040645e+00 1.033727e+00 1.031241e+00 1.031632e+00 1.035005e+00 1.035037e+00 1.032326e+00 1.031237e+00 1.026200e+00 1.022588e+00 1.026537e+00 1.027619e+00 1.024163e+00 1.019552e+00 1.011084e+00 1.004469e+00 9.991059e-01 1.001046e+00 1.003660e+00 1.005670e+00 1.002030e+00 1.004532e+00 1.007077e+00 1.011125e+00 1.014144e+00 1.018446e+00 1.009636e+00 9.968779e-01 9.881102e-01 9.813487e-01 9.805394e-01 9.925009e-01 9.961400e-01 1.006745e+00 1.009512e+00 1.019621e+00 1.005415e+00 1.001489e+00 1.012084e+00 1.022995e+00 1.005085e+00 1.021770e+00
9.670561e-01 9.644004e-01 9.680968e-01 9.612338e-01 9.590278e-01 9.439279e-01 9.383799e-01 9.416525e-01 9.577845e-01 9.669691e-01 9.592835e-01 9.475275e-01 9.528937e-01 9.659262e-01 9.575902e-01 9.438808e-01 9.356044e-01 9.345802e-01 9.308404e-01 9.281080e-01 9.336832e-01 9.482218e-01 9.574574e-01 9.551213e-01 9.486928e-01 9.519847e-01 9.636120e-01 9.690735e-01 9.700043e-01 9.647226e-01 9.624509e-01 9.560447e-01 9.517071e-01 9.425900e-01 9.483609e-01 9.567291e-01 9.491917e-01 9.472138e-01 9.491318e-01 9.481431e-01 9.475152e-01 9.446122e-01 9.477496e-01 9.583248e-01 9.703284e-01 9.738308e-01 9.685898e-01 9.723507e-01 9.745715e-01 9.787022e-01 9.873616e-01 9.963202e-01 1.000447e+00 1.003707e+00 1.006343e+00 1.008993e+00 1.004164e+00 9.990075e-01 9.991583e-01 9.998296e-01 9.954604e-01 9.916916e-01 9.926604e-01 9.987744e-01 9.973213e-01 9.945294e-01 9.958014e-01 9.949638e-01 9.978964e-01 1.002829e+00 9.980702e-01 1.003169e+00 1.004817e+00 9.975260e-01 9.949812e-01 1.000756e+00 9.990780e-01 9.884548e-01 9.828573e-01 9.783177e-01 9.797601e-01 9.732249e-01 9.590096e-01 9.596308e-01 9.619095e-01 9.618217e-01 9.643731e-01 9.666317e-01 9.686040e-01 9.630684e-01 9.595198e-01 9.636922e-01 9.653485e-01 9.577505e-01 9.480551e-01 9.432184e-01 9.340473e-01 9.134333e-01 9.072534e-01 9.049963e-01 8.945405e-01 8.919514e-01 8.908792e-01 8.901291e-01 8.871553e-01 8.883135e-01 8.920299e-01 9.005931e-01 9.106240e-01 9.133129e-01 9.123942e-01 9.093321e-01 9.079275e-01 9.066047e-01 9.060895e-01 9.100739e-01 9.138425e-01 9.127111e-01 9.137067e-01 9.133734e-01 9.159573e-01 9.167658e-01 9.182339e-01 9.165611e-01 9.189500e-01 9.226088e-01 9.314618e-01 9.423435e-01 9.493786e-01 9.505024e-01 9.470429e-01 9.366887e-01 9.280458e-01 9.236505e-01 9.248357e-01 9.249251e-01 9.212273e-01 9.210851e-01 9.379345e-01 9.565909e-01 9.640977e-01 9.724582e-01 9.792754e-01 9.829713e-01 9.849983e-01 9.782141e-01 9.737629e-01 9.775931e-01 9.824939e-01 9.781384e-01 9.730052e-01 9.756092e-01 9.808652e-01 9.812348e-01 9.804873e-01 9.816484e-01 9.819568e-01 9.879655e-01 9.862635e-01 9.801853e-01 9.750429e-01 9.729949e-01 9.665427e-01 9.541994e-01 9.431059e-01 9.440314e-01 9.454031e-01 9.398127e-01 9.439684e-01 9.408076e-01 9.296710e-01 9.253361e-01 9.304937e-01 9.369627e-01 9.387439e-01 9.320609e-01 9.250311e-01 9.249100e-01 9.274596e-01 9.298074e-01 9.258099e-01 9.184738e-01 9.187288e-01 9.266390e-01 9.317281e-01 9.345594e-01 9.351176e-01 9.477631e-01 9.489258e-01 9.466249e-01 9.503120e-01 9.584821e-01 9.736190e-01 9.812902e-01 9.863712e-01 9.922912e-01 1.000910e+00 1.004758e+00 1.007037e+00 1.020309e+00 1.031564e+00 1.034430e+00 1.040352e+00 1.048505e+00 1.052204e+00 1.053149e+00 1.053893e+00 1.053202e+00 1.053012e+00 1.054565e+00 1.049438e+00 1.044330e+00 1.047157e+00 1.046229e+00 1.042009e+00 1.033525e+00 1.027665e+00 1.026844e+00 1.029271e+00 1.030155e+00 1.029886e+00 1.028567e+00 1.026189e+00 1.025264e+00 1.025882e+00 1.018264e+00 1.016477e+00 1.017563e+00 1.015237e+00 1.010703e+00 1.004845e+00 1.005327e+00 1.003053e+00 1.003238e+00 1.004815e+00 1.011670e+00 1.013995e+00 1.019456e+00 1.021157e+00 1.025436e+00 1.019658e+00 1.001703e+00 9.881058e-01 9.912220e-01 9.887900e-01 9.903672e-01 9.923285e-01 1.003308e+00 1.013891e+00 1.020097e+00 1.008430e+00 1.001736e+00 1.014121e+00 1.020166e+00 1.003201e+00 1.019431e+00
9.682832e-01 9.660887e-01 9.706687e-01 9.665760e-01 9.595323e-01 9.466249e-01 9.475363e-01 9.527608e-01 9.669045e-01 9.688994e-01 9.545790e-01 9.481097e-01 9.548066e-01 9.599793e-01 9.502375e-01 9.355941e-01 9.384009e-01 9.398446e-01 9.345239e-01 9.290587e-01 9.385096e-01 9.505717e-01 9.585245e-01 9.582343e-01 9.590824e-01 9.631168e-01 9.685564e-01 9.677926e-01 9.672590e-01 9.645677e-01 9.572477e-01 9.584057e-01 9.562410e-01 9.505160e-01 9.485621e-01 9.523242e-01 9.466237e-01 9.472110e-01 9.547315e-01 9.524043e-01 9.500778e-01 9.541453e-01 9.606254e-01 9.701234e-01 9.708797e-01 9.655653e-01 9.623014e-01 9.695768e-01 9.785199e-01 9.841171e-01 9.977458e-01 1.008356e+00 1.008614e+00 1.002118e+00 1.002364e+00 1.004944e+00 1.007259e+00 1.006784e+00 1.008404e+00 1.005004e+00 1.002028e+00 1.000574e+00 9.994628e-01 1.000610e+00 9.968225e-01 9.960269e-01 9.972740e-01 9.970698e-01 1.002829e+00 1.011565e+00 1.005798e+00 1.003904e+00 1.003947e+00 1.003291e+00 9.965898e-01 9.901980e-01 9.878572e-01 9.785516e-01 9.750066e-01 9.792209e-01 9.821804e-01 9.770153e-01 9.622040e-01 9.554290e-01 9.502268e-01 9.535806e-01 9.581403e-01 9.632531e-01 9.651295e-01 9.594354e-01 9.554098e-01 9.587388e-01 9.568204e-01 9.513887e-01 9.422116e-01 9.363112e-01 9.304474e-01 9.157900e-01 9.121214e-01 9.100977e-01 8.990145e-01 8.929765e-01 8.898710e-01 8.909050e-01 8.929852e-01 8.934458e-01 8.965615e-01 9.049785e-01 9.135887e-01 9.189344e-01 9.142910e-01 9.049596e-01 9.020604e-01 9.023222e-01 9.032470e-01 9.097654e-01 9.168950e-01 9.198741e-01 9.106905e-01 9.104146e-01 9.205766e-01 9.202492e-01 9.181795e-01 9.185861e-01 9.215508e-01 9.228386e-01 9.329609e-01 9.427615e-01 9.475316e-01 9.515299e-01 9.476601e-01 9.368153e-01 9.260650e-01 9.195430e-01 9.152469e-01 9.145709e-01 9.163283e-01 9.252214e-01 9.445634e-01 9.574545e-01 9.629533e-01 9.759489e-01 9.775062e-01 9.792825e-01 9.760630e-01 9.794556e-01 9.867276e-01 9.904255e-01 9.876142e-01 9.814140e-01 9.801250e-01 9.856536e-01 9.887120e-01 9.901416e-01 9.873726e-01 9.851645e-01 9.894338e-01 9.915527e-01 9.903514e-01 9.816875e-01 9.731755e-01 9.723258e-01 9.660443e-01 9.548807e-01 9.455081e-01 9.482805e-01 9.489143e-01 9.441031e-01 9.445230e-01 9.454769e-01 9.316645e-01 9.220963e-01 9.270571e-01 9.351085e-01 9.387651e-01 9.320698e-01 9.268931e-01 9.229679e-01 9.241143e-01 9.259739e-01 9.173986e-01 9.176089e-01 9.252968e-01 9.277146e-01 9.289778e-01 9.318262e-01 9.314268e-01 9.395197e-01 9.494360e-01 9.515423e-01 9.525095e-01 9.574640e-01 9.684763e-01 9.771488e-01 9.866202e-01 9.940322e-01 1.002346e+00 1.004765e+00 1.009006e+00 1.022358e+00 1.031755e+00 1.036405e+00 1.042312e+00 1.047914e+00 1.053188e+00 1.055946e+00 1.053692e+00 1.051645e+00 1.049946e+00 1.051076e+00 1.049893e+00 1.046090e+00 1.048312e+00 1.048399e+00 1.045031e+00 1.033510e+00 1.028026e+00 1.029248e+00 1.030926e+00 1.029485e+00 1.029034e+00 1.027628e+00 1.028992e+00 1.030042e+00 1.025820e+00 1.016692e+00 1.017535e+00 1.017789e+00 1.013690e+00 1.011386e+00 1.005963e+00 1.006470e+00 1.005183e+00 1.007717e+00 1.011028e+00 1.015468e+00 1.021467e+00 1.028431e+00 1.032237e+00 1.032720e+00 1.023614e+00 9.991129e-01 9.909655e-01 9.982135e-01 1.003804e+00 9.985989e-01 9.905835e-01 9.949604e-01 1.012320e+00 1.022866e+00 1.016348e+00 1.003809e+00 1.015721e+00 1.016274e+00 1.001068e+00 1.014946e+00
9.654748e-01 9.664235e-01 9.749395e-01 9.659669e-01 9.547718e-01 9.482252e-01 9.549567e-01 9.629239e-01 9.708931e-01 9.669998e-01 9.567750e-01 9.559819e-01 9.558209e-01 9.531690e-01 9.471627e-01 9.370534e-01 9.446809e-01 9.464369e-01 9.387289e-01 9.380476e-01 9.472848e-01 9.528261e-01 9.584414e-01 9.599510e-01 9.635913e-01 9.694540e-01 9.682676e-01 9.625216e-01 9.599166e-01 9.584391e-01 9.511475e-01 9.551083e-01 9.588732e-01 9.509960e-01 9.453154e-01 9.472772e-01 9.437588e-01 9.463285e-01 9.521205e-01 9.534632e-01 9.524508e-01 9.610744e-01 9.685725e-01 9.757571e-01 9.701387e-01 9.584697e-01 9.585805e-01 9.631205e-01 9.773982e-01 9.911355e-01 1.002390e+00 1.008093e+00 1.008368e+00 1.003658e+00 1.004383e+00 1.006883e+00 1.009684e+00 1.011413e+00 1.013571e+00 1.008579e+00 1.004474e+00 1.005976e+00 1.008328e+00 1.010860e+00 1.003880e+00 1.004193e+00 1.004884e+00 1.006291e+00 1.010129e+00 1.012391e+00 1.010725e+00 1.006967e+00 1.001149e+00 9.964517e-01 9.925666e-01 9.849868e-01 9.850626e-01 9.822038e-01 9.762766e-01 9.753304e-01 9.748045e-01 9.723225e-01 9.643867e-01 9.583410e-01 9.556994e-01 9.541627e-01 9.575707e-01 9.598267e-01 9.551486e-01 9.502156e-01 9.498314e-01 9.543300e-01 9.551601e-01 9.491861e-01 9.378735e-01 9.317438e-01 9.250132e-01 9.198266e-01 9.119378e-01 9.046817e-01 8.991240e-01 8.986126e-01 9.022868e-01 9.005079e-01 9.025745e-01 9.015895e-01 9.020434e-01 9.060240e-01 9.158305e-01 9.154183e-01 9.085931e-01 9.026034e-01 9.029153e-01 9.019307e-01 9.018051e-01 9.112843e-01 9.229980e-01 9.252905e-01 9.198418e-01 9.168719e-01 9.231181e-01 9.220009e-01 9.180964e-01 9.188569e-01 9.181938e-01 9.264413e-01 9.355196e-01 9.399148e-01 9.391249e-01 9.388185e-01 9.361530e-01 9.344361e-01 9.290300e-01 9.228329e-01 9.181647e-01 9.219981e-01 9.302170e-01 9.392603e-01 9.483275e-01 9.555964e-01 9.583127e-01 9.661713e-01 9.700483e-01 9.773120e-01 9.722511e-01 9.776322e-01 9.900546e-01 9.902330e-01 9.865614e-01 9.855940e-01 9.879876e-01 9.941233e-01 9.923924e-01 9.913568e-01 9.861378e-01 9.846792e-01 9.919675e-01 9.914790e-01 9.900519e-01 9.807694e-01 9.719822e-01 9.724225e-01 9.680319e-01 9.605235e-01 9.561282e-01 9.507889e-01 9.516760e-01 9.507946e-01 9.469566e-01 9.430376e-01 9.354655e-01 9.288995e-01 9.326774e-01 9.431736e-01 9.428661e-01 9.341220e-01 9.295503e-01 9.248453e-01 9.275510e-01 9.278152e-01 9.224171e-01 9.256994e-01 9.339819e-01 9.328105e-01 9.315904e-01 9.302092e-01 9.291823e-01 9.407229e-01 9.510059e-01 9.526402e-01 9.508522e-01 9.521848e-01 9.634281e-01 9.745727e-01 9.839687e-01 9.943853e-01 1.000017e+00 1.005943e+00 1.010336e+00 1.017435e+00 1.025546e+00 1.038208e+00 1.043546e+00 1.048061e+00 1.052884e+00 1.053697e+00 1.051802e+00 1.048408e+00 1.046527e+00 1.047462e+00 1.048301e+00 1.044984e+00 1.046877e+00 1.048267e+00 1.042710e+00 1.030913e+00 1.029002e+00 1.030276e+00 1.028673e+00 1.029936e+00 1.027745e+00 1.025941e+00 1.028762e+00 1.027440e+00 1.024490e+00 1.023047e+00 1.023258e+00 1.020681e+00 1.015588e+00 1.012641e+00 1.009907e+00 1.008070e+00 1.003756e+00 1.009204e+00 1.013664e+00 1.014888e+00 1.019873e+00 1.027035e+00 1.027604e+00 1.031663e+00 1.014904e+00 9.949794e-01 9.940451e-01 1.003592e+00 1.008830e+00 1.004758e+00 9.962375e-01 9.944927e-01 1.010768e+00 1.024651e+00 1.022424e+00 1.005210e+00 1.016969e+00 1.018557e+00 1.000420e+00 1.013104e+00
9.620938e-01 9.680868e-01 9.766220e-01 9.678699e-01 9.530960e-01 9.437530e-01 9.522373e-01 9.650218e-01 9.674550e-01 9.674580e-01 9.641496e-01 9.645230e-01 9.612510e-01 9.554770e-01 9.486178e-01 9.505587e-01 9.533830e-01 9.499649e-01 9.508134e-01 9.503377e-01 9.539583e-01 9.564889e-01 9.632154e-01 9.662250e-01 9.697457e-01 9.678284e-01 9.671273e-01 9.632294e-01 9.566735e-01 9.511922e-01 9.452682e-01 9.488731e-01 9.521193e-01 9.477899e-01 9.442459e-01 9.473948e-01 9.454460e-01 9.475817e-01 9.506801e-01 9.509871e-01 9.568380e-01 9.633493e-01 9.665757e-01 9.700198e-01 9.676667e-01 9.643551e-01 9.658629e-01 9.668087e-01 9.768282e-01 9.923810e-01 9.988981e-01 1.000730e+00 1.003149e+00 1.005104e+00 1.008107e+00 1.008567e+00 1.008148e+00 1.007670e+00 1.008753e+00 1.008078e+00 1.005624e+00 1.009496e+00 1.013065e+00 1.011827e+00 1.008333e+00 1.008072e+00 1.006429e+00 1.006040e+00 1.006131e+00 1.004100e+00 1.010716e+00 1.009907e+00 1.004385e+00 9.989749e-01 9.913668e-01 9.883777e-01 9.898275e-01 9.896483e-01 9.798468e-01 9.735372e-01 9.658508e-01 9.646462e-01 9.680696e-01 9.660633e-01 9.638926e-01 9.563045e-01 9.584782e-01 9.657487e-01 9.660569e-01 9.583702e-01 9.527323e-01 9.597093e-01 9.603946e-01 9.434999e-01 9.291076e-01 9.268298e-01 9.218236e-01 9.150185e-01 9.063287e-01 8.953663e-01 8.945403e-01 9.064846e-01 9.092972e-01 9.066316e-01 9.064270e-01 9.031490e-01 9.004453e-01 9.068356e-01 9.164147e-01 9.077235e-01 9.004152e-01 9.002251e-01 9.097031e-01 9.109890e-01 9.082680e-01 9.157410e-01 9.259017e-01 9.252861e-01 9.222369e-01 9.180133e-01 9.182737e-01 9.189135e-01 9.165160e-01 9.193780e-01 9.199481e-01 9.258512e-01 9.356609e-01 9.368545e-01 9.321334e-01 9.289634e-01 9.260856e-01 9.225416e-01 9.241980e-01 9.289908e-01 9.317585e-01 9.355439e-01 9.481007e-01 9.527410e-01 9.553703e-01 9.584960e-01 9.660605e-01 9.679721e-01 9.747661e-01 9.789671e-01 9.812191e-01 9.881707e-01 9.919559e-01 9.906015e-01 9.897328e-01 9.878079e-01 9.910303e-01 9.930987e-01 9.943938e-01 9.879863e-01 9.827495e-01 9.840344e-01 9.868444e-01 9.903685e-01 9.884426e-01 9.774303e-01 9.665878e-01 9.637163e-01 9.603336e-01 9.562404e-01 9.530459e-01 9.496925e-01 9.509030e-01 9.484117e-01 9.439020e-01 9.360540e-01 9.306859e-01 9.289151e-01 9.338616e-01 9.437500e-01 9.458292e-01 9.420199e-01 9.324224e-01 9.294361e-01 9.335270e-01 9.362147e-01 9.378831e-01 9.372814e-01 9.399245e-01 9.376512e-01 9.312518e-01 9.299322e-01 9.363852e-01 9.469060e-01 9.536571e-01 9.540015e-01 9.483921e-01 9.508193e-01 9.653093e-01 9.803189e-01 9.868146e-01 9.965718e-01 1.002384e+00 1.001579e+00 1.004054e+00 1.011130e+00 1.021504e+00 1.033859e+00 1.035540e+00 1.040697e+00 1.045970e+00 1.049456e+00 1.050504e+00 1.048689e+00 1.047089e+00 1.046769e+00 1.048498e+00 1.048091e+00 1.046425e+00 1.044182e+00 1.038296e+00 1.030789e+00 1.029841e+00 1.030995e+00 1.031889e+00 1.029869e+00 1.028228e+00 1.027315e+00 1.026249e+00 1.028639e+00 1.028177e+00 1.024419e+00 1.023916e+00 1.024529e+00 1.022901e+00 1.022217e+00 1.015352e+00 1.008892e+00 1.000893e+00 1.004575e+00 1.012969e+00 1.019178e+00 1.018967e+00 1.021828e+00 1.029338e+00 1.033390e+00 1.014307e+00 9.928198e-01 9.955940e-01 9.985196e-01 1.002158e+00 1.011748e+00 1.007244e+00 1.001953e+00 1.012911e+00 1.028447e+00 1.025186e+00 1.003877e+00 1.015746e+00 1.022421e+00 9.985021e-01 1.011541e+00
9.691663e-01 9.729585e-01 9.798656e-01 9.721572e-01 9.588169e-01 9.494255e-01 9.595308e-01 9.720717e-01 9.704602e-01 9.732614e-01 9.715239e-01 9.651369e-01 9.606317e-01 9.568747e-01 9.535745e-01 9.568845e-01 9.555960e-01 9.545854e-01 9.617112e-01 9.662935e-01 9.621401e-01 9.597304e-01 9.670801e-01 9.690627e-01 9.687037e-01 9.685402e-01 9.670348e-01 9.597283e-01 9.555839e-01 9.502899e-01 9.458272e-01 9.484559e-01 9.515908e-01 9.470680e-01 9.393991e-01 9.446886e-01 9.473850e-01 9.452187e-01 9.484717e-01 9.520979e-01 9.578651e-01 9.614851e-01 9.608381e-01 9.602839e-01 9.655919e-01 9.669995e-01 9.702206e-01 9.756260e-01 9.788018e-01 9.903943e-01 9.961669e-01 9.937267e-01 9.970800e-01 1.005354e+00 1.012362e+00 1.012285e+00 1.009178e+00 1.006865e+00 1.008019e+00 1.011737e+00 1.008009e+00 1.009348e+00 1.015491e+00 1.014948e+00 1.013282e+00 1.012484e+00 1.006177e+00 1.003515e+00 1.001838e+00 1.001713e+00 1.014893e+00 1.014738e+00 1.009888e+00 1.004930e+00 9.965087e-01 9.907735e-01 9.871388e-01 9.835284e-01 9.731897e-01 9.724265e-01 9.641771e-01 9.602861e-01 9.594867e-01 9.582441e-01 9.535812e-01 9.527451e-01 9.569024e-01 9.701438e-01 9.730902e-01 9.649926e-01 9.505676e-01 9.522775e-01 9.452068e-01 9.340475e-01 9.249102e-01 9.211295e-01 9.175133e-01 9.063643e-01 8.993557e-01 8.961282e-01 9.048568e-01 9.098527e-01 9.063081e-01 9.078835e-01 9.076606e-01 8.984450e-01 8.954956e-01 9.052698e-01 9.126284e-01 9.053643e-01 8.991349e-01 9.002307e-01 9.062970e-01 9.086415e-01 9.103594e-01 9.161336e-01 9.198431e-01 9.225308e-01 9.242188e-01 9.225903e-01 9.167916e-01 9.163276e-01 9.170633e-01 9.228163e-01 9.266240e-01 9.268833e-01 9.295725e-01 9.274040e-01 9.284053e-01 9.255027e-01 9.231002e-01 9.199649e-01 9.255908e-01 9.353303e-01 9.450929e-01 9.453370e-01 9.582021e-01 9.624184e-01 9.637690e-01 9.666944e-01 9.706054e-01 9.719899e-01 9.737280e-01 9.801030e-01 9.865149e-01 9.901594e-01 9.928686e-01 9.903527e-01 9.886252e-01 9.915550e-01 9.941478e-01 9.917527e-01 9.893377e-01 9.819943e-01 9.796219e-01 9.804928e-01 9.842107e-01 9.851925e-01 9.821509e-01 9.742535e-01 9.668341e-01 9.663781e-01 9.644713e-01 9.535556e-01 9.453920e-01 9.461802e-01 9.458212e-01 9.465390e-01 9.460541e-01 9.379064e-01 9.303074e-01 9.299760e-01 9.363281e-01 9.428548e-01 9.471016e-01 9.445526e-01 9.385938e-01 9.356233e-01 9.378411e-01 9.392848e-01 9.397649e-01 9.435999e-01 9.446438e-01 9.395958e-01 9.371401e-01 9.365911e-01 9.369972e-01 9.456532e-01 9.511887e-01 9.511909e-01 9.480431e-01 9.509953e-01 9.700204e-01 9.861959e-01 9.929910e-01 1.001886e+00 1.003459e+00 1.001383e+00 1.004301e+00 1.015576e+00 1.029778e+00 1.034438e+00 1.034614e+00 1.036810e+00 1.040693e+00 1.045050e+00 1.050354e+00 1.053590e+00 1.049540e+00 1.047300e+00 1.049229e+00 1.050372e+00 1.048526e+00 1.043229e+00 1.038227e+00 1.031366e+00 1.029643e+00 1.030961e+00 1.032353e+00 1.030489e+00 1.028138e+00 1.029077e+00 1.029878e+00 1.028649e+00 1.027234e+00 1.024462e+00 1.025475e+00 1.027665e+00 1.024509e+00 1.026021e+00 1.023065e+00 1.012731e+00 1.001678e+00 1.000329e+00 1.011053e+00 1.021118e+00 1.024368e+00 1.023075e+00 1.031460e+00 1.033202e+00 1.019373e+00 1.001207e+00 1.004153e+00 1.002865e+00 1.012167e+00 1.017413e+00 1.014769e+00 1.006128e+00 1.015927e+00 1.029253e+00 1.024422e+00 1.005603e+00 1.016408e+00 1.024519e+00 9.930840e-01 1.008750e+00
9.722618e-01 9.744829e-01 9.810107e-01 9.784223e-01 9.681363e-01 9.639391e-01 9.671451e-01 9.733582e-01 9.801468e-01 9.849287e-01 9.772575e-01 9.587699e-01 9.514453e-01 9.532791e-01 9.570826e-01 9.621276e-01 9.580677e-01 9.596495e-01 9.660696e-01 9.702635e-01 9.671317e-01 9.649558e-01 9.689375e-01 9.695763e-01 9.654095e-01 9.661578e-01 9.585228e-01 9.495638e-01 9.554488e-01 9.521259e-01 9.493645e-01 9.513411e-01 9.497574e-01 9.422916e-01 9.376816e-01 9.405749e-01 9.447973e-01 9.460166e-01 9.484490e-01 9.558229e-01 9.629590e-01 9.618200e-01 9.635767e-01 9.652137e-01 9.687169e-01 9.679490e-01 9.727471e-01 9.769344e-01 9.787973e-01 9.851248e-01 9.923358e-01 9.963720e-01 1.000514e+00 1.007208e+00 1.016719e+00 1.016482e+00 1.009725e+00 1.007765e+00 1.010269e+00 1.014975e+00 1.014829e+00 1.013587e+00 1.017275e+00 1.019327e+00 1.018718e+00 1.018510e+00 1.013424e+00 1.007963e+00 1.003292e+00 1.007221e+00 1.014831e+00 1.013291e+00 1.009094e+00 1.005403e+00 1.001528e+00 9.920351e-01 9.812440e-01 9.800302e-01 9.747208e-01 9.700112e-01 9.658101e-01 9.553928e-01 9.585096e-01 9.583272e-01 9.542067e-01 9.497778e-01 9.481778e-01 9.629139e-01 9.676757e-01 9.564833e-01 9.497458e-01 9.423145e-01 9.322493e-01 9.263769e-01 9.213237e-01 9.202839e-01 9.133487e-01 9.015869e-01 8.980451e-01 9.035137e-01 9.090487e-01 9.052607e-01 9.006051e-01 9.005747e-01 8.982869e-01 8.994702e-01 9.020694e-01 9.070671e-01 9.140267e-01 9.129764e-01 9.044182e-01 8.967710e-01 8.968508e-01 8.999207e-01 9.049121e-01 9.117845e-01 9.185358e-01 9.233832e-01 9.249028e-01 9.277489e-01 9.188160e-01 9.103022e-01 9.166272e-01 9.254093e-01 9.296997e-01 9.296225e-01 9.308667e-01 9.336864e-01 9.331601e-01 9.276307e-01 9.250465e-01 9.275789e-01 9.341398e-01 9.442276e-01 9.527953e-01 9.548479e-01 9.622146e-01 9.665651e-01 9.668628e-01 9.670496e-01 9.714738e-01 9.740568e-01 9.725137e-01 9.811769e-01 9.895464e-01 9.892105e-01 9.898536e-01 9.931800e-01 9.944983e-01 9.979585e-01 9.984760e-01 9.945849e-01 9.872437e-01 9.840382e-01 9.826789e-01 9.798505e-01 9.807864e-01 9.815726e-01 9.775167e-01 9.722545e-01 9.676498e-01 9.706110e-01 9.705245e-01 9.588242e-01 9.513995e-01 9.445913e-01 9.417650e-01 9.473318e-01 9.483958e-01 9.450482e-01 9.414229e-01 9.380438e-01 9.397610e-01 9.468656e-01 9.502196e-01 9.475145e-01 9.448214e-01 9.448653e-01 9.454655e-01 9.448787e-01 9.438372e-01 9.464114e-01 9.444183e-01 9.420515e-01 9.409248e-01 9.387970e-01 9.403113e-01 9.438196e-01 9.484867e-01 9.517335e-01 9.485064e-01 9.549293e-01 9.725916e-01 9.848359e-01 9.909408e-01 9.952933e-01 9.969702e-01 1.001746e+00 1.010826e+00 1.022555e+00 1.034246e+00 1.036490e+00 1.038302e+00 1.038527e+00 1.037582e+00 1.041297e+00 1.052299e+00 1.054951e+00 1.049609e+00 1.047425e+00 1.052262e+00 1.054330e+00 1.050613e+00 1.045735e+00 1.039969e+00 1.032558e+00 1.028246e+00 1.031880e+00 1.035483e+00 1.034443e+00 1.032488e+00 1.032253e+00 1.036994e+00 1.033219e+00 1.028027e+00 1.026412e+00 1.027782e+00 1.026988e+00 1.023173e+00 1.025144e+00 1.024094e+00 1.020462e+00 1.015226e+00 1.015566e+00 1.022601e+00 1.030529e+00 1.028837e+00 1.027838e+00 1.030207e+00 1.030124e+00 1.023840e+00 1.010029e+00 1.007908e+00 1.010359e+00 1.018650e+00 1.017997e+00 1.015866e+00 1.008443e+00 1.016651e+00 1.026726e+00 1.020711e+00 1.005174e+00 1.017869e+00 1.025956e+00 9.922429e-01 1.003220e+00
9.757447e-01 9.743376e-01 9.778740e-01 9.750707e-01 9.675514e-01 9.703471e-01 9.672728e-01 9.662005e-01 9.788306e-01 9.841475e-01 9.758368e-01 9.600571e-01 9.556468e-01 9.549990e-01 9.581553e-01 9.612298e-01 9.572273e-01 9.630367e-01 9.671990e-01 9.730844e-01 9.777641e-01 9.771323e-01 9.725589e-01 9.678879e-01 9.699169e-01 9.679561e-01 9.569746e-01 9.529501e-01 9.606125e-01 9.619191e-01 9.580168e-01 9.533821e-01 9.425340e-01 9.389193e-01 9.427562e-01 9.428544e-01 9.466169e-01 9.494258e-01 9.493221e-01 9.550090e-01 9.582444e-01 9.563609e-01 9.619355e-01 9.698547e-01 9.682537e-01 9.680386e-01 9.735150e-01 9.778210e-01 9.807312e-01 9.868226e-01 9.910080e-01 1.000115e+00 1.003953e+00 1.004697e+00 1.009504e+00 1.010592e+00 1.010620e+00 1.010124e+00 1.014458e+00 1.017094e+00 1.019777e+00 1.021203e+00 1.021006e+00 1.015589e+00 1.015230e+00 1.019548e+00 1.020082e+00 1.008901e+00 1.007623e+00 1.015319e+00 1.014736e+00 1.009515e+00 1.006691e+00 1.009924e+00 1.003244e+00 9.889707e-01 9.849827e-01 9.837133e-01 9.735702e-01 9.651608e-01 9.622493e-01 9.617991e-01 9.610683e-01 9.593736e-01 9.583787e-01 9.567832e-01 9.586768e-01 9.652167e-01 9.657252e-01 9.574601e-01 9.503254e-01 9.410838e-01 9.306293e-01 9.259226e-01 9.207711e-01 9.165680e-01 9.067295e-01 8.984619e-01 8.985619e-01 9.071059e-01 9.092442e-01 9.013205e-01 8.944211e-01 8.903359e-01 8.945721e-01 9.017245e-01 9.070489e-01 9.090537e-01 9.131737e-01 9.132285e-01 9.072937e-01 8.962955e-01 8.945265e-01 8.990330e-01 9.058266e-01 9.107929e-01 9.173625e-01 9.223630e-01 9.254149e-01 9.247881e-01 9.155981e-01 9.141186e-01 9.191529e-01 9.208205e-01 9.230201e-01 9.277125e-01 9.333287e-01 9.382357e-01 9.377093e-01 9.291878e-01 9.300420e-01 9.357451e-01 9.409140e-01 9.465737e-01 9.563034e-01 9.632919e-01 9.694621e-01 9.725170e-01 9.747453e-01 9.709204e-01 9.735774e-01 9.796474e-01 9.822707e-01 9.853461e-01 9.883178e-01 9.903902e-01 9.943477e-01 9.949735e-01 9.962525e-01 9.994932e-01 9.992990e-01 9.993760e-01 9.939160e-01 9.871225e-01 9.870942e-01 9.857849e-01 9.858875e-01 9.841695e-01 9.798470e-01 9.745410e-01 9.738451e-01 9.744419e-01 9.705757e-01 9.583508e-01 9.529768e-01 9.463367e-01 9.462119e-01 9.503428e-01 9.527833e-01 9.487613e-01 9.466857e-01 9.438019e-01 9.468160e-01 9.496859e-01 9.522666e-01 9.517979e-01 9.520245e-01 9.519406e-01 9.504624e-01 9.495476e-01 9.458405e-01 9.443460e-01 9.410371e-01 9.405150e-01 9.402468e-01 9.368793e-01 9.372358e-01 9.439119e-01 9.524755e-01 9.545074e-01 9.551597e-01 9.625659e-01 9.702837e-01 9.746240e-01 9.817392e-01 9.886233e-01 9.967448e-01 1.008602e+00 1.014962e+00 1.025047e+00 1.030808e+00 1.033265e+00 1.034884e+00 1.036945e+00 1.034897e+00 1.038899e+00 1.047964e+00 1.047616e+00 1.045578e+00 1.046597e+00 1.052278e+00 1.054197e+00 1.051993e+00 1.046890e+00 1.042253e+00 1.036583e+00 1.031939e+00 1.032155e+00 1.037632e+00 1.038524e+00 1.036355e+00 1.036493e+00 1.041487e+00 1.037387e+00 1.031134e+00 1.027882e+00 1.027830e+00 1.026058e+00 1.023577e+00 1.023850e+00 1.019901e+00 1.021325e+00 1.026092e+00 1.027652e+00 1.030527e+00 1.031751e+00 1.032804e+00 1.028735e+00 1.023175e+00 1.026056e+00 1.022846e+00 1.017331e+00 1.018440e+00 1.015773e+00 1.018818e+00 1.019011e+00 1.011505e+00 1.006970e+00 1.018313e+00 1.027153e+00 1.017458e+00 1.008568e+00 1.024123e+00 1.030266e+00 9.942427e-01 9.974248e-01
9.747425e-01 9.739475e-01 9.767322e-01 9.707841e-01 9.643099e-01 9.630668e-01 9.590155e-01 9.587649e-01 9.719508e-01 9.773980e-01 9.768413e-01 9.761361e-01 9.696533e-01 9.669480e-01 9.674527e-01 9.621681e-01 9.603240e-01 9.631007e-01 9.612679e-01 9.655656e-01 9.765379e-01 9.807335e-01 9.774475e-01 9.729960e-01 9.745193e-01 9.705489e-01 9.610064e-01 9.556225e-01 9.626654e-01 9.693329e-01 9.610616e-01 9.520908e-01 9.424127e-01 9.406297e-01 9.438038e-01 9.434965e-01 9.426397e-01 9.413326e-01 9.420977e-01 9.484261e-01 9.535447e-01 9.544812e-01 9.662809e-01 9.729940e-01 9.666344e-01 9.661893e-01 9.741532e-01 9.810082e-01 9.908242e-01 9.938620e-01 9.972795e-01 1.002810e+00 1.003661e+00 1.000814e+00 1.003004e+00 1.007031e+00 1.012576e+00 1.018089e+00 1.022002e+00 1.022857e+00 1.025454e+00 1.022406e+00 1.020196e+00 1.014789e+00 1.012414e+00 1.012570e+00 1.014423e+00 1.010055e+00 1.014364e+00 1.018841e+00 1.015613e+00 1.004851e+00 1.002765e+00 1.009319e+00 9.989297e-01 9.855637e-01 9.865097e-01 9.788385e-01 9.663431e-01 9.583037e-01 9.611307e-01 9.628044e-01 9.600586e-01 9.627860e-01 9.580373e-01 9.573279e-01 9.639878e-01 9.654864e-01 9.605278e-01 9.524284e-01 9.377304e-01 9.333412e-01 9.290163e-01 9.290065e-01 9.163665e-01 9.121248e-01 9.059219e-01 8.992652e-01 9.008080e-01 9.074049e-01 9.090127e-01 9.046320e-01 8.982723e-01 8.932802e-01 8.975500e-01 9.047257e-01 9.056978e-01 9.028742e-01 9.044326e-01 9.038774e-01 9.022880e-01 9.025758e-01 9.067897e-01 9.085554e-01 9.073753e-01 9.068446e-01 9.116836e-01 9.158643e-01 9.165232e-01 9.184431e-01 9.206409e-01 9.213360e-01 9.266811e-01 9.226824e-01 9.240285e-01 9.351795e-01 9.442155e-01 9.443170e-01 9.397247e-01 9.391361e-01 9.440408e-01 9.501944e-01 9.531258e-01 9.546914e-01 9.574995e-01 9.703538e-01 9.810749e-01 9.822797e-01 9.778561e-01 9.757593e-01 9.758171e-01 9.799924e-01 9.825889e-01 9.848164e-01 9.898968e-01 9.959907e-01 9.999006e-01 9.963388e-01 9.925945e-01 9.948661e-01 1.000629e+00 1.002786e+00 9.988643e-01 9.924631e-01 9.907088e-01 9.914838e-01 9.903253e-01 9.896598e-01 9.841803e-01 9.782223e-01 9.775224e-01 9.760082e-01 9.718980e-01 9.631320e-01 9.575836e-01 9.517002e-01 9.481462e-01 9.501719e-01 9.536248e-01 9.508765e-01 9.465019e-01 9.485749e-01 9.503792e-01 9.531128e-01 9.515783e-01 9.486252e-01 9.526651e-01 9.522918e-01 9.510450e-01 9.516790e-01 9.477864e-01 9.457116e-01 9.409506e-01 9.393098e-01 9.374909e-01 9.371361e-01 9.364027e-01 9.417496e-01 9.522884e-01 9.562137e-01 9.582373e-01 9.659191e-01 9.674653e-01 9.694880e-01 9.723663e-01 9.824850e-01 9.964264e-01 1.010616e+00 1.015427e+00 1.023212e+00 1.028972e+00 1.031048e+00 1.033704e+00 1.036278e+00 1.035912e+00 1.039574e+00 1.043961e+00 1.042024e+00 1.041968e+00 1.045281e+00 1.047428e+00 1.047592e+00 1.045090e+00 1.043282e+00 1.043363e+00 1.037728e+00 1.032082e+00 1.029390e+00 1.034668e+00 1.039711e+00 1.038000e+00 1.038875e+00 1.041056e+00 1.038277e+00 1.032596e+00 1.028459e+00 1.028949e+00 1.026772e+00 1.026520e+00 1.022105e+00 1.019973e+00 1.023938e+00 1.030841e+00 1.031551e+00 1.033125e+00 1.033916e+00 1.033446e+00 1.029611e+00 1.030063e+00 1.034063e+00 1.029026e+00 1.022862e+00 1.018516e+00 1.016634e+00 1.021512e+00 1.025806e+00 1.011045e+00 1.002788e+00 1.017523e+00 1.027060e+00 1.018304e+00 1.012372e+00 1.024657e+00 1.032494e+00 9.930292e-01 9.944045e-01
9.777912e-01 9.760411e-01 9.786295e-01 9.717698e-01 9.669976e-01 9.606694e-01 9.605903e-01 9.708724e-01 9.845604e-01 9.839074e-01 9.820157e-01 9.852403e-01 9.790086e-01 9.733101e-01 9.728365e-01 9.694952e-01 9.635108e-01 9.611497e-01 9.593340e-01 9.672606e-01 9.723529e-01 9.789437e-01 9.803889e-01 9.782074e-01 9.785056e-01 9.758567e-01 9.682357e-01 9.600201e-01 9.612995e-01 9.636045e-01 9.590485e-01 9.500735e-01 9.431453e-01 9.430030e-01 9.402651e-01 9.386117e-01 9.383339e-01 9.381678e-01 9.379457e-01 9.424772e-01 9.470443e-01 9.548426e-01 9.722108e-01 9.795499e-01 9.729074e-01 9.695577e-01 9.739151e-01 9.801522e-01 9.939439e-01 9.962068e-01 1.003441e+00 1.009299e+00 1.007846e+00 1.003366e+00 1.005379e+00 1.014861e+00 1.020770e+00 1.027552e+00 1.031641e+00 1.029991e+00 1.026404e+00 1.020806e+00 1.021552e+00 1.018028e+00 1.013853e+00 1.014833e+00 1.019434e+00 1.017086e+00 1.016983e+00 1.016234e+00 1.011893e+00 1.003099e+00 1.001877e+00 1.001306e+00 9.914472e-01 9.821256e-01 9.765200e-01 9.652585e-01 9.599783e-01 9.558882e-01 9.604239e-01 9.642059e-01 9.652008e-01 9.671545e-01 9.650204e-01 9.581956e-01 9.592083e-01 9.569612e-01 9.483716e-01 9.404296e-01 9.311645e-01 9.309883e-01 9.279641e-01 9.205809e-01 9.117973e-01 9.078565e-01 9.042057e-01 9.006186e-01 9.041919e-01 9.063078e-01 9.050462e-01 9.073498e-01 9.048816e-01 9.014777e-01 9.051999e-01 9.117579e-01 9.075822e-01 8.998150e-01 8.985655e-01 8.995104e-01 9.013997e-01 9.094617e-01 9.175404e-01 9.146478e-01 9.053648e-01 9.026012e-01 9.109448e-01 9.147420e-01 9.119737e-01 9.164030e-01 9.243786e-01 9.311388e-01 9.338268e-01 9.382885e-01 9.371024e-01 9.400549e-01 9.457291e-01 9.429870e-01 9.387813e-01 9.494621e-01 9.578349e-01 9.629909e-01 9.696543e-01 9.701058e-01 9.676247e-01 9.761472e-01 9.828406e-01 9.837688e-01 9.785719e-01 9.803427e-01 9.782213e-01 9.802951e-01 9.774746e-01 9.823051e-01 9.925621e-01 1.000120e+00 1.001317e+00 9.978819e-01 9.944704e-01 9.950110e-01 9.960697e-01 9.972041e-01 9.979286e-01 9.952078e-01 9.932195e-01 9.916884e-01 9.855111e-01 9.860079e-01 9.835998e-01 9.751754e-01 9.744860e-01 9.750966e-01 9.712813e-01 9.615619e-01 9.576351e-01 9.571431e-01 9.528546e-01 9.522063e-01 9.554455e-01 9.528226e-01 9.500190e-01 9.495930e-01 9.513814e-01 9.534003e-01 9.511237e-01 9.460912e-01 9.519293e-01 9.539849e-01 9.546292e-01 9.559901e-01 9.523885e-01 9.467123e-01 9.413648e-01 9.410053e-01 9.383510e-01 9.345628e-01 9.337920e-01 9.373901e-01 9.455687e-01 9.433864e-01 9.489607e-01 9.573622e-01 9.628289e-01 9.647798e-01 9.723774e-01 9.801867e-01 9.902993e-01 1.006122e+00 1.011570e+00 1.018706e+00 1.026189e+00 1.031898e+00 1.035321e+00 1.040214e+00 1.039523e+00 1.037725e+00 1.043161e+00 1.043682e+00 1.044423e+00 1.046741e+00 1.045303e+00 1.043581e+00 1.039838e+00 1.039155e+00 1.040925e+00 1.037388e+00 1.031875e+00 1.029400e+00 1.034721e+00 1.036992e+00 1.036418e+00 1.037529e+00 1.038243e+00 1.038003e+00 1.031649e+00 1.029889e+00 1.030649e+00 1.028979e+00 1.030043e+00 1.028970e+00 1.029788e+00 1.031686e+00 1.035752e+00 1.035971e+00 1.035759e+00 1.034129e+00 1.031809e+00 1.033653e+00 1.042230e+00 1.043749e+00 1.034569e+00 1.020124e+00 1.011865e+00 1.015591e+00 1.020963e+00 1.023548e+00 1.005664e+00 1.000003e+00 1.012463e+00 1.022395e+00 1.019756e+00 1.014068e+00 1.019157e+00 1.028052e+00 9.906492e-01 9.901694e-01
9.740071e-01 9.765807e-01 9.783245e-01 9.760973e-01 9.711635e-01 9.652525e-01 9.654759e-01 9.820357e-01 9.952353e-01 9.942007e-01 9.898850e-01 9.883432e-01 9.841040e-01 9.794659e-01 9.787567e-01 9.755701e-01 9.679477e-01 9.668537e-01 9.686890e-01 9.719765e-01 9.720231e-01 9.771870e-01 9.807802e-01 9.757739e-01 9.732025e-01 9.771118e-01 9.734923e-01 9.637752e-01 9.617962e-01 9.630949e-01 9.623213e-01 9.501210e-01 9.435432e-01 9.445896e-01 9.439222e-01 9.386026e-01 9.355243e-01 9.397512e-01 9.420800e-01 9.422185e-01 9.448146e-01 9.549705e-01 9.694612e-01 9.807986e-01 9.808491e-01 9.768738e-01 9.769878e-01 9.781302e-01 9.874769e-01 9.917780e-01 9.991296e-01 1.007983e+00 1.006892e+00 1.006532e+00 1.011103e+00 1.021166e+00 1.024220e+00 1.030965e+00 1.032673e+00 1.028443e+00 1.027780e+00 1.025119e+00 1.026463e+00 1.022544e+00 1.020975e+00 1.024325e+00 1.024530e+00 1.018559e+00 1.014128e+00 1.012201e+00 1.009389e+00 1.008811e+00 1.008435e+00 1.002227e+00 9.914570e-01 9.792302e-01 9.676906e-01 9.563183e-01 9.567341e-01 9.572529e-01 9.585474e-01 9.669358e-01 9.723762e-01 9.676896e-01 9.620584e-01 9.606418e-01 9.582154e-01 9.489139e-01 9.414403e-01 9.393043e-01 9.370065e-01 9.308494e-01 9.261589e-01 9.132599e-01 9.116471e-01 9.087591e-01 9.047075e-01 9.015487e-01 9.027758e-01 9.040867e-01 9.053621e-01 9.065388e-01 9.045655e-01 9.023163e-01 9.095611e-01 9.151217e-01 9.088291e-01 9.027145e-01 9.064335e-01 9.045156e-01 9.069242e-01 9.135921e-01 9.168290e-01 9.192488e-01 9.148414e-01 9.110750e-01 9.185131e-01 9.205564e-01 9.161451e-01 9.152993e-01 9.284996e-01 9.380512e-01 9.438305e-01 9.479931e-01 9.451983e-01 9.412946e-01 9.428647e-01 9.394040e-01 9.433109e-01 9.547116e-01 9.586210e-01 9.665541e-01 9.736210e-01 9.773200e-01 9.746675e-01 9.761627e-01 9.729499e-01 9.704366e-01 9.720271e-01 9.732654e-01 9.766132e-01 9.774401e-01 9.798781e-01 9.876236e-01 9.919574e-01 9.978057e-01 9.965150e-01 9.943851e-01 9.976708e-01 9.999685e-01 9.965260e-01 9.908585e-01 9.909550e-01 9.909307e-01 9.883192e-01 9.869968e-01 9.834209e-01 9.812042e-01 9.834710e-01 9.798832e-01 9.784294e-01 9.782863e-01 9.726599e-01 9.604768e-01 9.568714e-01 9.567270e-01 9.532685e-01 9.512153e-01 9.543107e-01 9.554902e-01 9.528329e-01 9.517864e-01 9.518238e-01 9.547078e-01 9.547680e-01 9.551300e-01 9.553129e-01 9.538500e-01 9.525861e-01 9.548220e-01 9.508390e-01 9.415143e-01 9.376451e-01 9.392651e-01 9.393417e-01 9.362085e-01 9.360861e-01 9.378389e-01 9.430919e-01 9.378676e-01 9.420347e-01 9.547482e-01 9.666238e-01 9.719545e-01 9.798973e-01 9.824764e-01 9.883680e-01 1.004672e+00 1.011990e+00 1.015774e+00 1.020972e+00 1.030387e+00 1.037542e+00 1.040927e+00 1.039112e+00 1.036497e+00 1.042773e+00 1.044492e+00 1.045894e+00 1.045634e+00 1.042600e+00 1.040190e+00 1.038918e+00 1.038130e+00 1.039093e+00 1.039088e+00 1.038003e+00 1.039825e+00 1.040388e+00 1.037975e+00 1.038114e+00 1.041554e+00 1.040242e+00 1.037600e+00 1.031508e+00 1.027302e+00 1.029194e+00 1.032954e+00 1.036534e+00 1.038435e+00 1.041363e+00 1.038350e+00 1.037418e+00 1.040083e+00 1.040292e+00 1.034093e+00 1.035669e+00 1.036111e+00 1.040751e+00 1.041186e+00 1.035964e+00 1.028715e+00 1.018227e+00 1.021854e+00 1.024114e+00 1.024293e+00 1.008324e+00 1.004989e+00 1.008339e+00 1.022451e+00 1.023911e+00 1.014382e+00 1.016449e+00 1.023933e+00 9.903695e-01 9.876641e-01
9.812870e-01 9.889687e-01 9.875760e-01 9.794320e-01 9.741251e-01 9.707866e-01 9.729219e-01 9.913201e-01 9.998481e-01 1.000752e+00 9.944525e-01 9.886981e-01 9.867664e-01 9.823048e-01 9.769494e-01 9.713889e-01 9.721928e-01 9.761409e-01 9.736921e-01 9.742903e-01 9.729649e-01 9.809064e-01 9.821950e-01 9.694040e-01 9.666858e-01 9.718036e-01 9.669890e-01 9.593078e-01 9.634625e-01 9.662721e-01 9.562445e-01 9.441967e-01 9.425229e-01 9.488939e-01 9.509437e-01 9.401616e-01 9.320775e-01 9.365867e-01 9.415112e-01 9.428478e-01 9.528167e-01 9.627659e-01 9.696487e-01 9.770697e-01 9.785985e-01 9.780058e-01 9.803173e-01 9.778662e-01 9.830993e-01 9.892592e-01 9.933721e-01 9.963140e-01 9.960091e-01 1.005647e+00 1.017256e+00 1.022834e+00 1.028303e+00 1.028019e+00 1.026381e+00 1.026209e+00 1.029697e+00 1.029419e+00 1.027040e+00 1.019832e+00 1.026734e+00 1.030347e+00 1.025761e+00 1.016999e+00 1.012355e+00 1.013005e+00 1.014960e+00 1.014998e+00 1.012432e+00 1.005071e+00 9.914579e-01 9.771612e-01 9.695306e-01 9.640443e-01 9.671412e-01 9.665675e-01 9.677692e-01 9.731530e-01 9.703363e-01 9.603645e-01 9.572424e-01 9.598557e-01 9.524674e-01 9.446414e-01 9.382985e-01 9.339969e-01 9.350398e-01 9.320415e-01 9.319552e-01 9.283103e-01 9.198504e-01 9.131393e-01 9.107380e-01 9.054227e-01 9.023097e-01 9.012632e-01 9.022635e-01 8.990603e-01 8.982734e-01 9.028748e-01 9.115680e-01 9.166192e-01 9.133573e-01 9.116101e-01 9.152228e-01 9.135519e-01 9.117243e-01 9.104694e-01 9.100741e-01 9.170363e-01 9.215733e-01 9.140973e-01 9.186321e-01 9.224444e-01 9.221306e-01 9.225000e-01 9.327946e-01 9.437701e-01 9.555945e-01 9.580020e-01 9.499441e-01 9.439024e-01 9.447150e-01 9.460633e-01 9.535594e-01 9.575247e-01 9.553107e-01 9.645929e-01 9.729437e-01 9.800801e-01 9.815820e-01 9.738361e-01 9.680205e-01 9.699568e-01 9.739703e-01 9.765512e-01 9.778755e-01 9.783857e-01 9.875739e-01 9.940655e-01 9.942225e-01 9.975894e-01 9.954616e-01 9.932116e-01 9.963326e-01 9.994770e-01 9.955082e-01 9.913092e-01 9.914765e-01 9.944732e-01 9.884751e-01 9.833369e-01 9.805562e-01 9.825976e-01 9.883115e-01 9.844863e-01 9.769936e-01 9.772835e-01 9.718845e-01 9.662918e-01 9.607809e-01 9.606951e-01 9.587443e-01 9.525210e-01 9.533292e-01 9.568993e-01 9.589515e-01 9.565069e-01 9.547802e-01 9.595857e-01 9.616686e-01 9.625923e-01 9.570347e-01 9.493737e-01 9.500979e-01 9.518931e-01 9.480292e-01 9.430647e-01 9.408606e-01 9.409395e-01 9.436629e-01 9.391416e-01 9.366326e-01 9.407223e-01 9.439698e-01 9.384921e-01 9.416585e-01 9.565729e-01 9.666215e-01 9.723723e-01 9.776078e-01 9.779399e-01 9.855477e-01 9.966006e-01 1.007892e+00 1.013063e+00 1.018879e+00 1.030792e+00 1.040055e+00 1.041423e+00 1.039745e+00 1.037701e+00 1.038210e+00 1.039761e+00 1.041565e+00 1.041109e+00 1.039408e+00 1.038540e+00 1.037983e+00 1.036789e+00 1.038464e+00 1.039421e+00 1.040672e+00 1.044384e+00 1.045256e+00 1.040487e+00 1.039081e+00 1.041500e+00 1.043475e+00 1.042024e+00 1.035198e+00 1.028445e+00 1.025941e+00 1.031487e+00 1.035373e+00 1.039331e+00 1.044734e+00 1.045295e+00 1.040320e+00 1.041657e+00 1.040236e+00 1.036467e+00 1.039264e+00 1.036702e+00 1.039649e+00 1.040789e+00 1.033871e+00 1.033399e+00 1.033589e+00 1.029954e+00 1.032122e+00 1.029724e+00 1.013893e+00 1.011823e+00 1.009990e+00 1.023268e+00 1.023252e+00 1.008839e+00 1.013028e+00 1.021639e+00 9.885971e-01 9.834744e-01
9.888743e-01 9.953011e-01 9.931084e-01 9.779260e-01 9.731781e-01 9.739250e-01 9.801542e-01 9.989148e-01 1.001868e+00 1.002699e+00 9.958476e-01 9.874080e-01 9.883420e-01 9.808840e-01 9.774508e-01 9.752645e-01 9.755997e-01 9.807130e-01 9.742516e-01 9.781423e-01 9.838631e-01 9.885530e-01 9.834489e-01 9.764447e-01 9.760641e-01 9.710002e-01 9.611756e-01 9.558313e-01 9.599774e-01 9.598098e-01 9.496517e-01 9.440148e-01 9.491737e-01 9.513136e-01 9.497681e-01 9.413723e-01 9.331574e-01 9.327322e-01 9.374239e-01 9.468922e-01 9.587623e-01 9.633269e-01 9.666214e-01 9.669418e-01 9.734278e-01 9.779634e-01 9.748682e-01 9.730135e-01 9.767589e-01 9.849728e-01 9.863573e-01 9.859840e-01 9.914737e-01 1.006067e+00 1.016775e+00 1.021427e+00 1.025934e+00 1.023185e+00 1.026635e+00 1.027676e+00 1.029551e+00 1.029192e+00 1.026117e+00 1.023465e+00 1.029963e+00 1.027974e+00 1.019599e+00 1.015658e+00 1.015381e+00 1.014159e+00 1.014085e+00 1.009467e+00 1.006600e+00 1.004355e+00 9.906565e-01 9.791826e-01 9.785978e-01 9.776282e-01 9.741296e-01 9.682763e-01 9.683982e-01 9.659612e-01 9.639495e-01 9.571593e-01 9.516444e-01 9.496732e-01 9.414548e-01 9.370550e-01 9.299417e-01 9.229355e-01 9.231590e-01 9.287044e-01 9.396057e-01 9.367645e-01 9.214529e-01 9.163650e-01 9.095774e-01 9.046320e-01 9.030467e-01 9.027379e-01 8.987808e-01 8.923483e-01 8.942657e-01 9.057983e-01 9.127440e-01 9.136256e-01 9.121095e-01 9.123127e-01 9.123633e-01 9.156079e-01 9.177161e-01 9.137008e-01 9.105120e-01 9.117702e-01 9.196931e-01 9.153328e-01 9.192187e-01 9.246137e-01 9.293507e-01 9.330527e-01 9.404064e-01 9.515520e-01 9.625505e-01 9.621721e-01 9.576508e-01 9.544868e-01 9.530666e-01 9.564125e-01 9.590149e-01 9.586297e-01 9.643725e-01 9.694066e-01 9.795676e-01 9.835964e-01 9.818767e-01 9.802866e-01 9.791383e-01 9.808589e-01 9.877797e-01 9.901784e-01 9.853028e-01 9.820306e-01 9.874370e-01 9.931557e-01 1.000006e+00 1.004128e+00 1.002999e+00 9.998316e-01 9.984679e-01 9.993461e-01 9.963963e-01 9.951658e-01 9.963433e-01 9.939444e-01 9.857436e-01 9.811792e-01 9.832653e-01 9.864309e-01 9.913551e-01 9.884734e-01 9.761221e-01 9.734106e-01 9.751942e-01 9.720665e-01 9.676078e-01 9.646862e-01 9.640509e-01 9.577447e-01 9.555738e-01 9.603016e-01 9.623864e-01 9.576797e-01 9.591377e-01 9.639907e-01 9.643774e-01 9.619268e-01 9.565910e-01 9.512059e-01 9.528247e-01 9.527843e-01 9.492643e-01 9.457017e-01 9.430312e-01 9.410704e-01 9.406645e-01 9.379787e-01 9.384050e-01 9.406596e-01 9.398370e-01 9.383223e-01 9.416808e-01 9.522458e-01 9.585555e-01 9.593208e-01 9.620466e-01 9.712721e-01 9.868518e-01 9.947591e-01 1.004353e+00 1.012024e+00 1.016805e+00 1.026212e+00 1.035169e+00 1.036461e+00 1.036996e+00 1.034500e+00 1.033001e+00 1.033244e+00 1.036485e+00 1.036353e+00 1.035272e+00 1.031726e+00 1.033326e+00 1.038109e+00 1.040324e+00 1.041454e+00 1.041355e+00 1.044009e+00 1.043600e+00 1.040154e+00 1.038974e+00 1.042514e+00 1.044546e+00 1.043619e+00 1.036385e+00 1.030951e+00 1.032428e+00 1.036326e+00 1.037942e+00 1.041669e+00 1.046829e+00 1.049002e+00 1.045000e+00 1.042529e+00 1.040662e+00 1.038291e+00 1.036932e+00 1.038427e+00 1.039229e+00 1.039437e+00 1.035728e+00 1.036730e+00 1.035741e+00 1.034104e+00 1.033342e+00 1.032795e+00 1.015536e+00 1.014126e+00 1.011086e+00 1.018954e+00 1.017146e+00 1.002887e+00 1.009428e+00 1.022674e+00 9.925916e-01 9.806553e-01
9.904628e-01 9.952211e-01 9.939908e-01 9.820710e-01 9.787123e-01 9.848539e-01 9.875609e-01 9.965907e-01 9.996859e-01 1.002932e+00 9.977217e-01 9.946116e-01 9.932014e-01 9.876840e-01 9.797178e-01 9.705251e-01 9.693000e-01 9.723525e-01 9.681123e-01 9.821385e-01 9.921163e-01 9.909904e-01 9.824247e-01 9.815063e-01 9.786115e-01 9.666179e-01 9.602168e-01 9.577576e-01 9.559337e-01 9.542836e-01 9.561091e-01 9.525352e-01 9.523491e-01 9.439510e-01 9.352464e-01 9.325355e-01 9.335247e-01 9.344712e-01 9.484919e-01 9.569590e-01 9.562105e-01 9.607050e-01 9.659622e-01 9.671967e-01 9.730156e-01 9.761569e-01 9.694300e-01 9.682547e-01 9.734879e-01 9.820803e-01 9.824041e-01 9.833603e-01 9.966459e-01 1.004436e+00 1.006567e+00 1.012186e+00 1.017017e+00 1.022506e+00 1.029368e+00 1.028602e+00 1.028100e+00 1.030641e+00 1.027891e+00 1.025689e+00 1.028510e+00 1.026844e+00 1.019520e+00 1.016313e+00 1.014944e+00 1.013104e+00 1.010856e+00 1.005639e+00 1.002062e+00 1.001442e+00 9.933010e-01 9.838992e-01 9.804351e-01 9.798704e-01 9.743258e-01 9.677715e-01 9.672943e-01 9.663050e-01 9.587262e-01 9.511244e-01 9.473023e-01 9.505536e-01 9.465818e-01 9.409515e-01 9.262003e-01 9.151459e-01 9.189256e-01 9.295843e-01 9.391177e-01 9.333253e-01 9.241733e-01 9.144356e-01 9.050679e-01 9.034255e-01 9.066792e-01 9.069933e-01 9.026954e-01 9.022799e-01 9.085165e-01 9.138612e-01 9.107172e-01 9.073640e-01 9.053443e-01 9.035872e-01 9.070987e-01 9.154773e-01 9.173854e-01 9.125149e-01 9.130746e-01 9.146701e-01 9.141279e-01 9.130080e-01 9.181895e-01 9.246048e-01 9.348303e-01 9.463587e-01 9.617788e-01 9.673357e-01 9.666941e-01 9.631026e-01 9.634728e-01 9.597746e-01 9.597906e-01 9.652086e-01 9.695319e-01 9.731833e-01 9.777844e-01 9.756206e-01 9.779899e-01 9.829950e-01 9.817183e-01 9.851400e-01 9.855951e-01 9.918316e-01 9.983804e-01 9.996291e-01 9.898745e-01 9.834492e-01 9.865588e-01 9.917775e-01 1.001531e+00 1.005879e+00 1.004400e+00 1.004241e+00 1.003877e+00 1.005756e+00 1.002239e+00 9.974174e-01 9.966928e-01 9.949508e-01 9.867068e-01 9.831401e-01 9.850432e-01 9.887289e-01 9.932206e-01 9.916347e-01 9.823992e-01 9.798604e-01 9.825851e-01 9.792179e-01 9.741315e-01 9.701945e-01 9.676777e-01 9.643106e-01 9.624940e-01 9.611361e-01 9.595383e-01 9.559647e-01 9.570816e-01 9.629453e-01 9.623656e-01 9.556265e-01 9.551770e-01 9.538022e-01 9.517252e-01 9.520960e-01 9.510305e-01 9.467313e-01 9.399787e-01 9.341137e-01 9.318291e-01 9.325082e-01 9.343442e-01 9.378089e-01 9.380329e-01 9.366517e-01 9.404266e-01 9.495273e-01 9.558606e-01 9.562076e-01 9.633475e-01 9.769019e-01 9.895715e-01 9.972416e-01 1.004209e+00 1.007238e+00 1.013344e+00 1.020868e+00 1.030232e+00 1.032882e+00 1.032159e+00 1.033007e+00 1.030774e+00 1.028907e+00 1.031672e+00 1.036478e+00 1.035858e+00 1.031397e+00 1.034609e+00 1.041033e+00 1.039638e+00 1.041055e+00 1.041956e+00 1.043122e+00 1.042237e+00 1.040848e+00 1.041335e+00 1.042444e+00 1.041554e+00 1.040946e+00 1.035609e+00 1.036124e+00 1.035810e+00 1.038834e+00 1.038672e+00 1.043978e+00 1.047247e+00 1.047206e+00 1.044886e+00 1.042398e+00 1.039021e+00 1.041066e+00 1.040381e+00 1.044496e+00 1.042001e+00 1.039745e+00 1.038167e+00 1.036746e+00 1.036045e+00 1.037435e+00 1.033683e+00 1.030254e+00 1.015231e+00 1.011991e+00 1.010371e+00 1.017009e+00 1.013711e+00 1.004423e+00 1.007550e+00 1.020646e+00 9.938273e-01 9.781902e-01
9.852937e-01 9.905030e-01 9.942014e-01 9.958528e-01 9.944248e-01 9.991118e-01 9.867255e-01 9.867171e-01 9.935263e-01 1.000336e+00 1.001978e+00 9.986698e-01 9.972829e-01 9.927551e-01 9.802759e-01 9.742666e-01 9.681523e-01 9.654881e-01 9.719089e-01 9.888215e-01 9.967247e-01 9.924457e-01 9.890261e-01 9.826239e-01 9.750131e-01 9.659748e-01 9.629669e-01 9.616402e-01 9.585035e-01 9.583406e-01 9.636835e-01 9.654245e-01 9.545901e-01 9.362751e-01 9.266587e-01 9.330685e-01 9.375380e-01 9.402043e-01 9.537718e-01 9.526828e-01 9.450075e-01 9.532864e-01 9.615212e-01 9.661947e-01 9.718158e-01 9.662793e-01 9.628236e-01 9.666032e-01 9.755188e-01 9.823411e-01 9.864286e-01 9.879174e-01 9.992698e-01 1.002784e+00 1.001887e+00 1.005296e+00 1.013967e+00 1.024345e+00 1.029095e+00 1.031494e+00 1.031580e+00 1.033211e+00 1.032065e+00 1.024755e+00 1.023247e+00 1.020696e+00 1.015583e+00 1.011655e+00 1.012887e+00 1.013393e+00 1.013013e+00 1.009024e+00 1.002722e+00 1.003190e+00 9.922692e-01 9.808519e-01 9.723724e-01 9.725166e-01 9.721602e-01 9.721985e-01 9.704643e-01 9.665049e-01 9.625531e-01 9.547508e-01 9.487348e-01 9.486722e-01 9.480488e-01 9.392422e-01 9.250686e-01 9.157878e-01 9.192188e-01 9.312752e-01 9.367087e-01 9.358715e-01 9.294309e-01 9.176508e-01 9.104551e-01 9.089448e-01 9.093350e-01 9.052971e-01 9.088204e-01 9.175205e-01 9.223799e-01 9.230596e-01 9.173839e-01 9.107487e-01 9.058157e-01 9.071575e-01 9.086412e-01 9.120592e-01 9.164420e-01 9.163051e-01 9.195248e-01 9.214171e-01 9.205754e-01 9.169867e-01 9.163476e-01 9.284258e-01 9.400079e-01 9.502528e-01 9.683197e-01 9.693729e-01 9.583575e-01 9.599795e-01 9.595242e-01 9.593920e-01 9.664867e-01 9.685519e-01 9.751026e-01 9.854909e-01 9.839196e-01 9.794924e-01 9.792637e-01 9.850224e-01 9.867576e-01 9.910423e-01 9.966254e-01 9.967994e-01 1.001108e+00 1.002687e+00 9.966266e-01 9.913964e-01 9.926354e-01 9.969454e-01 1.004069e+00 1.008557e+00 1.007617e+00 1.010210e+00 1.013179e+00 1.013470e+00 1.004249e+00 9.977667e-01 9.967014e-01 9.932566e-01 9.911782e-01 9.910702e-01 9.903302e-01 9.920684e-01 9.956213e-01 9.927875e-01 9.863560e-01 9.818234e-01 9.829145e-01 9.816391e-01 9.765491e-01 9.733300e-01 9.721964e-01 9.694955e-01 9.660493e-01 9.606399e-01 9.600332e-01 9.604979e-01 9.594169e-01 9.599704e-01 9.595293e-01 9.519101e-01 9.539788e-01 9.555745e-01 9.510826e-01 9.503860e-01 9.494305e-01 9.488156e-01 9.441872e-01 9.393270e-01 9.379314e-01 9.333298e-01 9.323127e-01 9.342080e-01 9.353691e-01 9.389374e-01 9.397591e-01 9.441313e-01 9.524848e-01 9.588051e-01 9.710064e-01 9.852769e-01 9.950922e-01 9.974985e-01 1.004547e+00 1.007488e+00 1.012563e+00 1.022107e+00 1.026947e+00 1.030064e+00 1.031135e+00 1.033351e+00 1.030396e+00 1.030666e+00 1.036706e+00 1.038302e+00 1.038264e+00 1.036917e+00 1.041412e+00 1.042176e+00 1.039624e+00 1.041736e+00 1.044675e+00 1.045605e+00 1.044227e+00 1.042043e+00 1.043065e+00 1.043035e+00 1.041104e+00 1.037339e+00 1.037159e+00 1.039342e+00 1.041801e+00 1.039753e+00 1.040979e+00 1.047429e+00 1.048214e+00 1.046703e+00 1.045935e+00 1.044910e+00 1.040198e+00 1.042451e+00 1.048179e+00 1.051231e+00 1.047532e+00 1.046258e+00 1.044616e+00 1.040255e+00 1.040693e+00 1.042440e+00 1.038560e+00 1.029705e+00 1.016706e+00 1.014847e+00 1.016980e+00 1.017968e+00 1.012306e+00 1.003140e+00 1.006883e+00 1.017475e+00 9.942665e-01 9.789111e-01
9.813690e-01 9.854817e-01 9.919659e-01 1.000335e+00 9.974858e-01 9.943327e-01 9.791987e-01 9.795557e-01 9.913614e-01 1.001945e+00 1.000638e+00 9.974078e-01 9.935887e-01 9.918805e-01 9.827331e-01 9.816731e-01 9.763630e-01 9.756897e-01 9.830182e-01 9.892566e-01 9.906992e-01 9.874164e-01 9.822817e-01 9.796265e-01 9.723307e-01 9.678835e-01 9.644510e-01 9.555059e-01 9.544395e-01 9.566179e-01 9.622328e-01 9.636022e-01 9.529659e-01 9.335198e-01 9.287289e-01 9.382674e-01 9.412473e-01 9.435152e-01 9.483398e-01 9.393606e-01 9.366711e-01 9.432847e-01 9.526621e-01 9.632114e-01 9.651455e-01 9.568592e-01 9.551169e-01 9.619682e-01 9.741060e-01 9.826289e-01 9.874114e-01 9.909260e-01 9.953494e-01 9.972548e-01 1.000489e+00 1.003667e+00 1.019077e+00 1.026070e+00 1.026557e+00 1.028898e+00 1.031725e+00 1.031829e+00 1.029599e+00 1.022562e+00 1.022638e+00 1.018648e+00 1.015079e+00 1.013006e+00 1.016383e+00 1.020005e+00 1.020911e+00 1.016345e+00 1.004852e+00 9.974319e-01 9.834010e-01 9.721084e-01 9.645138e-01 9.698077e-01 9.786514e-01 9.777568e-01 9.705805e-01 9.682204e-01 9.623014e-01 9.588165e-01 9.527805e-01 9.458354e-01 9.430045e-01 9.387288e-01 9.286597e-01 9.198230e-01 9.233555e-01 9.318081e-01 9.357744e-01 9.383897e-01 9.297187e-01 9.218290e-01 9.159710e-01 9.148222e-01 9.153607e-01 9.148344e-01 9.175709e-01 9.234787e-01 9.248347e-01 9.285230e-01 9.316365e-01 9.308144e-01 9.282491e-01 9.183118e-01 9.076290e-01 9.036635e-01 9.064295e-01 9.093100e-01 9.202189e-01 9.290204e-01 9.321016e-01 9.272960e-01 9.245404e-01 9.376256e-01 9.486545e-01 9.516294e-01 9.622402e-01 9.619697e-01 9.544918e-01 9.583805e-01 9.609362e-01 9.655262e-01 9.774039e-01 9.761454e-01 9.779036e-01 9.844863e-01 9.817116e-01 9.884484e-01 9.924118e-01 9.967515e-01 9.937846e-01 9.984095e-01 1.001092e+00 1.002654e+00 1.005517e+00 1.005793e+00 1.005901e+00 1.001639e+00 9.988210e-01 1.004613e+00 1.010400e+00 1.010823e+00 1.010829e+00 1.015614e+00 1.020094e+00 1.018279e+00 1.009435e+00 1.003719e+00 1.003410e+00 9.973035e-01 9.936382e-01 9.940593e-01 9.932078e-01 9.948783e-01 9.988244e-01 9.970146e-01 9.886607e-01 9.820116e-01 9.804178e-01 9.825777e-01 9.803194e-01 9.792028e-01 9.742334e-01 9.689932e-01 9.624015e-01 9.582234e-01 9.599513e-01 9.574285e-01 9.566108e-01 9.562209e-01 9.548778e-01 9.523630e-01 9.545034e-01 9.531150e-01 9.494148e-01 9.510137e-01 9.541244e-01 9.551823e-01 9.546848e-01 9.500515e-01 9.423116e-01 9.349408e-01 9.329728e-01 9.359643e-01 9.367272e-01 9.392465e-01 9.396316e-01 9.416970e-01 9.472505e-01 9.566470e-01 9.674658e-01 9.819959e-01 9.912336e-01 9.970343e-01 1.002672e+00 1.010661e+00 1.018374e+00 1.022931e+00 1.024325e+00 1.023445e+00 1.026144e+00 1.028802e+00 1.029656e+00 1.032420e+00 1.034689e+00 1.034192e+00 1.035048e+00 1.038945e+00 1.043388e+00 1.038747e+00 1.037860e+00 1.041530e+00 1.047339e+00 1.048408e+00 1.048575e+00 1.046992e+00 1.045404e+00 1.043195e+00 1.042814e+00 1.040200e+00 1.039383e+00 1.039620e+00 1.043685e+00 1.042998e+00 1.043497e+00 1.049394e+00 1.050456e+00 1.049729e+00 1.049220e+00 1.046881e+00 1.042684e+00 1.041555e+00 1.043306e+00 1.047068e+00 1.052037e+00 1.051684e+00 1.047126e+00 1.042173e+00 1.046020e+00 1.049413e+00 1.044786e+00 1.038164e+00 1.023898e+00 1.020753e+00 1.026000e+00 1.020271e+00 1.008964e+00 1.002259e+00 1.009150e+00 1.013683e+00 9.943292e-01 9.804072e-01
9.847879e-01 9.855806e-01 9.907126e-01 9.965833e-01 9.865053e-01 9.855711e-01 9.798704e-01 9.837357e-01 9.956964e-01 1.003035e+00 1.000634e+00 9.918386e-01 9.886532e-01 9.900070e-01 9.833088e-01 9.723266e-01 9.738860e-01 9.869990e-01 9.884145e-01 9.826697e-01 9.852959e-01 9.820426e-01 9.812203e-01 9.813260e-01 9.778043e-01 9.739968e-01 9.671597e-01 9.580208e-01 9.540152e-01 9.528181e-01 9.561535e-01 9.543396e-01 9.497315e-01 9.427224e-01 9.360330e-01 9.378617e-01 9.338628e-01 9.329091e-01 9.375110e-01 9.359945e-01 9.386719e-01 9.387140e-01 9.520080e-01 9.656184e-01 9.608002e-01 9.593894e-01 9.625708e-01 9.682657e-01 9.769189e-01 9.835998e-01 9.890734e-01 9.932230e-01 9.945852e-01 9.952582e-01 1.000370e+00 1.008094e+00 1.019323e+00 1.022651e+00 1.020147e+00 1.024050e+00 1.030639e+00 1.033974e+00 1.029433e+00 1.023822e+00 1.023693e+00 1.021655e+00 1.017120e+00 1.015211e+00 1.017399e+00 1.025879e+00 1.023386e+00 1.014487e+00 1.003807e+00 9.898302e-01 9.786109e-01 9.710621e-01 9.675282e-01 9.686289e-01 9.795579e-01 9.776663e-01 9.719671e-01 9.673414e-01 9.605998e-01 9.625562e-01 9.533359e-01 9.476036e-01 9.430464e-01 9.407547e-01 9.330767e-01 9.309852e-01 9.333735e-01 9.333475e-01 9.338118e-01 9.312699e-01 9.255863e-01 9.226099e-01 9.228985e-01 9.239066e-01 9.228875e-01 9.210383e-01 9.197394e-01 9.240500e-01 9.275600e-01 9.316083e-01 9.328641e-01 9.372529e-01 9.383639e-01 9.274105e-01 9.136503e-01 9.041218e-01 9.031045e-01 9.029632e-01 9.115550e-01 9.248529e-01 9.369670e-01 9.389857e-01 9.388839e-01 9.477325e-01 9.522953e-01 9.503685e-01 9.576161e-01 9.591240e-01 9.545735e-01 9.583910e-01 9.678013e-01 9.765965e-01 9.871149e-01 9.910786e-01 9.958100e-01 9.916860e-01 9.811864e-01 9.953905e-01 9.998452e-01 9.974526e-01 9.993590e-01 1.004130e+00 1.003962e+00 9.979396e-01 1.003687e+00 1.006786e+00 1.010153e+00 1.009627e+00 1.009231e+00 1.013480e+00 1.018247e+00 1.016056e+00 1.016214e+00 1.021428e+00 1.023796e+00 1.019915e+00 1.013292e+00 1.008766e+00 1.008938e+00 1.007219e+00 1.002716e+00 1.002217e+00 1.003071e+00 1.001836e+00 1.001635e+00 9.980978e-01 9.883648e-01 9.812766e-01 9.852356e-01 9.861429e-01 9.842173e-01 9.823647e-01 9.736590e-01 9.656590e-01 9.574630e-01 9.537075e-01 9.586603e-01 9.568877e-01 9.524867e-01 9.495892e-01 9.506430e-01 9.552231e-01 9.544129e-01 9.509025e-01 9.476176e-01 9.489840e-01 9.507925e-01 9.516683e-01 9.547471e-01 9.514661e-01 9.430571e-01 9.405657e-01 9.376169e-01 9.410229e-01 9.389783e-01 9.422374e-01 9.399039e-01 9.403633e-01 9.465779e-01 9.537122e-01 9.650314e-01 9.766876e-01 9.869092e-01 9.946079e-01 9.995890e-01 1.010895e+00 1.017864e+00 1.021150e+00 1.022129e+00 1.019368e+00 1.020475e+00 1.023641e+00 1.029487e+00 1.031884e+00 1.030210e+00 1.030002e+00 1.032763e+00 1.036370e+00 1.040642e+00 1.038984e+00 1.036382e+00 1.038998e+00 1.044225e+00 1.046122e+00 1.049228e+00 1.050442e+00 1.047739e+00 1.043246e+00 1.044031e+00 1.043725e+00 1.039746e+00 1.042151e+00 1.047689e+00 1.049125e+00 1.048457e+00 1.050953e+00 1.051730e+00 1.048993e+00 1.050178e+00 1.049033e+00 1.045637e+00 1.043676e+00 1.042799e+00 1.042595e+00 1.051011e+00 1.054611e+00 1.048644e+00 1.042825e+00 1.048285e+00 1.048812e+00 1.045005e+00 1.043113e+00 1.031575e+00 1.025195e+00 1.028726e+00 1.024232e+00 1.008386e+00 1.002244e+00 1.012826e+00 1.010771e+00 9.918243e-01 9.844860e-01
9.887678e-01 9.888781e-01 9.929339e-01 9.907249e-01 9.816285e-01 9.878218e-01 9.911723e-01 9.915684e-01 9.920747e-01 9.981816e-01 9.954588e-01 9.938031e-01 9.908392e-01 9.913971e-01 9.796056e-01 9.671605e-01 9.734635e-01 9.882329e-01 9.929754e-01 9.859111e-01 9.855269e-01 9.812868e-01 9.839022e-01 9.827478e-01 9.795101e-01 9.780195e-01 9.731313e-01 9.612896e-01 9.577996e-01 9.585057e-01 9.557923e-01 9.443890e-01 9.427479e-01 9.483343e-01 9.447895e-01 9.410106e-01 9.330557e-01 9.290586e-01 9.375386e-01 9.437671e-01 9.431292e-01 9.453728e-01 9.566960e-01 9.645913e-01 9.613782e-01 9.669208e-01 9.759107e-01 9.820953e-01 9.898417e-01 9.934798e-01 9.942473e-01 9.979485e-01 9.970291e-01 9.966077e-01 1.004243e+00 1.012624e+00 1.017007e+00 1.020179e+00 1.025365e+00 1.028575e+00 1.029782e+00 1.028268e+00 1.026092e+00 1.020213e+00 1.017943e+00 1.020098e+00 1.019573e+00 1.016437e+00 1.018107e+00 1.019815e+00 1.016834e+00 1.010228e+00 1.000316e+00 9.917488e-01 9.855419e-01 9.803981e-01 9.737644e-01 9.749755e-01 9.803656e-01 9.796816e-01 9.725387e-01 9.648140e-01 9.607762e-01 9.603091e-01 9.503210e-01 9.485142e-01 9.432695e-01 9.411283e-01 9.434181e-01 9.467183e-01 9.479002e-01 9.445804e-01 9.434966e-01 9.336976e-01 9.262562e-01 9.245200e-01 9.254260e-01 9.247940e-01 9.249468e-01 9.262075e-01 9.198414e-01 9.208126e-01 9.272187e-01 9.314615e-01 9.306982e-01 9.397869e-01 9.370589e-01 9.321386e-01 9.233202e-01 9.119880e-01 9.108949e-01 9.102527e-01 9.133170e-01 9.209334e-01 9.377196e-01 9.437414e-01 9.442816e-01 9.508011e-01 9.492899e-01 9.492444e-01 9.532894e-01 9.570421e-01 9.554168e-01 9.619220e-01 9.717583e-01 9.770577e-01 9.852016e-01 9.951499e-01 9.949087e-01 9.840651e-01 9.827228e-01 9.950858e-01 9.970841e-01 9.983144e-01 1.001935e+00 1.008657e+00 1.012277e+00 1.003541e+00 1.007073e+00 1.009687e+00 1.011762e+00 1.011342e+00 1.012770e+00 1.012322e+00 1.015779e+00 1.021208e+00 1.023242e+00 1.025007e+00 1.021949e+00 1.020636e+00 1.018601e+00 1.011253e+00 1.010390e+00 1.010115e+00 1.004381e+00 1.005377e+00 1.006169e+00 1.005493e+00 1.002084e+00 9.965708e-01 9.871330e-01 9.825045e-01 9.854899e-01 9.869621e-01 9.849871e-01 9.786909e-01 9.717926e-01 9.655942e-01 9.605482e-01 9.595899e-01 9.602779e-01 9.571806e-01 9.528026e-01 9.503995e-01 9.576782e-01 9.610197e-01 9.555776e-01 9.525585e-01 9.451963e-01 9.433953e-01 9.462265e-01 9.485040e-01 9.497876e-01 9.485210e-01 9.453297e-01 9.422376e-01 9.403812e-01 9.395210e-01 9.374002e-01 9.394855e-01 9.437379e-01 9.492599e-01 9.523355e-01 9.585593e-01 9.668129e-01 9.756081e-01 9.848418e-01 9.894764e-01 9.957592e-01 1.004101e+00 1.012438e+00 1.016171e+00 1.017369e+00 1.017440e+00 1.016410e+00 1.020139e+00 1.027159e+00 1.027650e+00 1.027148e+00 1.026377e+00 1.029881e+00 1.032566e+00 1.038033e+00 1.036677e+00 1.035756e+00 1.036769e+00 1.039238e+00 1.041735e+00 1.045469e+00 1.047626e+00 1.046002e+00 1.043523e+00 1.042903e+00 1.044094e+00 1.042662e+00 1.043989e+00 1.051266e+00 1.053166e+00 1.051957e+00 1.051258e+00 1.049989e+00 1.050329e+00 1.052167e+00 1.050223e+00 1.050469e+00 1.048098e+00 1.045969e+00 1.044142e+00 1.051427e+00 1.056337e+00 1.051070e+00 1.043459e+00 1.045930e+00 1.046632e+00 1.044074e+00 1.042658e+00 1.031432e+00 1.026065e+00 1.028601e+00 1.025937e+00 1.010005e+00 1.001696e+00 1.013437e+00 1.007199e+00 9.906052e-01 9.859607e-01
9.850262e-01 9.921590e-01 9.930537e-01 9.891908e-01 9.844658e-01 9.924257e-01 9.922749e-01 9.868792e-01 9.909104e-01 1.001239e+00 1.002470e+00 1.000215e+00 9.988803e-01 9.917859e-01 9.802580e-01 9.738249e-01 9.758965e-01 9.837198e-01 9.874806e-01 9.839691e-01 9.813607e-01 9.787146e-01 9.732398e-01 9.736009e-01 9.699562e-01 9.761738e-01 9.776846e-01 9.683008e-01 9.678675e-01 9.661311e-01 9.553424e-01 9.426258e-01 9.384313e-01 9.412614e-01 9.487753e-01 9.484330e-01 9.447804e-01 9.407951e-01 9.441930e-01 9.449922e-01 9.449378e-01 9.534867e-01 9.584168e-01 9.594282e-01 9.589434e-01 9.693196e-01 9.833572e-01 9.889327e-01 9.909091e-01 9.968973e-01 9.996490e-01 1.002848e+00 9.969082e-01 9.961250e-01 1.004312e+00 1.008383e+00 1.012078e+00 1.021345e+00 1.028130e+00 1.029541e+00 1.028350e+00 1.025424e+00 1.023881e+00 1.017427e+00 1.012296e+00 1.017952e+00 1.023669e+00 1.020940e+00 1.019132e+00 1.014351e+00 1.005871e+00 1.007990e+00 1.007105e+00 9.957104e-01 9.876038e-01 9.861311e-01 9.820916e-01 9.799263e-01 9.785624e-01 9.800677e-01 9.723036e-01 9.650331e-01 9.653698e-01 9.578948e-01 9.495468e-01 9.464090e-01 9.468957e-01 9.510265e-01 9.489815e-01 9.525792e-01 9.531456e-01 9.514729e-01 9.479594e-01 9.422199e-01 9.356204e-01 9.296303e-01 9.273419e-01 9.260546e-01 9.284821e-01 9.355271e-01 9.327065e-01 9.243429e-01 9.226206e-01 9.225461e-01 9.274258e-01 9.420723e-01 9.414116e-01 9.377923e-01 9.325187e-01 9.289238e-01 9.222596e-01 9.172478e-01 9.182543e-01 9.245083e-01 9.325823e-01 9.417191e-01 9.439067e-01 9.524368e-01 9.561772e-01 9.548508e-01 9.550491e-01 9.639708e-01 9.758835e-01 9.779939e-01 9.826127e-01 9.796150e-01 9.887255e-01 9.911790e-01 9.844507e-01 9.796861e-01 9.901530e-01 9.965793e-01 1.000441e+00 1.005386e+00 1.006643e+00 1.010223e+00 1.014439e+00 1.012299e+00 1.010442e+00 1.012402e+00 1.014692e+00 1.013818e+00 1.012741e+00 1.010627e+00 1.012438e+00 1.022598e+00 1.025519e+00 1.023447e+00 1.021148e+00 1.021601e+00 1.020210e+00 1.020062e+00 1.021318e+00 1.015284e+00 1.007155e+00 1.006062e+00 1.006213e+00 1.002834e+00 9.971900e-01 9.955320e-01 9.938591e-01 9.902706e-01 9.895491e-01 9.866013e-01 9.791256e-01 9.725232e-01 9.684296e-01 9.660299e-01 9.659182e-01 9.661008e-01 9.613006e-01 9.571123e-01 9.561165e-01 9.556374e-01 9.597286e-01 9.623498e-01 9.600008e-01 9.576638e-01 9.505228e-01 9.500215e-01 9.509366e-01 9.513785e-01 9.517258e-01 9.489159e-01 9.454976e-01 9.446205e-01 9.418967e-01 9.396007e-01 9.381209e-01 9.398724e-01 9.462579e-01 9.515918e-01 9.536591e-01 9.576372e-01 9.612091e-01 9.735492e-01 9.803966e-01 9.851420e-01 9.895017e-01 9.963077e-01 1.006140e+00 1.009922e+00 1.012173e+00 1.013742e+00 1.014617e+00 1.015280e+00 1.017585e+00 1.018356e+00 1.021932e+00 1.025534e+00 1.029990e+00 1.032172e+00 1.032240e+00 1.032584e+00 1.033351e+00 1.033459e+00 1.035700e+00 1.039268e+00 1.040585e+00 1.043934e+00 1.046581e+00 1.044537e+00 1.043964e+00 1.045126e+00 1.043974e+00 1.045951e+00 1.050378e+00 1.051698e+00 1.052028e+00 1.050267e+00 1.050784e+00 1.052199e+00 1.053541e+00 1.052483e+00 1.055442e+00 1.054529e+00 1.048516e+00 1.045204e+00 1.047750e+00 1.049116e+00 1.046845e+00 1.045271e+00 1.046782e+00 1.049115e+00 1.046675e+00 1.043086e+00 1.032465e+00 1.029315e+00 1.031798e+00 1.023899e+00 1.009724e+00 9.991188e-01 1.012274e+00 1.004040e+00 9.877681e-01 9.846096e-01
9.785073e-01 9.846404e-01 9.903507e-01 9.913761e-01 9.886830e-01 9.937279e-01 9.923641e-01 9.883806e-01 9.957650e-01 1.000904e+00 1.001339e+00 1.006470e+00 1.004694e+00 9.954062e-01 9.863762e-01 9.807836e-01 9.780971e-01 9.784260e-01 9.838724e-01 9.840389e-01 9.806365e-01 9.741020e-01 9.674459e-01 9.668381e-01 9.682353e-01 9.719566e-01 9.725778e-01 9.703217e-01 9.723555e-01 9.662007e-01 9.524541e-01 9.408208e-01 9.382876e-01 9.354960e-01 9.383768e-01 9.500256e-01 9.522920e-01 9.474120e-01 9.526155e-01 9.554669e-01 9.573020e-01 9.632420e-01 9.591482e-01 9.583959e-01 9.641121e-01 9.751926e-01 9.886659e-01 9.905685e-01 9.852490e-01 9.934340e-01 1.002166e+00 1.005673e+00 1.003836e+00 1.003501e+00 1.001577e+00 1.001080e+00 1.006362e+00 1.017657e+00 1.023327e+00 1.026535e+00 1.025524e+00 1.022211e+00 1.021485e+00 1.017232e+00 1.014071e+00 1.019725e+00 1.025274e+00 1.023592e+00 1.024407e+00 1.018704e+00 1.010697e+00 1.013070e+00 1.009670e+00 9.941586e-01 9.862243e-01 9.873512e-01 9.860626e-01 9.724211e-01 9.648779e-01 9.726458e-01 9.755129e-01 9.753391e-01 9.653896e-01 9.520888e-01 9.442582e-01 9.495584e-01 9.585000e-01 9.592009e-01 9.541420e-01 9.535672e-01 9.539325e-01 9.559614e-01 9.538499e-01 9.500531e-01 9.429563e-01 9.355010e-01 9.318788e-01 9.308223e-01 9.305055e-01 9.364094e-01 9.410927e-01 9.322042e-01 9.193078e-01 9.179741e-01 9.285125e-01 9.381068e-01 9.401265e-01 9.370345e-01 9.376791e-01 9.353608e-01 9.257054e-01 9.177153e-01 9.256053e-01 9.318938e-01 9.376146e-01 9.449235e-01 9.510474e-01 9.569354e-01 9.598839e-01 9.557897e-01 9.576385e-01 9.735619e-01 9.908110e-01 9.912307e-01 9.896880e-01 9.890803e-01 9.946535e-01 9.923990e-01 9.841211e-01 9.878881e-01 9.922041e-01 9.975970e-01 1.005824e+00 1.008863e+00 1.013230e+00 1.013395e+00 1.013812e+00 1.009819e+00 1.014760e+00 1.017172e+00 1.018483e+00 1.017118e+00 1.016337e+00 1.013680e+00 1.013803e+00 1.017292e+00 1.022747e+00 1.023778e+00 1.023630e+00 1.021830e+00 1.019122e+00 1.023473e+00 1.027243e+00 1.022131e+00 1.014158e+00 1.010106e+00 1.007380e+00 1.003656e+00 1.000597e+00 9.987662e-01 9.990700e-01 9.983076e-01 9.969078e-01 9.904252e-01 9.824740e-01 9.749264e-01 9.760012e-01 9.757483e-01 9.727887e-01 9.678828e-01 9.634488e-01 9.611397e-01 9.626517e-01 9.635312e-01 9.597038e-01 9.594753e-01 9.629263e-01 9.635465e-01 9.632183e-01 9.600686e-01 9.563398e-01 9.538101e-01 9.505128e-01 9.429271e-01 9.405212e-01 9.408134e-01 9.409899e-01 9.380577e-01 9.376317e-01 9.379395e-01 9.431975e-01 9.500430e-01 9.495386e-01 9.486477e-01 9.548389e-01 9.647866e-01 9.728313e-01 9.801589e-01 9.866828e-01 9.956583e-01 1.002645e+00 1.004307e+00 1.004891e+00 1.008151e+00 1.011589e+00 1.012533e+00 1.015625e+00 1.016294e+00 1.018797e+00 1.022706e+00 1.029056e+00 1.031249e+00 1.029184e+00 1.027786e+00 1.029844e+00 1.032306e+00 1.036241e+00 1.038999e+00 1.040382e+00 1.044597e+00 1.046903e+00 1.043093e+00 1.044160e+00 1.046054e+00 1.046478e+00 1.049193e+00 1.050383e+00 1.049568e+00 1.049065e+00 1.049343e+00 1.051429e+00 1.051574e+00 1.052029e+00 1.053566e+00 1.057227e+00 1.056738e+00 1.053166e+00 1.049702e+00 1.046521e+00 1.042462e+00 1.040728e+00 1.046209e+00 1.053044e+00 1.052435e+00 1.048202e+00 1.044793e+00 1.034281e+00 1.033872e+00 1.035118e+00 1.023500e+00 1.010661e+00 9.962305e-01 1.009595e+00 1.000269e+00 9.862390e-01 9.800588e-01
9.769208e-01 9.800051e-01 9.917244e-01 9.924165e-01 9.944087e-01 9.959893e-01 9.915531e-01 9.932848e-01 9.960977e-01 9.963770e-01 9.965825e-01 9.993996e-01 1.001582e+00 1.002937e+00 1.003747e+00 9.925008e-01 9.823765e-01 9.767638e-01 9.821762e-01 9.856508e-01 9.844318e-01 9.772728e-01 9.726556e-01 9.704226e-01 9.723498e-01 9.742272e-01 9.688699e-01 9.687821e-01 9.688952e-01 9.609819e-01 9.531664e-01 9.499394e-01 9.487001e-01 9.426288e-01 9.414939e-01 9.467245e-01 9.496936e-01 9.492427e-01 9.592232e-01 9.673942e-01 9.672207e-01 9.629157e-01 9.563038e-01 9.551587e-01 9.700705e-01 9.811365e-01 9.880475e-01 9.894458e-01 9.860488e-01 9.948044e-01 1.002874e+00 1.004300e+00 1.006005e+00 1.004202e+00 1.000330e+00 1.002352e+00 1.011081e+00 1.017727e+00 1.021963e+00 1.025090e+00 1.026892e+00 1.021942e+00 1.020728e+00 1.019482e+00 1.019500e+00 1.019785e+00 1.025805e+00 1.026634e+00 1.027916e+00 1.025360e+00 1.018928e+00 1.012084e+00 1.006187e+00 9.873598e-01 9.766291e-01 9.877350e-01 9.862664e-01 9.741768e-01 9.701724e-01 9.825731e-01 9.860097e-01 9.807374e-01 9.666895e-01 9.564119e-01 9.506224e-01 9.554266e-01 9.606611e-01 9.579848e-01 9.535593e-01 9.507382e-01 9.531666e-01 9.567631e-01 9.550886e-01 9.508333e-01 9.451802e-01 9.380282e-01 9.359927e-01 9.344451e-01 9.337239e-01 9.361844e-01 9.371942e-01 9.323525e-01 9.227761e-01 9.224321e-01 9.315082e-01 9.344012e-01 9.295662e-01 9.277562e-01 9.351357e-01 9.388600e-01 9.338810e-01 9.253022e-01 9.347733e-01 9.402100e-01 9.442880e-01 9.458532e-01 9.525754e-01 9.584748e-01 9.589015e-01 9.555043e-01 9.626408e-01 9.742222e-01 9.900845e-01 9.985000e-01 1.002833e+00 9.987317e-01 9.956660e-01 9.906959e-01 9.913740e-01 9.899948e-01 9.900976e-01 1.000226e+00 1.009402e+00 1.012492e+00 1.019735e+00 1.020188e+00 1.013198e+00 1.008549e+00 1.014163e+00 1.016769e+00 1.015685e+00 1.017351e+00 1.021232e+00 1.021445e+00 1.021549e+00 1.020552e+00 1.023519e+00 1.030356e+00 1.032784e+00 1.027142e+00 1.022326e+00 1.021690e+00 1.023628e+00 1.021650e+00 1.015134e+00 1.010717e+00 1.008428e+00 1.010865e+00 1.011639e+00 1.009893e+00 1.010546e+00 1.005962e+00 1.000257e+00 9.979695e-01 9.879894e-01 9.781595e-01 9.781789e-01 9.762396e-01 9.732751e-01 9.717440e-01 9.691776e-01 9.683664e-01 9.662305e-01 9.676861e-01 9.660469e-01 9.639639e-01 9.683719e-01 9.701554e-01 9.713000e-01 9.641708e-01 9.577949e-01 9.546255e-01 9.465276e-01 9.418207e-01 9.412472e-01 9.416524e-01 9.391651e-01 9.339955e-01 9.338415e-01 9.328852e-01 9.374989e-01 9.434320e-01 9.403963e-01 9.404591e-01 9.489739e-01 9.569454e-01 9.617524e-01 9.704960e-01 9.870650e-01 1.000525e+00 1.001724e+00 1.003396e+00 9.996028e-01 1.004768e+00 1.010916e+00 1.014223e+00 1.018091e+00 1.018597e+00 1.020835e+00 1.025408e+00 1.031742e+00 1.033060e+00 1.029090e+00 1.026643e+00 1.029071e+00 1.032620e+00 1.037701e+00 1.042740e+00 1.046338e+00 1.048077e+00 1.046992e+00 1.045765e+00 1.047127e+00 1.045510e+00 1.045980e+00 1.050475e+00 1.049778e+00 1.048536e+00 1.050946e+00 1.052386e+00 1.053458e+00 1.052899e+00 1.054580e+00 1.055252e+00 1.054821e+00 1.054821e+00 1.054550e+00 1.052494e+00 1.049485e+00 1.045933e+00 1.044691e+00 1.051064e+00 1.057447e+00 1.058201e+00 1.054162e+00 1.045053e+00 1.035356e+00 1.033129e+00 1.034844e+00 1.025904e+00 1.016976e+00 9.992471e-01 1.010355e+00 1.004811e+00 9.885518e-01 9.787480e-01
9.752201e-01 9.807788e-01 9.925285e-01 9.967738e-01 9.988952e-01 9.993721e-01 9.912982e-01 9.946587e-01 9.949923e-01 9.932504e-01 9.913985e-01 9.999417e-01 1.001830e+00 1.006185e+00 1.007932e+00 9.963785e-01 9.870208e-01 9.805334e-01 9.844128e-01 9.883487e-01 9.857463e-01 9.801845e-01 9.761641e-01 9.697909e-01 9.718985e-01 9.778838e-01 9.733087e-01 9.699259e-01 9.710043e-01 9.614840e-01 9.533669e-01 9.525402e-01 9.441625e-01 9.438035e-01 9.465921e-01 9.428245e-01 9.455105e-01 9.579785e-01 9.645602e-01 9.693228e-01 9.682294e-01 9.604507e-01 9.569244e-01 9.574969e-01 9.691272e-01 9.780116e-01 9.838598e-01 9.882127e-01 9.904847e-01 9.972607e-01 1.001374e+00 1.001770e+00 1.004785e+00 1.004956e+00 1.002964e+00 1.008112e+00 1.016330e+00 1.016687e+00 1.018825e+00 1.026060e+00 1.029726e+00 1.027601e+00 1.026840e+00 1.022513e+00 1.019477e+00 1.018451e+00 1.022610e+00 1.022949e+00 1.020984e+00 1.017390e+00 1.011358e+00 1.012494e+00 1.011117e+00 9.931669e-01 9.874573e-01 9.917228e-01 9.842467e-01 9.741781e-01 9.829550e-01 9.867852e-01 9.866008e-01 9.772845e-01 9.703254e-01 9.684256e-01 9.595187e-01 9.558721e-01 9.556389e-01 9.611548e-01 9.616796e-01 9.569360e-01 9.576599e-01 9.585541e-01 9.520574e-01 9.469096e-01 9.489180e-01 9.461856e-01 9.414606e-01 9.366902e-01 9.340621e-01 9.336308e-01 9.301020e-01 9.247959e-01 9.215775e-01 9.210729e-01 9.319139e-01 9.373826e-01 9.305262e-01 9.303901e-01 9.365830e-01 9.387349e-01 9.371001e-01 9.359230e-01 9.428082e-01 9.473679e-01 9.472202e-01 9.490930e-01 9.487032e-01 9.579862e-01 9.642153e-01 9.676355e-01 9.768252e-01 9.789786e-01 9.904971e-01 1.002569e+00 1.008290e+00 1.000419e+00 9.903198e-01 9.867687e-01 9.954484e-01 9.947852e-01 9.993560e-01 1.009867e+00 1.018502e+00 1.019130e+00 1.019573e+00 1.021482e+00 1.014483e+00 1.010852e+00 1.012979e+00 1.014040e+00 1.014559e+00 1.018518e+00 1.022119e+00 1.023811e+00 1.025428e+00 1.021876e+00 1.025934e+00 1.032875e+00 1.035928e+00 1.031441e+00 1.024401e+00 1.021872e+00 1.023442e+00 1.025253e+00 1.021539e+00 1.016942e+00 1.013482e+00 1.013903e+00 1.015930e+00 1.016981e+00 1.012978e+00 1.005048e+00 1.001808e+00 9.981220e-01 9.867383e-01 9.759657e-01 9.760416e-01 9.722337e-01 9.691168e-01 9.701341e-01 9.720231e-01 9.708375e-01 9.675496e-01 9.674689e-01 9.728526e-01 9.708288e-01 9.720734e-01 9.750358e-01 9.691556e-01 9.637781e-01 9.583063e-01 9.541826e-01 9.466053e-01 9.424011e-01 9.438433e-01 9.457879e-01 9.396128e-01 9.308814e-01 9.282969e-01 9.283042e-01 9.333750e-01 9.378141e-01 9.366528e-01 9.373024e-01 9.435307e-01 9.483277e-01 9.556677e-01 9.676799e-01 9.858760e-01 9.957091e-01 9.977837e-01 1.000288e+00 1.001856e+00 1.004545e+00 1.010183e+00 1.014972e+00 1.018795e+00 1.020088e+00 1.024297e+00 1.028524e+00 1.032975e+00 1.034910e+00 1.034216e+00 1.032818e+00 1.033195e+00 1.033035e+00 1.035701e+00 1.042446e+00 1.048176e+00 1.050170e+00 1.051707e+00 1.049095e+00 1.046461e+00 1.042858e+00 1.045919e+00 1.050907e+00 1.051049e+00 1.051487e+00 1.052806e+00 1.053179e+00 1.054814e+00 1.054607e+00 1.056769e+00 1.057324e+00 1.056321e+00 1.055903e+00 1.054583e+00 1.055179e+00 1.052975e+00 1.054485e+00 1.052578e+00 1.049313e+00 1.054301e+00 1.057348e+00 1.056587e+00 1.049355e+00 1.036358e+00 1.033288e+00 1.037778e+00 1.031610e+00 1.020481e+00 1.000902e+00 1.013859e+00 1.017105e+00 9.937168e-01 9.821244e-01
9.762460e-01 9.853576e-01 9.938443e-01 9.985324e-01 1.003723e+00 1.001730e+00 9.911222e-01 9.919968e-01 9.923685e-01 9.975936e-01 9.974552e-01 1.001386e+00 1.002538e+00 9.990246e-01 9.936231e-01 9.871712e-01 9.843299e-01 9.829401e-01 9.817640e-01 9.812073e-01 9.852964e-01 9.864182e-01 9.835776e-01 9.795113e-01 9.800617e-01 9.832553e-01 9.792616e-01 9.707459e-01 9.699697e-01 9.628075e-01 9.529940e-01 9.452262e-01 9.412458e-01 9.503949e-01 9.535016e-01 9.494067e-01 9.519608e-01 9.669160e-01 9.730021e-01 9.712725e-01 9.723538e-01 9.672759e-01 9.661422e-01 9.677271e-01 9.724470e-01 9.769874e-01 9.833347e-01 9.942061e-01 9.996619e-01 1.000165e+00 1.001369e+00 1.000381e+00 1.001356e+00 1.000071e+00 1.002617e+00 1.012364e+00 1.017443e+00 1.015773e+00 1.018558e+00 1.027094e+00 1.032887e+00 1.032974e+00 1.032335e+00 1.027612e+00 1.019678e+00 1.014862e+00 1.017541e+00 1.019733e+00 1.016737e+00 1.017256e+00 1.018195e+00 1.017797e+00 1.009403e+00 9.963643e-01 9.972278e-01 9.906327e-01 9.787558e-01 9.803448e-01 9.875876e-01 9.866707e-01 9.804577e-01 9.747641e-01 9.775792e-01 9.778600e-01 9.711123e-01 9.634172e-01 9.644922e-01 9.695204e-01 9.723442e-01 9.726359e-01 9.704962e-01 9.668581e-01 9.576026e-01 9.484869e-01 9.472608e-01 9.495052e-01 9.445881e-01 9.404859e-01 9.351347e-01 9.310102e-01 9.255254e-01 9.173325e-01 9.156266e-01 9.198539e-01 9.312129e-01 9.450792e-01 9.452786e-01 9.474012e-01 9.526948e-01 9.437108e-01 9.375078e-01 9.386187e-01 9.420116e-01 9.465292e-01 9.529558e-01 9.565771e-01 9.549868e-01 9.617150e-01 9.664718e-01 9.749562e-01 9.829295e-01 9.875019e-01 9.959028e-01 1.005696e+00 1.005721e+00 1.001029e+00 9.945902e-01 9.881216e-01 9.981270e-01 1.008242e+00 1.015165e+00 1.019450e+00 1.025577e+00 1.023802e+00 1.017380e+00 1.018437e+00 1.017084e+00 1.014489e+00 1.014812e+00 1.016441e+00 1.019741e+00 1.020177e+00 1.020439e+00 1.022503e+00 1.026932e+00 1.028405e+00 1.031293e+00 1.033833e+00 1.033295e+00 1.030621e+00 1.024927e+00 1.022376e+00 1.026135e+00 1.027716e+00 1.028784e+00 1.024477e+00 1.020457e+00 1.015509e+00 1.017668e+00 1.019899e+00 1.013553e+00 1.008887e+00 1.010391e+00 1.002086e+00 9.899885e-01 9.816301e-01 9.822709e-01 9.804874e-01 9.738594e-01 9.730360e-01 9.729220e-01 9.698136e-01 9.636052e-01 9.693774e-01 9.803780e-01 9.801190e-01 9.779949e-01 9.695856e-01 9.579741e-01 9.558713e-01 9.563913e-01 9.532689e-01 9.483307e-01 9.491158e-01 9.501410e-01 9.477392e-01 9.384949e-01 9.288660e-01 9.283893e-01 9.288751e-01 9.347300e-01 9.369599e-01 9.373261e-01 9.386316e-01 9.431482e-01 9.482149e-01 9.600219e-01 9.776509e-01 9.871390e-01 9.942433e-01 9.969076e-01 9.977553e-01 1.001809e+00 1.006264e+00 1.010011e+00 1.013664e+00 1.015615e+00 1.020567e+00 1.028016e+00 1.031131e+00 1.034082e+00 1.036739e+00 1.036460e+00 1.035166e+00 1.033779e+00 1.032666e+00 1.036654e+00 1.042221e+00 1.046859e+00 1.051576e+00 1.054600e+00 1.050799e+00 1.046601e+00 1.046288e+00 1.051690e+00 1.052733e+00 1.052341e+00 1.055405e+00 1.057670e+00 1.058492e+00 1.057377e+00 1.054730e+00 1.054055e+00 1.057397e+00 1.058004e+00 1.057667e+00 1.055915e+00 1.056922e+00 1.056102e+00 1.057169e+00 1.056739e+00 1.051413e+00 1.053782e+00 1.057554e+00 1.057305e+00 1.051673e+00 1.038431e+00 1.038622e+00 1.045214e+00 1.038563e+00 1.022376e+00 1.006595e+00 1.017554e+00 1.023023e+00 9.972742e-01 9.852554e-01
9.789360e-01 9.883851e-01 9.914234e-01 9.934518e-01 9.975935e-01 9.984819e-01 9.917946e-01 9.946734e-01 9.985963e-01 1.006241e+00 1.004893e+00 1.000764e+00 9.990007e-01 9.966148e-01 9.914414e-01 9.886138e-01 9.884914e-01 9.794441e-01 9.745702e-01 9.794909e-01 9.890496e-01 9.898488e-01 9.850641e-01 9.840157e-01 9.893714e-01 9.867728e-01 9.849880e-01 9.793974e-01 9.718425e-01 9.605958e-01 9.474255e-01 9.404857e-01 9.457245e-01 9.562092e-01 9.604504e-01 9.632015e-01 9.668735e-01 9.769289e-01 9.765559e-01 9.716021e-01 9.721338e-01 9.710741e-01 9.667245e-01 9.624459e-01 9.673595e-01 9.776792e-01 9.873106e-01 9.995148e-01 1.001927e+00 9.968643e-01 1.001023e+00 1.001268e+00 1.001512e+00 1.001889e+00 1.005698e+00 1.013275e+00 1.015453e+00 1.017021e+00 1.019880e+00 1.025997e+00 1.032232e+00 1.035763e+00 1.033340e+00 1.028717e+00 1.017788e+00 1.009330e+00 1.013268e+00 1.023058e+00 1.024401e+00 1.022608e+00 1.022845e+00 1.015310e+00 1.005746e+00 9.980876e-01 9.978736e-01 9.882945e-01 9.801093e-01 9.849891e-01 9.926466e-01 9.962508e-01 9.837717e-01 9.786190e-01 9.831229e-01 9.822224e-01 9.785486e-01 9.705818e-01 9.698983e-01 9.694635e-01 9.777408e-01 9.805943e-01 9.776828e-01 9.763452e-01 9.654023e-01 9.549344e-01 9.482864e-01 9.495020e-01 9.452546e-01 9.473005e-01 9.452593e-01 9.392416e-01 9.307215e-01 9.209098e-01 9.187940e-01 9.217123e-01 9.315674e-01 9.452612e-01 9.502651e-01 9.579898e-01 9.690486e-01 9.592349e-01 9.489212e-01 9.451386e-01 9.417773e-01 9.461907e-01 9.563323e-01 9.626014e-01 9.634729e-01 9.692538e-01 9.721695e-01 9.822908e-01 9.904644e-01 9.976061e-01 9.996355e-01 9.953921e-01 9.907071e-01 9.965648e-01 9.996690e-01 9.971725e-01 1.001215e+00 1.012716e+00 1.019170e+00 1.024001e+00 1.024803e+00 1.020767e+00 1.013782e+00 1.014143e+00 1.017739e+00 1.015646e+00 1.019748e+00 1.025286e+00 1.029220e+00 1.025205e+00 1.025280e+00 1.029865e+00 1.031700e+00 1.033802e+00 1.035788e+00 1.034078e+00 1.032835e+00 1.032097e+00 1.028303e+00 1.026568e+00 1.029004e+00 1.030118e+00 1.030793e+00 1.027419e+00 1.024313e+00 1.018378e+00 1.015354e+00 1.018137e+00 1.015148e+00 1.014011e+00 1.012877e+00 1.006268e+00 9.979556e-01 9.875132e-01 9.879335e-01 9.900064e-01 9.869879e-01 9.840205e-01 9.852564e-01 9.812392e-01 9.711595e-01 9.739786e-01 9.798168e-01 9.794983e-01 9.719936e-01 9.618394e-01 9.511741e-01 9.516697e-01 9.550586e-01 9.520389e-01 9.487778e-01 9.534215e-01 9.529114e-01 9.431782e-01 9.317352e-01 9.245830e-01 9.232080e-01 9.242975e-01 9.338724e-01 9.379035e-01 9.369099e-01 9.398002e-01 9.453194e-01 9.513569e-01 9.624304e-01 9.785181e-01 9.879994e-01 9.946253e-01 9.983758e-01 9.994761e-01 1.004918e+00 1.008281e+00 1.008294e+00 1.009387e+00 1.014297e+00 1.022943e+00 1.029781e+00 1.032482e+00 1.036039e+00 1.036926e+00 1.036437e+00 1.035365e+00 1.032956e+00 1.032240e+00 1.036589e+00 1.041039e+00 1.043929e+00 1.047589e+00 1.051349e+00 1.050775e+00 1.049973e+00 1.052984e+00 1.057025e+00 1.056862e+00 1.054119e+00 1.056292e+00 1.059614e+00 1.060261e+00 1.057553e+00 1.053866e+00 1.053451e+00 1.057724e+00 1.058433e+00 1.059934e+00 1.062081e+00 1.061599e+00 1.058116e+00 1.057966e+00 1.057592e+00 1.055718e+00 1.056740e+00 1.058393e+00 1.059782e+00 1.054607e+00 1.042853e+00 1.043234e+00 1.049540e+00 1.041379e+00 1.025521e+00 1.012019e+00 1.017574e+00 1.020703e+00 9.953088e-01 9.856979e-01
9.741915e-01 9.834421e-01 9.870239e-01 9.834049e-01 9.838235e-01 9.843596e-01 9.873399e-01 9.931419e-01 9.984164e-01 1.004703e+00 1.006146e+00 1.000818e+00 9.940556e-01 9.904435e-01 9.890836e-01 9.842904e-01 9.861151e-01 9.824211e-01 9.802570e-01 9.867799e-01 9.914056e-01 9.901081e-01 9.824093e-01 9.774822e-01 9.772844e-01 9.837626e-01 9.890333e-01 9.868693e-01 9.815785e-01 9.693873e-01 9.506387e-01 9.519602e-01 9.635804e-01 9.656073e-01 9.622794e-01 9.658457e-01 9.688203e-01 9.675784e-01 9.678964e-01 9.663464e-01 9.712445e-01 9.682130e-01 9.630920e-01 9.597344e-01 9.684473e-01 9.800690e-01 9.852753e-01 9.971508e-01 1.002194e+00 9.998034e-01 1.006517e+00 1.007395e+00 1.005015e+00 1.008916e+00 1.013179e+00 1.017377e+00 1.018330e+00 1.021372e+00 1.024002e+00 1.028245e+00 1.030974e+00 1.032102e+00 1.034141e+00 1.029535e+00 1.018449e+00 1.013309e+00 1.017599e+00 1.024029e+00 1.025846e+00 1.019812e+00 1.016033e+00 1.007809e+00 1.001947e+00 9.977686e-01 9.941076e-01 9.848850e-01 9.806942e-01 9.844446e-01 9.950957e-01 9.964582e-01 9.840150e-01 9.816058e-01 9.818254e-01 9.807912e-01 9.830409e-01 9.765289e-01 9.680338e-01 9.665287e-01 9.737208e-01 9.791781e-01 9.805070e-01 9.751259e-01 9.678942e-01 9.615521e-01 9.548109e-01 9.483345e-01 9.491565e-01 9.577489e-01 9.570944e-01 9.495788e-01 9.387547e-01 9.297452e-01 9.278811e-01 9.277850e-01 9.358646e-01 9.412721e-01 9.489344e-01 9.599959e-01 9.692413e-01 9.682644e-01 9.578105e-01 9.467314e-01 9.458131e-01 9.489740e-01 9.546324e-01 9.610755e-01 9.696401e-01 9.799682e-01 9.824896e-01 9.911860e-01 9.960929e-01 9.967179e-01 9.978912e-01 9.946672e-01 9.893678e-01 9.970289e-01 1.005001e+00 1.008592e+00 1.011705e+00 1.018939e+00 1.025245e+00 1.026573e+00 1.025106e+00 1.019158e+00 1.018551e+00 1.018865e+00 1.017794e+00 1.018978e+00 1.024620e+00 1.031556e+00 1.034564e+00 1.032753e+00 1.031903e+00 1.035184e+00 1.033840e+00 1.034734e+00 1.034710e+00 1.032623e+00 1.034075e+00 1.033147e+00 1.031530e+00 1.032369e+00 1.033944e+00 1.033974e+00 1.032130e+00 1.033779e+00 1.030430e+00 1.023517e+00 1.016411e+00 1.011910e+00 1.012494e+00 1.017460e+00 1.014309e+00 1.006750e+00 1.000479e+00 9.950001e-01 9.991646e-01 1.002134e+00 9.917639e-01 9.830181e-01 9.899291e-01 9.897440e-01 9.790556e-01 9.797109e-01 9.805225e-01 9.788116e-01 9.694157e-01 9.572927e-01 9.501272e-01 9.488689e-01 9.501225e-01 9.457575e-01 9.486564e-01 9.541063e-01 9.474712e-01 9.342477e-01 9.260694e-01 9.223345e-01 9.214014e-01 9.262762e-01 9.321829e-01 9.343299e-01 9.335986e-01 9.397319e-01 9.479623e-01 9.544712e-01 9.647742e-01 9.808065e-01 9.848188e-01 9.910968e-01 9.960815e-01 9.990227e-01 1.007646e+00 1.008238e+00 1.002481e+00 1.005877e+00 1.014658e+00 1.025205e+00 1.031331e+00 1.034974e+00 1.033978e+00 1.033632e+00 1.032693e+00 1.032968e+00 1.032428e+00 1.034426e+00 1.038921e+00 1.040986e+00 1.044068e+00 1.046445e+00 1.048369e+00 1.050139e+00 1.050006e+00 1.053155e+00 1.055222e+00 1.056863e+00 1.055885e+00 1.057908e+00 1.060405e+00 1.058421e+00 1.053709e+00 1.051288e+00 1.052648e+00 1.057086e+00 1.058414e+00 1.061054e+00 1.063565e+00 1.062266e+00 1.060799e+00 1.060167e+00 1.058865e+00 1.058179e+00 1.058069e+00 1.059899e+00 1.061711e+00 1.058051e+00 1.048795e+00 1.048105e+00 1.049275e+00 1.043079e+00 1.028958e+00 1.016903e+00 1.017846e+00 1.014499e+00 9.921975e-01 9.862469e-01
9.667323e-01 9.770648e-01 9.860516e-01 9.805331e-01 9.759576e-01 9.771088e-01 9.813386e-01 9.907095e-01 9.930615e-01 9.955111e-01 9.977617e-01 9.924868e-01 9.874422e-01 9.847906e-01 9.805252e-01 9.776754e-01 9.853446e-01 9.917986e-01 9.902589e-01 9.950378e-01 9.931544e-01 9.894583e-01 9.830945e-01 9.731927e-01 9.727314e-01 9.810290e-01 9.855818e-01 9.831848e-01 9.824684e-01 9.767768e-01 9.648218e-01 9.718542e-01 9.742258e-01 9.721701e-01 9.627985e-01 9.607000e-01 9.612684e-01 9.601539e-01 9.667239e-01 9.686595e-01 9.700915e-01 9.679030e-01 9.689575e-01 9.751179e-01 9.825581e-01 9.811998e-01 9.842153e-01 9.961705e-01 9.995257e-01 1.001513e+00 1.005853e+00 1.008892e+00 1.006018e+00 1.015515e+00 1.023567e+00 1.023038e+00 1.021866e+00 1.021380e+00 1.020883e+00 1.026113e+00 1.025403e+00 1.026182e+00 1.038912e+00 1.038646e+00 1.031943e+00 1.025076e+00 1.026332e+00 1.028463e+00 1.022053e+00 1.013354e+00 1.007926e+00 1.000704e+00 9.976499e-01 9.980534e-01 9.877481e-01 9.812986e-01 9.805172e-01 9.818286e-01 9.909252e-01 9.921893e-01 9.914443e-01 9.865674e-01 9.833843e-01 9.912761e-01 9.908675e-01 9.839454e-01 9.788855e-01 9.763379e-01 9.798219e-01 9.818174e-01 9.777029e-01 9.704753e-01 9.674835e-01 9.663010e-01 9.610902e-01 9.482409e-01 9.482246e-01 9.550812e-01 9.564424e-01 9.537698e-01 9.471538e-01 9.414912e-01 9.431091e-01 9.387538e-01 9.350514e-01 9.351411e-01 9.448333e-01 9.538514e-01 9.602658e-01 9.658679e-01 9.599550e-01 9.500359e-01 9.521642e-01 9.515023e-01 9.576665e-01 9.671142e-01 9.779636e-01 9.874607e-01 9.931421e-01 9.989912e-01 9.993554e-01 9.975612e-01 1.001326e+00 1.003446e+00 9.989977e-01 9.982014e-01 1.004811e+00 1.011079e+00 1.018611e+00 1.021678e+00 1.022840e+00 1.024300e+00 1.020924e+00 1.018567e+00 1.020971e+00 1.023272e+00 1.021307e+00 1.024146e+00 1.031632e+00 1.036376e+00 1.036394e+00 1.035378e+00 1.037867e+00 1.039575e+00 1.037795e+00 1.035553e+00 1.034533e+00 1.032515e+00 1.034873e+00 1.038637e+00 1.037586e+00 1.034763e+00 1.034432e+00 1.033188e+00 1.033711e+00 1.037569e+00 1.036914e+00 1.031657e+00 1.022149e+00 1.013230e+00 1.011766e+00 1.016965e+00 1.015074e+00 1.010297e+00 1.005459e+00 1.000146e+00 1.005401e+00 1.008951e+00 9.966469e-01 9.875990e-01 9.893926e-01 9.853442e-01 9.783410e-01 9.811251e-01 9.767756e-01 9.687745e-01 9.633046e-01 9.565316e-01 9.534513e-01 9.518653e-01 9.465751e-01 9.425210e-01 9.439617e-01 9.443379e-01 9.389971e-01 9.343560e-01 9.330628e-01 9.300522e-01 9.315336e-01 9.311520e-01 9.285847e-01 9.321970e-01 9.325230e-01 9.430877e-01 9.584209e-01 9.562825e-01 9.629204e-01 9.775110e-01 9.834893e-01 9.867624e-01 9.909424e-01 9.977864e-01 1.007099e+00 1.005612e+00 9.996282e-01 1.006590e+00 1.016812e+00 1.026321e+00 1.033501e+00 1.035605e+00 1.031823e+00 1.030481e+00 1.033451e+00 1.034194e+00 1.034678e+00 1.038844e+00 1.041541e+00 1.043017e+00 1.044961e+00 1.045554e+00 1.044764e+00 1.046551e+00 1.048557e+00 1.050081e+00 1.052681e+00 1.054397e+00 1.056019e+00 1.057841e+00 1.061018e+00 1.059932e+00 1.055232e+00 1.053166e+00 1.052719e+00 1.055908e+00 1.059726e+00 1.063133e+00 1.063080e+00 1.063074e+00 1.064259e+00 1.064405e+00 1.060541e+00 1.059019e+00 1.060317e+00 1.061673e+00 1.062783e+00 1.058970e+00 1.055948e+00 1.051048e+00 1.047205e+00 1.041004e+00 1.030576e+00 1.013069e+00 1.016216e+00 1.011025e+00 9.893733e-01 9.854832e-01
9.627697e-01 9.754977e-01 9.890984e-01 9.858545e-01 9.769946e-01 9.795065e-01 9.879780e-01 9.927088e-01 9.879879e-01 9.926639e-01 9.954794e-01 9.887789e-01 9.783215e-01 9.752180e-01 9.726864e-01 9.780974e-01 9.871689e-01 9.909557e-01 9.894510e-01 9.938676e-01 9.900505e-01 9.863079e-01 9.842665e-01 9.761440e-01 9.753633e-01 9.770633e-01 9.801589e-01 9.796807e-01 9.838053e-01 9.837205e-01 9.786412e-01 9.790865e-01 9.774684e-01 9.765907e-01 9.718027e-01 9.675621e-01 9.704219e-01 9.744176e-01 9.756607e-01 9.720888e-01 9.699124e-01 9.707779e-01 9.859641e-01 9.943270e-01 9.905584e-01 9.815824e-01 9.891136e-01 1.002974e+00 1.004140e+00 1.002621e+00 1.005060e+00 1.009034e+00 1.007441e+00 1.018375e+00 1.026760e+00 1.025347e+00 1.021487e+00 1.017220e+00 1.018450e+00 1.023270e+00 1.028317e+00 1.034395e+00 1.044371e+00 1.045626e+00 1.039604e+00 1.029809e+00 1.023574e+00 1.023926e+00 1.018674e+00 1.014272e+00 1.009365e+00 1.005115e+00 1.004665e+00 9.992842e-01 9.891717e-01 9.872336e-01 9.875413e-01 9.825813e-01 9.867153e-01 9.939281e-01 9.963332e-01 9.897168e-01 9.888748e-01 9.974316e-01 9.984398e-01 9.955850e-01 9.932194e-01 9.871317e-01 9.880800e-01 9.876372e-01 9.779553e-01 9.728834e-01 9.727103e-01 9.730192e-01 9.685081e-01 9.558446e-01 9.468350e-01 9.436724e-01 9.523223e-01 9.601480e-01 9.588234e-01 9.527567e-01 9.493866e-01 9.428971e-01 9.385780e-01 9.408627e-01 9.465964e-01 9.528941e-01 9.569349e-01 9.614184e-01 9.589291e-01 9.547877e-01 9.589247e-01 9.617085e-01 9.643143e-01 9.729962e-01 9.783265e-01 9.889111e-01 9.997783e-01 1.002860e+00 9.971212e-01 9.951023e-01 9.989083e-01 1.002999e+00 9.990591e-01 9.953209e-01 1.001226e+00 1.004693e+00 1.016950e+00 1.022774e+00 1.024908e+00 1.028883e+00 1.025984e+00 1.023882e+00 1.026464e+00 1.028384e+00 1.029197e+00 1.029602e+00 1.031627e+00 1.036595e+00 1.039106e+00 1.039015e+00 1.041755e+00 1.041863e+00 1.039486e+00 1.037103e+00 1.034226e+00 1.034680e+00 1.038105e+00 1.043068e+00 1.042956e+00 1.039293e+00 1.038082e+00 1.038128e+00 1.037027e+00 1.036848e+00 1.038660e+00 1.035113e+00 1.024135e+00 1.015805e+00 1.016899e+00 1.021386e+00 1.019308e+00 1.016926e+00 1.013062e+00 1.006263e+00 1.008295e+00 1.007441e+00 9.978907e-01 9.903827e-01 9.886126e-01 9.834107e-01 9.825644e-01 9.871153e-01 9.781086e-01 9.667868e-01 9.631326e-01 9.614652e-01 9.597298e-01 9.593647e-01 9.561657e-01 9.515718e-01 9.458770e-01 9.439299e-01 9.399878e-01 9.392146e-01 9.434794e-01 9.354661e-01 9.318954e-01 9.251165e-01 9.230754e-01 9.279686e-01 9.313577e-01 9.420663e-01 9.535551e-01 9.556818e-01 9.634609e-01 9.728545e-01 9.789485e-01 9.826410e-01 9.900340e-01 1.001272e+00 1.006859e+00 1.003390e+00 1.000888e+00 1.010540e+00 1.019027e+00 1.024609e+00 1.032716e+00 1.036928e+00 1.033927e+00 1.031747e+00 1.035754e+00 1.037430e+00 1.037446e+00 1.042333e+00 1.044924e+00 1.044852e+00 1.047137e+00 1.047102e+00 1.047475e+00 1.048778e+00 1.049022e+00 1.050962e+00 1.054227e+00 1.054290e+00 1.053891e+00 1.055403e+00 1.057901e+00 1.058702e+00 1.058461e+00 1.056827e+00 1.055490e+00 1.057992e+00 1.061550e+00 1.064958e+00 1.064303e+00 1.066132e+00 1.067052e+00 1.066380e+00 1.062871e+00 1.060771e+00 1.062584e+00 1.062471e+00 1.061069e+00 1.057769e+00 1.057800e+00 1.050647e+00 1.046779e+00 1.042155e+00 1.030314e+00 1.002679e+00 1.012336e+00 1.011416e+00 9.889619e-01 9.843794e-01
9.582272e-01 9.746031e-01 9.870951e-01 9.908199e-01 9.798701e-01 9.824326e-01 9.922066e-01 9.957541e-01 9.886408e-01 9.952107e-01 9.919598e-01 9.790564e-01 9.680536e-01 9.737089e-01 9.752103e-01 9.817462e-01 9.881349e-01 9.886698e-01 9.873067e-01 9.900246e-01 9.859986e-01 9.840989e-01 9.847643e-01 9.824777e-01 9.811799e-01 9.763140e-01 9.702008e-01 9.710832e-01 9.790398e-01 9.854382e-01 9.850517e-01 9.809119e-01 9.830469e-01 9.863490e-01 9.822010e-01 9.771340e-01 9.784139e-01 9.811887e-01 9.843442e-01 9.756308e-01 9.696556e-01 9.784628e-01 9.971401e-01 9.982913e-01 9.897038e-01 9.879707e-01 9.939213e-01 1.008282e+00 1.008976e+00 1.007564e+00 1.008827e+00 1.007396e+00 1.010975e+00 1.014647e+00 1.020172e+00 1.019598e+00 1.019037e+00 1.018488e+00 1.021967e+00 1.025502e+00 1.030019e+00 1.036349e+00 1.041672e+00 1.042023e+00 1.036791e+00 1.030092e+00 1.021573e+00 1.015743e+00 1.012654e+00 1.008866e+00 9.995571e-01 9.991341e-01 1.006652e+00 1.004977e+00 9.978642e-01 9.955316e-01 9.919375e-01 9.867751e-01 9.869353e-01 9.930852e-01 9.951152e-01 9.921048e-01 9.975796e-01 9.963706e-01 9.938092e-01 9.973112e-01 9.995270e-01 9.918157e-01 9.893061e-01 9.821970e-01 9.736538e-01 9.730679e-01 9.785472e-01 9.707876e-01 9.646273e-01 9.586115e-01 9.544109e-01 9.478044e-01 9.552937e-01 9.609381e-01 9.617864e-01 9.539043e-01 9.432010e-01 9.377606e-01 9.439707e-01 9.503708e-01 9.510180e-01 9.520304e-01 9.527566e-01 9.577977e-01 9.576361e-01 9.558021e-01 9.602814e-01 9.702988e-01 9.724613e-01 9.731165e-01 9.741294e-01 9.825887e-01 9.922323e-01 9.953691e-01 9.903533e-01 9.922225e-01 9.969742e-01 9.977311e-01 9.975317e-01 9.987433e-01 1.001428e+00 1.006094e+00 1.014167e+00 1.024432e+00 1.030448e+00 1.029232e+00 1.027704e+00 1.028217e+00 1.029909e+00 1.032724e+00 1.032145e+00 1.032853e+00 1.030057e+00 1.030351e+00 1.035076e+00 1.041506e+00 1.044529e+00 1.043065e+00 1.040048e+00 1.037062e+00 1.036276e+00 1.037275e+00 1.040872e+00 1.044181e+00 1.044791e+00 1.043958e+00 1.043412e+00 1.043356e+00 1.040821e+00 1.037150e+00 1.039518e+00 1.035619e+00 1.025713e+00 1.022459e+00 1.027530e+00 1.027844e+00 1.023655e+00 1.022845e+00 1.019865e+00 1.013017e+00 1.006134e+00 1.000011e+00 9.957509e-01 9.908764e-01 9.884593e-01 9.843088e-01 9.860829e-01 9.869848e-01 9.783912e-01 9.666986e-01 9.638684e-01 9.618084e-01 9.625509e-01 9.634139e-01 9.586695e-01 9.509163e-01 9.484897e-01 9.444741e-01 9.422532e-01 9.463750e-01 9.495085e-01 9.375653e-01 9.275905e-01 9.214779e-01 9.189743e-01 9.263703e-01 9.342048e-01 9.407792e-01 9.459206e-01 9.505893e-01 9.616733e-01 9.727565e-01 9.756496e-01 9.760854e-01 9.811161e-01 9.946332e-01 1.001667e+00 1.004180e+00 1.008841e+00 1.016894e+00 1.024233e+00 1.027074e+00 1.033270e+00 1.035680e+00 1.033544e+00 1.031908e+00 1.033393e+00 1.035113e+00 1.036199e+00 1.043977e+00 1.047583e+00 1.047387e+00 1.050471e+00 1.051224e+00 1.052501e+00 1.051954e+00 1.052306e+00 1.053333e+00 1.055556e+00 1.055780e+00 1.054141e+00 1.053489e+00 1.054087e+00 1.055582e+00 1.057475e+00 1.058788e+00 1.061074e+00 1.063020e+00 1.062359e+00 1.064466e+00 1.065780e+00 1.066304e+00 1.066827e+00 1.066365e+00 1.064510e+00 1.064052e+00 1.064077e+00 1.060298e+00 1.058318e+00 1.054454e+00 1.052920e+00 1.049707e+00 1.050522e+00 1.049298e+00 1.031899e+00 1.002244e+00 1.013453e+00 1.011876e+00 9.904405e-01 9.832858e-01
9.602709e-01 9.836661e-01 9.938413e-01 9.916695e-01 9.812465e-01 9.836031e-01 9.826193e-01 9.851324e-01 9.868907e-01 9.981830e-01 9.898112e-01 9.792455e-01 9.745600e-01 9.857870e-01 9.844743e-01 9.863551e-01 9.930699e-01 9.938045e-01 9.914321e-01 9.857544e-01 9.811233e-01 9.783239e-01 9.808606e-01 9.850710e-01 9.835450e-01 9.775099e-01 9.653999e-01 9.644130e-01 9.752577e-01 9.846961e-01 9.830850e-01 9.808211e-01 9.813434e-01 9.873790e-01 9.894348e-01 9.867007e-01 9.816312e-01 9.834752e-01 9.923335e-01 9.852137e-01 9.804751e-01 9.888309e-01 9.956596e-01 9.916983e-01 9.854640e-01 9.915281e-01 9.987606e-01 1.006412e+00 1.009763e+00 1.009819e+00 1.010296e+00 1.012459e+00 1.018334e+00 1.020007e+00 1.019515e+00 1.017216e+00 1.019508e+00 1.024276e+00 1.025827e+00 1.027727e+00 1.028832e+00 1.033329e+00 1.035609e+00 1.035889e+00 1.035373e+00 1.035444e+00 1.030043e+00 1.024547e+00 1.020996e+00 1.008982e+00 9.997076e-01 1.002072e+00 1.010273e+00 1.010201e+00 1.003465e+00 9.974280e-01 9.947073e-01 9.924774e-01 9.890313e-01 9.928991e-01 9.930319e-01 9.946560e-01 9.977642e-01 9.922305e-01 9.894249e-01 9.904837e-01 9.955234e-01 9.923454e-01 9.849778e-01 9.798558e-01 9.738683e-01 9.745654e-01 9.769055e-01 9.611623e-01 9.512074e-01 9.516987e-01 9.531434e-01 9.518036e-01 9.568663e-01 9.570071e-01 9.570507e-01 9.491768e-01 9.392505e-01 9.395403e-01 9.480190e-01 9.540581e-01 9.491894e-01 9.494202e-01 9.515163e-01 9.578449e-01 9.589072e-01 9.594809e-01 9.666874e-01 9.783638e-01 9.802027e-01 9.845954e-01 9.849260e-01 9.843457e-01 9.876022e-01 9.927127e-01 9.904026e-01 9.902003e-01 9.970914e-01 1.001645e+00 1.003333e+00 1.008456e+00 1.008600e+00 1.006508e+00 1.011370e+00 1.021752e+00 1.029278e+00 1.030622e+00 1.030906e+00 1.030826e+00 1.031699e+00 1.032505e+00 1.032707e+00 1.034148e+00 1.031682e+00 1.032609e+00 1.035854e+00 1.041660e+00 1.044650e+00 1.045865e+00 1.043654e+00 1.040713e+00 1.037934e+00 1.037599e+00 1.041500e+00 1.045105e+00 1.046108e+00 1.046799e+00 1.045616e+00 1.044721e+00 1.041853e+00 1.040509e+00 1.041123e+00 1.036255e+00 1.030709e+00 1.030170e+00 1.033548e+00 1.030390e+00 1.023881e+00 1.023686e+00 1.021937e+00 1.013774e+00 1.005192e+00 9.979731e-01 9.956514e-01 9.928145e-01 9.900897e-01 9.894866e-01 9.888043e-01 9.865435e-01 9.808549e-01 9.728169e-01 9.624128e-01 9.578865e-01 9.600096e-01 9.594737e-01 9.551474e-01 9.509908e-01 9.490196e-01 9.434242e-01 9.457456e-01 9.549130e-01 9.546785e-01 9.398289e-01 9.249774e-01 9.241578e-01 9.275427e-01 9.328271e-01 9.384944e-01 9.419329e-01 9.401404e-01 9.469867e-01 9.611693e-01 9.689412e-01 9.695480e-01 9.703621e-01 9.751483e-01 9.844622e-01 9.927621e-01 9.996630e-01 1.005788e+00 1.016044e+00 1.025275e+00 1.026745e+00 1.031040e+00 1.033009e+00 1.029742e+00 1.030232e+00 1.034251e+00 1.035753e+00 1.037771e+00 1.043688e+00 1.048064e+00 1.047702e+00 1.050592e+00 1.053325e+00 1.054013e+00 1.052944e+00 1.054166e+00 1.055644e+00 1.057588e+00 1.056211e+00 1.054658e+00 1.053566e+00 1.055133e+00 1.055391e+00 1.057864e+00 1.061384e+00 1.063662e+00 1.063441e+00 1.063838e+00 1.065218e+00 1.066838e+00 1.067772e+00 1.068694e+00 1.068043e+00 1.066504e+00 1.061596e+00 1.060299e+00 1.058181e+00 1.056446e+00 1.051929e+00 1.050671e+00 1.048827e+00 1.051496e+00 1.051661e+00 1.036774e+00 1.007021e+00 1.015057e+00 1.011559e+00 9.907231e-01 9.811830e-01
9.689287e-01 9.926918e-01 1.000706e+00 9.941475e-01 9.906614e-01 9.862220e-01 9.789373e-01 9.778382e-01 9.877815e-01 1.000480e+00 9.960054e-01 9.878917e-01 9.869949e-01 9.897204e-01 9.866350e-01 9.875805e-01 9.876633e-01 9.885514e-01 9.867632e-01 9.825084e-01 9.786388e-01 9.731225e-01 9.748780e-01 9.794692e-01 9.805366e-01 9.772521e-01 9.709728e-01 9.771224e-01 9.827592e-01 9.888194e-01 9.855681e-01 9.831620e-01 9.811707e-01 9.889640e-01 9.945207e-01 9.971775e-01 9.885719e-01 9.906886e-01 9.966134e-01 9.930563e-01 9.946272e-01 9.938197e-01 9.854193e-01 9.828824e-01 9.835334e-01 9.895987e-01 1.001121e+00 1.007938e+00 1.014766e+00 1.011631e+00 1.010681e+00 1.014442e+00 1.019078e+00 1.023957e+00 1.027299e+00 1.025082e+00 1.023632e+00 1.029456e+00 1.029967e+00 1.026252e+00 1.026018e+00 1.031282e+00 1.033649e+00 1.034826e+00 1.037842e+00 1.038881e+00 1.037367e+00 1.032399e+00 1.022912e+00 1.012020e+00 1.008504e+00 1.008489e+00 1.011820e+00 1.011552e+00 1.002908e+00 1.000045e+00 1.000309e+00 9.965358e-01 9.911640e-01 9.929491e-01 9.918431e-01 9.960399e-01 9.972770e-01 9.943503e-01 9.900569e-01 9.851108e-01 9.892544e-01 9.944444e-01 9.926817e-01 9.873948e-01 9.790559e-01 9.758981e-01 9.767724e-01 9.601348e-01 9.504846e-01 9.448702e-01 9.470551e-01 9.524589e-01 9.542233e-01 9.564074e-01 9.505248e-01 9.371771e-01 9.338117e-01 9.376853e-01 9.427740e-01 9.514663e-01 9.506685e-01 9.494318e-01 9.502046e-01 9.554890e-01 9.593050e-01 9.653354e-01 9.710026e-01 9.800496e-01 9.900478e-01 9.976889e-01 9.962635e-01 9.872214e-01 9.884393e-01 9.954760e-01 9.897220e-01 9.866922e-01 9.920175e-01 1.003620e+00 1.009931e+00 1.012360e+00 1.013787e+00 1.016831e+00 1.016032e+00 1.019263e+00 1.021667e+00 1.023657e+00 1.027467e+00 1.029208e+00 1.030604e+00 1.030394e+00 1.032996e+00 1.035239e+00 1.032174e+00 1.032169e+00 1.035988e+00 1.039224e+00 1.041781e+00 1.043664e+00 1.042647e+00 1.043139e+00 1.040447e+00 1.039909e+00 1.042281e+00 1.044788e+00 1.045576e+00 1.044479e+00 1.043939e+00 1.044258e+00 1.043405e+00 1.044108e+00 1.041657e+00 1.037523e+00 1.036758e+00 1.034149e+00 1.032519e+00 1.027089e+00 1.022984e+00 1.022286e+00 1.019499e+00 1.011631e+00 1.006943e+00 1.003236e+00 9.967194e-01 9.959353e-01 9.941663e-01 9.952147e-01 9.923449e-01 9.882312e-01 9.847262e-01 9.760188e-01 9.607240e-01 9.599485e-01 9.610746e-01 9.572316e-01 9.573589e-01 9.558082e-01 9.498443e-01 9.413776e-01 9.389049e-01 9.499801e-01 9.527916e-01 9.366049e-01 9.243352e-01 9.263588e-01 9.298356e-01 9.313709e-01 9.435829e-01 9.433654e-01 9.407061e-01 9.488420e-01 9.591321e-01 9.637106e-01 9.651982e-01 9.676984e-01 9.748895e-01 9.828784e-01 9.888723e-01 9.942398e-01 9.962966e-01 1.008762e+00 1.018621e+00 1.020452e+00 1.027145e+00 1.031389e+00 1.030003e+00 1.031294e+00 1.038362e+00 1.042572e+00 1.044132e+00 1.045649e+00 1.046120e+00 1.044796e+00 1.045531e+00 1.050789e+00 1.053890e+00 1.053047e+00 1.052581e+00 1.053297e+00 1.056468e+00 1.057997e+00 1.057804e+00 1.056368e+00 1.055916e+00 1.058125e+00 1.061691e+00 1.063811e+00 1.062251e+00 1.062812e+00 1.064350e+00 1.066229e+00 1.068098e+00 1.070098e+00 1.070564e+00 1.069525e+00 1.067186e+00 1.061386e+00 1.059329e+00 1.059564e+00 1.056535e+00 1.055826e+00 1.053065e+00 1.049037e+00 1.049492e+00 1.049283e+00 1.035197e+00 1.014353e+00 1.020158e+00 1.019325e+00 9.844785e-01 9.785348e-01
9.731910e-01 9.896285e-01 9.899794e-01 9.899271e-01 9.875987e-01 9.898185e-01 9.850184e-01 9.742563e-01 9.852580e-01 1.003253e+00 1.001530e+00 9.933262e-01 9.871080e-01 9.816243e-01 9.814884e-01 9.829304e-01 9.843183e-01 9.890887e-01 9.865134e-01 9.824991e-01 9.799467e-01 9.776846e-01 9.769502e-01 9.775603e-01 9.769558e-01 9.794087e-01 9.797373e-01 9.788085e-01 9.802892e-01 9.828706e-01 9.795601e-01 9.769976e-01 9.794284e-01 9.841027e-01 9.926546e-01 9.952084e-01 9.897446e-01 9.919677e-01 9.947532e-01 9.868746e-01 9.902424e-01 9.878702e-01 9.812086e-01 9.832698e-01 9.887738e-01 9.924622e-01 1.002067e+00 1.010219e+00 1.009530e+00 1.012774e+00 1.014813e+00 1.017183e+00 1.016644e+00 1.023567e+00 1.029717e+00 1.030397e+00 1.028620e+00 1.029917e+00 1.030879e+00 1.027140e+00 1.028517e+00 1.034194e+00 1.034548e+00 1.037276e+00 1.035966e+00 1.034854e+00 1.033729e+00 1.029143e+00 1.020430e+00 1.015265e+00 1.012466e+00 1.009332e+00 1.005514e+00 1.009487e+00 1.006928e+00 1.003875e+00 1.003899e+00 9.999914e-01 9.967595e-01 9.997413e-01 9.995911e-01 9.978638e-01 9.976776e-01 1.001136e+00 9.959910e-01 9.931228e-01 9.964182e-01 1.000279e+00 9.960479e-01 9.889039e-01 9.824888e-01 9.800192e-01 9.747775e-01 9.623567e-01 9.515235e-01 9.452643e-01 9.465213e-01 9.505607e-01 9.575367e-01 9.583262e-01 9.490016e-01 9.371083e-01 9.396509e-01 9.421531e-01 9.433104e-01 9.478271e-01 9.524504e-01 9.558730e-01 9.554003e-01 9.592545e-01 9.623009e-01 9.667339e-01 9.729776e-01 9.824416e-01 9.954256e-01 9.990913e-01 9.886773e-01 9.782025e-01 9.861473e-01 9.919504e-01 9.851657e-01 9.824979e-01 9.933808e-01 1.002363e+00 1.006622e+00 1.008195e+00 1.008653e+00 1.017075e+00 1.020881e+00 1.022600e+00 1.020836e+00 1.026143e+00 1.029044e+00 1.031442e+00 1.032584e+00 1.032480e+00 1.038162e+00 1.037171e+00 1.030182e+00 1.030692e+00 1.034576e+00 1.038188e+00 1.040876e+00 1.042853e+00 1.044700e+00 1.046625e+00 1.044103e+00 1.042019e+00 1.042787e+00 1.045606e+00 1.045535e+00 1.043873e+00 1.042962e+00 1.046128e+00 1.048963e+00 1.048457e+00 1.044141e+00 1.042263e+00 1.039901e+00 1.033482e+00 1.029383e+00 1.029441e+00 1.026118e+00 1.019909e+00 1.014475e+00 1.007671e+00 1.004958e+00 1.002075e+00 9.979163e-01 9.957669e-01 9.938269e-01 9.925108e-01 9.880300e-01 9.844853e-01 9.865116e-01 9.768187e-01 9.664226e-01 9.650746e-01 9.618698e-01 9.523408e-01 9.554601e-01 9.597098e-01 9.537407e-01 9.416232e-01 9.335381e-01 9.430621e-01 9.453884e-01 9.345632e-01 9.317050e-01 9.339519e-01 9.320682e-01 9.355746e-01 9.429276e-01 9.465917e-01 9.471155e-01 9.548254e-01 9.631703e-01 9.665985e-01 9.671862e-01 9.707290e-01 9.776919e-01 9.868340e-01 9.947458e-01 9.965804e-01 9.961631e-01 1.006662e+00 1.016499e+00 1.019414e+00 1.028290e+00 1.033299e+00 1.030942e+00 1.033773e+00 1.040761e+00 1.044716e+00 1.045394e+00 1.046681e+00 1.046295e+00 1.045217e+00 1.045157e+00 1.049976e+00 1.054403e+00 1.056249e+00 1.055180e+00 1.053366e+00 1.053995e+00 1.056037e+00 1.058790e+00 1.058685e+00 1.058863e+00 1.063240e+00 1.067144e+00 1.066811e+00 1.063513e+00 1.063767e+00 1.064787e+00 1.064178e+00 1.067366e+00 1.069413e+00 1.070432e+00 1.069240e+00 1.067080e+00 1.064922e+00 1.064241e+00 1.061907e+00 1.058671e+00 1.059169e+00 1.055614e+00 1.050186e+00 1.048692e+00 1.050530e+00 1.034009e+00 1.011644e+00 1.017573e+00 1.020486e+00 9.880391e-01 9.805209e-01
9.711356e-01 9.897917e-01 9.934151e-01 9.933768e-01 9.844600e-01 9.859449e-01 9.747478e-01 9.666191e-01 9.829304e-01 9.997987e-01 9.966327e-01 9.927947e-01 9.830693e-01 9.759504e-01 9.784708e-01 9.853864e-01 9.890626e-01 9.923448e-01 9.904900e-01 9.828511e-01 9.798204e-01 9.832015e-01 9.813472e-01 9.757426e-01 9.721342e-01 9.790569e-01 9.809058e-01 9.803923e-01 9.856611e-01 9.854257e-01 9.753307e-01 9.685882e-01 9.717512e-01 9.734366e-01 9.793183e-01 9.866012e-01 9.867384e-01 9.924633e-01 9.937922e-01 9.854202e-01 9.812011e-01 9.816058e-01 9.816897e-01 9.809874e-01 9.893211e-01 9.940625e-01 1.000563e+00 1.001794e+00 9.990172e-01 1.006846e+00 1.018132e+00 1.021712e+00 1.023255e+00 1.025514e+00 1.029181e+00 1.031706e+00 1.031826e+00 1.030284e+00 1.031358e+00 1.031401e+00 1.033097e+00 1.035538e+00 1.036753e+00 1.037960e+00 1.034713e+00 1.027122e+00 1.025986e+00 1.025844e+00 1.027167e+00 1.021354e+00 1.012833e+00 1.008342e+00 1.007092e+00 1.009245e+00 1.010497e+00 1.009782e+00 1.011668e+00 1.011138e+00 1.008062e+00 1.006749e+00 1.004965e+00 1.000955e+00 1.003148e+00 1.003044e+00 9.990252e-01 9.927841e-01 9.932258e-01 9.973262e-01 9.922226e-01 9.877726e-01 9.848664e-01 9.830526e-01 9.788155e-01 9.696308e-01 9.609596e-01 9.580744e-01 9.599107e-01 9.559087e-01 9.549949e-01 9.564623e-01 9.513261e-01 9.470630e-01 9.476365e-01 9.486698e-01 9.498276e-01 9.485525e-01 9.548845e-01 9.637947e-01 9.685463e-01 9.679245e-01 9.638919e-01 9.701221e-01 9.803334e-01 9.900380e-01 9.980605e-01 9.965255e-01 9.795581e-01 9.750150e-01 9.886214e-01 9.951549e-01 9.884751e-01 9.906033e-01 9.986811e-01 9.977920e-01 1.003251e+00 1.013013e+00 1.012778e+00 1.014846e+00 1.020558e+00 1.021266e+00 1.021553e+00 1.025487e+00 1.029389e+00 1.031507e+00 1.029838e+00 1.033850e+00 1.038825e+00 1.034803e+00 1.029393e+00 1.033193e+00 1.038715e+00 1.041992e+00 1.042799e+00 1.042607e+00 1.047035e+00 1.046619e+00 1.045179e+00 1.043412e+00 1.044687e+00 1.045846e+00 1.044802e+00 1.043266e+00 1.042688e+00 1.047402e+00 1.051510e+00 1.048686e+00 1.044380e+00 1.043794e+00 1.039689e+00 1.032881e+00 1.028691e+00 1.027604e+00 1.026005e+00 1.019733e+00 1.014621e+00 1.013108e+00 1.008344e+00 9.987730e-01 9.930575e-01 9.934794e-01 9.906768e-01 9.862861e-01 9.792823e-01 9.783361e-01 9.757796e-01 9.671876e-01 9.617040e-01 9.650488e-01 9.607474e-01 9.505074e-01 9.511302e-01 9.576381e-01 9.552084e-01 9.444243e-01 9.413732e-01 9.387582e-01 9.341348e-01 9.373853e-01 9.421632e-01 9.419574e-01 9.420969e-01 9.428217e-01 9.420050e-01 9.458001e-01 9.529078e-01 9.590304e-01 9.660828e-01 9.676753e-01 9.697025e-01 9.757854e-01 9.823164e-01 9.903591e-01 9.969357e-01 9.978754e-01 1.000202e+00 1.007658e+00 1.015312e+00 1.020764e+00 1.028729e+00 1.034617e+00 1.032907e+00 1.035486e+00 1.039501e+00 1.043025e+00 1.045540e+00 1.046333e+00 1.048876e+00 1.051224e+00 1.052319e+00 1.053060e+00 1.055513e+00 1.058433e+00 1.059022e+00 1.055670e+00 1.054258e+00 1.055096e+00 1.057297e+00 1.058365e+00 1.061240e+00 1.064817e+00 1.067266e+00 1.069329e+00 1.066983e+00 1.064029e+00 1.064959e+00 1.065532e+00 1.068631e+00 1.069479e+00 1.069035e+00 1.068236e+00 1.068312e+00 1.066749e+00 1.065459e+00 1.062238e+00 1.060130e+00 1.062445e+00 1.056964e+00 1.051549e+00 1.052111e+00 1.054824e+00 1.036175e+00 1.008406e+00 1.018287e+00 1.021506e+00 9.930221e-01 9.796323e-01
9.679695e-01 9.877934e-01 9.970311e-01 9.989370e-01 9.888151e-01 9.790249e-01 9.680703e-01 9.681303e-01 9.839683e-01 9.947985e-01 9.914528e-01 9.875810e-01 9.838525e-01 9.766231e-01 9.758503e-01 9.843172e-01 9.932088e-01 9.930908e-01 9.891813e-01 9.837970e-01 9.781612e-01 9.791111e-01 9.759813e-01 9.707950e-01 9.659784e-01 9.659707e-01 9.712939e-01 9.776209e-01 9.894178e-01 9.894984e-01 9.791138e-01 9.679923e-01 9.662866e-01 9.611951e-01 9.659720e-01 9.773382e-01 9.864437e-01 9.898397e-01 9.878612e-01 9.781881e-01 9.772236e-01 9.808762e-01 9.777424e-01 9.786394e-01 9.885144e-01 9.939286e-01 9.980062e-01 1.000460e+00 9.992620e-01 1.006199e+00 1.017972e+00 1.020320e+00 1.019761e+00 1.021068e+00 1.023138e+00 1.022974e+00 1.023867e+00 1.030328e+00 1.034835e+00 1.035214e+00 1.038730e+00 1.035349e+00 1.036666e+00 1.038102e+00 1.032379e+00 1.025331e+00 1.021600e+00 1.024777e+00 1.029320e+00 1.017888e+00 1.005853e+00 1.004178e+00 1.003278e+00 1.009896e+00 1.010508e+00 1.014883e+00 1.015371e+00 1.018020e+00 1.015562e+00 1.013822e+00 1.009409e+00 1.003769e+00 1.005601e+00 1.004795e+00 9.982347e-01 9.929042e-01 9.901748e-01 9.928033e-01 9.909983e-01 9.875304e-01 9.887731e-01 9.866313e-01 9.862344e-01 9.774448e-01 9.676085e-01 9.727297e-01 9.721097e-01 9.658773e-01 9.573918e-01 9.582304e-01 9.560627e-01 9.546959e-01 9.490906e-01 9.413232e-01 9.471840e-01 9.543498e-01 9.591200e-01 9.651896e-01 9.695396e-01 9.750091e-01 9.725555e-01 9.801795e-01 9.846176e-01 9.909353e-01 9.917392e-01 9.876040e-01 9.781808e-01 9.785759e-01 9.909018e-01 9.996270e-01 1.001399e+00 1.001364e+00 9.984853e-01 9.955261e-01 1.003175e+00 1.010857e+00 1.013266e+00 1.013976e+00 1.018669e+00 1.021940e+00 1.022267e+00 1.024968e+00 1.029781e+00 1.030725e+00 1.026854e+00 1.031741e+00 1.035624e+00 1.031402e+00 1.029314e+00 1.036481e+00 1.043517e+00 1.047111e+00 1.047853e+00 1.047362e+00 1.048099e+00 1.046986e+00 1.045690e+00 1.046348e+00 1.046757e+00 1.046683e+00 1.046440e+00 1.043813e+00 1.044557e+00 1.049894e+00 1.049489e+00 1.044251e+00 1.040215e+00 1.037403e+00 1.035570e+00 1.032772e+00 1.030111e+00 1.028901e+00 1.028786e+00 1.025752e+00 1.019275e+00 1.016923e+00 1.010833e+00 9.976118e-01 9.894409e-01 9.880051e-01 9.856847e-01 9.824103e-01 9.791537e-01 9.766067e-01 9.707770e-01 9.624308e-01 9.572982e-01 9.622037e-01 9.633890e-01 9.550283e-01 9.533329e-01 9.572831e-01 9.541060e-01 9.469483e-01 9.424967e-01 9.341699e-01 9.294179e-01 9.391903e-01 9.471335e-01 9.444209e-01 9.487092e-01 9.470037e-01 9.443936e-01 9.492946e-01 9.596083e-01 9.584970e-01 9.607525e-01 9.677857e-01 9.729461e-01 9.797563e-01 9.857293e-01 9.898607e-01 9.928495e-01 9.972144e-01 1.004071e+00 1.010968e+00 1.017344e+00 1.020714e+00 1.024984e+00 1.031512e+00 1.036525e+00 1.039173e+00 1.040741e+00 1.045053e+00 1.046672e+00 1.048522e+00 1.052745e+00 1.054467e+00 1.054657e+00 1.056449e+00 1.056800e+00 1.057966e+00 1.058866e+00 1.055231e+00 1.052846e+00 1.053157e+00 1.057010e+00 1.059995e+00 1.062683e+00 1.064122e+00 1.065883e+00 1.068539e+00 1.067542e+00 1.065953e+00 1.066187e+00 1.070612e+00 1.073942e+00 1.073104e+00 1.068751e+00 1.069939e+00 1.070622e+00 1.067018e+00 1.065588e+00 1.064762e+00 1.063781e+00 1.066518e+00 1.061571e+00 1.059109e+00 1.060352e+00 1.059330e+00 1.037518e+00 1.008931e+00 1.021927e+00 1.019916e+00 9.938614e-01 9.779364e-01
9.687396e-01 9.885558e-01 9.994910e-01 1.002277e+00 9.864894e-01 9.726180e-01 9.674116e-01 9.695856e-01 9.786636e-01 9.829838e-01 9.856722e-01 9.864125e-01 9.856561e-01 9.811991e-01 9.769934e-01 9.806197e-01 9.847750e-01 9.876060e-01 9.883660e-01 9.844790e-01 9.776067e-01 9.768769e-01 9.737027e-01 9.645119e-01 9.614994e-01 9.622297e-01 9.692492e-01 9.791191e-01 9.835407e-01 9.803115e-01 9.766185e-01 9.710593e-01 9.720320e-01 9.677486e-01 9.677745e-01 9.745575e-01 9.800440e-01 9.827102e-01 9.818638e-01 9.745171e-01 9.770091e-01 9.751725e-01 9.685344e-01 9.768047e-01 9.935858e-01 9.968349e-01 9.949059e-01 9.990193e-01 1.001217e+00 1.005236e+00 1.015198e+00 1.018246e+00 1.014870e+00 1.011972e+00 1.010678e+00 1.009841e+00 1.013540e+00 1.024273e+00 1.031931e+00 1.032285e+00 1.030285e+00 1.028054e+00 1.031965e+00 1.036363e+00 1.031000e+00 1.025397e+00 1.019521e+00 1.022555e+00 1.024936e+00 1.015954e+00 1.004992e+00 1.000332e+00 9.998391e-01 1.006666e+00 1.010962e+00 1.015553e+00 1.014039e+00 1.018779e+00 1.020648e+00 1.018053e+00 1.012274e+00 1.007965e+00 1.005756e+00 1.003495e+00 1.002011e+00 1.001770e+00 9.927899e-01 9.878360e-01 9.912491e-01 9.936780e-01 9.937644e-01 9.894447e-01 9.869415e-01 9.726232e-01 9.653400e-01 9.667596e-01 9.744768e-01 9.767859e-01 9.748121e-01 9.675728e-01 9.637139e-01 9.599128e-01 9.504001e-01 9.420604e-01 9.469466e-01 9.535300e-01 9.591396e-01 9.633309e-01 9.644472e-01 9.735421e-01 9.798431e-01 9.838228e-01 9.869696e-01 9.854182e-01 9.843924e-01 9.841853e-01 9.820088e-01 9.846821e-01 9.914619e-01 1.001552e+00 1.004143e+00 9.999379e-01 9.943982e-01 1.001822e+00 1.008687e+00 1.011874e+00 1.015111e+00 1.017900e+00 1.020970e+00 1.020964e+00 1.018726e+00 1.021306e+00 1.026806e+00 1.025737e+00 1.024008e+00 1.028647e+00 1.031388e+00 1.031760e+00 1.033732e+00 1.038689e+00 1.043833e+00 1.048158e+00 1.051512e+00 1.049876e+00 1.047700e+00 1.046673e+00 1.046498e+00 1.046939e+00 1.046783e+00 1.046551e+00 1.047213e+00 1.046792e+00 1.047684e+00 1.049142e+00 1.045976e+00 1.040104e+00 1.035106e+00 1.035068e+00 1.035181e+00 1.034339e+00 1.032843e+00 1.032625e+00 1.030045e+00 1.026635e+00 1.023200e+00 1.018496e+00 1.010005e+00 9.957660e-01 9.870213e-01 9.841987e-01 9.837816e-01 9.780522e-01 9.752026e-01 9.714645e-01 9.661983e-01 9.604779e-01 9.562026e-01 9.591541e-01 9.657693e-01 9.643204e-01 9.544594e-01 9.477339e-01 9.444278e-01 9.452112e-01 9.418668e-01 9.344651e-01 9.349471e-01 9.432499e-01 9.473308e-01 9.420279e-01 9.386073e-01 9.368551e-01 9.404345e-01 9.489870e-01 9.564310e-01 9.527318e-01 9.550645e-01 9.616969e-01 9.689921e-01 9.769949e-01 9.824522e-01 9.855596e-01 9.872229e-01 9.950490e-01 1.003836e+00 1.010627e+00 1.014669e+00 1.019826e+00 1.025186e+00 1.031617e+00 1.039169e+00 1.043585e+00 1.046366e+00 1.047485e+00 1.049755e+00 1.052376e+00 1.054115e+00 1.053835e+00 1.055286e+00 1.057554e+00 1.057658e+00 1.057133e+00 1.056633e+00 1.053627e+00 1.051274e+00 1.052278e+00 1.055907e+00 1.059080e+00 1.062319e+00 1.063508e+00 1.063900e+00 1.066201e+00 1.066172e+00 1.065497e+00 1.067041e+00 1.070900e+00 1.074770e+00 1.073860e+00 1.069772e+00 1.070642e+00 1.071194e+00 1.066324e+00 1.066560e+00 1.068242e+00 1.068361e+00 1.069404e+00 1.065348e+00 1.064401e+00 1.064782e+00 1.060358e+00 1.038218e+00 1.014317e+00 1.024038e+00 1.014506e+00 9.933356e-01 9.811130e-01
9.650847e-01 9.838804e-01 1.000605e+00 1.003662e+00 9.892173e-01 9.713882e-01 9.657194e-01 9.638559e-01 9.709931e-01 9.772226e-01 9.847955e-01 9.832691e-01 9.770628e-01 9.743189e-01 9.728429e-01 9.722676e-01 9.746463e-01 9.779215e-01 9.755560e-01 9.675387e-01 9.646267e-01 9.661056e-01 9.666860e-01 9.610397e-01 9.621190e-01 9.626773e-01 9.644100e-01 9.701974e-01 9.708306e-01 9.673169e-01 9.672489e-01 9.665340e-01 9.675258e-01 9.651084e-01 9.691386e-01 9.806259e-01 9.855676e-01 9.809543e-01 9.800492e-01 9.785188e-01 9.785190e-01 9.719071e-01 9.669912e-01 9.793591e-01 9.940139e-01 9.935932e-01 9.912605e-01 9.978588e-01 9.985580e-01 1.000265e+00 1.012248e+00 1.017555e+00 1.013106e+00 1.008569e+00 1.007742e+00 1.009627e+00 1.012550e+00 1.028158e+00 1.034951e+00 1.033517e+00 1.027044e+00 1.026841e+00 1.026866e+00 1.030418e+00 1.032495e+00 1.028847e+00 1.021727e+00 1.020406e+00 1.016840e+00 1.006996e+00 1.003791e+00 1.002760e+00 1.003040e+00 1.010082e+00 1.014376e+00 1.015688e+00 1.013041e+00 1.014382e+00 1.015293e+00 1.014230e+00 1.010712e+00 1.008024e+00 1.008281e+00 1.006232e+00 1.006633e+00 1.007550e+00 1.001642e+00 9.909250e-01 9.914071e-01 9.896412e-01 9.916791e-01 9.876395e-01 9.786032e-01 9.674838e-01 9.650316e-01 9.641712e-01 9.747637e-01 9.822291e-01 9.812118e-01 9.744717e-01 9.670846e-01 9.555034e-01 9.458412e-01 9.440024e-01 9.513403e-01 9.589831e-01 9.704500e-01 9.734876e-01 9.720230e-01 9.728415e-01 9.785876e-01 9.779038e-01 9.819298e-01 9.836005e-01 9.844104e-01 9.850135e-01 9.833828e-01 9.879757e-01 9.887266e-01 9.941513e-01 9.956781e-01 9.927647e-01 9.967167e-01 1.004682e+00 1.010444e+00 1.012665e+00 1.017752e+00 1.021620e+00 1.019632e+00 1.020221e+00 1.021220e+00 1.020961e+00 1.021757e+00 1.023324e+00 1.025599e+00 1.025592e+00 1.027233e+00 1.030032e+00 1.037587e+00 1.042455e+00 1.046851e+00 1.051309e+00 1.050932e+00 1.049389e+00 1.051769e+00 1.049638e+00 1.045409e+00 1.046071e+00 1.046396e+00 1.046001e+00 1.046822e+00 1.049271e+00 1.050692e+00 1.047632e+00 1.042704e+00 1.037720e+00 1.035567e+00 1.037704e+00 1.034998e+00 1.030871e+00 1.029368e+00 1.028541e+00 1.025877e+00 1.023606e+00 1.022177e+00 1.018609e+00 1.012003e+00 9.996076e-01 9.876511e-01 9.864331e-01 9.863926e-01 9.786729e-01 9.689726e-01 9.645384e-01 9.657108e-01 9.617201e-01 9.524653e-01 9.529018e-01 9.611588e-01 9.624404e-01 9.564837e-01 9.468052e-01 9.403154e-01 9.488529e-01 9.492638e-01 9.408109e-01 9.424904e-01 9.469773e-01 9.414846e-01 9.332541e-01 9.358264e-01 9.392038e-01 9.441258e-01 9.501270e-01 9.522598e-01 9.478906e-01 9.491609e-01 9.569230e-01 9.690460e-01 9.791430e-01 9.826699e-01 9.823283e-01 9.866165e-01 9.945424e-01 1.004337e+00 1.010252e+00 1.013165e+00 1.019372e+00 1.027241e+00 1.034580e+00 1.038048e+00 1.045093e+00 1.049840e+00 1.049246e+00 1.052492e+00 1.054914e+00 1.055427e+00 1.056056e+00 1.057896e+00 1.058335e+00 1.057083e+00 1.056883e+00 1.056404e+00 1.053981e+00 1.053114e+00 1.052996e+00 1.056076e+00 1.060067e+00 1.063380e+00 1.064201e+00 1.063190e+00 1.065174e+00 1.066780e+00 1.066939e+00 1.069888e+00 1.071998e+00 1.073707e+00 1.071962e+00 1.069849e+00 1.071629e+00 1.073404e+00 1.067668e+00 1.065954e+00 1.069057e+00 1.067288e+00 1.068493e+00 1.066269e+00 1.063713e+00 1.062305e+00 1.058069e+00 1.040773e+00 1.017608e+00 1.025343e+00 1.015466e+00 9.982271e-01 9.820547e-01
9.602959e-01 9.821429e-01 1.001567e+00 1.001189e+00 9.852787e-01 9.651949e-01 9.610667e-01 9.584240e-01 9.668088e-01 9.787240e-01 9.867402e-01 9.805300e-01 9.690433e-01 9.698565e-01 9.768742e-01 9.763635e-01 9.723121e-01 9.659194e-01 9.614234e-01 9.571633e-01 9.629528e-01 9.622378e-01 9.631706e-01 9.616702e-01 9.614472e-01 9.639128e-01 9.612913e-01 9.617258e-01 9.637182e-01 9.595620e-01 9.585741e-01 9.617525e-01 9.580384e-01 9.578950e-01 9.640347e-01 9.767128e-01 9.839982e-01 9.842892e-01 9.785021e-01 9.778230e-01 9.773121e-01 9.730751e-01 9.677496e-01 9.721467e-01 9.822636e-01 9.830795e-01 9.884663e-01 9.938442e-01 1.005003e+00 1.006795e+00 1.010409e+00 1.014274e+00 1.010107e+00 1.012952e+00 1.018327e+00 1.018465e+00 1.022468e+00 1.035210e+00 1.033099e+00 1.032693e+00 1.030171e+00 1.025003e+00 1.020125e+00 1.023139e+00 1.024864e+00 1.025005e+00 1.022795e+00 1.017402e+00 1.008094e+00 1.001406e+00 1.004315e+00 1.011256e+00 1.011402e+00 1.014287e+00 1.017569e+00 1.015386e+00 1.013731e+00 1.011939e+00 1.011251e+00 1.015554e+00 1.014434e+00 1.010485e+00 1.012757e+00 1.013195e+00 1.009723e+00 1.008833e+00 1.005192e+00 9.986530e-01 9.968573e-01 9.893111e-01 9.875592e-01 9.872149e-01 9.780939e-01 9.728140e-01 9.714774e-01 9.719406e-01 9.739842e-01 9.796789e-01 9.766136e-01 9.743893e-01 9.677697e-01 9.518730e-01 9.462495e-01 9.484573e-01 9.607897e-01 9.737156e-01 9.874750e-01 9.870718e-01 9.887071e-01 9.829808e-01 9.814938e-01 9.755232e-01 9.798917e-01 9.864823e-01 9.897389e-01 9.900473e-01 9.911382e-01 9.950621e-01 9.986349e-01 9.953822e-01 9.893693e-01 9.931723e-01 9.961244e-01 9.993348e-01 1.010000e+00 1.015625e+00 1.021860e+00 1.020655e+00 1.018543e+00 1.015492e+00 1.019623e+00 1.017564e+00 1.018189e+00 1.020690e+00 1.023812e+00 1.023386e+00 1.026557e+00 1.028131e+00 1.036638e+00 1.042078e+00 1.045892e+00 1.047382e+00 1.045483e+00 1.048481e+00 1.052029e+00 1.049823e+00 1.044664e+00 1.043826e+00 1.045523e+00 1.044316e+00 1.043109e+00 1.045822e+00 1.047001e+00 1.044854e+00 1.041014e+00 1.039862e+00 1.038481e+00 1.036800e+00 1.033694e+00 1.027028e+00 1.024274e+00 1.022414e+00 1.020347e+00 1.021143e+00 1.019822e+00 1.019544e+00 1.015630e+00 9.996868e-01 9.860407e-01 9.853804e-01 9.901730e-01 9.846939e-01 9.729317e-01 9.702924e-01 9.682291e-01 9.618918e-01 9.564418e-01 9.526992e-01 9.544653e-01 9.583411e-01 9.560581e-01 9.454622e-01 9.413007e-01 9.504373e-01 9.473674e-01 9.413533e-01 9.458783e-01 9.442601e-01 9.359771e-01 9.332744e-01 9.369525e-01 9.391370e-01 9.430053e-01 9.489739e-01 9.533474e-01 9.523471e-01 9.534751e-01 9.585471e-01 9.672250e-01 9.813854e-01 9.879765e-01 9.877933e-01 9.916004e-01 9.982430e-01 1.003838e+00 1.008956e+00 1.012684e+00 1.020250e+00 1.027527e+00 1.035213e+00 1.040929e+00 1.046018e+00 1.049317e+00 1.049525e+00 1.051584e+00 1.055210e+00 1.057476e+00 1.058930e+00 1.059348e+00 1.057432e+00 1.057099e+00 1.055675e+00 1.052788e+00 1.051289e+00 1.052379e+00 1.054549e+00 1.056834e+00 1.059996e+00 1.062781e+00 1.064955e+00 1.065042e+00 1.067588e+00 1.069521e+00 1.071542e+00 1.072921e+00 1.072335e+00 1.071191e+00 1.069794e+00 1.069241e+00 1.072091e+00 1.074224e+00 1.069788e+00 1.068185e+00 1.068033e+00 1.065007e+00 1.067773e+00 1.065597e+00 1.061809e+00 1.060060e+00 1.057216e+00 1.041841e+00 1.022846e+00 1.028875e+00 1.024590e+00 9.997594e-01 9.792712e-01
9.654989e-01 9.855364e-01 1.003588e+00 1.001643e+00 9.802187e-01 9.662147e-01 9.649651e-01 9.616098e-01 9.655847e-01 9.778267e-01 9.784757e-01 9.710053e-01 9.588493e-01 9.673131e-01 9.800273e-01 9.815036e-01 9.692781e-01 9.586473e-01 9.548697e-01 9.616988e-01 9.687369e-01 9.671792e-01 9.662498e-01 9.664772e-01 9.642868e-01 9.672190e-01 9.609912e-01 9.603261e-01 9.643738e-01 9.632255e-01 9.630585e-01 9.611644e-01 9.568253e-01 9.592144e-01 9.674441e-01 9.813930e-01 9.882238e-01 9.872022e-01 9.794895e-01 9.765994e-01 9.725518e-01 9.685508e-01 9.663137e-01 9.674933e-01 9.820766e-01 9.872609e-01 9.897105e-01 9.934701e-01 1.008773e+00 1.013445e+00 1.013564e+00 1.014815e+00 1.012465e+00 1.013479e+00 1.023010e+00 1.025768e+00 1.025412e+00 1.027372e+00 1.020669e+00 1.025329e+00 1.026391e+00 1.018315e+00 1.015613e+00 1.015128e+00 1.014751e+00 1.014859e+00 1.017209e+00 1.015203e+00 1.012413e+00 1.013083e+00 1.014642e+00 1.019637e+00 1.016566e+00 1.015781e+00 1.017957e+00 1.015863e+00 1.013117e+00 1.010130e+00 1.014998e+00 1.020944e+00 1.019406e+00 1.015194e+00 1.016756e+00 1.014147e+00 1.010783e+00 1.008941e+00 1.006978e+00 1.003358e+00 1.001491e+00 9.952581e-01 9.890295e-01 9.897224e-01 9.850138e-01 9.819484e-01 9.793735e-01 9.796652e-01 9.784180e-01 9.777972e-01 9.738015e-01 9.745303e-01 9.744222e-01 9.599167e-01 9.480546e-01 9.520643e-01 9.631875e-01 9.769372e-01 9.808477e-01 9.875584e-01 9.896189e-01 9.877576e-01 9.833250e-01 9.786121e-01 9.807954e-01 9.863887e-01 9.918090e-01 9.919519e-01 9.956749e-01 9.957439e-01 9.962364e-01 9.921822e-01 9.872675e-01 9.913286e-01 9.906105e-01 9.973335e-01 1.006202e+00 1.010600e+00 1.015436e+00 1.014153e+00 1.012542e+00 1.006945e+00 1.014508e+00 1.015248e+00 1.018258e+00 1.018631e+00 1.020360e+00 1.024263e+00 1.030112e+00 1.034554e+00 1.039699e+00 1.043220e+00 1.046176e+00 1.044264e+00 1.043009e+00 1.047010e+00 1.049202e+00 1.044253e+00 1.042150e+00 1.043473e+00 1.045467e+00 1.041672e+00 1.038164e+00 1.037675e+00 1.039088e+00 1.038643e+00 1.040675e+00 1.043546e+00 1.043222e+00 1.037864e+00 1.033627e+00 1.030219e+00 1.027881e+00 1.023986e+00 1.023103e+00 1.020814e+00 1.021352e+00 1.022122e+00 1.014847e+00 9.988111e-01 9.893160e-01 9.876060e-01 9.882535e-01 9.843583e-01 9.798757e-01 9.761509e-01 9.680067e-01 9.625962e-01 9.597324e-01 9.539860e-01 9.449599e-01 9.474813e-01 9.482192e-01 9.463419e-01 9.472196e-01 9.493729e-01 9.415057e-01 9.365140e-01 9.398490e-01 9.376193e-01 9.375020e-01 9.400171e-01 9.386833e-01 9.358489e-01 9.378072e-01 9.443017e-01 9.536003e-01 9.561687e-01 9.606984e-01 9.635708e-01 9.691743e-01 9.797140e-01 9.898816e-01 9.943018e-01 9.990001e-01 9.995645e-01 1.002172e+00 1.004374e+00 1.010396e+00 1.017027e+00 1.025315e+00 1.034920e+00 1.040704e+00 1.046253e+00 1.047307e+00 1.048380e+00 1.049781e+00 1.053570e+00 1.057676e+00 1.058972e+00 1.058615e+00 1.058280e+00 1.057483e+00 1.054777e+00 1.052253e+00 1.051363e+00 1.052247e+00 1.056814e+00 1.059843e+00 1.060967e+00 1.062267e+00 1.066367e+00 1.068042e+00 1.070424e+00 1.073997e+00 1.075430e+00 1.075394e+00 1.073149e+00 1.071225e+00 1.069561e+00 1.068930e+00 1.072146e+00 1.073440e+00 1.071662e+00 1.069444e+00 1.069945e+00 1.068318e+00 1.068787e+00 1.065389e+00 1.062309e+00 1.062224e+00 1.059833e+00 1.043943e+00 1.026407e+00 1.031395e+00 1.028273e+00 9.986461e-01 9.823577e-01
9.635940e-01 9.809375e-01 9.948809e-01 9.966548e-01 9.844484e-01 9.727455e-01 9.680819e-01 9.610820e-01 9.656360e-01 9.761369e-01 9.680656e-01 9.640985e-01 9.649958e-01 9.654385e-01 9.722175e-01 9.757913e-01 9.648551e-01 9.548434e-01 9.576456e-01 9.640183e-01 9.669300e-01 9.731514e-01 9.761341e-01 9.723800e-01 9.689393e-01 9.641787e-01 9.662774e-01 9.686039e-01 9.682652e-01 9.653051e-01 9.625347e-01 9.577516e-01 9.597565e-01 9.588206e-01 9.684085e-01 9.774355e-01 9.832170e-01 9.869897e-01 9.834369e-01 9.769952e-01 9.758760e-01 9.725396e-01 9.671956e-01 9.714943e-01 9.857249e-01 9.923651e-01 9.938987e-01 1.001622e+00 1.014308e+00 1.015960e+00 1.014230e+00 1.016463e+00 1.013059e+00 1.017486e+00 1.027353e+00 1.028311e+00 1.016470e+00 1.012346e+00 1.012226e+00 1.020563e+00 1.022751e+00 1.018846e+00 1.014971e+00 1.010825e+00 1.008322e+00 1.013180e+00 1.016748e+00 1.015369e+00 1.015379e+00 1.019162e+00 1.020941e+00 1.019220e+00 1.017002e+00 1.015967e+00 1.020426e+00 1.023234e+00 1.018646e+00 1.011255e+00 1.013349e+00 1.015921e+00 1.014534e+00 1.014558e+00 1.017626e+00 1.016044e+00 1.011748e+00 1.008711e+00 1.009205e+00 1.012572e+00 1.013548e+00 1.004303e+00 9.947274e-01 9.927605e-01 9.932481e-01 9.893972e-01 9.867162e-01 9.820781e-01 9.787346e-01 9.771242e-01 9.724602e-01 9.712506e-01 9.706739e-01 9.641788e-01 9.560896e-01 9.597815e-01 9.664884e-01 9.743673e-01 9.778831e-01 9.835591e-01 9.823855e-01 9.804885e-01 9.772357e-01 9.781584e-01 9.826601e-01 9.820118e-01 9.834324e-01 9.845826e-01 9.898208e-01 9.918634e-01 9.901462e-01 9.886096e-01 9.847926e-01 9.850791e-01 9.876051e-01 9.977108e-01 1.005410e+00 1.004323e+00 1.006185e+00 1.007732e+00 1.006526e+00 1.008268e+00 1.018482e+00 1.023717e+00 1.023798e+00 1.019878e+00 1.019060e+00 1.024095e+00 1.029409e+00 1.033708e+00 1.040991e+00 1.046897e+00 1.045367e+00 1.041251e+00 1.039207e+00 1.041614e+00 1.042560e+00 1.038094e+00 1.038722e+00 1.043374e+00 1.044878e+00 1.041570e+00 1.035714e+00 1.035570e+00 1.037830e+00 1.038137e+00 1.040167e+00 1.042352e+00 1.042228e+00 1.038267e+00 1.035156e+00 1.029143e+00 1.025126e+00 1.020206e+00 1.020304e+00 1.022164e+00 1.025009e+00 1.019285e+00 1.010505e+00 9.963207e-01 9.858659e-01 9.800526e-01 9.817052e-01 9.822282e-01 9.802368e-01 9.756820e-01 9.686223e-01 9.632667e-01 9.601493e-01 9.505407e-01 9.414743e-01 9.399069e-01 9.414510e-01 9.456432e-01 9.479154e-01 9.418234e-01 9.349294e-01 9.359283e-01 9.388091e-01 9.383002e-01 9.378532e-01 9.407280e-01 9.419289e-01 9.385400e-01 9.404459e-01 9.451638e-01 9.527957e-01 9.605697e-01 9.687099e-01 9.749554e-01 9.785603e-01 9.835410e-01 9.900993e-01 9.949462e-01 1.001569e+00 1.001649e+00 1.004946e+00 1.006203e+00 1.014494e+00 1.020652e+00 1.026487e+00 1.035581e+00 1.040907e+00 1.044603e+00 1.044643e+00 1.046363e+00 1.049281e+00 1.053039e+00 1.057169e+00 1.057509e+00 1.058338e+00 1.058261e+00 1.057458e+00 1.056525e+00 1.056462e+00 1.054701e+00 1.057441e+00 1.061986e+00 1.064246e+00 1.064747e+00 1.065781e+00 1.066214e+00 1.067577e+00 1.070491e+00 1.075135e+00 1.076933e+00 1.076569e+00 1.074049e+00 1.071089e+00 1.069046e+00 1.069173e+00 1.071830e+00 1.072774e+00 1.071454e+00 1.071292e+00 1.072453e+00 1.070881e+00 1.070640e+00 1.065861e+00 1.064916e+00 1.065845e+00 1.063104e+00 1.046131e+00 1.031249e+00 1.032010e+00 1.027440e+00 9.937284e-01 9.846306e-01
9.685425e-01 9.874635e-01 1.002947e+00 1.006300e+00 9.971033e-01 9.826727e-01 9.705629e-01 9.654979e-01 9.728063e-01 9.818589e-01 9.722825e-01 9.651847e-01 9.661947e-01 9.654874e-01 9.698007e-01 9.680938e-01 9.614455e-01 9.567069e-01 9.594373e-01 9.605035e-01 9.667164e-01 9.756076e-01 9.778076e-01 9.758543e-01 9.718488e-01 9.628384e-01 9.654611e-01 9.707436e-01 9.694440e-01 9.659917e-01 9.629492e-01 9.525542e-01 9.558111e-01 9.597783e-01 9.650233e-01 9.749593e-01 9.818141e-01 9.885226e-01 9.843758e-01 9.784347e-01 9.758594e-01 9.819161e-01 9.821487e-01 9.827129e-01 9.898752e-01 9.904020e-01 9.934564e-01 1.001928e+00 1.011375e+00 1.016407e+00 1.019556e+00 1.018011e+00 1.016956e+00 1.018610e+00 1.024005e+00 1.023481e+00 1.016402e+00 1.012607e+00 1.012618e+00 1.017982e+00 1.024613e+00 1.018787e+00 1.011277e+00 1.004619e+00 1.001704e+00 1.005677e+00 1.015661e+00 1.019982e+00 1.018745e+00 1.014533e+00 1.015704e+00 1.013502e+00 1.017919e+00 1.024781e+00 1.024917e+00 1.028743e+00 1.025936e+00 1.015737e+00 1.012078e+00 1.011914e+00 1.011403e+00 1.017631e+00 1.021345e+00 1.019604e+00 1.016278e+00 1.010738e+00 1.009644e+00 1.014089e+00 1.015224e+00 1.008872e+00 1.000532e+00 9.982778e-01 9.952416e-01 9.942310e-01 9.894223e-01 9.827963e-01 9.749092e-01 9.717934e-01 9.759601e-01 9.768216e-01 9.706227e-01 9.638411e-01 9.595457e-01 9.643145e-01 9.749981e-01 9.753658e-01 9.766636e-01 9.800549e-01 9.794874e-01 9.756501e-01 9.728441e-01 9.736800e-01 9.782467e-01 9.755835e-01 9.766343e-01 9.810993e-01 9.870481e-01 9.890743e-01 9.835708e-01 9.855177e-01 9.852918e-01 9.856542e-01 9.894679e-01 9.990391e-01 1.008022e+00 1.006890e+00 1.003633e+00 1.001205e+00 1.003324e+00 1.011598e+00 1.021554e+00 1.027559e+00 1.027042e+00 1.025686e+00 1.021433e+00 1.019977e+00 1.025494e+00 1.030910e+00 1.038822e+00 1.044949e+00 1.044077e+00 1.041828e+00 1.040586e+00 1.041261e+00 1.041988e+00 1.039959e+00 1.039072e+00 1.044158e+00 1.044740e+00 1.040119e+00 1.035295e+00 1.037061e+00 1.041090e+00 1.041548e+00 1.039661e+00 1.039955e+00 1.040221e+00 1.037879e+00 1.034261e+00 1.028607e+00 1.023616e+00 1.022545e+00 1.019587e+00 1.019910e+00 1.022180e+00 1.014153e+00 1.002238e+00 9.928344e-01 9.868748e-01 9.830959e-01 9.822822e-01 9.811617e-01 9.828029e-01 9.803852e-01 9.701054e-01 9.623973e-01 9.569085e-01 9.463069e-01 9.392077e-01 9.383402e-01 9.383305e-01 9.426062e-01 9.436749e-01 9.377113e-01 9.350613e-01 9.378563e-01 9.411200e-01 9.400335e-01 9.415465e-01 9.453916e-01 9.415389e-01 9.430531e-01 9.494931e-01 9.553567e-01 9.593274e-01 9.620962e-01 9.682854e-01 9.770960e-01 9.814523e-01 9.856599e-01 9.884823e-01 9.946899e-01 1.002863e+00 1.005640e+00 1.005858e+00 1.011041e+00 1.018547e+00 1.025268e+00 1.029716e+00 1.037887e+00 1.045206e+00 1.047120e+00 1.047063e+00 1.049117e+00 1.050678e+00 1.052490e+00 1.054606e+00 1.056534e+00 1.059928e+00 1.059204e+00 1.057337e+00 1.058976e+00 1.059629e+00 1.058867e+00 1.061282e+00 1.064788e+00 1.067553e+00 1.068585e+00 1.070034e+00 1.070221e+00 1.070054e+00 1.071735e+00 1.074406e+00 1.076802e+00 1.076010e+00 1.074892e+00 1.072009e+00 1.071275e+00 1.072729e+00 1.074697e+00 1.075073e+00 1.073444e+00 1.072864e+00 1.072426e+00 1.069935e+00 1.068646e+00 1.066447e+00 1.067809e+00 1.069555e+00 1.066259e+00 1.048549e+00 1.031255e+00 1.030779e+00 1.024734e+00 9.903157e-01 9.843592e-01
9.764071e-01 9.981024e-01 1.011058e+00 1.011713e+00 1.005766e+00 9.891483e-01 9.740165e-01 9.734469e-01 9.708987e-01 9.753044e-01 9.687859e-01 9.603041e-01 9.643434e-01 9.743187e-01 9.760776e-01 9.687773e-01 9.623563e-01 9.562016e-01 9.548214e-01 9.613603e-01 9.719567e-01 9.798138e-01 9.797969e-01 9.734734e-01 9.660596e-01 9.608482e-01 9.634219e-01 9.703310e-01 9.703887e-01 9.668446e-01 9.632437e-01 9.586254e-01 9.622787e-01 9.641638e-01 9.679603e-01 9.796803e-01 9.813105e-01 9.883466e-01 9.861782e-01 9.762444e-01 9.719517e-01 9.821919e-01 9.880520e-01 9.867667e-01 9.913350e-01 9.913154e-01 9.954637e-01 1.000710e+00 1.007943e+00 1.018126e+00 1.025533e+00 1.024107e+00 1.024266e+00 1.022806e+00 1.020372e+00 1.019757e+00 1.017209e+00 1.012653e+00 1.011290e+00 1.013042e+00 1.017732e+00 1.016751e+00 1.010048e+00 1.003911e+00 1.000270e+00 1.005441e+00 1.014986e+00 1.021365e+00 1.019279e+00 1.017578e+00 1.022434e+00 1.020307e+00 1.026459e+00 1.029853e+00 1.025244e+00 1.027436e+00 1.026518e+00 1.018063e+00 1.013918e+00 1.010303e+00 1.011796e+00 1.016727e+00 1.020667e+00 1.018744e+00 1.016096e+00 1.012242e+00 1.009143e+00 1.010516e+00 1.010012e+00 1.009552e+00 1.009833e+00 1.007944e+00 1.002038e+00 9.987394e-01 9.903936e-01 9.795110e-01 9.719957e-01 9.709049e-01 9.758787e-01 9.752983e-01 9.705182e-01 9.659311e-01 9.606398e-01 9.715059e-01 9.792154e-01 9.731197e-01 9.730212e-01 9.751434e-01 9.778818e-01 9.725091e-01 9.725120e-01 9.757015e-01 9.786128e-01 9.805584e-01 9.822204e-01 9.880397e-01 9.953686e-01 9.945360e-01 9.862874e-01 9.837516e-01 9.868786e-01 9.904580e-01 9.954916e-01 1.002307e+00 1.009914e+00 1.008258e+00 1.006939e+00 1.004962e+00 1.005152e+00 1.011668e+00 1.018736e+00 1.028693e+00 1.032341e+00 1.032850e+00 1.026472e+00 1.022512e+00 1.026420e+00 1.030727e+00 1.036111e+00 1.040157e+00 1.042425e+00 1.040783e+00 1.039429e+00 1.040819e+00 1.044874e+00 1.041578e+00 1.039670e+00 1.043257e+00 1.044813e+00 1.040755e+00 1.037453e+00 1.039219e+00 1.039940e+00 1.036227e+00 1.032264e+00 1.030119e+00 1.034378e+00 1.032727e+00 1.029210e+00 1.025847e+00 1.020367e+00 1.017305e+00 1.015223e+00 1.011829e+00 1.013845e+00 1.008937e+00 9.981734e-01 9.928596e-01 9.879432e-01 9.860190e-01 9.797714e-01 9.754394e-01 9.775291e-01 9.757120e-01 9.684415e-01 9.591097e-01 9.565273e-01 9.508264e-01 9.431741e-01 9.396579e-01 9.370068e-01 9.389586e-01 9.399130e-01 9.395410e-01 9.403864e-01 9.392202e-01 9.377110e-01 9.403560e-01 9.494632e-01 9.548895e-01 9.472618e-01 9.466771e-01 9.542438e-01 9.591456e-01 9.627047e-01 9.613594e-01 9.660476e-01 9.703775e-01 9.798228e-01 9.836946e-01 9.877242e-01 9.972317e-01 1.007727e+00 1.012469e+00 1.007460e+00 1.010886e+00 1.019976e+00 1.028338e+00 1.034065e+00 1.037820e+00 1.044881e+00 1.049913e+00 1.050089e+00 1.050785e+00 1.048966e+00 1.048851e+00 1.053680e+00 1.057165e+00 1.060161e+00 1.061274e+00 1.059434e+00 1.060457e+00 1.062958e+00 1.062591e+00 1.063118e+00 1.064676e+00 1.067104e+00 1.068957e+00 1.071120e+00 1.071944e+00 1.072136e+00 1.074307e+00 1.076313e+00 1.076936e+00 1.076726e+00 1.075412e+00 1.074593e+00 1.074286e+00 1.074662e+00 1.076640e+00 1.078414e+00 1.076536e+00 1.074112e+00 1.071695e+00 1.068951e+00 1.065969e+00 1.065293e+00 1.067494e+00 1.068504e+00 1.065621e+00 1.051700e+00 1.031682e+00 1.029456e+00 1.022414e+00 9.897723e-01 9.839390e-01
9.792501e-01 1.002071e+00 1.013680e+00 1.015600e+00 1.011994e+00 9.978729e-01 9.840357e-01 9.776290e-01 9.726386e-01 9.755908e-01 9.711324e-01 9.614015e-01 9.706689e-01 9.833372e-01 9.863552e-01 9.809528e-01 9.671578e-01 9.622163e-01 9.616138e-01 9.676499e-01 9.737942e-01 9.815453e-01 9.799938e-01 9.693037e-01 9.645619e-01 9.618877e-01 9.633244e-01 9.690632e-01 9.725008e-01 9.699760e-01 9.690418e-01 9.715028e-01 9.740735e-01 9.741836e-01 9.772196e-01 9.859976e-01 9.904904e-01 9.904076e-01 9.843943e-01 9.770049e-01 9.752520e-01 9.825215e-01 9.870791e-01 9.857548e-01 9.893135e-01 9.925665e-01 9.962404e-01 1.001849e+00 1.008782e+00 1.018588e+00 1.029537e+00 1.032282e+00 1.027930e+00 1.019789e+00 1.018679e+00 1.020108e+00 1.012684e+00 1.015194e+00 1.017251e+00 1.015534e+00 1.012180e+00 1.002657e+00 1.002251e+00 9.990456e-01 1.003290e+00 1.011529e+00 1.019074e+00 1.024999e+00 1.024825e+00 1.021800e+00 1.026960e+00 1.026808e+00 1.025203e+00 1.019808e+00 1.017041e+00 1.022415e+00 1.028462e+00 1.025566e+00 1.018251e+00 1.012846e+00 1.012074e+00 1.013980e+00 1.015202e+00 1.016096e+00 1.018202e+00 1.016520e+00 1.010587e+00 1.004684e+00 1.006251e+00 1.010815e+00 1.017182e+00 1.019400e+00 1.015770e+00 1.007233e+00 9.936721e-01 9.805877e-01 9.716735e-01 9.732721e-01 9.703643e-01 9.718898e-01 9.787828e-01 9.798170e-01 9.720437e-01 9.763409e-01 9.780116e-01 9.734513e-01 9.722639e-01 9.664456e-01 9.696220e-01 9.688299e-01 9.780762e-01 9.759324e-01 9.807580e-01 9.875777e-01 9.838428e-01 9.858381e-01 9.948906e-01 9.977031e-01 9.905007e-01 9.839088e-01 9.912516e-01 9.999344e-01 1.001055e+00 9.994774e-01 1.003851e+00 1.007964e+00 1.010695e+00 1.013283e+00 1.011107e+00 1.012300e+00 1.016896e+00 1.025427e+00 1.032498e+00 1.031945e+00 1.031631e+00 1.030998e+00 1.028786e+00 1.029179e+00 1.030582e+00 1.035264e+00 1.038767e+00 1.037273e+00 1.036659e+00 1.042141e+00 1.046920e+00 1.043707e+00 1.041015e+00 1.041483e+00 1.043090e+00 1.039384e+00 1.038500e+00 1.037146e+00 1.034598e+00 1.027835e+00 1.026097e+00 1.023876e+00 1.028982e+00 1.034060e+00 1.031482e+00 1.021539e+00 1.016565e+00 1.008827e+00 1.008188e+00 1.007923e+00 1.008802e+00 1.004673e+00 9.970418e-01 9.901805e-01 9.850134e-01 9.831862e-01 9.740196e-01 9.691021e-01 9.674958e-01 9.658853e-01 9.565914e-01 9.511424e-01 9.558364e-01 9.521563e-01 9.454103e-01 9.389353e-01 9.360712e-01 9.370562e-01 9.389091e-01 9.348706e-01 9.340230e-01 9.375640e-01 9.386558e-01 9.427111e-01 9.549476e-01 9.614218e-01 9.556307e-01 9.533492e-01 9.560413e-01 9.613111e-01 9.633741e-01 9.653965e-01 9.698727e-01 9.772483e-01 9.881341e-01 9.936280e-01 9.964939e-01 1.006744e+00 1.014774e+00 1.015022e+00 1.011420e+00 1.013513e+00 1.022043e+00 1.032030e+00 1.037983e+00 1.038322e+00 1.040062e+00 1.047916e+00 1.051896e+00 1.051388e+00 1.049445e+00 1.051371e+00 1.057849e+00 1.060459e+00 1.061711e+00 1.063267e+00 1.064133e+00 1.064390e+00 1.066137e+00 1.064966e+00 1.064458e+00 1.064193e+00 1.066057e+00 1.068650e+00 1.072045e+00 1.073222e+00 1.074687e+00 1.076635e+00 1.079247e+00 1.078295e+00 1.076946e+00 1.077032e+00 1.078238e+00 1.076687e+00 1.075696e+00 1.078988e+00 1.080451e+00 1.077708e+00 1.074860e+00 1.071392e+00 1.067433e+00 1.066308e+00 1.067349e+00 1.067187e+00 1.066654e+00 1.063890e+00 1.052823e+00 1.031404e+00 1.028037e+00 1.021653e+00 9.890813e-01 9.806420e-01
9.762545e-01 9.957764e-01 1.008969e+00 1.012330e+00 1.011125e+00 1.001005e+00 9.837108e-01 9.770066e-01 9.674712e-01 9.684354e-01 9.697594e-01 9.678695e-01 9.733480e-01 9.785529e-01 9.858765e-01 9.836268e-01 9.760349e-01 9.685854e-01 9.663882e-01 9.697135e-01 9.724151e-01 9.760171e-01 9.778262e-01 9.753973e-01 9.748389e-01 9.732589e-01 9.700301e-01 9.704826e-01 9.765304e-01 9.729363e-01 9.701381e-01 9.751391e-01 9.757493e-01 9.780637e-01 9.834987e-01 9.926310e-01 9.951121e-01 9.944472e-01 9.859987e-01 9.813700e-01 9.840041e-01 9.892471e-01 9.868456e-01 9.848576e-01 9.894006e-01 9.969106e-01 1.001258e+00 1.004576e+00 1.014344e+00 1.023499e+00 1.032087e+00 1.033909e+00 1.027365e+00 1.023700e+00 1.020499e+00 1.012779e+00 1.012567e+00 1.013317e+00 1.016516e+00 1.009192e+00 9.980636e-01 9.955995e-01 9.964751e-01 9.931239e-01 1.003689e+00 1.014425e+00 1.020468e+00 1.022919e+00 1.025202e+00 1.028586e+00 1.031445e+00 1.025110e+00 1.016502e+00 1.012033e+00 1.014596e+00 1.021348e+00 1.025257e+00 1.024430e+00 1.020891e+00 1.020550e+00 1.018861e+00 1.017572e+00 1.020287e+00 1.022559e+00 1.023448e+00 1.021056e+00 1.017824e+00 1.011935e+00 1.010146e+00 1.014470e+00 1.016593e+00 1.020237e+00 1.017720e+00 1.012601e+00 9.959930e-01 9.777638e-01 9.675407e-01 9.730079e-01 9.713019e-01 9.728705e-01 9.855449e-01 9.884696e-01 9.845583e-01 9.815358e-01 9.798114e-01 9.740181e-01 9.677694e-01 9.673396e-01 9.694496e-01 9.791541e-01 9.813365e-01 9.813372e-01 9.868189e-01 9.904463e-01 9.797680e-01 9.782388e-01 9.896319e-01 9.949424e-01 9.961664e-01 9.905465e-01 9.964781e-01 1.002864e+00 1.001958e+00 9.994217e-01 1.003868e+00 1.008966e+00 1.012999e+00 1.018941e+00 1.015804e+00 1.014467e+00 1.017710e+00 1.019570e+00 1.025959e+00 1.029502e+00 1.033505e+00 1.035845e+00 1.036152e+00 1.032586e+00 1.032387e+00 1.033359e+00 1.032558e+00 1.032858e+00 1.036081e+00 1.045799e+00 1.047587e+00 1.041589e+00 1.036408e+00 1.033950e+00 1.037211e+00 1.037669e+00 1.038204e+00 1.036634e+00 1.033577e+00 1.027888e+00 1.022797e+00 1.018781e+00 1.022139e+00 1.029646e+00 1.027750e+00 1.019083e+00 1.013574e+00 1.005315e+00 1.000780e+00 1.001498e+00 1.000836e+00 9.979849e-01 9.924796e-01 9.891230e-01 9.867575e-01 9.824876e-01 9.747272e-01 9.667001e-01 9.610546e-01 9.603981e-01 9.523154e-01 9.531757e-01 9.606549e-01 9.545603e-01 9.468684e-01 9.421072e-01 9.401082e-01 9.418170e-01 9.406140e-01 9.315859e-01 9.308217e-01 9.381180e-01 9.367147e-01 9.415092e-01 9.551761e-01 9.587761e-01 9.550214e-01 9.538245e-01 9.584304e-01 9.669755e-01 9.717871e-01 9.755556e-01 9.773184e-01 9.814551e-01 9.919807e-01 9.940367e-01 9.972646e-01 1.007333e+00 1.016451e+00 1.016716e+00 1.015761e+00 1.020647e+00 1.026875e+00 1.034682e+00 1.041279e+00 1.044194e+00 1.043419e+00 1.048082e+00 1.051726e+00 1.051634e+00 1.051427e+00 1.055550e+00 1.059583e+00 1.059932e+00 1.059881e+00 1.062308e+00 1.066216e+00 1.067567e+00 1.068281e+00 1.066764e+00 1.066064e+00 1.066837e+00 1.070739e+00 1.073727e+00 1.075143e+00 1.076242e+00 1.078369e+00 1.080041e+00 1.080156e+00 1.077798e+00 1.078019e+00 1.079986e+00 1.080151e+00 1.078852e+00 1.078169e+00 1.079921e+00 1.081112e+00 1.078556e+00 1.076128e+00 1.069885e+00 1.068640e+00 1.068642e+00 1.069939e+00 1.068074e+00 1.066353e+00 1.064093e+00 1.053976e+00 1.031938e+00 1.025512e+00 1.021520e+00 9.841678e-01 9.772640e-01
9.705870e-01 9.877232e-01 1.006059e+00 1.011734e+00 1.005765e+00 9.959002e-01 9.791477e-01 9.650614e-01 9.584783e-01 9.633667e-01 9.675463e-01 9.700817e-01 9.768010e-01 9.826300e-01 9.857801e-01 9.894382e-01 9.856387e-01 9.675982e-01 9.604515e-01 9.665022e-01 9.703605e-01 9.748728e-01 9.758058e-01 9.804955e-01 9.814991e-01 9.808086e-01 9.758327e-01 9.763364e-01 9.793258e-01 9.786099e-01 9.719260e-01 9.756136e-01 9.744015e-01 9.794749e-01 9.816337e-01 9.887055e-01 9.930279e-01 9.930498e-01 9.916964e-01 9.904311e-01 9.922845e-01 9.928513e-01 9.880441e-01 9.905626e-01 9.942893e-01 9.989734e-01 1.006457e+00 1.011982e+00 1.019279e+00 1.027000e+00 1.031526e+00 1.029382e+00 1.024810e+00 1.021283e+00 1.009081e+00 9.994287e-01 1.008026e+00 1.010296e+00 1.008209e+00 9.978021e-01 9.917282e-01 9.919176e-01 9.933810e-01 1.002254e+00 1.013724e+00 1.016600e+00 1.018869e+00 1.018897e+00 1.024623e+00 1.033047e+00 1.034452e+00 1.023046e+00 1.012394e+00 1.017619e+00 1.020618e+00 1.021244e+00 1.021953e+00 1.019600e+00 1.016243e+00 1.019557e+00 1.022133e+00 1.023487e+00 1.026704e+00 1.028393e+00 1.026674e+00 1.025083e+00 1.022341e+00 1.014036e+00 1.014289e+00 1.016653e+00 1.015293e+00 1.014392e+00 1.010262e+00 1.005949e+00 9.920061e-01 9.760795e-01 9.664355e-01 9.685749e-01 9.727433e-01 9.726816e-01 9.813309e-01 9.894486e-01 9.935167e-01 9.887686e-01 9.858021e-01 9.806032e-01 9.685521e-01 9.655097e-01 9.688379e-01 9.826320e-01 9.833083e-01 9.875448e-01 9.929788e-01 9.914098e-01 9.832798e-01 9.767584e-01 9.930284e-01 1.000317e+00 1.003950e+00 1.004617e+00 1.006439e+00 1.004928e+00 1.004425e+00 1.005391e+00 1.008890e+00 1.010024e+00 1.009653e+00 1.014875e+00 1.015156e+00 1.018795e+00 1.018217e+00 1.018255e+00 1.021698e+00 1.026663e+00 1.031229e+00 1.032446e+00 1.033648e+00 1.036076e+00 1.035767e+00 1.033143e+00 1.030077e+00 1.033089e+00 1.038392e+00 1.046898e+00 1.048307e+00 1.041643e+00 1.036041e+00 1.032565e+00 1.032065e+00 1.035539e+00 1.037565e+00 1.034731e+00 1.032409e+00 1.028636e+00 1.022760e+00 1.021380e+00 1.024499e+00 1.022730e+00 1.019976e+00 1.013553e+00 1.008737e+00 9.978725e-01 9.968747e-01 9.980515e-01 9.962688e-01 9.954333e-01 9.939291e-01 9.903285e-01 9.888313e-01 9.873382e-01 9.758928e-01 9.666044e-01 9.645821e-01 9.637201e-01 9.609078e-01 9.579066e-01 9.581273e-01 9.533746e-01 9.501735e-01 9.425673e-01 9.397006e-01 9.427617e-01 9.426391e-01 9.377105e-01 9.364573e-01 9.411169e-01 9.380234e-01 9.453934e-01 9.589327e-01 9.603333e-01 9.543032e-01 9.561574e-01 9.657146e-01 9.751146e-01 9.805236e-01 9.822000e-01 9.833692e-01 9.854437e-01 9.907430e-01 9.921309e-01 9.966831e-01 1.008178e+00 1.017846e+00 1.019482e+00 1.021951e+00 1.028406e+00 1.034068e+00 1.038387e+00 1.044981e+00 1.050013e+00 1.051407e+00 1.053103e+00 1.055304e+00 1.054622e+00 1.053885e+00 1.055731e+00 1.057364e+00 1.057762e+00 1.058426e+00 1.062534e+00 1.066026e+00 1.070585e+00 1.071854e+00 1.070766e+00 1.068935e+00 1.071056e+00 1.074771e+00 1.076998e+00 1.078157e+00 1.079488e+00 1.080961e+00 1.080496e+00 1.078938e+00 1.078908e+00 1.080198e+00 1.081215e+00 1.081012e+00 1.079596e+00 1.080369e+00 1.081595e+00 1.080153e+00 1.076309e+00 1.076687e+00 1.070746e+00 1.068698e+00 1.068976e+00 1.070554e+00 1.069308e+00 1.069100e+00 1.066156e+00 1.053783e+00 1.032051e+00 1.024449e+00 1.020636e+00 9.779725e-01 9.753422e-01
9.726933e-01 9.866638e-01 1.003122e+00 1.009211e+00 9.990534e-01 9.895064e-01 9.805497e-01 9.634010e-01 9.578250e-01 9.595907e-01 9.649150e-01 9.748032e-01 9.846375e-01 9.891090e-01 9.861885e-01 9.860005e-01 9.787055e-01 9.643056e-01 9.585373e-01 9.627210e-01 9.746708e-01 9.807233e-01 9.764484e-01 9.795134e-01 9.826409e-01 9.772019e-01 9.744565e-01 9.738742e-01 9.735478e-01 9.820813e-01 9.772956e-01 9.790722e-01 9.800420e-01 9.856079e-01 9.822333e-01 9.822685e-01 9.841465e-01 9.907069e-01 9.880668e-01 9.867812e-01 9.928628e-01 9.896631e-01 9.924841e-01 9.983778e-01 1.001698e+00 1.004324e+00 1.009363e+00 1.017532e+00 1.022363e+00 1.028100e+00 1.033683e+00 1.031212e+00 1.026240e+00 1.015022e+00 1.003612e+00 9.991899e-01 1.009658e+00 1.011203e+00 1.006174e+00 9.967731e-01 9.969186e-01 9.977134e-01 1.002992e+00 1.014332e+00 1.019546e+00 1.022259e+00 1.023812e+00 1.019519e+00 1.025268e+00 1.030977e+00 1.029064e+00 1.014800e+00 1.008630e+00 1.014759e+00 1.024452e+00 1.027809e+00 1.026113e+00 1.023571e+00 1.018197e+00 1.019250e+00 1.021946e+00 1.023124e+00 1.025650e+00 1.028263e+00 1.027621e+00 1.025509e+00 1.020404e+00 1.010575e+00 1.012277e+00 1.015011e+00 1.014170e+00 1.009755e+00 1.004404e+00 9.978567e-01 9.860728e-01 9.786731e-01 9.690502e-01 9.647452e-01 9.647980e-01 9.723630e-01 9.709131e-01 9.799637e-01 9.854682e-01 9.872580e-01 9.916045e-01 9.855021e-01 9.735471e-01 9.686034e-01 9.736362e-01 9.866288e-01 9.884475e-01 9.892012e-01 9.937991e-01 9.883545e-01 9.865384e-01 9.845318e-01 9.973637e-01 1.006693e+00 1.010948e+00 1.011575e+00 1.012629e+00 1.009815e+00 1.010100e+00 1.012345e+00 1.012920e+00 1.009731e+00 1.008215e+00 1.007461e+00 1.011174e+00 1.018027e+00 1.018693e+00 1.020640e+00 1.023174e+00 1.024474e+00 1.026153e+00 1.027950e+00 1.031135e+00 1.035267e+00 1.037339e+00 1.036664e+00 1.033368e+00 1.035880e+00 1.039055e+00 1.042136e+00 1.041755e+00 1.038383e+00 1.038293e+00 1.033777e+00 1.029535e+00 1.033702e+00 1.036396e+00 1.033324e+00 1.030411e+00 1.023080e+00 1.018519e+00 1.023050e+00 1.025764e+00 1.018894e+00 1.011843e+00 1.011689e+00 1.003551e+00 9.891201e-01 9.906000e-01 9.986248e-01 9.943680e-01 9.928968e-01 9.935429e-01 9.911347e-01 9.923978e-01 9.866941e-01 9.736005e-01 9.612420e-01 9.618058e-01 9.676834e-01 9.662142e-01 9.592806e-01 9.526320e-01 9.524861e-01 9.459093e-01 9.381772e-01 9.397910e-01 9.439147e-01 9.444813e-01 9.417971e-01 9.427642e-01 9.434301e-01 9.414691e-01 9.489066e-01 9.548500e-01 9.564015e-01 9.555397e-01 9.601793e-01 9.695133e-01 9.786911e-01 9.809921e-01 9.806350e-01 9.842546e-01 9.933575e-01 9.978144e-01 9.953708e-01 9.993730e-01 1.010190e+00 1.020616e+00 1.020548e+00 1.027273e+00 1.035971e+00 1.039768e+00 1.043613e+00 1.049423e+00 1.054453e+00 1.056338e+00 1.055429e+00 1.056684e+00 1.055977e+00 1.054728e+00 1.055870e+00 1.056925e+00 1.057622e+00 1.059462e+00 1.060863e+00 1.065710e+00 1.071702e+00 1.075052e+00 1.074822e+00 1.073035e+00 1.075267e+00 1.076959e+00 1.078704e+00 1.079432e+00 1.081470e+00 1.082475e+00 1.081863e+00 1.081025e+00 1.081749e+00 1.081153e+00 1.080065e+00 1.081242e+00 1.080832e+00 1.081238e+00 1.081550e+00 1.080727e+00 1.076677e+00 1.077371e+00 1.071718e+00 1.067023e+00 1.067371e+00 1.067663e+00 1.068171e+00 1.071150e+00 1.068671e+00 1.055015e+00 1.031618e+00 1.027307e+00 1.022636e+00 9.772614e-01 9.782199e-01
9.760970e-01 9.857594e-01 9.943916e-01 9.980524e-01 9.916895e-01 9.907911e-01 9.821848e-01 9.684258e-01 9.644774e-01 9.641055e-01 9.665871e-01 9.724818e-01 9.834376e-01 9.873818e-01 9.872725e-01 9.791567e-01 9.675520e-01 9.611475e-01 9.599335e-01 9.630715e-01 9.730311e-01 9.775282e-01 9.739594e-01 9.775678e-01 9.798651e-01 9.762862e-01 9.714464e-01 9.667145e-01 9.688729e-01 9.777166e-01 9.766964e-01 9.795244e-01 9.848022e-01 9.906792e-01 9.873177e-01 9.778913e-01 9.772997e-01 9.827817e-01 9.897749e-01 9.887726e-01 9.923723e-01 9.917330e-01 9.958460e-01 1.006539e+00 1.011812e+00 1.012636e+00 1.017478e+00 1.021669e+00 1.021282e+00 1.025176e+00 1.031185e+00 1.029152e+00 1.023049e+00 1.012398e+00 1.010871e+00 1.011433e+00 1.009599e+00 1.002711e+00 9.993766e-01 9.956117e-01 1.000045e+00 1.003635e+00 1.006258e+00 1.012537e+00 1.014700e+00 1.022878e+00 1.028701e+00 1.028131e+00 1.029569e+00 1.028889e+00 1.023374e+00 1.008869e+00 1.003727e+00 1.010681e+00 1.018057e+00 1.024762e+00 1.027681e+00 1.028438e+00 1.024734e+00 1.023930e+00 1.023016e+00 1.018451e+00 1.020627e+00 1.023823e+00 1.025199e+00 1.026326e+00 1.021788e+00 1.015699e+00 1.011705e+00 1.009554e+00 1.008261e+00 9.993151e-01 9.920761e-01 9.837803e-01 9.799159e-01 9.785680e-01 9.735668e-01 9.663939e-01 9.637074e-01 9.649892e-01 9.683598e-01 9.768145e-01 9.841436e-01 9.849407e-01 9.855503e-01 9.779795e-01 9.759697e-01 9.751889e-01 9.847083e-01 9.899711e-01 9.892929e-01 9.859343e-01 9.880475e-01 9.868891e-01 9.896604e-01 9.918056e-01 9.970020e-01 1.004488e+00 1.006067e+00 1.005446e+00 1.007082e+00 1.012548e+00 1.010401e+00 1.009616e+00 1.009602e+00 1.007659e+00 1.006686e+00 1.004464e+00 1.010929e+00 1.015796e+00 1.015875e+00 1.019521e+00 1.020735e+00 1.020379e+00 1.024328e+00 1.025350e+00 1.024463e+00 1.027112e+00 1.030634e+00 1.031674e+00 1.030085e+00 1.031923e+00 1.033733e+00 1.034496e+00 1.035405e+00 1.035439e+00 1.034648e+00 1.032268e+00 1.028495e+00 1.030859e+00 1.031520e+00 1.027409e+00 1.022228e+00 1.017573e+00 1.015093e+00 1.019684e+00 1.018502e+00 1.008472e+00 1.003848e+00 1.005498e+00 9.960073e-01 9.885261e-01 9.954448e-01 9.993514e-01 9.925077e-01 9.876575e-01 9.886578e-01 9.827313e-01 9.786475e-01 9.737539e-01 9.646799e-01 9.594762e-01 9.639239e-01 9.706410e-01 9.653993e-01 9.596438e-01 9.567599e-01 9.548082e-01 9.469633e-01 9.419669e-01 9.425424e-01 9.430249e-01 9.445180e-01 9.457986e-01 9.486656e-01 9.479513e-01 9.484820e-01 9.482460e-01 9.462378e-01 9.523569e-01 9.576371e-01 9.602655e-01 9.675565e-01 9.736888e-01 9.766313e-01 9.773964e-01 9.879426e-01 9.991838e-01 1.006506e+00 1.004854e+00 1.006921e+00 1.015159e+00 1.024566e+00 1.026603e+00 1.031605e+00 1.040099e+00 1.042720e+00 1.044944e+00 1.048703e+00 1.054272e+00 1.055214e+00 1.055707e+00 1.057312e+00 1.057702e+00 1.057882e+00 1.057897e+00 1.059289e+00 1.058951e+00 1.060527e+00 1.061799e+00 1.066574e+00 1.069590e+00 1.073598e+00 1.075466e+00 1.075786e+00 1.075990e+00 1.077560e+00 1.079300e+00 1.080883e+00 1.081852e+00 1.083242e+00 1.081808e+00 1.082007e+00 1.082084e+00 1.080668e+00 1.078773e+00 1.080622e+00 1.081218e+00 1.082094e+00 1.082152e+00 1.081978e+00 1.079144e+00 1.077106e+00 1.072876e+00 1.069245e+00 1.067863e+00 1.064230e+00 1.066352e+00 1.070650e+00 1.070022e+00 1.057288e+00 1.036209e+00 1.031524e+00 1.028462e+00 9.833888e-01 9.844190e-01
9.743474e-01 9.812154e-01 9.838535e-01 9.826984e-01 9.862134e-01 9.815482e-01 9.694413e-01 9.598573e-01 9.627446e-01 9.632986e-01 9.643136e-01 9.631115e-01 9.754506e-01 9.818774e-01 9.801365e-01 9.716496e-01 9.664568e-01 9.630967e-01 9.682864e-01 9.696672e-01 9.711390e-01 9.724437e-01 9.655838e-01 9.736114e-01 9.744423e-01 9.698602e-01 9.662137e-01 9.673816e-01 9.721999e-01 9.784600e-01 9.719288e-01 9.735295e-01 9.871840e-01 9.924276e-01 9.851469e-01 9.790559e-01 9.806050e-01 9.821061e-01 9.895589e-01 9.999146e-01 9.995751e-01 9.958621e-01 1.002608e+00 1.012632e+00 1.012764e+00 1.013102e+00 1.019893e+00 1.024702e+00 1.018861e+00 1.019028e+00 1.019675e+00 1.018712e+00 1.016515e+00 1.011246e+00 1.014484e+00 1.014628e+00 1.002382e+00 9.955964e-01 9.914232e-01 9.950485e-01 1.002604e+00 1.013688e+00 1.015080e+00 1.010544e+00 1.009079e+00 1.016899e+00 1.025079e+00 1.033030e+00 1.032561e+00 1.021950e+00 1.017345e+00 1.014595e+00 1.010821e+00 1.014390e+00 1.018123e+00 1.020223e+00 1.026015e+00 1.028677e+00 1.023689e+00 1.022580e+00 1.019487e+00 1.011157e+00 1.012935e+00 1.018505e+00 1.023926e+00 1.025920e+00 1.019812e+00 1.014006e+00 1.005991e+00 1.000535e+00 9.955623e-01 9.902413e-01 9.831647e-01 9.787965e-01 9.825948e-01 9.804371e-01 9.753864e-01 9.735191e-01 9.716301e-01 9.710012e-01 9.827009e-01 9.906008e-01 9.909802e-01 9.858886e-01 9.788718e-01 9.709665e-01 9.707722e-01 9.782883e-01 9.887770e-01 9.884971e-01 9.830709e-01 9.790590e-01 9.825831e-01 9.864627e-01 9.886844e-01 9.869676e-01 9.912598e-01 9.998916e-01 1.000499e+00 9.980530e-01 1.004692e+00 1.009706e+00 1.006189e+00 1.005520e+00 1.003541e+00 1.000879e+00 1.001693e+00 1.003188e+00 1.008093e+00 1.010995e+00 1.012903e+00 1.017256e+00 1.018608e+00 1.018630e+00 1.023743e+00 1.024812e+00 1.023245e+00 1.027274e+00 1.031986e+00 1.033422e+00 1.028518e+00 1.028621e+00 1.032099e+00 1.025787e+00 1.029307e+00 1.033290e+00 1.028762e+00 1.025527e+00 1.026428e+00 1.024728e+00 1.022965e+00 1.021653e+00 1.019609e+00 1.014812e+00 1.010850e+00 1.007492e+00 1.006121e+00 9.992171e-01 9.999146e-01 1.000215e+00 9.898754e-01 9.853769e-01 9.964228e-01 9.966501e-01 9.878239e-01 9.828135e-01 9.782048e-01 9.721136e-01 9.656076e-01 9.676801e-01 9.631755e-01 9.607526e-01 9.655082e-01 9.724342e-01 9.715201e-01 9.655217e-01 9.572999e-01 9.540359e-01 9.540420e-01 9.518116e-01 9.470698e-01 9.447201e-01 9.469171e-01 9.498764e-01 9.515564e-01 9.533281e-01 9.556702e-01 9.521517e-01 9.494241e-01 9.529772e-01 9.564148e-01 9.595259e-01 9.682922e-01 9.778137e-01 9.844025e-01 9.861500e-01 9.957860e-01 1.003640e+00 1.007442e+00 1.004987e+00 1.007397e+00 1.018984e+00 1.028905e+00 1.032708e+00 1.035474e+00 1.041741e+00 1.042444e+00 1.044824e+00 1.049755e+00 1.055416e+00 1.054946e+00 1.055594e+00 1.056705e+00 1.058444e+00 1.059347e+00 1.059118e+00 1.060173e+00 1.059845e+00 1.060801e+00 1.065610e+00 1.068115e+00 1.069776e+00 1.072296e+00 1.074967e+00 1.076227e+00 1.076013e+00 1.077281e+00 1.078912e+00 1.080009e+00 1.081495e+00 1.082486e+00 1.081943e+00 1.081874e+00 1.081124e+00 1.079402e+00 1.077402e+00 1.079940e+00 1.080756e+00 1.081674e+00 1.082258e+00 1.082980e+00 1.080614e+00 1.077754e+00 1.074334e+00 1.071522e+00 1.067098e+00 1.061841e+00 1.066414e+00 1.071642e+00 1.069949e+00 1.057754e+00 1.041818e+00 1.032103e+00 1.030539e+00 9.867542e-01 9.870787e-01
9.676570e-01 9.753928e-01 9.769588e-01 9.808328e-01 9.807665e-01 9.755533e-01 9.633415e-01 9.527737e-01 9.562803e-01 9.613222e-01 9.605629e-01 9.605768e-01 9.708410e-01 9.786161e-01 9.787773e-01 9.747621e-01 9.655941e-01 9.614372e-01 9.656537e-01 9.712555e-01 9.796520e-01 9.780719e-01 9.738092e-01 9.773130e-01 9.759461e-01 9.629634e-01 9.612890e-01 9.668260e-01 9.725372e-01 9.782517e-01 9.740494e-01 9.699370e-01 9.835449e-01 9.943590e-01 9.940597e-01 9.889719e-01 9.932421e-01 9.956554e-01 9.941686e-01 1.001853e+00 1.003808e+00 1.004428e+00 1.005350e+00 1.010773e+00 1.012623e+00 1.012329e+00 1.016821e+00 1.028655e+00 1.026621e+00 1.021859e+00 1.017775e+00 1.018300e+00 1.016809e+00 1.015119e+00 1.012169e+00 1.011276e+00 1.003160e+00 9.956858e-01 9.948856e-01 1.002586e+00 1.008273e+00 1.014577e+00 1.019505e+00 1.019141e+00 1.014362e+00 1.015598e+00 1.022849e+00 1.031282e+00 1.031344e+00 1.025386e+00 1.016451e+00 1.021149e+00 1.023946e+00 1.022495e+00 1.020503e+00 1.018104e+00 1.021152e+00 1.024834e+00 1.019421e+00 1.014095e+00 1.012552e+00 1.010482e+00 1.013752e+00 1.021812e+00 1.022767e+00 1.017557e+00 1.010663e+00 1.005311e+00 9.971747e-01 9.940670e-01 9.910198e-01 9.895425e-01 9.786565e-01 9.767227e-01 9.822089e-01 9.834694e-01 9.753114e-01 9.724417e-01 9.761680e-01 9.845353e-01 9.925384e-01 9.936531e-01 9.917557e-01 9.838889e-01 9.781711e-01 9.756365e-01 9.753836e-01 9.825196e-01 9.870728e-01 9.834794e-01 9.763850e-01 9.730144e-01 9.807612e-01 9.799243e-01 9.760721e-01 9.785373e-01 9.863098e-01 9.950095e-01 1.001152e+00 9.997987e-01 1.005169e+00 1.004311e+00 1.003157e+00 1.004094e+00 1.003775e+00 9.980946e-01 9.981312e-01 9.978642e-01 1.000478e+00 1.007228e+00 1.013943e+00 1.017637e+00 1.018311e+00 1.017795e+00 1.021635e+00 1.026045e+00 1.026572e+00 1.028634e+00 1.030919e+00 1.030661e+00 1.028703e+00 1.030305e+00 1.030265e+00 1.024303e+00 1.025216e+00 1.029153e+00 1.022641e+00 1.021008e+00 1.020567e+00 1.016239e+00 1.017787e+00 1.019162e+00 1.016590e+00 1.011772e+00 1.006400e+00 9.955723e-01 9.904755e-01 9.928247e-01 1.001418e+00 1.000678e+00 9.916772e-01 9.879600e-01 9.919883e-01 9.891462e-01 9.788741e-01 9.754862e-01 9.734695e-01 9.720154e-01 9.695777e-01 9.731422e-01 9.709527e-01 9.670038e-01 9.726611e-01 9.770542e-01 9.751313e-01 9.643400e-01 9.525962e-01 9.499028e-01 9.534401e-01 9.544976e-01 9.487360e-01 9.426782e-01 9.433222e-01 9.447351e-01 9.561964e-01 9.610787e-01 9.588915e-01 9.571280e-01 9.554819e-01 9.572223e-01 9.578074e-01 9.643865e-01 9.782859e-01 9.908084e-01 9.934366e-01 9.966325e-01 9.994909e-01 1.001842e+00 1.005851e+00 1.007632e+00 1.011696e+00 1.021948e+00 1.032575e+00 1.036483e+00 1.037290e+00 1.042117e+00 1.045248e+00 1.047813e+00 1.054910e+00 1.060668e+00 1.059347e+00 1.058258e+00 1.059811e+00 1.059697e+00 1.060327e+00 1.060570e+00 1.061417e+00 1.061863e+00 1.063926e+00 1.067087e+00 1.070322e+00 1.071965e+00 1.073458e+00 1.073965e+00 1.073384e+00 1.075917e+00 1.077788e+00 1.079774e+00 1.079621e+00 1.080811e+00 1.081451e+00 1.082119e+00 1.081241e+00 1.080688e+00 1.079259e+00 1.077849e+00 1.080281e+00 1.081657e+00 1.082666e+00 1.084558e+00 1.084525e+00 1.081910e+00 1.078627e+00 1.074087e+00 1.070275e+00 1.068074e+00 1.064340e+00 1.067817e+00 1.071520e+00 1.070690e+00 1.059121e+00 1.042845e+00 1.029615e+00 1.026423e+00 9.846507e-01 9.797171e-01
9.586425e-01 9.697272e-01 9.760864e-01 9.785382e-01 9.733124e-01 9.662344e-01 9.582766e-01 9.484147e-01 9.512780e-01 9.611056e-01 9.606119e-01 9.617720e-01 9.656522e-01 9.682402e-01 9.750377e-01 9.757518e-01 9.691373e-01 9.601864e-01 9.599763e-01 9.669216e-01 9.760308e-01 9.731836e-01 9.734020e-01 9.774461e-01 9.736651e-01 9.621785e-01 9.591885e-01 9.635215e-01 9.739065e-01 9.805228e-01 9.803634e-01 9.757139e-01 9.811208e-01 9.942289e-01 9.944575e-01 9.965265e-01 9.959105e-01 9.962949e-01 9.918033e-01 9.937930e-01 9.999499e-01 1.006807e+00 1.009878e+00 1.013215e+00 1.018766e+00 1.017604e+00 1.019752e+00 1.030500e+00 1.032281e+00 1.025480e+00 1.021626e+00 1.016789e+00 1.013663e+00 1.015698e+00 1.010528e+00 1.007649e+00 1.003922e+00 9.969113e-01 1.004393e+00 1.012252e+00 1.012978e+00 1.016465e+00 1.023175e+00 1.029876e+00 1.028117e+00 1.023110e+00 1.023694e+00 1.024148e+00 1.023624e+00 1.025892e+00 1.027848e+00 1.029599e+00 1.030359e+00 1.027641e+00 1.021002e+00 1.012423e+00 1.013894e+00 1.021953e+00 1.018049e+00 1.010068e+00 1.013818e+00 1.017453e+00 1.014005e+00 1.018434e+00 1.019109e+00 1.013209e+00 1.008731e+00 1.009831e+00 1.001637e+00 9.977809e-01 9.934313e-01 9.908617e-01 9.786059e-01 9.766810e-01 9.772245e-01 9.761041e-01 9.709302e-01 9.710748e-01 9.782482e-01 9.872907e-01 9.858512e-01 9.807386e-01 9.822409e-01 9.792053e-01 9.803277e-01 9.832633e-01 9.816377e-01 9.830697e-01 9.793642e-01 9.768535e-01 9.733152e-01 9.702095e-01 9.765996e-01 9.750834e-01 9.742205e-01 9.819871e-01 9.915262e-01 9.964404e-01 1.006632e+00 1.010098e+00 1.011673e+00 1.002215e+00 1.003959e+00 1.004608e+00 9.989293e-01 9.961341e-01 9.983635e-01 9.972137e-01 1.002903e+00 1.011085e+00 1.014145e+00 1.012353e+00 1.012000e+00 1.013136e+00 1.020472e+00 1.025030e+00 1.030362e+00 1.033744e+00 1.027317e+00 1.024797e+00 1.025596e+00 1.028049e+00 1.023541e+00 1.022205e+00 1.022707e+00 1.024743e+00 1.019480e+00 1.016308e+00 1.015944e+00 1.013310e+00 1.016022e+00 1.016617e+00 1.010849e+00 1.004422e+00 9.954032e-01 9.866098e-01 9.808541e-01 9.894580e-01 9.993585e-01 9.997481e-01 9.903002e-01 9.876440e-01 9.881986e-01 9.835147e-01 9.765885e-01 9.751715e-01 9.733864e-01 9.741092e-01 9.697852e-01 9.734398e-01 9.737605e-01 9.669836e-01 9.711403e-01 9.746062e-01 9.694416e-01 9.563754e-01 9.508474e-01 9.528790e-01 9.539740e-01 9.525149e-01 9.520702e-01 9.468115e-01 9.411861e-01 9.450523e-01 9.589148e-01 9.704709e-01 9.681219e-01 9.601336e-01 9.584485e-01 9.630128e-01 9.686436e-01 9.751109e-01 9.864817e-01 9.927845e-01 9.956077e-01 1.001518e+00 1.003587e+00 1.006148e+00 1.011740e+00 1.015568e+00 1.016786e+00 1.022933e+00 1.034113e+00 1.037999e+00 1.038939e+00 1.044170e+00 1.048562e+00 1.051042e+00 1.056533e+00 1.060143e+00 1.060972e+00 1.062047e+00 1.062955e+00 1.060408e+00 1.063018e+00 1.062483e+00 1.061514e+00 1.061971e+00 1.066981e+00 1.068681e+00 1.071132e+00 1.074164e+00 1.076475e+00 1.075856e+00 1.073574e+00 1.076096e+00 1.078979e+00 1.080754e+00 1.082001e+00 1.082458e+00 1.082638e+00 1.082152e+00 1.081977e+00 1.082396e+00 1.080543e+00 1.079454e+00 1.081713e+00 1.083907e+00 1.084763e+00 1.085835e+00 1.085048e+00 1.081878e+00 1.077681e+00 1.073636e+00 1.068567e+00 1.067309e+00 1.065111e+00 1.066811e+00 1.070989e+00 1.071569e+00 1.060510e+00 1.043357e+00 1.036005e+00 1.029800e+00 9.844327e-01 9.719319e-01
9.480768e-01 9.613716e-01 9.757889e-01 9.760880e-01 9.710782e-01 9.637095e-01 9.523202e-01 9.485112e-01 9.558200e-01 9.605049e-01 9.597313e-01 9.620982e-01 9.596870e-01 9.593111e-01 9.687840e-01 9.728085e-01 9.684616e-01 9.658494e-01 9.646711e-01 9.630438e-01 9.680794e-01 9.751689e-01 9.740168e-01 9.761516e-01 9.746906e-01 9.665749e-01 9.626127e-01 9.675835e-01 9.778331e-01 9.825444e-01 9.838723e-01 9.841548e-01 9.855388e-01 9.887127e-01 9.882222e-01 9.923191e-01 9.981082e-01 9.983851e-01 9.954227e-01 9.959034e-01 1.004688e+00 1.012229e+00 1.016078e+00 1.019545e+00 1.022921e+00 1.019700e+00 1.023144e+00 1.033836e+00 1.033642e+00 1.029361e+00 1.024419e+00 1.015011e+00 1.006821e+00 1.006561e+00 1.001212e+00 1.003764e+00 1.002146e+00 9.999875e-01 1.007138e+00 1.015617e+00 1.012389e+00 1.010446e+00 1.018642e+00 1.028594e+00 1.032754e+00 1.030396e+00 1.029478e+00 1.024598e+00 1.022178e+00 1.025602e+00 1.027721e+00 1.026397e+00 1.023409e+00 1.023175e+00 1.021394e+00 1.014465e+00 1.013143e+00 1.019668e+00 1.014344e+00 1.011946e+00 1.015489e+00 1.013750e+00 1.009672e+00 1.009233e+00 1.012366e+00 1.009899e+00 1.006147e+00 1.010713e+00 1.007818e+00 1.007655e+00 1.000585e+00 9.899938e-01 9.819961e-01 9.806566e-01 9.706129e-01 9.715980e-01 9.676118e-01 9.664879e-01 9.725097e-01 9.757579e-01 9.756631e-01 9.706345e-01 9.715947e-01 9.738078e-01 9.782904e-01 9.853908e-01 9.815373e-01 9.803275e-01 9.732562e-01 9.716859e-01 9.755854e-01 9.730242e-01 9.770580e-01 9.781095e-01 9.847327e-01 9.882045e-01 9.947926e-01 9.975209e-01 1.007695e+00 1.011210e+00 1.007074e+00 1.004084e+00 1.006440e+00 1.001938e+00 9.948033e-01 9.928358e-01 9.920198e-01 9.934865e-01 1.002004e+00 1.009572e+00 1.012524e+00 1.011860e+00 1.011072e+00 1.009191e+00 1.014579e+00 1.021348e+00 1.030828e+00 1.034091e+00 1.027193e+00 1.021976e+00 1.022470e+00 1.023327e+00 1.022416e+00 1.021672e+00 1.023496e+00 1.025875e+00 1.018568e+00 1.010968e+00 1.014555e+00 1.016142e+00 1.012766e+00 1.008265e+00 1.002478e+00 9.963899e-01 9.939217e-01 9.884843e-01 9.838666e-01 9.880370e-01 9.902904e-01 9.935287e-01 9.926152e-01 9.875923e-01 9.854806e-01 9.792492e-01 9.761370e-01 9.780512e-01 9.769427e-01 9.703686e-01 9.629830e-01 9.704258e-01 9.721504e-01 9.634014e-01 9.610215e-01 9.632149e-01 9.588749e-01 9.524596e-01 9.545313e-01 9.532007e-01 9.528703e-01 9.540876e-01 9.559232e-01 9.517201e-01 9.462137e-01 9.517222e-01 9.548568e-01 9.653572e-01 9.708274e-01 9.653139e-01 9.678717e-01 9.737536e-01 9.765565e-01 9.791127e-01 9.870871e-01 9.894991e-01 9.985179e-01 1.009229e+00 1.009757e+00 1.011154e+00 1.018508e+00 1.017855e+00 1.019067e+00 1.028661e+00 1.038892e+00 1.039413e+00 1.040563e+00 1.047980e+00 1.053427e+00 1.055804e+00 1.058870e+00 1.059333e+00 1.061059e+00 1.064865e+00 1.064824e+00 1.063231e+00 1.065127e+00 1.063242e+00 1.061423e+00 1.061486e+00 1.064758e+00 1.066875e+00 1.071265e+00 1.075514e+00 1.078402e+00 1.078301e+00 1.078093e+00 1.079113e+00 1.080406e+00 1.080737e+00 1.081848e+00 1.084245e+00 1.084955e+00 1.084099e+00 1.083812e+00 1.083440e+00 1.081481e+00 1.082095e+00 1.084135e+00 1.085025e+00 1.085657e+00 1.085935e+00 1.084315e+00 1.081671e+00 1.078579e+00 1.074824e+00 1.070096e+00 1.065879e+00 1.064282e+00 1.065757e+00 1.069587e+00 1.070947e+00 1.061571e+00 1.046999e+00 1.044978e+00 1.036946e+00 9.885437e-01 9.727267e-01
9.465724e-01 9.594517e-01 9.784955e-01 9.794056e-01 9.748610e-01 9.657419e-01 9.599461e-01 9.570795e-01 9.598615e-01 9.551409e-01 9.528818e-01 9.603102e-01 9.599942e-01 9.584715e-01 9.646605e-01 9.665161e-01 9.622319e-01 9.634099e-01 9.619730e-01 9.613392e-01 9.673979e-01 9.725986e-01 9.703510e-01 9.719956e-01 9.755115e-01 9.694667e-01 9.680840e-01 9.715844e-01 9.802334e-01 9.873618e-01 9.861189e-01 9.881602e-01 9.846541e-01 9.863605e-01 9.890320e-01 9.932210e-01 9.985771e-01 9.985491e-01 9.991234e-01 1.005540e+00 1.013458e+00 1.015075e+00 1.016794e+00 1.020949e+00 1.023986e+00 1.025534e+00 1.031764e+00 1.035169e+00 1.032458e+00 1.024956e+00 1.020180e+00 1.016854e+00 1.008393e+00 1.003082e+00 1.002038e+00 1.003242e+00 1.004521e+00 1.010064e+00 1.012341e+00 1.014378e+00 1.013319e+00 1.014851e+00 1.019931e+00 1.028469e+00 1.035232e+00 1.036476e+00 1.037411e+00 1.030499e+00 1.025251e+00 1.024162e+00 1.023147e+00 1.021826e+00 1.018517e+00 1.018972e+00 1.018485e+00 1.016739e+00 1.016074e+00 1.018271e+00 1.011753e+00 1.012920e+00 1.015975e+00 1.010448e+00 1.002461e+00 1.001608e+00 1.000750e+00 9.999606e-01 1.002740e+00 1.006537e+00 1.004529e+00 1.002983e+00 9.969466e-01 9.843293e-01 9.753203e-01 9.779282e-01 9.761571e-01 9.758403e-01 9.684862e-01 9.673742e-01 9.703230e-01 9.718111e-01 9.684396e-01 9.560476e-01 9.576980e-01 9.591703e-01 9.735738e-01 9.791531e-01 9.732431e-01 9.727024e-01 9.657325e-01 9.671644e-01 9.750814e-01 9.751451e-01 9.731361e-01 9.788783e-01 9.828243e-01 9.849238e-01 9.862463e-01 9.873041e-01 9.948786e-01 9.964518e-01 9.942233e-01 9.961818e-01 9.964646e-01 9.966806e-01 9.972001e-01 9.942322e-01 9.873093e-01 9.910305e-01 9.994021e-01 1.002109e+00 1.001021e+00 1.003118e+00 1.004080e+00 1.001373e+00 1.006861e+00 1.018329e+00 1.025845e+00 1.029075e+00 1.023841e+00 1.018520e+00 1.019606e+00 1.017512e+00 1.019274e+00 1.018642e+00 1.022338e+00 1.022459e+00 1.015065e+00 1.008521e+00 1.011816e+00 1.014905e+00 1.008434e+00 1.002858e+00 9.987948e-01 9.951614e-01 9.975778e-01 9.988021e-01 9.908978e-01 9.882078e-01 9.851174e-01 9.901493e-01 9.906037e-01 9.849776e-01 9.813488e-01 9.743962e-01 9.683095e-01 9.728610e-01 9.694966e-01 9.644740e-01 9.666110e-01 9.781193e-01 9.757493e-01 9.618114e-01 9.491032e-01 9.467285e-01 9.506152e-01 9.538178e-01 9.584751e-01 9.574993e-01 9.557139e-01 9.568912e-01 9.555551e-01 9.515309e-01 9.535264e-01 9.534233e-01 9.499398e-01 9.557322e-01 9.590856e-01 9.646644e-01 9.688491e-01 9.746951e-01 9.828740e-01 9.875014e-01 9.868945e-01 9.940181e-01 1.008302e+00 1.016035e+00 1.014735e+00 1.018185e+00 1.023161e+00 1.022028e+00 1.021915e+00 1.031590e+00 1.039885e+00 1.040960e+00 1.042999e+00 1.048514e+00 1.055422e+00 1.059332e+00 1.058570e+00 1.058261e+00 1.061472e+00 1.064296e+00 1.063699e+00 1.064881e+00 1.066273e+00 1.064738e+00 1.063886e+00 1.065085e+00 1.066042e+00 1.068811e+00 1.073841e+00 1.076718e+00 1.078908e+00 1.079986e+00 1.081140e+00 1.081526e+00 1.080400e+00 1.079489e+00 1.080329e+00 1.083396e+00 1.084903e+00 1.084556e+00 1.083880e+00 1.084912e+00 1.084852e+00 1.084401e+00 1.084194e+00 1.084865e+00 1.085452e+00 1.085222e+00 1.083916e+00 1.082070e+00 1.079196e+00 1.075362e+00 1.070561e+00 1.064937e+00 1.064062e+00 1.066629e+00 1.069424e+00 1.071394e+00 1.063200e+00 1.049615e+00 1.046955e+00 1.038992e+00 9.935174e-01 9.757617e-01
9.505243e-01 9.623598e-01 9.751894e-01 9.770443e-01 9.717106e-01 9.670662e-01 9.651577e-01 9.638439e-01 9.598027e-01 9.533858e-01 9.491147e-01 9.535406e-01 9.580956e-01 9.680779e-01 9.688138e-01 9.650725e-01 9.663849e-01 9.668471e-01 9.612030e-01 9.596518e-01 9.667261e-01 9.659347e-01 9.689587e-01 9.717911e-01 9.723468e-01 9.731434e-01 9.721531e-01 9.748821e-01 9.816848e-01 9.883335e-01 9.889094e-01 9.888123e-01 9.863285e-01 9.885775e-01 9.925070e-01 9.937965e-01 9.994708e-01 1.005211e+00 1.005003e+00 1.008415e+00 1.021951e+00 1.021866e+00 1.016670e+00 1.018480e+00 1.021403e+00 1.026297e+00 1.030688e+00 1.027731e+00 1.024647e+00 1.017141e+00 1.014971e+00 1.013451e+00 1.007458e+00 1.005989e+00 1.007187e+00 1.005903e+00 1.006344e+00 1.017258e+00 1.018368e+00 1.018462e+00 1.018157e+00 1.018593e+00 1.020273e+00 1.020772e+00 1.026427e+00 1.030499e+00 1.031402e+00 1.023921e+00 1.019283e+00 1.020614e+00 1.022539e+00 1.018804e+00 1.012895e+00 1.014132e+00 1.016680e+00 1.019951e+00 1.021042e+00 1.019038e+00 1.018395e+00 1.018839e+00 1.019177e+00 1.011115e+00 1.001499e+00 1.003025e+00 1.010012e+00 1.009060e+00 1.005326e+00 1.003746e+00 9.956056e-01 9.914697e-01 9.908239e-01 9.814939e-01 9.734632e-01 9.774452e-01 9.863518e-01 9.772766e-01 9.683483e-01 9.676970e-01 9.701043e-01 9.693341e-01 9.612007e-01 9.557737e-01 9.545499e-01 9.595531e-01 9.650491e-01 9.676298e-01 9.655061e-01 9.708005e-01 9.652785e-01 9.635735e-01 9.651306e-01 9.670439e-01 9.683177e-01 9.736646e-01 9.789692e-01 9.854253e-01 9.863220e-01 9.846383e-01 9.833809e-01 9.841527e-01 9.850243e-01 9.864477e-01 9.869160e-01 9.927303e-01 9.963534e-01 9.936342e-01 9.888134e-01 9.855579e-01 9.897295e-01 9.884389e-01 9.898494e-01 9.928342e-01 9.987838e-01 1.002534e+00 1.006000e+00 1.013079e+00 1.017747e+00 1.015583e+00 1.018531e+00 1.019925e+00 1.017094e+00 1.013859e+00 1.013321e+00 1.013782e+00 1.018205e+00 1.017690e+00 1.014611e+00 1.010619e+00 1.011321e+00 1.010037e+00 1.004131e+00 9.980955e-01 9.962298e-01 9.938539e-01 9.922503e-01 9.919549e-01 9.931509e-01 9.881188e-01 9.874703e-01 9.855087e-01 9.818658e-01 9.754752e-01 9.754412e-01 9.684716e-01 9.680439e-01 9.693594e-01 9.665227e-01 9.676855e-01 9.707021e-01 9.777936e-01 9.730999e-01 9.599463e-01 9.467679e-01 9.485105e-01 9.521038e-01 9.529424e-01 9.589399e-01 9.581786e-01 9.534263e-01 9.553015e-01 9.543979e-01 9.537041e-01 9.595500e-01 9.603918e-01 9.561790e-01 9.571474e-01 9.578136e-01 9.604298e-01 9.630694e-01 9.713581e-01 9.835588e-01 9.909086e-01 9.954029e-01 1.005450e+00 1.014031e+00 1.016618e+00 1.018411e+00 1.022140e+00 1.025144e+00 1.027059e+00 1.028410e+00 1.037029e+00 1.040443e+00 1.042772e+00 1.044741e+00 1.050253e+00 1.056516e+00 1.057789e+00 1.057963e+00 1.060783e+00 1.064590e+00 1.063461e+00 1.064097e+00 1.064502e+00 1.065345e+00 1.066926e+00 1.068237e+00 1.068938e+00 1.070406e+00 1.073414e+00 1.076468e+00 1.077850e+00 1.079030e+00 1.081134e+00 1.082157e+00 1.082313e+00 1.080879e+00 1.080070e+00 1.080301e+00 1.082920e+00 1.084812e+00 1.085144e+00 1.085149e+00 1.086371e+00 1.086911e+00 1.085962e+00 1.084505e+00 1.084083e+00 1.084967e+00 1.084805e+00 1.084564e+00 1.083149e+00 1.080186e+00 1.075544e+00 1.069595e+00 1.065759e+00 1.065889e+00 1.066406e+00 1.071003e+00 1.073623e+00 1.064447e+00 1.050142e+00 1.044529e+00 1.040835e+00 9.955618e-01 9.806023e-01
9.565532e-01 9.641662e-01 9.721239e-01 9.755862e-01 9.723005e-01 9.707969e-01 9.695206e-01 9.686908e-01 9.600863e-01 9.556931e-01 9.488859e-01 9.474255e-01 9.569520e-01 9.742529e-01 9.817744e-01 9.778666e-01 9.772821e-01 9.759673e-01 9.625447e-01 9.585201e-01 9.610805e-01 9.657089e-01 9.696918e-01 9.693288e-01 9.676936e-01 9.742304e-01 9.722424e-01 9.737855e-01 9.819576e-01 9.895769e-01 9.883630e-01 9.856592e-01 9.877359e-01 9.889939e-01 9.958966e-01 9.965013e-01 9.989194e-01 1.006012e+00 1.011188e+00 1.019354e+00 1.030538e+00 1.033783e+00 1.020364e+00 1.013362e+00 1.019371e+00 1.020417e+00 1.021554e+00 1.021235e+00 1.021853e+00 1.015776e+00 1.014355e+00 1.011158e+00 1.005648e+00 1.008843e+00 1.013750e+00 1.016530e+00 1.012497e+00 1.016783e+00 1.021407e+00 1.019358e+00 1.018387e+00 1.018970e+00 1.021295e+00 1.017115e+00 1.021263e+00 1.023335e+00 1.023035e+00 1.017630e+00 1.009085e+00 1.016359e+00 1.022197e+00 1.021435e+00 1.019148e+00 1.021102e+00 1.023842e+00 1.023926e+00 1.020745e+00 1.014652e+00 1.015063e+00 1.017929e+00 1.019415e+00 1.012643e+00 1.008675e+00 1.005687e+00 1.010446e+00 1.008759e+00 1.005561e+00 1.004270e+00 9.920860e-01 9.841546e-01 9.888408e-01 9.802146e-01 9.714124e-01 9.785259e-01 9.893746e-01 9.757274e-01 9.661673e-01 9.670552e-01 9.688085e-01 9.645048e-01 9.555303e-01 9.563138e-01 9.611601e-01 9.631041e-01 9.616829e-01 9.642174e-01 9.668057e-01 9.689916e-01 9.635620e-01 9.607492e-01 9.612018e-01 9.594409e-01 9.604675e-01 9.630224e-01 9.721367e-01 9.816662e-01 9.843870e-01 9.824548e-01 9.778603e-01 9.801050e-01 9.798941e-01 9.818569e-01 9.824601e-01 9.943881e-01 9.953949e-01 9.955154e-01 9.903697e-01 9.842513e-01 9.802534e-01 9.772279e-01 9.828402e-01 9.879075e-01 9.968721e-01 1.003980e+00 1.000901e+00 1.006563e+00 1.008237e+00 1.003599e+00 1.007400e+00 1.013844e+00 1.013936e+00 1.012371e+00 1.008302e+00 1.008661e+00 1.009643e+00 1.009839e+00 1.011619e+00 1.012606e+00 1.009129e+00 1.002120e+00 9.957136e-01 9.937235e-01 9.948281e-01 9.935634e-01 9.887120e-01 9.835615e-01 9.819054e-01 9.818872e-01 9.830454e-01 9.831313e-01 9.811376e-01 9.733039e-01 9.739584e-01 9.744819e-01 9.747759e-01 9.700474e-01 9.684165e-01 9.690542e-01 9.695480e-01 9.702917e-01 9.697062e-01 9.648532e-01 9.611610e-01 9.631511e-01 9.620972e-01 9.570976e-01 9.560419e-01 9.525198e-01 9.483597e-01 9.484244e-01 9.510563e-01 9.492064e-01 9.563096e-01 9.642349e-01 9.605551e-01 9.615974e-01 9.621165e-01 9.587553e-01 9.605055e-01 9.733363e-01 9.829157e-01 9.925106e-01 1.003861e+00 1.006209e+00 1.006537e+00 1.012950e+00 1.021330e+00 1.026703e+00 1.031640e+00 1.031065e+00 1.033379e+00 1.040522e+00 1.043739e+00 1.044815e+00 1.049166e+00 1.053341e+00 1.054316e+00 1.054814e+00 1.058318e+00 1.063066e+00 1.066002e+00 1.065960e+00 1.063930e+00 1.062215e+00 1.066671e+00 1.070208e+00 1.070445e+00 1.070747e+00 1.073055e+00 1.075949e+00 1.077458e+00 1.077366e+00 1.078485e+00 1.080323e+00 1.080886e+00 1.082032e+00 1.081730e+00 1.080780e+00 1.081637e+00 1.083805e+00 1.085547e+00 1.086098e+00 1.085825e+00 1.087314e+00 1.087567e+00 1.086282e+00 1.085243e+00 1.084880e+00 1.085028e+00 1.084752e+00 1.084410e+00 1.083180e+00 1.080942e+00 1.076804e+00 1.069300e+00 1.066748e+00 1.067662e+00 1.065991e+00 1.070614e+00 1.073445e+00 1.064119e+00 1.050083e+00 1.044263e+00 1.039932e+00 9.998992e-01 9.851910e-01
9.615491e-01 9.696289e-01 9.713597e-01 9.726390e-01 9.706274e-01 9.729650e-01 9.722625e-01 9.682292e-01 9.641719e-01 9.590807e-01 9.495271e-01 9.439998e-01 9.533423e-01 9.721599e-01 9.837470e-01 9.841704e-01 9.849139e-01 9.807149e-01 9.705266e-01 9.633043e-01 9.698091e-01 9.759863e-01 9.730755e-01 9.675556e-01 9.681302e-01 9.766359e-01 9.750755e-01 9.744937e-01 9.799581e-01 9.851362e-01 9.867122e-01 9.909309e-01 9.903327e-01 9.940290e-01 1.001655e+00 1.000831e+00 9.944741e-01 1.000989e+00 1.013592e+00 1.026715e+00 1.037367e+00 1.039050e+00 1.028464e+00 1.022839e+00 1.018088e+00 1.012630e+00 1.015785e+00 1.020214e+00 1.020358e+00 1.015821e+00 1.013732e+00 1.013905e+00 1.007689e+00 1.013622e+00 1.020426e+00 1.024956e+00 1.019753e+00 1.017224e+00 1.022573e+00 1.016183e+00 1.011144e+00 1.014165e+00 1.020785e+00 1.020830e+00 1.021402e+00 1.021715e+00 1.017162e+00 1.008106e+00 1.004367e+00 1.014369e+00 1.019885e+00 1.023418e+00 1.025818e+00 1.027307e+00 1.030601e+00 1.028316e+00 1.021336e+00 1.014506e+00 1.015314e+00 1.010913e+00 1.008886e+00 1.004609e+00 1.003476e+00 1.005643e+00 1.011078e+00 1.012046e+00 1.009858e+00 1.005615e+00 9.931089e-01 9.820440e-01 9.791003e-01 9.678012e-01 9.649310e-01 9.732107e-01 9.717807e-01 9.609612e-01 9.648355e-01 9.614002e-01 9.657429e-01 9.584203e-01 9.501958e-01 9.516263e-01 9.595040e-01 9.598191e-01 9.540954e-01 9.560459e-01 9.593232e-01 9.583381e-01 9.602578e-01 9.597645e-01 9.561943e-01 9.518797e-01 9.552915e-01 9.548836e-01 9.646478e-01 9.752613e-01 9.770226e-01 9.728598e-01 9.752032e-01 9.766332e-01 9.776447e-01 9.768655e-01 9.799237e-01 9.868708e-01 9.863679e-01 9.906267e-01 9.916003e-01 9.880921e-01 9.772803e-01 9.696776e-01 9.727459e-01 9.785510e-01 9.850584e-01 9.892198e-01 9.906456e-01 9.940389e-01 9.971924e-01 9.964280e-01 1.001499e+00 1.007822e+00 1.011215e+00 1.008029e+00 1.008001e+00 1.009197e+00 1.010545e+00 1.006240e+00 1.003155e+00 1.003765e+00 1.002709e+00 9.979191e-01 9.952357e-01 9.940104e-01 9.987416e-01 9.974677e-01 9.857607e-01 9.775078e-01 9.727046e-01 9.735942e-01 9.751993e-01 9.772320e-01 9.753292e-01 9.703013e-01 9.697065e-01 9.759031e-01 9.746225e-01 9.671723e-01 9.685622e-01 9.694888e-01 9.660443e-01 9.624407e-01 9.616355e-01 9.586937e-01 9.630980e-01 9.663701e-01 9.645056e-01 9.625409e-01 9.593819e-01 9.533043e-01 9.447544e-01 9.448032e-01 9.473897e-01 9.485298e-01 9.541884e-01 9.641675e-01 9.626725e-01 9.599108e-01 9.623057e-01 9.608446e-01 9.637314e-01 9.788445e-01 9.848779e-01 9.913505e-01 1.002878e+00 1.002500e+00 9.994874e-01 1.004618e+00 1.016769e+00 1.025757e+00 1.032287e+00 1.033787e+00 1.035862e+00 1.041023e+00 1.045306e+00 1.048734e+00 1.052328e+00 1.054808e+00 1.055833e+00 1.057146e+00 1.059932e+00 1.063300e+00 1.066574e+00 1.068377e+00 1.066065e+00 1.065042e+00 1.070086e+00 1.072368e+00 1.070723e+00 1.070527e+00 1.073759e+00 1.076615e+00 1.077441e+00 1.077935e+00 1.078603e+00 1.079075e+00 1.080247e+00 1.081841e+00 1.082434e+00 1.081928e+00 1.082355e+00 1.084197e+00 1.085264e+00 1.085040e+00 1.085127e+00 1.086568e+00 1.086494e+00 1.085349e+00 1.085084e+00 1.085306e+00 1.085467e+00 1.085187e+00 1.084622e+00 1.083071e+00 1.081553e+00 1.077015e+00 1.069652e+00 1.065847e+00 1.066422e+00 1.064858e+00 1.066674e+00 1.070006e+00 1.063793e+00 1.047565e+00 1.043833e+00 1.037957e+00 1.003151e+00 9.855992e-01
9.618934e-01 9.688837e-01 9.671159e-01 9.652732e-01 9.607698e-01 9.727774e-01 9.690144e-01 9.635670e-01 9.626451e-01 9.537477e-01 9.462716e-01 9.409976e-01 9.490501e-01 9.697468e-01 9.812078e-01 9.843461e-01 9.838765e-01 9.799768e-01 9.747496e-01 9.762194e-01 9.815720e-01 9.856332e-01 9.801619e-01 9.684945e-01 9.705516e-01 9.779994e-01 9.824692e-01 9.781578e-01 9.758970e-01 9.812520e-01 9.893097e-01 9.938030e-01 9.940584e-01 9.966716e-01 1.005271e+00 1.005936e+00 9.972993e-01 1.004461e+00 1.021287e+00 1.029514e+00 1.035288e+00 1.032281e+00 1.030125e+00 1.025794e+00 1.019784e+00 1.017431e+00 1.012961e+00 1.017467e+00 1.019836e+00 1.021226e+00 1.019712e+00 1.017834e+00 1.016125e+00 1.016142e+00 1.022985e+00 1.024216e+00 1.021714e+00 1.019040e+00 1.020847e+00 1.016105e+00 1.006787e+00 1.003167e+00 1.013588e+00 1.022069e+00 1.022293e+00 1.022468e+00 1.020558e+00 1.015172e+00 1.009428e+00 1.011273e+00 1.019300e+00 1.023185e+00 1.025271e+00 1.027069e+00 1.031436e+00 1.028449e+00 1.020615e+00 1.013227e+00 1.010971e+00 1.003611e+00 9.972782e-01 9.958686e-01 9.932191e-01 9.996201e-01 1.003355e+00 1.005020e+00 1.005827e+00 1.003597e+00 1.001613e+00 9.894670e-01 9.693367e-01 9.592658e-01 9.630833e-01 9.642568e-01 9.571016e-01 9.528431e-01 9.544472e-01 9.510224e-01 9.556245e-01 9.494537e-01 9.492497e-01 9.520449e-01 9.530429e-01 9.574853e-01 9.491410e-01 9.456892e-01 9.468734e-01 9.456633e-01 9.551581e-01 9.557197e-01 9.503830e-01 9.503010e-01 9.501619e-01 9.487115e-01 9.574782e-01 9.667259e-01 9.677229e-01 9.643051e-01 9.683863e-01 9.693697e-01 9.722826e-01 9.727811e-01 9.745724e-01 9.730375e-01 9.768989e-01 9.858391e-01 9.882436e-01 9.871179e-01 9.801632e-01 9.706519e-01 9.706851e-01 9.773277e-01 9.820232e-01 9.780715e-01 9.865631e-01 9.897072e-01 9.921988e-01 9.940132e-01 1.001594e+00 1.007909e+00 1.012412e+00 1.010855e+00 1.007452e+00 1.011627e+00 1.012593e+00 1.006758e+00 9.980778e-01 9.974977e-01 9.955818e-01 9.958172e-01 9.955444e-01 9.972251e-01 9.978084e-01 9.969882e-01 9.878504e-01 9.780722e-01 9.736305e-01 9.702027e-01 9.667113e-01 9.648136e-01 9.606166e-01 9.576798e-01 9.579393e-01 9.671031e-01 9.697086e-01 9.640164e-01 9.642398e-01 9.649228e-01 9.654654e-01 9.623743e-01 9.592574e-01 9.559911e-01 9.599208e-01 9.634333e-01 9.624057e-01 9.626237e-01 9.603770e-01 9.563375e-01 9.529349e-01 9.522372e-01 9.460016e-01 9.448856e-01 9.546794e-01 9.634990e-01 9.636415e-01 9.608430e-01 9.600277e-01 9.637375e-01 9.729899e-01 9.828222e-01 9.852542e-01 9.843062e-01 9.920871e-01 9.957317e-01 1.000886e+00 1.006167e+00 1.013943e+00 1.020690e+00 1.029015e+00 1.035088e+00 1.038555e+00 1.038577e+00 1.043062e+00 1.048169e+00 1.051487e+00 1.053791e+00 1.056254e+00 1.061487e+00 1.063839e+00 1.065804e+00 1.068424e+00 1.068024e+00 1.067132e+00 1.069401e+00 1.073606e+00 1.074526e+00 1.072887e+00 1.072838e+00 1.075089e+00 1.076617e+00 1.077924e+00 1.079553e+00 1.080136e+00 1.080732e+00 1.081163e+00 1.081322e+00 1.081723e+00 1.082417e+00 1.083356e+00 1.084646e+00 1.085156e+00 1.084889e+00 1.085092e+00 1.086207e+00 1.086597e+00 1.085870e+00 1.084764e+00 1.084718e+00 1.083837e+00 1.084440e+00 1.083985e+00 1.082703e+00 1.081849e+00 1.077989e+00 1.071270e+00 1.065555e+00 1.063948e+00 1.061829e+00 1.065288e+00 1.068318e+00 1.062503e+00 1.043623e+00 1.042978e+00 1.038720e+00 1.005508e+00 9.837775e-01
9.608672e-01 9.624213e-01 9.620499e-01 9.635990e-01 9.590406e-01 9.714472e-01 9.731592e-01 9.647692e-01 9.632213e-01 9.564911e-01 9.467671e-01 9.397837e-01 9.464532e-01 9.640654e-01 9.784470e-01 9.803411e-01 9.767897e-01 9.740163e-01 9.727541e-01 9.818690e-01 9.889221e-01 9.870176e-01 9.808813e-01 9.727993e-01 9.760281e-01 9.851168e-01 9.903657e-01 9.843171e-01 9.786330e-01 9.828106e-01 9.861315e-01 9.888216e-01 9.930094e-01 1.001251e+00 1.004817e+00 1.007330e+00 1.010950e+00 1.017737e+00 1.023513e+00 1.023204e+00 1.026954e+00 1.026478e+00 1.024188e+00 1.022881e+00 1.023136e+00 1.019147e+00 1.010791e+00 1.008600e+00 1.014599e+00 1.022100e+00 1.025385e+00 1.024119e+00 1.020790e+00 1.016720e+00 1.018611e+00 1.018147e+00 1.017093e+00 1.017560e+00 1.021430e+00 1.020499e+00 1.013188e+00 1.001606e+00 1.004805e+00 1.015776e+00 1.019571e+00 1.021699e+00 1.020170e+00 1.020373e+00 1.014222e+00 1.012293e+00 1.019007e+00 1.020378e+00 1.018192e+00 1.021342e+00 1.025913e+00 1.029862e+00 1.022423e+00 1.017684e+00 1.012825e+00 1.000486e+00 9.923096e-01 9.954605e-01 9.902507e-01 9.898804e-01 9.960727e-01 9.979984e-01 1.004355e+00 9.976246e-01 9.943034e-01 9.825644e-01 9.605397e-01 9.615819e-01 9.625776e-01 9.600286e-01 9.626375e-01 9.632556e-01 9.559742e-01 9.512975e-01 9.493488e-01 9.451901e-01 9.427260e-01 9.416602e-01 9.453712e-01 9.457206e-01 9.380102e-01 9.363176e-01 9.427866e-01 9.500845e-01 9.547897e-01 9.476637e-01 9.449337e-01 9.437277e-01 9.435672e-01 9.438384e-01 9.522074e-01 9.636101e-01 9.646558e-01 9.641644e-01 9.612657e-01 9.620247e-01 9.661365e-01 9.713374e-01 9.700680e-01 9.696419e-01 9.774249e-01 9.810830e-01 9.770906e-01 9.804677e-01 9.766984e-01 9.686409e-01 9.718674e-01 9.796186e-01 9.867828e-01 9.839643e-01 9.859659e-01 9.904499e-01 9.924363e-01 9.916365e-01 1.000039e+00 1.005251e+00 1.007203e+00 1.004627e+00 1.003257e+00 1.012440e+00 1.014051e+00 1.008031e+00 9.992319e-01 9.957284e-01 9.970500e-01 9.974497e-01 9.964063e-01 1.000621e+00 9.992982e-01 9.961389e-01 9.902136e-01 9.846345e-01 9.820300e-01 9.751425e-01 9.655279e-01 9.612657e-01 9.594689e-01 9.579608e-01 9.569343e-01 9.613935e-01 9.614381e-01 9.577491e-01 9.571254e-01 9.593076e-01 9.663386e-01 9.630976e-01 9.591225e-01 9.583960e-01 9.609372e-01 9.634684e-01 9.609683e-01 9.594413e-01 9.568825e-01 9.556493e-01 9.591327e-01 9.601843e-01 9.485670e-01 9.418200e-01 9.515064e-01 9.620364e-01 9.671302e-01 9.647473e-01 9.630850e-01 9.674134e-01 9.704630e-01 9.779813e-01 9.787745e-01 9.762977e-01 9.820480e-01 1.000948e+00 1.016828e+00 1.022876e+00 1.024974e+00 1.021817e+00 1.023986e+00 1.033512e+00 1.039200e+00 1.038406e+00 1.041870e+00 1.047641e+00 1.053290e+00 1.055968e+00 1.058140e+00 1.061079e+00 1.064662e+00 1.067787e+00 1.067118e+00 1.064192e+00 1.064771e+00 1.068599e+00 1.072638e+00 1.074629e+00 1.073761e+00 1.073555e+00 1.075295e+00 1.076367e+00 1.077909e+00 1.079615e+00 1.081373e+00 1.081824e+00 1.081045e+00 1.080382e+00 1.080597e+00 1.081839e+00 1.083007e+00 1.084839e+00 1.086128e+00 1.086438e+00 1.085982e+00 1.087159e+00 1.087435e+00 1.086203e+00 1.084176e+00 1.083533e+00 1.083136e+00 1.083708e+00 1.083269e+00 1.081914e+00 1.081190e+00 1.076748e+00 1.072082e+00 1.065908e+00 1.061063e+00 1.059471e+00 1.065121e+00 1.069133e+00 1.061401e+00 1.046313e+00 1.043628e+00 1.042476e+00 1.008816e+00 9.895184e-01
9.565117e-01 9.588743e-01 9.581621e-01 9.647679e-01 9.635568e-01 9.717195e-01 9.710982e-01 9.636174e-01 9.626605e-01 9.535101e-01 9.439365e-01 9.414204e-01 9.491053e-01 9.658284e-01 9.802381e-01 9.788722e-01 9.702398e-01 9.669518e-01 9.684179e-01 9.786788e-01 9.821559e-01 9.831068e-01 9.779605e-01 9.680998e-01 9.697593e-01 9.787700e-01 9.828780e-01 9.789761e-01 9.797138e-01 9.820290e-01 9.792737e-01 9.755943e-01 9.852523e-01 9.962500e-01 1.004704e+00 1.009643e+00 1.015799e+00 1.019724e+00 1.020220e+00 1.019565e+00 1.022273e+00 1.024768e+00 1.020663e+00 1.022751e+00 1.024826e+00 1.020159e+00 1.017055e+00 1.008908e+00 1.011872e+00 1.019273e+00 1.023117e+00 1.023080e+00 1.020123e+00 1.021249e+00 1.024004e+00 1.025710e+00 1.022752e+00 1.021789e+00 1.021753e+00 1.017540e+00 1.010795e+00 1.000152e+00 1.004711e+00 1.013664e+00 1.018857e+00 1.020108e+00 1.016069e+00 1.013852e+00 1.012949e+00 1.020469e+00 1.022976e+00 1.017162e+00 1.010378e+00 1.016950e+00 1.021230e+00 1.022254e+00 1.015979e+00 1.014104e+00 1.011369e+00 1.001966e+00 9.979287e-01 9.984156e-01 9.872201e-01 9.798674e-01 9.821669e-01 9.898190e-01 9.951833e-01 9.909585e-01 9.803858e-01 9.711523e-01 9.643632e-01 9.637491e-01 9.594572e-01 9.581406e-01 9.623311e-01 9.614400e-01 9.571348e-01 9.511873e-01 9.409266e-01 9.385368e-01 9.357546e-01 9.365154e-01 9.429415e-01 9.438825e-01 9.399195e-01 9.377690e-01 9.430134e-01 9.515852e-01 9.492591e-01 9.381415e-01 9.400669e-01 9.439914e-01 9.479020e-01 9.453991e-01 9.523335e-01 9.600534e-01 9.611914e-01 9.570976e-01 9.529212e-01 9.539483e-01 9.575151e-01 9.668787e-01 9.688947e-01 9.688993e-01 9.714401e-01 9.723181e-01 9.704596e-01 9.704732e-01 9.671692e-01 9.618397e-01 9.677773e-01 9.726679e-01 9.824624e-01 9.872419e-01 9.867849e-01 9.853926e-01 9.859626e-01 9.874893e-01 9.916378e-01 1.000287e+00 1.001389e+00 9.995323e-01 1.003464e+00 1.009811e+00 1.010731e+00 1.005849e+00 1.002940e+00 9.986504e-01 9.962940e-01 9.961383e-01 9.982665e-01 1.002161e+00 1.001727e+00 9.971771e-01 9.928577e-01 9.900272e-01 9.831947e-01 9.760135e-01 9.694196e-01 9.670102e-01 9.642981e-01 9.650660e-01 9.656275e-01 9.639159e-01 9.611217e-01 9.585577e-01 9.548561e-01 9.546289e-01 9.568036e-01 9.551916e-01 9.561337e-01 9.581644e-01 9.575703e-01 9.621836e-01 9.624392e-01 9.607849e-01 9.625375e-01 9.591995e-01 9.612169e-01 9.633038e-01 9.506924e-01 9.412262e-01 9.512576e-01 9.605551e-01 9.699932e-01 9.703998e-01 9.683133e-01 9.648534e-01 9.638334e-01 9.747583e-01 9.801553e-01 9.806490e-01 9.896190e-01 1.007440e+00 1.018425e+00 1.026318e+00 1.030555e+00 1.025413e+00 1.025469e+00 1.030297e+00 1.041095e+00 1.043549e+00 1.041791e+00 1.047061e+00 1.054681e+00 1.057328e+00 1.059160e+00 1.061485e+00 1.066357e+00 1.068192e+00 1.066663e+00 1.064680e+00 1.065355e+00 1.067344e+00 1.070774e+00 1.072850e+00 1.073451e+00 1.075157e+00 1.076928e+00 1.077773e+00 1.078716e+00 1.080713e+00 1.082543e+00 1.082608e+00 1.081410e+00 1.081464e+00 1.082194e+00 1.083630e+00 1.084147e+00 1.084943e+00 1.086037e+00 1.087081e+00 1.086513e+00 1.087157e+00 1.087200e+00 1.087133e+00 1.085800e+00 1.084322e+00 1.083109e+00 1.082855e+00 1.082628e+00 1.080716e+00 1.078769e+00 1.073511e+00 1.068437e+00 1.063986e+00 1.060337e+00 1.058293e+00 1.063538e+00 1.068710e+00 1.059645e+00 1.050424e+00 1.044977e+00 1.045963e+00 1.010113e+00 9.937010e-01
9.570026e-01 9.539951e-01 9.548100e-01 9.629257e-01 9.663786e-01 9.686164e-01 9.652818e-01 9.598990e-01 9.538428e-01 9.480509e-01 9.433517e-01 9.491938e-01 9.542794e-01 9.670537e-01 9.779557e-01 9.739279e-01 9.650241e-01 9.660096e-01 9.742919e-01 9.772219e-01 9.775490e-01 9.843397e-01 9.814889e-01 9.688566e-01 9.670709e-01 9.706531e-01 9.740083e-01 9.730467e-01 9.722712e-01 9.693620e-01 9.724388e-01 9.767096e-01 9.854817e-01 9.922264e-01 1.003074e+00 1.009165e+00 1.010195e+00 1.009389e+00 1.015390e+00 1.021798e+00 1.025320e+00 1.027085e+00 1.020375e+00 1.022664e+00 1.023108e+00 1.018831e+00 1.019240e+00 1.007074e+00 1.011082e+00 1.014219e+00 1.017146e+00 1.019925e+00 1.021337e+00 1.028384e+00 1.032929e+00 1.033880e+00 1.026497e+00 1.022661e+00 1.024468e+00 1.021335e+00 1.013471e+00 1.010268e+00 1.015390e+00 1.012640e+00 1.012409e+00 1.013885e+00 1.016145e+00 1.014233e+00 1.016735e+00 1.026668e+00 1.025061e+00 1.012844e+00 1.005343e+00 1.013170e+00 1.020229e+00 1.016288e+00 1.013563e+00 1.013345e+00 1.008025e+00 9.998951e-01 9.994883e-01 1.000338e+00 9.880589e-01 9.770271e-01 9.753729e-01 9.775602e-01 9.815068e-01 9.788212e-01 9.682397e-01 9.647875e-01 9.714336e-01 9.759893e-01 9.731845e-01 9.582784e-01 9.581085e-01 9.636827e-01 9.632087e-01 9.520541e-01 9.410054e-01 9.406177e-01 9.397346e-01 9.447921e-01 9.457719e-01 9.510307e-01 9.499829e-01 9.442554e-01 9.397581e-01 9.444360e-01 9.439701e-01 9.359787e-01 9.377872e-01 9.418073e-01 9.470966e-01 9.433180e-01 9.457670e-01 9.538534e-01 9.512616e-01 9.491320e-01 9.463882e-01 9.479421e-01 9.504472e-01 9.567575e-01 9.610706e-01 9.557564e-01 9.575756e-01 9.666381e-01 9.697117e-01 9.638589e-01 9.552736e-01 9.590063e-01 9.680969e-01 9.726486e-01 9.771367e-01 9.750728e-01 9.789762e-01 9.822786e-01 9.791575e-01 9.754027e-01 9.847479e-01 9.942763e-01 9.985755e-01 1.005639e+00 1.008851e+00 1.008335e+00 1.006794e+00 1.003751e+00 1.004127e+00 1.006103e+00 1.002745e+00 9.983557e-01 9.959084e-01 9.996104e-01 9.982313e-01 9.944106e-01 9.913809e-01 9.883192e-01 9.810663e-01 9.745547e-01 9.735301e-01 9.724587e-01 9.695624e-01 9.710066e-01 9.695199e-01 9.647953e-01 9.610553e-01 9.552885e-01 9.522411e-01 9.523889e-01 9.516300e-01 9.510887e-01 9.546922e-01 9.524974e-01 9.516179e-01 9.608254e-01 9.610832e-01 9.599607e-01 9.611983e-01 9.580240e-01 9.615282e-01 9.650565e-01 9.555566e-01 9.476923e-01 9.518067e-01 9.602818e-01 9.676124e-01 9.724637e-01 9.673438e-01 9.620420e-01 9.630411e-01 9.736900e-01 9.812144e-01 9.902625e-01 1.004054e+00 1.010101e+00 1.012416e+00 1.022551e+00 1.028154e+00 1.023747e+00 1.023319e+00 1.027978e+00 1.037546e+00 1.043621e+00 1.044488e+00 1.050297e+00 1.055501e+00 1.054371e+00 1.056744e+00 1.063862e+00 1.068501e+00 1.068074e+00 1.067956e+00 1.068485e+00 1.068797e+00 1.068984e+00 1.070587e+00 1.072290e+00 1.074123e+00 1.076313e+00 1.077997e+00 1.079072e+00 1.080639e+00 1.081919e+00 1.083099e+00 1.083215e+00 1.082964e+00 1.083025e+00 1.083114e+00 1.083887e+00 1.084248e+00 1.084825e+00 1.085125e+00 1.086401e+00 1.087219e+00 1.087560e+00 1.087535e+00 1.087476e+00 1.086711e+00 1.084882e+00 1.083578e+00 1.082896e+00 1.081382e+00 1.079243e+00 1.076977e+00 1.070400e+00 1.062209e+00 1.059748e+00 1.057153e+00 1.057762e+00 1.062030e+00 1.068757e+00 1.060009e+00 1.049755e+00 1.045058e+00 1.044502e+00 1.009419e+00 9.931002e-01
9.580893e-01 9.461440e-01 9.533000e-01 9.609326e-01 9.628569e-01 9.596187e-01 9.624063e-01 9.597282e-01 9.557696e-01 9.480402e-01 9.487856e-01 9.548569e-01 9.605171e-01 9.661312e-01 9.683403e-01 9.630383e-01 9.642655e-01 9.710429e-01 9.757491e-01 9.808984e-01 9.807987e-01 9.826830e-01 9.798914e-01 9.684374e-01 9.667152e-01 9.694210e-01 9.730134e-01 9.688179e-01 9.685696e-01 9.694570e-01 9.748532e-01 9.854320e-01 9.918045e-01 9.984360e-01 1.003730e+00 1.002113e+00 1.002531e+00 1.005265e+00 1.014990e+00 1.025308e+00 1.029086e+00 1.022890e+00 1.018460e+00 1.020463e+00 1.023799e+00 1.024198e+00 1.017390e+00 1.007455e+00 1.007599e+00 1.009872e+00 1.012163e+00 1.023559e+00 1.029165e+00 1.028672e+00 1.031391e+00 1.028548e+00 1.027743e+00 1.026626e+00 1.026470e+00 1.024006e+00 1.017031e+00 1.017034e+00 1.019075e+00 1.012299e+00 1.009255e+00 1.014769e+00 1.018130e+00 1.014953e+00 1.015788e+00 1.018236e+00 1.016757e+00 1.008115e+00 1.006002e+00 1.015554e+00 1.023073e+00 1.020270e+00 1.015614e+00 1.007021e+00 9.943036e-01 9.826705e-01 9.851447e-01 9.899652e-01 9.804901e-01 9.707363e-01 9.723624e-01 9.812321e-01 9.863611e-01 9.813561e-01 9.694408e-01 9.611822e-01 9.634339e-01 9.688933e-01 9.731646e-01 9.624259e-01 9.585447e-01 9.623240e-01 9.622575e-01 9.482543e-01 9.444753e-01 9.485537e-01 9.464652e-01 9.438508e-01 9.433223e-01 9.499640e-01 9.495048e-01 9.436241e-01 9.371497e-01 9.416271e-01 9.407579e-01 9.390014e-01 9.407781e-01 9.419639e-01 9.430500e-01 9.407379e-01 9.385169e-01 9.402791e-01 9.391617e-01 9.427536e-01 9.475625e-01 9.434121e-01 9.446313e-01 9.493449e-01 9.524082e-01 9.502829e-01 9.504923e-01 9.525390e-01 9.545726e-01 9.484521e-01 9.452288e-01 9.564502e-01 9.649204e-01 9.641994e-01 9.615847e-01 9.589014e-01 9.704766e-01 9.828585e-01 9.814858e-01 9.809479e-01 9.870338e-01 9.906893e-01 9.950544e-01 1.002576e+00 1.008023e+00 1.010294e+00 1.007989e+00 1.002851e+00 1.002621e+00 1.008203e+00 1.004223e+00 9.976709e-01 9.925361e-01 9.878393e-01 9.882435e-01 9.911888e-01 9.883233e-01 9.829846e-01 9.775796e-01 9.730190e-01 9.680618e-01 9.679782e-01 9.661261e-01 9.681183e-01 9.682468e-01 9.635476e-01 9.584942e-01 9.539109e-01 9.514108e-01 9.510036e-01 9.495531e-01 9.494941e-01 9.462751e-01 9.442368e-01 9.495267e-01 9.558094e-01 9.537460e-01 9.501883e-01 9.546139e-01 9.591940e-01 9.637831e-01 9.653403e-01 9.563081e-01 9.540285e-01 9.607354e-01 9.662301e-01 9.728821e-01 9.749114e-01 9.655731e-01 9.634728e-01 9.717827e-01 9.775879e-01 9.820063e-01 9.935116e-01 1.005286e+00 1.004548e+00 1.007149e+00 1.016884e+00 1.028730e+00 1.029386e+00 1.028121e+00 1.029696e+00 1.031151e+00 1.036853e+00 1.043552e+00 1.051881e+00 1.054531e+00 1.052765e+00 1.055327e+00 1.062238e+00 1.065124e+00 1.065388e+00 1.068125e+00 1.071119e+00 1.071262e+00 1.071116e+00 1.070797e+00 1.072880e+00 1.074944e+00 1.076823e+00 1.078315e+00 1.080405e+00 1.081896e+00 1.082410e+00 1.082348e+00 1.082308e+00 1.082423e+00 1.083172e+00 1.083534e+00 1.083372e+00 1.083040e+00 1.083775e+00 1.084630e+00 1.085863e+00 1.086973e+00 1.087117e+00 1.086674e+00 1.086409e+00 1.085292e+00 1.083867e+00 1.082745e+00 1.082737e+00 1.081972e+00 1.079527e+00 1.076275e+00 1.068932e+00 1.059161e+00 1.055023e+00 1.053537e+00 1.055826e+00 1.060726e+00 1.066996e+00 1.059689e+00 1.049399e+00 1.047188e+00 1.041708e+00 1.010745e+00 9.955306e-01
9.534593e-01 9.428205e-01 9.519407e-01 9.567304e-01 9.596835e-01 9.601548e-01 9.639896e-01 9.590844e-01 9.547446e-01 9.525480e-01 9.517359e-01 9.537900e-01 9.588076e-01 9.598418e-01 9.634011e-01 9.653996e-01 9.724603e-01 9.745671e-01 9.781914e-01 9.843417e-01 9.834244e-01 9.790494e-01 9.756386e-01 9.700808e-01 9.697674e-01 9.774737e-01 9.772635e-01 9.727619e-01 9.721577e-01 9.759931e-01 9.830717e-01 9.917068e-01 9.968070e-01 1.000243e+00 1.003710e+00 9.998849e-01 1.007348e+00 1.014861e+00 1.021390e+00 1.025956e+00 1.027316e+00 1.017946e+00 1.015852e+00 1.020968e+00 1.023324e+00 1.021709e+00 1.018846e+00 1.016477e+00 1.010416e+00 1.006304e+00 1.010866e+00 1.023940e+00 1.026435e+00 1.022926e+00 1.027574e+00 1.024857e+00 1.026735e+00 1.026132e+00 1.020986e+00 1.020025e+00 1.017174e+00 1.012659e+00 1.011890e+00 1.009759e+00 1.010765e+00 1.016115e+00 1.020672e+00 1.018658e+00 1.016677e+00 1.013593e+00 1.008695e+00 1.002215e+00 1.006621e+00 1.015713e+00 1.020325e+00 1.021517e+00 1.011938e+00 9.937463e-01 9.723052e-01 9.687496e-01 9.717481e-01 9.807991e-01 9.716314e-01 9.618730e-01 9.622465e-01 9.702028e-01 9.789778e-01 9.799566e-01 9.722439e-01 9.687890e-01 9.580785e-01 9.532856e-01 9.616591e-01 9.632662e-01 9.615195e-01 9.632522e-01 9.592371e-01 9.480405e-01 9.447603e-01 9.499272e-01 9.507175e-01 9.496208e-01 9.522302e-01 9.569769e-01 9.548625e-01 9.494873e-01 9.447541e-01 9.412085e-01 9.344374e-01 9.333546e-01 9.414345e-01 9.439473e-01 9.443635e-01 9.384711e-01 9.357798e-01 9.288728e-01 9.315866e-01 9.343510e-01 9.410737e-01 9.379277e-01 9.366217e-01 9.430115e-01 9.488626e-01 9.503388e-01 9.470924e-01 9.402614e-01 9.339438e-01 9.316512e-01 9.405912e-01 9.473343e-01 9.573115e-01 9.595129e-01 9.581472e-01 9.537446e-01 9.632287e-01 9.761739e-01 9.797124e-01 9.866650e-01 9.892191e-01 9.890474e-01 9.933485e-01 9.942328e-01 9.987874e-01 1.005114e+00 1.005976e+00 1.004138e+00 1.002638e+00 1.003609e+00 9.982570e-01 9.960770e-01 9.894808e-01 9.800089e-01 9.803218e-01 9.845101e-01 9.849080e-01 9.798963e-01 9.749511e-01 9.649048e-01 9.578682e-01 9.571830e-01 9.583927e-01 9.613870e-01 9.620090e-01 9.592801e-01 9.546675e-01 9.535520e-01 9.596062e-01 9.596360e-01 9.597101e-01 9.575586e-01 9.459584e-01 9.403509e-01 9.471821e-01 9.527617e-01 9.519659e-01 9.463904e-01 9.516036e-01 9.581501e-01 9.629818e-01 9.668197e-01 9.646667e-01 9.624513e-01 9.689072e-01 9.757800e-01 9.767592e-01 9.734464e-01 9.681589e-01 9.679407e-01 9.763005e-01 9.819996e-01 9.886638e-01 9.971118e-01 1.000633e+00 1.001609e+00 1.006960e+00 1.010620e+00 1.017579e+00 1.023157e+00 1.027694e+00 1.030964e+00 1.031010e+00 1.033319e+00 1.042674e+00 1.051418e+00 1.054579e+00 1.054033e+00 1.056459e+00 1.059675e+00 1.061418e+00 1.064257e+00 1.068858e+00 1.070876e+00 1.071581e+00 1.072289e+00 1.072339e+00 1.074112e+00 1.074845e+00 1.075553e+00 1.079170e+00 1.081551e+00 1.082884e+00 1.082826e+00 1.082648e+00 1.082314e+00 1.082496e+00 1.083078e+00 1.084199e+00 1.084000e+00 1.083002e+00 1.083872e+00 1.085172e+00 1.086027e+00 1.086372e+00 1.086828e+00 1.085850e+00 1.084702e+00 1.085026e+00 1.084541e+00 1.083825e+00 1.083613e+00 1.081994e+00 1.078831e+00 1.075334e+00 1.069523e+00 1.060945e+00 1.055420e+00 1.050756e+00 1.051918e+00 1.056716e+00 1.061836e+00 1.056838e+00 1.049620e+00 1.047515e+00 1.042024e+00 1.013546e+00 9.976453e-01
9.556035e-01 9.483107e-01 9.503935e-01 9.529275e-01 9.576142e-01 9.634598e-01 9.607879e-01 9.535149e-01 9.483572e-01 9.453977e-01 9.444546e-01 9.469867e-01 9.540827e-01 9.600716e-01 9.676576e-01 9.706098e-01 9.737402e-01 9.694024e-01 9.684868e-01 9.778064e-01 9.837623e-01 9.768723e-01 9.720052e-01 9.702747e-01 9.717564e-01 9.771876e-01 9.740639e-01 9.730704e-01 9.746535e-01 9.836647e-01 9.890860e-01 9.893625e-01 9.936653e-01 9.997231e-01 1.007772e+00 1.005765e+00 1.011873e+00 1.020649e+00 1.020802e+00 1.019809e+00 1.022177e+00 1.018838e+00 1.018921e+00 1.019782e+00 1.015121e+00 1.013250e+00 1.018925e+00 1.020455e+00 1.018427e+00 1.014903e+00 1.014440e+00 1.022844e+00 1.027278e+00 1.026158e+00 1.029138e+00 1.027281e+00 1.024917e+00 1.022571e+00 1.022498e+00 1.023819e+00 1.020036e+00 1.014018e+00 1.014612e+00 1.017483e+00 1.018907e+00 1.020203e+00 1.021610e+00 1.022464e+00 1.022643e+00 1.015214e+00 1.004485e+00 1.000383e+00 1.002406e+00 1.008913e+00 1.018210e+00 1.018840e+00 1.003842e+00 9.788561e-01 9.659624e-01 9.599583e-01 9.711278e-01 9.751082e-01 9.653188e-01 9.616979e-01 9.573225e-01 9.559289e-01 9.637039e-01 9.656841e-01 9.651536e-01 9.681063e-01 9.612451e-01 9.578388e-01 9.641989e-01 9.683059e-01 9.596435e-01 9.604800e-01 9.609783e-01 9.563053e-01 9.538606e-01 9.554508e-01 9.585530e-01 9.574985e-01 9.602494e-01 9.639284e-01 9.580998e-01 9.522479e-01 9.483589e-01 9.376044e-01 9.282744e-01 9.254773e-01 9.335498e-01 9.385893e-01 9.417741e-01 9.355006e-01 9.305155e-01 9.282370e-01 9.283245e-01 9.304518e-01 9.341822e-01 9.380599e-01 9.334570e-01 9.374741e-01 9.457026e-01 9.529527e-01 9.455810e-01 9.317900e-01 9.246846e-01 9.264926e-01 9.392514e-01 9.453508e-01 9.537098e-01 9.613754e-01 9.584341e-01 9.552473e-01 9.578013e-01 9.628047e-01 9.705019e-01 9.800374e-01 9.827775e-01 9.895816e-01 9.927728e-01 9.893802e-01 9.915316e-01 9.968421e-01 1.001850e+00 1.004585e+00 1.002717e+00 1.000694e+00 9.988608e-01 9.972423e-01 9.911170e-01 9.801975e-01 9.773590e-01 9.786530e-01 9.794634e-01 9.763823e-01 9.697303e-01 9.618096e-01 9.564002e-01 9.589346e-01 9.602304e-01 9.626964e-01 9.631119e-01 9.629096e-01 9.608997e-01 9.586080e-01 9.610393e-01 9.644591e-01 9.682024e-01 9.615055e-01 9.500515e-01 9.451507e-01 9.483051e-01 9.506170e-01 9.528995e-01 9.511660e-01 9.542323e-01 9.578221e-01 9.617983e-01 9.692073e-01 9.732745e-01 9.753037e-01 9.790303e-01 9.797331e-01 9.758896e-01 9.705058e-01 9.722720e-01 9.786779e-01 9.826424e-01 9.871835e-01 9.927468e-01 9.962685e-01 1.000346e+00 1.004524e+00 1.006669e+00 1.005674e+00 1.015068e+00 1.021298e+00 1.026291e+00 1.027477e+00 1.030089e+00 1.034618e+00 1.041306e+00 1.049448e+00 1.054530e+00 1.055204e+00 1.058478e+00 1.060043e+00 1.061248e+00 1.065359e+00 1.068745e+00 1.070524e+00 1.072572e+00 1.073251e+00 1.074612e+00 1.075320e+00 1.074484e+00 1.075230e+00 1.079041e+00 1.081733e+00 1.082842e+00 1.083100e+00 1.083484e+00 1.083037e+00 1.082845e+00 1.083226e+00 1.084424e+00 1.084255e+00 1.083706e+00 1.084802e+00 1.085830e+00 1.086197e+00 1.086841e+00 1.086592e+00 1.085091e+00 1.083414e+00 1.084048e+00 1.084314e+00 1.084662e+00 1.083801e+00 1.080546e+00 1.075455e+00 1.073123e+00 1.069798e+00 1.062706e+00 1.055077e+00 1.046343e+00 1.047511e+00 1.053106e+00 1.058956e+00 1.053274e+00 1.047704e+00 1.045763e+00 1.040761e+00 1.014783e+00 9.970791e-01
9.573510e-01 9.466743e-01 9.451665e-01 9.456267e-01 9.506745e-01 9.588025e-01 9.593235e-01 9.509924e-01 9.505424e-01 9.497373e-01 9.448640e-01 9.419548e-01 9.475341e-01 9.617876e-01 9.686637e-01 9.703533e-01 9.762446e-01 9.726862e-01 9.641581e-01 9.726279e-01 9.811573e-01 9.757543e-01 9.732112e-01 9.723039e-01 9.712770e-01 9.692971e-01 9.689251e-01 9.733406e-01 9.759512e-01 9.850520e-01 9.911519e-01 9.874712e-01 9.892130e-01 1.001495e+00 1.008646e+00 1.008423e+00 1.011889e+00 1.022247e+00 1.020204e+00 1.014976e+00 1.014887e+00 1.017323e+00 1.015558e+00 1.012578e+00 1.008008e+00 1.010468e+00 1.015942e+00 1.019611e+00 1.018935e+00 1.017343e+00 1.021120e+00 1.028946e+00 1.034322e+00 1.034077e+00 1.034850e+00 1.032797e+00 1.027008e+00 1.021618e+00 1.022277e+00 1.024380e+00 1.021163e+00 1.016655e+00 1.017384e+00 1.018463e+00 1.015891e+00 1.015696e+00 1.013601e+00 1.010494e+00 1.010803e+00 1.008046e+00 9.991697e-01 9.985988e-01 9.993504e-01 1.000615e+00 1.010818e+00 1.007986e+00 9.873382e-01 9.695261e-01 9.622072e-01 9.548628e-01 9.598687e-01 9.609727e-01 9.550315e-01 9.526835e-01 9.500850e-01 9.504704e-01 9.583007e-01 9.660690e-01 9.638129e-01 9.577243e-01 9.636086e-01 9.660631e-01 9.706677e-01 9.660448e-01 9.539061e-01 9.481224e-01 9.531879e-01 9.593914e-01 9.631278e-01 9.652301e-01 9.639956e-01 9.560355e-01 9.561443e-01 9.604088e-01 9.535152e-01 9.466171e-01 9.446704e-01 9.423407e-01 9.376476e-01 9.293141e-01 9.308208e-01 9.351320e-01 9.342653e-01 9.307606e-01 9.304479e-01 9.274463e-01 9.183604e-01 9.196057e-01 9.325763e-01 9.331988e-01 9.286477e-01 9.344885e-01 9.421225e-01 9.406170e-01 9.392949e-01 9.351934e-01 9.296335e-01 9.250445e-01 9.357710e-01 9.424781e-01 9.486253e-01 9.555359e-01 9.524049e-01 9.531178e-01 9.579745e-01 9.611312e-01 9.647801e-01 9.709997e-01 9.777216e-01 9.824659e-01 9.836816e-01 9.839292e-01 9.885868e-01 9.936357e-01 9.975765e-01 9.956012e-01 9.941448e-01 9.977374e-01 1.001307e+00 1.001470e+00 9.951759e-01 9.837170e-01 9.739072e-01 9.721497e-01 9.748965e-01 9.714296e-01 9.648475e-01 9.605458e-01 9.567949e-01 9.596298e-01 9.618612e-01 9.604427e-01 9.633532e-01 9.640195e-01 9.606327e-01 9.604453e-01 9.648083e-01 9.669314e-01 9.650043e-01 9.598625e-01 9.481770e-01 9.461585e-01 9.495487e-01 9.567980e-01 9.635329e-01 9.633481e-01 9.632348e-01 9.632223e-01 9.630900e-01 9.661425e-01 9.708610e-01 9.787681e-01 9.870436e-01 9.859675e-01 9.780011e-01 9.731311e-01 9.790261e-01 9.875209e-01 9.923742e-01 9.900693e-01 9.905800e-01 9.939533e-01 1.001145e+00 1.006222e+00 1.008482e+00 1.012190e+00 1.022397e+00 1.027599e+00 1.027875e+00 1.027063e+00 1.026551e+00 1.029363e+00 1.035858e+00 1.044603e+00 1.053760e+00 1.057502e+00 1.059953e+00 1.059865e+00 1.060784e+00 1.064614e+00 1.067575e+00 1.069458e+00 1.069727e+00 1.070089e+00 1.072611e+00 1.074418e+00 1.074719e+00 1.075330e+00 1.078240e+00 1.080956e+00 1.081751e+00 1.082879e+00 1.083007e+00 1.082464e+00 1.082778e+00 1.083016e+00 1.083731e+00 1.083309e+00 1.083442e+00 1.084445e+00 1.085129e+00 1.086326e+00 1.087479e+00 1.086268e+00 1.084189e+00 1.081981e+00 1.082042e+00 1.083551e+00 1.084565e+00 1.084507e+00 1.080892e+00 1.075661e+00 1.071793e+00 1.066896e+00 1.058067e+00 1.050844e+00 1.043436e+00 1.045507e+00 1.052016e+00 1.058549e+00 1.050210e+00 1.046567e+00 1.042876e+00 1.035494e+00 1.011452e+00 9.954144e-01
9.491161e-01 9.402040e-01 9.346643e-01 9.405550e-01 9.484640e-01 9.595333e-01 9.644786e-01 9.562206e-01 9.524459e-01 9.531334e-01 9.456833e-01 9.384531e-01 9.407456e-01 9.569994e-01 9.631488e-01 9.667685e-01 9.757090e-01 9.751617e-01 9.665350e-01 9.728264e-01 9.828448e-01 9.814249e-01 9.789097e-01 9.734837e-01 9.703974e-01 9.640271e-01 9.668730e-01 9.727524e-01 9.748164e-01 9.822727e-01 9.863891e-01 9.836192e-01 9.877670e-01 9.966028e-01 9.993203e-01 1.003875e+00 1.014142e+00 1.022176e+00 1.013953e+00 1.005966e+00 1.010069e+00 1.014002e+00 1.013003e+00 1.011078e+00 1.010988e+00 1.014323e+00 1.013585e+00 1.012731e+00 1.013320e+00 1.012507e+00 1.016586e+00 1.027410e+00 1.034606e+00 1.035089e+00 1.033228e+00 1.029911e+00 1.024001e+00 1.013920e+00 1.010341e+00 1.012713e+00 1.010619e+00 1.012238e+00 1.015603e+00 1.016091e+00 1.012684e+00 1.015007e+00 1.015382e+00 1.004866e+00 9.995763e-01 9.980088e-01 9.957653e-01 9.923289e-01 9.934918e-01 9.984524e-01 1.002529e+00 9.972510e-01 9.830438e-01 9.727418e-01 9.582140e-01 9.412688e-01 9.357034e-01 9.434746e-01 9.429401e-01 9.459539e-01 9.480170e-01 9.479912e-01 9.534549e-01 9.642284e-01 9.687002e-01 9.724649e-01 9.719980e-01 9.795216e-01 9.773723e-01 9.708912e-01 9.606939e-01 9.611965e-01 9.626667e-01 9.630818e-01 9.661887e-01 9.703335e-01 9.631604e-01 9.599233e-01 9.607310e-01 9.568802e-01 9.473530e-01 9.421496e-01 9.423079e-01 9.472625e-01 9.423535e-01 9.311689e-01 9.307335e-01 9.305363e-01 9.277906e-01 9.301240e-01 9.291880e-01 9.238120e-01 9.189589e-01 9.150045e-01 9.313242e-01 9.335028e-01 9.295557e-01 9.306737e-01 9.358490e-01 9.334772e-01 9.370359e-01 9.323237e-01 9.302745e-01 9.256299e-01 9.289839e-01 9.378613e-01 9.422206e-01 9.432429e-01 9.466437e-01 9.501110e-01 9.566546e-01 9.606995e-01 9.603186e-01 9.626008e-01 9.737546e-01 9.780160e-01 9.791526e-01 9.828497e-01 9.892014e-01 9.938853e-01 9.950930e-01 9.869082e-01 9.851644e-01 9.916276e-01 9.959570e-01 1.001943e+00 9.983859e-01 9.886757e-01 9.767052e-01 9.722738e-01 9.685259e-01 9.628245e-01 9.582440e-01 9.564962e-01 9.544857e-01 9.521992e-01 9.548551e-01 9.535279e-01 9.571760e-01 9.594240e-01 9.576875e-01 9.604609e-01 9.651487e-01 9.630975e-01 9.584667e-01 9.564882e-01 9.481722e-01 9.461271e-01 9.521621e-01 9.617905e-01 9.656619e-01 9.675294e-01 9.658573e-01 9.646460e-01 9.603024e-01 9.594666e-01 9.672654e-01 9.794301e-01 9.868957e-01 9.844218e-01 9.760792e-01 9.751357e-01 9.827099e-01 9.879272e-01 9.925712e-01 9.947752e-01 9.911635e-01 9.965274e-01 1.001715e+00 1.000702e+00 1.003809e+00 1.014103e+00 1.022084e+00 1.024954e+00 1.026601e+00 1.028254e+00 1.024052e+00 1.024597e+00 1.033235e+00 1.040609e+00 1.047381e+00 1.053956e+00 1.056641e+00 1.056937e+00 1.059490e+00 1.063807e+00 1.064766e+00 1.065263e+00 1.066256e+00 1.068655e+00 1.072563e+00 1.074431e+00 1.074888e+00 1.075173e+00 1.077541e+00 1.079317e+00 1.080796e+00 1.081322e+00 1.081867e+00 1.082143e+00 1.083352e+00 1.083127e+00 1.083247e+00 1.083912e+00 1.084498e+00 1.084906e+00 1.085993e+00 1.086905e+00 1.086082e+00 1.084243e+00 1.082870e+00 1.081771e+00 1.081952e+00 1.081926e+00 1.083565e+00 1.084553e+00 1.081212e+00 1.075371e+00 1.069613e+00 1.061481e+00 1.051595e+00 1.046067e+00 1.044298e+00 1.048586e+00 1.051015e+00 1.057756e+00 1.049006e+00 1.045289e+00 1.039214e+00 1.030811e+00 1.007785e+00 9.946343e-01
9.508722e-01 9.380147e-01 9.364073e-01 9.421261e-01 9.557883e-01 9.692765e-01 9.700944e-01 9.634755e-01 9.566658e-01 9.501686e-01 9.468912e-01 9.387642e-01 9.415260e-01 9.547483e-01 9.630038e-01 9.674962e-01 9.749899e-01 9.760751e-01 9.748577e-01 9.800344e-01 9.858627e-01 9.855055e-01 9.823930e-01 9.747758e-01 9.686768e-01 9.628493e-01 9.652329e-01 9.704518e-01 9.757665e-01 9.819794e-01 9.829837e-01 9.815940e-01 9.889702e-01 9.986039e-01 1.001455e+00 1.005589e+00 1.017920e+00 1.018533e+00 1.006306e+00 1.006218e+00 1.007513e+00 1.008360e+00 1.004214e+00 1.008495e+00 1.013879e+00 1.015715e+00 1.014291e+00 1.012575e+00 1.012903e+00 1.008845e+00 1.011495e+00 1.020799e+00 1.026873e+00 1.030556e+00 1.030132e+00 1.026515e+00 1.021427e+00 1.010569e+00 1.004901e+00 1.004228e+00 1.002956e+00 1.008821e+00 1.015065e+00 1.017109e+00 1.015707e+00 1.015381e+00 1.014403e+00 1.006392e+00 9.937655e-01 9.947243e-01 9.959298e-01 9.903335e-01 9.889672e-01 9.945257e-01 9.952102e-01 9.878331e-01 9.821221e-01 9.741642e-01 9.577743e-01 9.361477e-01 9.278552e-01 9.313133e-01 9.362316e-01 9.443233e-01 9.503267e-01 9.539219e-01 9.553936e-01 9.635653e-01 9.740953e-01 9.753454e-01 9.715960e-01 9.825491e-01 9.810139e-01 9.745731e-01 9.644914e-01 9.692192e-01 9.750997e-01 9.677817e-01 9.619579e-01 9.581162e-01 9.527678e-01 9.597505e-01 9.591792e-01 9.536734e-01 9.431252e-01 9.388251e-01 9.397094e-01 9.393833e-01 9.355346e-01 9.293019e-01 9.285849e-01 9.264003e-01 9.200741e-01 9.202465e-01 9.193484e-01 9.206460e-01 9.204807e-01 9.193593e-01 9.250383e-01 9.281746e-01 9.226071e-01 9.196239e-01 9.242654e-01 9.270535e-01 9.271355e-01 9.252647e-01 9.295390e-01 9.284401e-01 9.292052e-01 9.377490e-01 9.428129e-01 9.451386e-01 9.502068e-01 9.535595e-01 9.576109e-01 9.606941e-01 9.546197e-01 9.583241e-01 9.704576e-01 9.817156e-01 9.847009e-01 9.891045e-01 9.891418e-01 9.925138e-01 9.927023e-01 9.857498e-01 9.848919e-01 9.873354e-01 9.920053e-01 9.963747e-01 9.971110e-01 9.882037e-01 9.774990e-01 9.700062e-01 9.647430e-01 9.607894e-01 9.591057e-01 9.567671e-01 9.523253e-01 9.456918e-01 9.480156e-01 9.510188e-01 9.523724e-01 9.519443e-01 9.524900e-01 9.583996e-01 9.589502e-01 9.536459e-01 9.521252e-01 9.545575e-01 9.512816e-01 9.500193e-01 9.537232e-01 9.568815e-01 9.576910e-01 9.625020e-01 9.686062e-01 9.665517e-01 9.635716e-01 9.633727e-01 9.709214e-01 9.791829e-01 9.848021e-01 9.802576e-01 9.746947e-01 9.740893e-01 9.807464e-01 9.848449e-01 9.915531e-01 9.967525e-01 9.965991e-01 9.951728e-01 9.977779e-01 9.953049e-01 1.002650e+00 1.009115e+00 1.013269e+00 1.014926e+00 1.021948e+00 1.021882e+00 1.020588e+00 1.024044e+00 1.030213e+00 1.038844e+00 1.045286e+00 1.049898e+00 1.052758e+00 1.054190e+00 1.056382e+00 1.061517e+00 1.062928e+00 1.065408e+00 1.068426e+00 1.071707e+00 1.073507e+00 1.074317e+00 1.074922e+00 1.076130e+00 1.077495e+00 1.078552e+00 1.079420e+00 1.080012e+00 1.081238e+00 1.082702e+00 1.084051e+00 1.083011e+00 1.082809e+00 1.083776e+00 1.084517e+00 1.085045e+00 1.086031e+00 1.086930e+00 1.085974e+00 1.083875e+00 1.082212e+00 1.081702e+00 1.081210e+00 1.080960e+00 1.081738e+00 1.082423e+00 1.079175e+00 1.072938e+00 1.066807e+00 1.057888e+00 1.049462e+00 1.044891e+00 1.041183e+00 1.044200e+00 1.047746e+00 1.054363e+00 1.046847e+00 1.041946e+00 1.035991e+00 1.028652e+00 1.005664e+00 9.956810e-01
9.593380e-01 9.491568e-01 9.453016e-01 9.515767e-01 9.603040e-01 9.691607e-01 9.718916e-01 9.674858e-01 9.588388e-01 9.522844e-01 9.483672e-01 9.427711e-01 9.470410e-01 9.595354e-01 9.667524e-01 9.699095e-01 9.683682e-01 9.696598e-01 9.712879e-01 9.724763e-01 9.819220e-01 9.845384e-01 9.801485e-01 9.748491e-01 9.694200e-01 9.663928e-01 9.692043e-01 9.711909e-01 9.744252e-01 9.750181e-01 9.750264e-01 9.820834e-01 9.895920e-01 9.968883e-01 1.000308e+00 1.007498e+00 1.015988e+00 1.014726e+00 1.003222e+00 1.004383e+00 1.004233e+00 1.003444e+00 1.000629e+00 1.003150e+00 1.005961e+00 1.008844e+00 1.011976e+00 1.013554e+00 1.009677e+00 1.003417e+00 1.009303e+00 1.017666e+00 1.019471e+00 1.022359e+00 1.028112e+00 1.025301e+00 1.017339e+00 1.006642e+00 1.001970e+00 1.000003e+00 9.989806e-01 1.005331e+00 1.009859e+00 1.010563e+00 1.006831e+00 1.010393e+00 1.008158e+00 1.002557e+00 9.916673e-01 9.890425e-01 9.851310e-01 9.837503e-01 9.863290e-01 9.841946e-01 9.801240e-01 9.767654e-01 9.720533e-01 9.634668e-01 9.546292e-01 9.404125e-01 9.360803e-01 9.301262e-01 9.346289e-01 9.445778e-01 9.509866e-01 9.496572e-01 9.518090e-01 9.614208e-01 9.700162e-01 9.724507e-01 9.714618e-01 9.733999e-01 9.721221e-01 9.684783e-01 9.608782e-01 9.663214e-01 9.708537e-01 9.590997e-01 9.529752e-01 9.540266e-01 9.559510e-01 9.598925e-01 9.562935e-01 9.502575e-01 9.429854e-01 9.376192e-01 9.338390e-01 9.282658e-01 9.283827e-01 9.270430e-01 9.290038e-01 9.289085e-01 9.241922e-01 9.168729e-01 9.192993e-01 9.231494e-01 9.260939e-01 9.248616e-01 9.218504e-01 9.219210e-01 9.122843e-01 9.132588e-01 9.225573e-01 9.247139e-01 9.205315e-01 9.245764e-01 9.282218e-01 9.294337e-01 9.325920e-01 9.412289e-01 9.446948e-01 9.500655e-01 9.488086e-01 9.539955e-01 9.606575e-01 9.614373e-01 9.557664e-01 9.537151e-01 9.633593e-01 9.788910e-01 9.856095e-01 9.863304e-01 9.891865e-01 9.930595e-01 9.929038e-01 9.936804e-01 9.911014e-01 9.848563e-01 9.842507e-01 9.876384e-01 9.888358e-01 9.846092e-01 9.800261e-01 9.724972e-01 9.656934e-01 9.636621e-01 9.631642e-01 9.600016e-01 9.541574e-01 9.496175e-01 9.507341e-01 9.482720e-01 9.453015e-01 9.461541e-01 9.469640e-01 9.532977e-01 9.518341e-01 9.467517e-01 9.455448e-01 9.488939e-01 9.501371e-01 9.554394e-01 9.563079e-01 9.548001e-01 9.566993e-01 9.581153e-01 9.604465e-01 9.642036e-01 9.667577e-01 9.703375e-01 9.743072e-01 9.778705e-01 9.801630e-01 9.787723e-01 9.751661e-01 9.710913e-01 9.738599e-01 9.815755e-01 9.881486e-01 9.964520e-01 9.994636e-01 9.963973e-01 9.947806e-01 9.954333e-01 1.000115e+00 1.007144e+00 1.010594e+00 1.016187e+00 1.019621e+00 1.019775e+00 1.020231e+00 1.024322e+00 1.029449e+00 1.035201e+00 1.040111e+00 1.046522e+00 1.050503e+00 1.052250e+00 1.052596e+00 1.056099e+00 1.060535e+00 1.064229e+00 1.068602e+00 1.070809e+00 1.070887e+00 1.071602e+00 1.072784e+00 1.075530e+00 1.077066e+00 1.077727e+00 1.079482e+00 1.080735e+00 1.081524e+00 1.082431e+00 1.083199e+00 1.082189e+00 1.082150e+00 1.083125e+00 1.083828e+00 1.084581e+00 1.084929e+00 1.084640e+00 1.084559e+00 1.083450e+00 1.082664e+00 1.082670e+00 1.081703e+00 1.080636e+00 1.081568e+00 1.080633e+00 1.076096e+00 1.070349e+00 1.063093e+00 1.055176e+00 1.049066e+00 1.044710e+00 1.036695e+00 1.037997e+00 1.042747e+00 1.050868e+00 1.043489e+00 1.037698e+00 1.033527e+00 1.024310e+00 1.006059e+00 9.943391e-01
9.687045e-01 9.530581e-01 9.522209e-01 9.573120e-01 9.645299e-01 9.739261e-01 9.752955e-01 9.706150e-01 9.663717e-01 9.609015e-01 9.531883e-01 9.493048e-01 9.521500e-01 9.654875e-01 9.683509e-01 9.623731e-01 9.616258e-01 9.642437e-01 9.675101e-01 9.678396e-01 9.744817e-01 9.786755e-01 9.769616e-01 9.768192e-01 9.703946e-01 9.654366e-01 9.704790e-01 9.742029e-01 9.729197e-01 9.750499e-01 9.763180e-01 9.823121e-01 9.898756e-01 9.973835e-01 9.985585e-01 1.001280e+00 1.009683e+00 1.010284e+00 1.002362e+00 1.000843e+00 1.002637e+00 1.002175e+00 9.998930e-01 9.999477e-01 1.000084e+00 1.004765e+00 1.010233e+00 1.011493e+00 1.007510e+00 1.006010e+00 1.009400e+00 1.013829e+00 1.015646e+00 1.016627e+00 1.022683e+00 1.023690e+00 1.020261e+00 1.009741e+00 1.000031e+00 1.002772e+00 1.003209e+00 1.000608e+00 1.003660e+00 1.003447e+00 9.997562e-01 1.002394e+00 1.002417e+00 9.981624e-01 9.891973e-01 9.809136e-01 9.697813e-01 9.666207e-01 9.652531e-01 9.608593e-01 9.549415e-01 9.525659e-01 9.498267e-01 9.482224e-01 9.473346e-01 9.383400e-01 9.326887e-01 9.384753e-01 9.468009e-01 9.485638e-01 9.451767e-01 9.416826e-01 9.448260e-01 9.566507e-01 9.634506e-01 9.654595e-01 9.597921e-01 9.668809e-01 9.736702e-01 9.680727e-01 9.584902e-01 9.595310e-01 9.667166e-01 9.620706e-01 9.506825e-01 9.553139e-01 9.630675e-01 9.562017e-01 9.544567e-01 9.566837e-01 9.540493e-01 9.426954e-01 9.340217e-01 9.275603e-01 9.266964e-01 9.247106e-01 9.273965e-01 9.289951e-01 9.259342e-01 9.243627e-01 9.223164e-01 9.262472e-01 9.274594e-01 9.258484e-01 9.200152e-01 9.192387e-01 9.139617e-01 9.202219e-01 9.284235e-01 9.228587e-01 9.224071e-01 9.279176e-01 9.294549e-01 9.299007e-01 9.366230e-01 9.361777e-01 9.373814e-01 9.430324e-01 9.454741e-01 9.551400e-01 9.629160e-01 9.635414e-01 9.605688e-01 9.506075e-01 9.536535e-01 9.674250e-01 9.744604e-01 9.762400e-01 9.854711e-01 9.923809e-01 9.943929e-01 9.938867e-01 9.881012e-01 9.800951e-01 9.806578e-01 9.806367e-01 9.816469e-01 9.823157e-01 9.782678e-01 9.725595e-01 9.663597e-01 9.643378e-01 9.649656e-01 9.617723e-01 9.570671e-01 9.543229e-01 9.520538e-01 9.494520e-01 9.430956e-01 9.399179e-01 9.418140e-01 9.498230e-01 9.480626e-01 9.472873e-01 9.479090e-01 9.479660e-01 9.514548e-01 9.555926e-01 9.560874e-01 9.544402e-01 9.597807e-01 9.648594e-01 9.649046e-01 9.678944e-01 9.739456e-01 9.777151e-01 9.729518e-01 9.700128e-01 9.741880e-01 9.767373e-01 9.738145e-01 9.699466e-01 9.717689e-01 9.782053e-01 9.861905e-01 9.915638e-01 9.959326e-01 9.919955e-01 9.923787e-01 9.959254e-01 9.995497e-01 1.005832e+00 1.005985e+00 1.014467e+00 1.018965e+00 1.019647e+00 1.021157e+00 1.024375e+00 1.029991e+00 1.032850e+00 1.033404e+00 1.042337e+00 1.046922e+00 1.046877e+00 1.049291e+00 1.054255e+00 1.059251e+00 1.063836e+00 1.068568e+00 1.069389e+00 1.069891e+00 1.071999e+00 1.074277e+00 1.076124e+00 1.076954e+00 1.077010e+00 1.078510e+00 1.079682e+00 1.081588e+00 1.083232e+00 1.083526e+00 1.082111e+00 1.082842e+00 1.083446e+00 1.084314e+00 1.084337e+00 1.083517e+00 1.083046e+00 1.082782e+00 1.083255e+00 1.083785e+00 1.082711e+00 1.080810e+00 1.080548e+00 1.080378e+00 1.078090e+00 1.073303e+00 1.067937e+00 1.058293e+00 1.050286e+00 1.045884e+00 1.044235e+00 1.034485e+00 1.034163e+00 1.043482e+00 1.050180e+00 1.043216e+00 1.035766e+00 1.035174e+00 1.022436e+00 1.007854e+00 9.974524e-01
9.740396e-01 9.534237e-01 9.517723e-01 9.528049e-01 9.610609e-01 9.772676e-01 9.817517e-01 9.746162e-01 9.658371e-01 9.603862e-01 9.579498e-01 9.566363e-01 9.594122e-01 9.697609e-01 9.671106e-01 9.588808e-01 9.603943e-01 9.659268e-01 9.655565e-01 9.655957e-01 9.722022e-01 9.772640e-01 9.783640e-01 9.787248e-01 9.738591e-01 9.728673e-01 9.749328e-01 9.790624e-01 9.789135e-01 9.798113e-01 9.829811e-01 9.897407e-01 9.887077e-01 9.894130e-01 9.853446e-01 9.879487e-01 1.000242e+00 1.004573e+00 1.000592e+00 1.000430e+00 1.000958e+00 1.001308e+00 1.000306e+00 9.981909e-01 1.003621e+00 1.008635e+00 1.009496e+00 1.005749e+00 1.007114e+00 1.006168e+00 1.001999e+00 1.007310e+00 1.018023e+00 1.019907e+00 1.023243e+00 1.026574e+00 1.023925e+00 1.014573e+00 1.004455e+00 1.004267e+00 1.004100e+00 9.995568e-01 1.004893e+00 1.006890e+00 1.007241e+00 1.007522e+00 1.004800e+00 9.970857e-01 9.908240e-01 9.794820e-01 9.651732e-01 9.593020e-01 9.586408e-01 9.520309e-01 9.429689e-01 9.351571e-01 9.314877e-01 9.347565e-01 9.380322e-01 9.328192e-01 9.232197e-01 9.312944e-01 9.367473e-01 9.344060e-01 9.316777e-01 9.321308e-01 9.377763e-01 9.472871e-01 9.519743e-01 9.520802e-01 9.463084e-01 9.579462e-01 9.673430e-01 9.616863e-01 9.564237e-01 9.599868e-01 9.604695e-01 9.573823e-01 9.514442e-01 9.560717e-01 9.614446e-01 9.547171e-01 9.520480e-01 9.523220e-01 9.473112e-01 9.364130e-01 9.327040e-01 9.303352e-01 9.215059e-01 9.154111e-01 9.170825e-01 9.224832e-01 9.197092e-01 9.254284e-01 9.206172e-01 9.153521e-01 9.168248e-01 9.208118e-01 9.194410e-01 9.194791e-01 9.180643e-01 9.242721e-01 9.257413e-01 9.191722e-01 9.239736e-01 9.269687e-01 9.241415e-01 9.275224e-01 9.298069e-01 9.267017e-01 9.303873e-01 9.346892e-01 9.457401e-01 9.518438e-01 9.562231e-01 9.568431e-01 9.542625e-01 9.488726e-01 9.554737e-01 9.694451e-01 9.707378e-01 9.699204e-01 9.726372e-01 9.823508e-01 9.840498e-01 9.832714e-01 9.827526e-01 9.778360e-01 9.771174e-01 9.794019e-01 9.799898e-01 9.824569e-01 9.783141e-01 9.713393e-01 9.657830e-01 9.605283e-01 9.627460e-01 9.587821e-01 9.541017e-01 9.525296e-01 9.493302e-01 9.482891e-01 9.448413e-01 9.404615e-01 9.403247e-01 9.462405e-01 9.462762e-01 9.493826e-01 9.470917e-01 9.462637e-01 9.521455e-01 9.503829e-01 9.495196e-01 9.547564e-01 9.642819e-01 9.719150e-01 9.737206e-01 9.745872e-01 9.737656e-01 9.732996e-01 9.707826e-01 9.717436e-01 9.778413e-01 9.813407e-01 9.812225e-01 9.805951e-01 9.785093e-01 9.769003e-01 9.861757e-01 9.917707e-01 9.988130e-01 9.959073e-01 9.976097e-01 9.989415e-01 9.998003e-01 9.992535e-01 1.005673e+00 1.015212e+00 1.019285e+00 1.018226e+00 1.020760e+00 1.026297e+00 1.029960e+00 1.029639e+00 1.031925e+00 1.038540e+00 1.044191e+00 1.045706e+00 1.049535e+00 1.055182e+00 1.060393e+00 1.065746e+00 1.069095e+00 1.070600e+00 1.070882e+00 1.072596e+00 1.073593e+00 1.075764e+00 1.077804e+00 1.078435e+00 1.077969e+00 1.078424e+00 1.081117e+00 1.083737e+00 1.083936e+00 1.083734e+00 1.083912e+00 1.083440e+00 1.083683e+00 1.083288e+00 1.083681e+00 1.082990e+00 1.082547e+00 1.084033e+00 1.084424e+00 1.083104e+00 1.080548e+00 1.079727e+00 1.078288e+00 1.075326e+00 1.069255e+00 1.064032e+00 1.055471e+00 1.047338e+00 1.043267e+00 1.042686e+00 1.035423e+00 1.034652e+00 1.046748e+00 1.052170e+00 1.044231e+00 1.037423e+00 1.036119e+00 1.023231e+00 1.007442e+00 1.004073e+00
9.725966e-01 9.567024e-01 9.531488e-01 9.533400e-01 9.631633e-01 9.740421e-01 9.778624e-01 9.734197e-01 9.664444e-01 9.573498e-01 9.541005e-01 9.559914e-01 9.596228e-01 9.686617e-01 9.659144e-01 9.574959e-01 9.607512e-01 9.661971e-01 9.646178e-01 9.643102e-01 9.701721e-01 9.780717e-01 9.774469e-01 9.768547e-01 9.783979e-01 9.778579e-01 9.758219e-01 9.777324e-01 9.840655e-01 9.909560e-01 9.922226e-01 9.938913e-01 9.903973e-01 9.888414e-01 9.864504e-01 9.810033e-01 9.925674e-01 9.998724e-01 9.970592e-01 9.961035e-01 9.989359e-01 9.973152e-01 9.989357e-01 9.983102e-01 1.003420e+00 1.007585e+00 1.007497e+00 1.005345e+00 1.011665e+00 1.009292e+00 1.007058e+00 1.010658e+00 1.017338e+00 1.023830e+00 1.024995e+00 1.024025e+00 1.019452e+00 1.015045e+00 1.008051e+00 1.003016e+00 1.006579e+00 1.003763e+00 1.004776e+00 1.008737e+00 1.012951e+00 1.013452e+00 1.009515e+00 1.001293e+00 9.895247e-01 9.743592e-01 9.613851e-01 9.567878e-01 9.559171e-01 9.478551e-01 9.415828e-01 9.394660e-01 9.272833e-01 9.156554e-01 9.140022e-01 9.194527e-01 9.170613e-01 9.190409e-01 9.239430e-01 9.281487e-01 9.246987e-01 9.263103e-01 9.363341e-01 9.435752e-01 9.484832e-01 9.504561e-01 9.511313e-01 9.580159e-01 9.619966e-01 9.513237e-01 9.482179e-01 9.530790e-01 9.510126e-01 9.513380e-01 9.501640e-01 9.558766e-01 9.560245e-01 9.526936e-01 9.486266e-01 9.426810e-01 9.354428e-01 9.301078e-01 9.330678e-01 9.359226e-01 9.243362e-01 9.161880e-01 9.165339e-01 9.178989e-01 9.177561e-01 9.181944e-01 9.118409e-01 9.078194e-01 9.124027e-01 9.188927e-01 9.172659e-01 9.185987e-01 9.197291e-01 9.152935e-01 9.166030e-01 9.130661e-01 9.193792e-01 9.229431e-01 9.199556e-01 9.227679e-01 9.206608e-01 9.219123e-01 9.245546e-01 9.334103e-01 9.435645e-01 9.469519e-01 9.485042e-01 9.494466e-01 9.481713e-01 9.508852e-01 9.581442e-01 9.664088e-01 9.608309e-01 9.610740e-01 9.691941e-01 9.768257e-01 9.753287e-01 9.784505e-01 9.824046e-01 9.796922e-01 9.790044e-01 9.780559e-01 9.804189e-01 9.843029e-01 9.786914e-01 9.695649e-01 9.622282e-01 9.593607e-01 9.582036e-01 9.555315e-01 9.514444e-01 9.495977e-01 9.465629e-01 9.459427e-01 9.462705e-01 9.384339e-01 9.360884e-01 9.412166e-01 9.481578e-01 9.516872e-01 9.458367e-01 9.467064e-01 9.499063e-01 9.480008e-01 9.490124e-01 9.558063e-01 9.626711e-01 9.691266e-01 9.733941e-01 9.769740e-01 9.748490e-01 9.733397e-01 9.760207e-01 9.796739e-01 9.826385e-01 9.844398e-01 9.872889e-01 9.862247e-01 9.799069e-01 9.789537e-01 9.865508e-01 9.928739e-01 9.967382e-01 9.970881e-01 1.000323e+00 1.002959e+00 1.004988e+00 1.002861e+00 1.009923e+00 1.015426e+00 1.018244e+00 1.016726e+00 1.019202e+00 1.025391e+00 1.031094e+00 1.031346e+00 1.032597e+00 1.037312e+00 1.043179e+00 1.048041e+00 1.050268e+00 1.054532e+00 1.060620e+00 1.067103e+00 1.070091e+00 1.070978e+00 1.069913e+00 1.070183e+00 1.072081e+00 1.073425e+00 1.076184e+00 1.078022e+00 1.078355e+00 1.077858e+00 1.079893e+00 1.081490e+00 1.081872e+00 1.082925e+00 1.083520e+00 1.082868e+00 1.083637e+00 1.084768e+00 1.084745e+00 1.083756e+00 1.082176e+00 1.083431e+00 1.083525e+00 1.081391e+00 1.079332e+00 1.078444e+00 1.076712e+00 1.073982e+00 1.066834e+00 1.059954e+00 1.054875e+00 1.047352e+00 1.042763e+00 1.042386e+00 1.034260e+00 1.038698e+00 1.048341e+00 1.050598e+00 1.043273e+00 1.037633e+00 1.033541e+00 1.024177e+00 1.005132e+00 1.007987e+00
9.760258e-01 9.582471e-01 9.548660e-01 9.608909e-01 9.630840e-01 9.686698e-01 9.726343e-01 9.775753e-01 9.754041e-01 9.652681e-01 9.566597e-01 9.577506e-01 9.630746e-01 9.652056e-01 9.639306e-01 9.587499e-01 9.624001e-01 9.672191e-01 9.638633e-01 9.642113e-01 9.719612e-01 9.732767e-01 9.676508e-01 9.683724e-01 9.749151e-01 9.742872e-01 9.725137e-01 9.767203e-01 9.826658e-01 9.909454e-01 9.924471e-01 9.876640e-01 9.806823e-01 9.811727e-01 9.872792e-01 9.845611e-01 9.903315e-01 1.000466e+00 9.996843e-01 1.002339e+00 1.002456e+00 1.000988e+00 9.972146e-01 9.988837e-01 9.979509e-01 1.002820e+00 1.006234e+00 1.009004e+00 1.014498e+00 1.014643e+00 1.013878e+00 1.015768e+00 1.018117e+00 1.021553e+00 1.019672e+00 1.015967e+00 1.012124e+00 1.013772e+00 1.010527e+00 1.010255e+00 1.014340e+00 1.011028e+00 1.007387e+00 1.009395e+00 1.014014e+00 1.014315e+00 1.009434e+00 1.004005e+00 9.872693e-01 9.715884e-01 9.620655e-01 9.580191e-01 9.555928e-01 9.463215e-01 9.413809e-01 9.393498e-01 9.294583e-01 9.202484e-01 9.164743e-01 9.171934e-01 9.156870e-01 9.141229e-01 9.165880e-01 9.202396e-01 9.230540e-01 9.272181e-01 9.379610e-01 9.456387e-01 9.439875e-01 9.501872e-01 9.546932e-01 9.539803e-01 9.507095e-01 9.479805e-01 9.500923e-01 9.550867e-01 9.551417e-01 9.522691e-01 9.514428e-01 9.535155e-01 9.520943e-01 9.488382e-01 9.473903e-01 9.412562e-01 9.342800e-01 9.325042e-01 9.355061e-01 9.364056e-01 9.241904e-01 9.192234e-01 9.160581e-01 9.141794e-01 9.154440e-01 9.118127e-01 9.077397e-01 9.066656e-01 9.145558e-01 9.189314e-01 9.152190e-01 9.131123e-01 9.140689e-01 9.097008e-01 9.168507e-01 9.124775e-01 9.114992e-01 9.159204e-01 9.211730e-01 9.259621e-01 9.255913e-01 9.277393e-01 9.268301e-01 9.301284e-01 9.352038e-01 9.408576e-01 9.416803e-01 9.424793e-01 9.452125e-01 9.480117e-01 9.567083e-01 9.597145e-01 9.509811e-01 9.580778e-01 9.701084e-01 9.746748e-01 9.734696e-01 9.771134e-01 9.830451e-01 9.819513e-01 9.786829e-01 9.780945e-01 9.840802e-01 9.842753e-01 9.781897e-01 9.686706e-01 9.649485e-01 9.628811e-01 9.596447e-01 9.571837e-01 9.555948e-01 9.550000e-01 9.488345e-01 9.462387e-01 9.454690e-01 9.354526e-01 9.328563e-01 9.404851e-01 9.497893e-01 9.476313e-01 9.413779e-01 9.474642e-01 9.510489e-01 9.524090e-01 9.565313e-01 9.621829e-01 9.658204e-01 9.670814e-01 9.694415e-01 9.716867e-01 9.753764e-01 9.792725e-01 9.861451e-01 9.869756e-01 9.855161e-01 9.874373e-01 9.870238e-01 9.780675e-01 9.728438e-01 9.760458e-01 9.832112e-01 9.920041e-01 9.919802e-01 9.923851e-01 9.988263e-01 1.005603e+00 1.006737e+00 1.007032e+00 1.011891e+00 1.016913e+00 1.020968e+00 1.017676e+00 1.014917e+00 1.018978e+00 1.030998e+00 1.038658e+00 1.040150e+00 1.039830e+00 1.043011e+00 1.047370e+00 1.051326e+00 1.054880e+00 1.060758e+00 1.066806e+00 1.069686e+00 1.069201e+00 1.068211e+00 1.068452e+00 1.071667e+00 1.073491e+00 1.075275e+00 1.076806e+00 1.078616e+00 1.079507e+00 1.080546e+00 1.080327e+00 1.080451e+00 1.081758e+00 1.082389e+00 1.082416e+00 1.083239e+00 1.085088e+00 1.085108e+00 1.083685e+00 1.081667e+00 1.081420e+00 1.080658e+00 1.078929e+00 1.079610e+00 1.079062e+00 1.076910e+00 1.072940e+00 1.065549e+00 1.056952e+00 1.055403e+00 1.048741e+00 1.039746e+00 1.039463e+00 1.031985e+00 1.038475e+00 1.045545e+00 1.046420e+00 1.037726e+00 1.033701e+00 1.029329e+00 1.024854e+00 1.003021e+00 1.008572e+00
9.796095e-01 9.548149e-01 9.518889e-01 9.591383e-01 9.599563e-01 9.655618e-01 9.748783e-01 9.858959e-01 9.870073e-01 9.735228e-01 9.636818e-01 9.641506e-01 9.647782e-01 9.704514e-01 9.713047e-01 9.682444e-01 9.691094e-01 9.738954e-01 9.725810e-01 9.688505e-01 9.698652e-01 9.688550e-01 9.676061e-01 9.674489e-01 9.656299e-01 9.634259e-01 9.654782e-01 9.758323e-01 9.860675e-01 9.921926e-01 9.956285e-01 9.881487e-01 9.778730e-01 9.758688e-01 9.845709e-01 9.925664e-01 9.982966e-01 1.006262e+00 1.003388e+00 1.002617e+00 1.003449e+00 1.001459e+00 9.975026e-01 1.000313e+00 1.001201e+00 1.004544e+00 1.010084e+00 1.013145e+00 1.015361e+00 1.017251e+00 1.018755e+00 1.016558e+00 1.011305e+00 1.010244e+00 1.011268e+00 1.010908e+00 1.011548e+00 1.013387e+00 1.013211e+00 1.017521e+00 1.019225e+00 1.016517e+00 1.011400e+00 1.006823e+00 1.008590e+00 1.008087e+00 1.001490e+00 9.983754e-01 9.870059e-01 9.774361e-01 9.679488e-01 9.576246e-01 9.512936e-01 9.466383e-01 9.408861e-01 9.421571e-01 9.372599e-01 9.292253e-01 9.218862e-01 9.154234e-01 9.130656e-01 9.126663e-01 9.128315e-01 9.163001e-01 9.219011e-01 9.251036e-01 9.338146e-01 9.383327e-01 9.359881e-01 9.409564e-01 9.464197e-01 9.432588e-01 9.419206e-01 9.465177e-01 9.553270e-01 9.599911e-01 9.581340e-01 9.506422e-01 9.484278e-01 9.434335e-01 9.363177e-01 9.367372e-01 9.381098e-01 9.368376e-01 9.361292e-01 9.340834e-01 9.333999e-01 9.295247e-01 9.191148e-01 9.148719e-01 9.120655e-01 9.125678e-01 9.169908e-01 9.131274e-01 9.080675e-01 9.050298e-01 9.136892e-01 9.163111e-01 9.127956e-01 9.134747e-01 9.131005e-01 9.158168e-01 9.211405e-01 9.150975e-01 9.072887e-01 9.112138e-01 9.212642e-01 9.251686e-01 9.267494e-01 9.260209e-01 9.210779e-01 9.255692e-01 9.351844e-01 9.361964e-01 9.360523e-01 9.343684e-01 9.431344e-01 9.504409e-01 9.600182e-01 9.652407e-01 9.609684e-01 9.653388e-01 9.763139e-01 9.788866e-01 9.758403e-01 9.771088e-01 9.818884e-01 9.821630e-01 9.814032e-01 9.846081e-01 9.891073e-01 9.860094e-01 9.762766e-01 9.670259e-01 9.664128e-01 9.655051e-01 9.616154e-01 9.554021e-01 9.534001e-01 9.545408e-01 9.521930e-01 9.500127e-01 9.469799e-01 9.382311e-01 9.367971e-01 9.434096e-01 9.491794e-01 9.460433e-01 9.439411e-01 9.513100e-01 9.599593e-01 9.597192e-01 9.635884e-01 9.675953e-01 9.688694e-01 9.666532e-01 9.656793e-01 9.675491e-01 9.791172e-01 9.858767e-01 9.920456e-01 9.922712e-01 9.878581e-01 9.860181e-01 9.821980e-01 9.718599e-01 9.730457e-01 9.770762e-01 9.846798e-01 9.943933e-01 9.956373e-01 9.973605e-01 9.994839e-01 9.985321e-01 9.993033e-01 1.002784e+00 1.007628e+00 1.015121e+00 1.021385e+00 1.019999e+00 1.017200e+00 1.021523e+00 1.033304e+00 1.041191e+00 1.041359e+00 1.040225e+00 1.041910e+00 1.047326e+00 1.051831e+00 1.055403e+00 1.059330e+00 1.065242e+00 1.068457e+00 1.067069e+00 1.067555e+00 1.069208e+00 1.071437e+00 1.072082e+00 1.074077e+00 1.075748e+00 1.077377e+00 1.079342e+00 1.080262e+00 1.080787e+00 1.082115e+00 1.082419e+00 1.081073e+00 1.080788e+00 1.081696e+00 1.083121e+00 1.083020e+00 1.082280e+00 1.079850e+00 1.078138e+00 1.077422e+00 1.077293e+00 1.079451e+00 1.079972e+00 1.077239e+00 1.071901e+00 1.065419e+00 1.056922e+00 1.054059e+00 1.044352e+00 1.035362e+00 1.035589e+00 1.032065e+00 1.035100e+00 1.039180e+00 1.043614e+00 1.033662e+00 1.028911e+00 1.025745e+00 1.023997e+00 1.001087e+00 1.009656e+00
9.768548e-01 9.602783e-01 9.559131e-01 9.608085e-01 9.635035e-01 9.689554e-01 9.779946e-01 9.877930e-01 9.845910e-01 9.722947e-01 9.641387e-01 9.642359e-01 9.649054e-01 9.712003e-01 9.736633e-01 9.709726e-01 9.696723e-01 9.743323e-01 9.707530e-01 9.618482e-01 9.632260e-01 9.666514e-01 9.700310e-01 9.681134e-01 9.599533e-01 9.545189e-01 9.606329e-01 9.808176e-01 9.897750e-01 9.926538e-01 9.924537e-01 9.884056e-01 9.786194e-01 9.787972e-01 9.823942e-01 9.895886e-01 1.000578e+00 1.009468e+00 1.006243e+00 1.003068e+00 1.005040e+00 1.000376e+00 9.918436e-01 9.971821e-01 1.005277e+00 1.006863e+00 1.012472e+00 1.019363e+00 1.018675e+00 1.019228e+00 1.019434e+00 1.016292e+00 1.009155e+00 1.007392e+00 1.013396e+00 1.015457e+00 1.013492e+00 1.010716e+00 1.012234e+00 1.019854e+00 1.018534e+00 1.014237e+00 1.012836e+00 1.006463e+00 1.002227e+00 9.956494e-01 9.946431e-01 9.932743e-01 9.924234e-01 9.852075e-01 9.732894e-01 9.609175e-01 9.479892e-01 9.375886e-01 9.326475e-01 9.339644e-01 9.388703e-01 9.307642e-01 9.209552e-01 9.104339e-01 9.092003e-01 9.123182e-01 9.127992e-01 9.155639e-01 9.246432e-01 9.277869e-01 9.324868e-01 9.278491e-01 9.243695e-01 9.279215e-01 9.347365e-01 9.373648e-01 9.416429e-01 9.472733e-01 9.555892e-01 9.621998e-01 9.545489e-01 9.447054e-01 9.401301e-01 9.389946e-01 9.327642e-01 9.299657e-01 9.307255e-01 9.307197e-01 9.297976e-01 9.265056e-01 9.220293e-01 9.216996e-01 9.154128e-01 9.092233e-01 9.086477e-01 9.078215e-01 9.091671e-01 9.073403e-01 9.055979e-01 9.018586e-01 9.118207e-01 9.148345e-01 9.133517e-01 9.117522e-01 9.081184e-01 9.117136e-01 9.129978e-01 9.100745e-01 9.095393e-01 9.141926e-01 9.198615e-01 9.247133e-01 9.216303e-01 9.172455e-01 9.182768e-01 9.232312e-01 9.381608e-01 9.403424e-01 9.393485e-01 9.409966e-01 9.478564e-01 9.547822e-01 9.673446e-01 9.725779e-01 9.685531e-01 9.677405e-01 9.731619e-01 9.753476e-01 9.745858e-01 9.776877e-01 9.796398e-01 9.804693e-01 9.789450e-01 9.808640e-01 9.829848e-01 9.823721e-01 9.737362e-01 9.694504e-01 9.691522e-01 9.660726e-01 9.591745e-01 9.524378e-01 9.498610e-01 9.502601e-01 9.546516e-01 9.616585e-01 9.581068e-01 9.459229e-01 9.437680e-01 9.496102e-01 9.531217e-01 9.534987e-01 9.512189e-01 9.553538e-01 9.593772e-01 9.598076e-01 9.634928e-01 9.678149e-01 9.719904e-01 9.710597e-01 9.705343e-01 9.741097e-01 9.844046e-01 9.889401e-01 9.930127e-01 9.900184e-01 9.873724e-01 9.825650e-01 9.789155e-01 9.739093e-01 9.777043e-01 9.806747e-01 9.847015e-01 9.923893e-01 9.963447e-01 9.967316e-01 9.993963e-01 9.974602e-01 9.965366e-01 1.001098e+00 1.009196e+00 1.013303e+00 1.017340e+00 1.019202e+00 1.020584e+00 1.023612e+00 1.029574e+00 1.037363e+00 1.040774e+00 1.039739e+00 1.041568e+00 1.048239e+00 1.051106e+00 1.052571e+00 1.057128e+00 1.062851e+00 1.065948e+00 1.065876e+00 1.066989e+00 1.069265e+00 1.070365e+00 1.069249e+00 1.070068e+00 1.072732e+00 1.074820e+00 1.077377e+00 1.079175e+00 1.079328e+00 1.081636e+00 1.082367e+00 1.080551e+00 1.079806e+00 1.079897e+00 1.080363e+00 1.080489e+00 1.080931e+00 1.079286e+00 1.077037e+00 1.075783e+00 1.075861e+00 1.077003e+00 1.078070e+00 1.076888e+00 1.070197e+00 1.064045e+00 1.058137e+00 1.052974e+00 1.038636e+00 1.029054e+00 1.030908e+00 1.029670e+00 1.029178e+00 1.033503e+00 1.039859e+00 1.032193e+00 1.026763e+00 1.024505e+00 1.021701e+00 9.966614e-01 1.008937e+00
9.783148e-01 9.666970e-01 9.604496e-01 9.612976e-01 9.675414e-01 9.756414e-01 9.817833e-01 9.822711e-01 9.758418e-01 9.653426e-01 9.581726e-01 9.610616e-01 9.635776e-01 9.698575e-01 9.755822e-01 9.727035e-01 9.711041e-01 9.698942e-01 9.634467e-01 9.595646e-01 9.628711e-01 9.691354e-01 9.707231e-01 9.696795e-01 9.640743e-01 9.610745e-01 9.674378e-01 9.806530e-01 9.854324e-01 9.875415e-01 9.877023e-01 9.879885e-01 9.878454e-01 9.901926e-01 9.852366e-01 9.907802e-01 1.003794e+00 1.012450e+00 1.007797e+00 1.003302e+00 1.009973e+00 1.004034e+00 9.946896e-01 9.942631e-01 1.003601e+00 1.007654e+00 1.013651e+00 1.019675e+00 1.021292e+00 1.022718e+00 1.019831e+00 1.018616e+00 1.015408e+00 1.010632e+00 1.014034e+00 1.014033e+00 1.011132e+00 1.004798e+00 1.006851e+00 1.017751e+00 1.018201e+00 1.014872e+00 1.016915e+00 1.009798e+00 1.000392e+00 9.925432e-01 9.867194e-01 9.801702e-01 9.834672e-01 9.744927e-01 9.680533e-01 9.564942e-01 9.405906e-01 9.281756e-01 9.261582e-01 9.333643e-01 9.370258e-01 9.194351e-01 9.155907e-01 9.140440e-01 9.130870e-01 9.157848e-01 9.157289e-01 9.125037e-01 9.120365e-01 9.152825e-01 9.189091e-01 9.179819e-01 9.210868e-01 9.259512e-01 9.295376e-01 9.330223e-01 9.395761e-01 9.463819e-01 9.485467e-01 9.556984e-01 9.510003e-01 9.421856e-01 9.417122e-01 9.438606e-01 9.374613e-01 9.323044e-01 9.332231e-01 9.328970e-01 9.287167e-01 9.196288e-01 9.205684e-01 9.210050e-01 9.143645e-01 9.082403e-01 9.115967e-01 9.101978e-01 9.056857e-01 9.052725e-01 9.018130e-01 9.019533e-01 9.092988e-01 9.131184e-01 9.065135e-01 9.068080e-01 9.048825e-01 9.070280e-01 9.063541e-01 9.088323e-01 9.172077e-01 9.222159e-01 9.201962e-01 9.217182e-01 9.215230e-01 9.110507e-01 9.107257e-01 9.186270e-01 9.348323e-01 9.446675e-01 9.426823e-01 9.461721e-01 9.528015e-01 9.578018e-01 9.647084e-01 9.729165e-01 9.678422e-01 9.641387e-01 9.664012e-01 9.689902e-01 9.742683e-01 9.750429e-01 9.765395e-01 9.802265e-01 9.775540e-01 9.757445e-01 9.762869e-01 9.763301e-01 9.722064e-01 9.705362e-01 9.693950e-01 9.657106e-01 9.588771e-01 9.563345e-01 9.572620e-01 9.557028e-01 9.571040e-01 9.654552e-01 9.603352e-01 9.477564e-01 9.446603e-01 9.507035e-01 9.582604e-01 9.596478e-01 9.557554e-01 9.597850e-01 9.617279e-01 9.576986e-01 9.538399e-01 9.580959e-01 9.662902e-01 9.705169e-01 9.765525e-01 9.850271e-01 9.906664e-01 9.929391e-01 9.930959e-01 9.876004e-01 9.857039e-01 9.877660e-01 9.868667e-01 9.850016e-01 9.856523e-01 9.892521e-01 9.902488e-01 9.911019e-01 9.917590e-01 9.911698e-01 9.958906e-01 9.966564e-01 9.987622e-01 1.006195e+00 1.015146e+00 1.015168e+00 1.014980e+00 1.018845e+00 1.019820e+00 1.020396e+00 1.022521e+00 1.030753e+00 1.037447e+00 1.039310e+00 1.041333e+00 1.048149e+00 1.051515e+00 1.051797e+00 1.055620e+00 1.060607e+00 1.062819e+00 1.065665e+00 1.067048e+00 1.067194e+00 1.066010e+00 1.065109e+00 1.064247e+00 1.070260e+00 1.073016e+00 1.075168e+00 1.077945e+00 1.077575e+00 1.078283e+00 1.079915e+00 1.078841e+00 1.079073e+00 1.080195e+00 1.079990e+00 1.079945e+00 1.079784e+00 1.077804e+00 1.075227e+00 1.074867e+00 1.074708e+00 1.074950e+00 1.074312e+00 1.073327e+00 1.067109e+00 1.062125e+00 1.055397e+00 1.049508e+00 1.032927e+00 1.025397e+00 1.028760e+00 1.024499e+00 1.024302e+00 1.029529e+00 1.034647e+00 1.030214e+00 1.026957e+00 1.022824e+00 1.020832e+00 9.945758e-01 1.009030e+00
9.792920e-01 9.622566e-01 9.600086e-01 9.641435e-01 9.726653e-01 9.800966e-01 9.827365e-01 9.841541e-01 9.816956e-01 9.695857e-01 9.610622e-01 9.647204e-01 9.674414e-01 9.707310e-01 9.708062e-01 9.691265e-01 9.665727e-01 9.629382e-01 9.597610e-01 9.632261e-01 9.695833e-01 9.745832e-01 9.767808e-01 9.707187e-01 9.710573e-01 9.755243e-01 9.798288e-01 9.818726e-01 9.898741e-01 9.870277e-01 9.849195e-01 9.904375e-01 9.946196e-01 1.000095e+00 9.968814e-01 9.963410e-01 1.005779e+00 1.009633e+00 1.002517e+00 1.003762e+00 1.006795e+00 1.006473e+00 1.002780e+00 9.997801e-01 1.001378e+00 1.001528e+00 1.004338e+00 1.013779e+00 1.018479e+00 1.020906e+00 1.021283e+00 1.019899e+00 1.016891e+00 1.015066e+00 1.016917e+00 1.015035e+00 1.010757e+00 1.000520e+00 9.995455e-01 1.009859e+00 1.015243e+00 1.018953e+00 1.020932e+00 1.010320e+00 9.944698e-01 9.882519e-01 9.889987e-01 9.829552e-01 9.746530e-01 9.684957e-01 9.648075e-01 9.590592e-01 9.466779e-01 9.320077e-01 9.300975e-01 9.370368e-01 9.376388e-01 9.198737e-01 9.127424e-01 9.174580e-01 9.126070e-01 9.129030e-01 9.134004e-01 9.097986e-01 9.066968e-01 9.095106e-01 9.109012e-01 9.114438e-01 9.182872e-01 9.294133e-01 9.358526e-01 9.364821e-01 9.382460e-01 9.465686e-01 9.519603e-01 9.506955e-01 9.462416e-01 9.412175e-01 9.383413e-01 9.390802e-01 9.371616e-01 9.331215e-01 9.256768e-01 9.218985e-01 9.221058e-01 9.172302e-01 9.190329e-01 9.153544e-01 9.085883e-01 9.067190e-01 9.145975e-01 9.159052e-01 9.086044e-01 9.032536e-01 8.984118e-01 9.026821e-01 9.072206e-01 9.065790e-01 8.979744e-01 8.994473e-01 9.001988e-01 8.992527e-01 9.049891e-01 9.129059e-01 9.216401e-01 9.228914e-01 9.139614e-01 9.141451e-01 9.209232e-01 9.119367e-01 9.128954e-01 9.208121e-01 9.314662e-01 9.403087e-01 9.401852e-01 9.460733e-01 9.479318e-01 9.517832e-01 9.632306e-01 9.718616e-01 9.698865e-01 9.710959e-01 9.715974e-01 9.692342e-01 9.742573e-01 9.775208e-01 9.830165e-01 9.853595e-01 9.819453e-01 9.753082e-01 9.755237e-01 9.730013e-01 9.704621e-01 9.716065e-01 9.692641e-01 9.619889e-01 9.597318e-01 9.621203e-01 9.654187e-01 9.605826e-01 9.594089e-01 9.638786e-01 9.587367e-01 9.524992e-01 9.480346e-01 9.519061e-01 9.599748e-01 9.643338e-01 9.596793e-01 9.629599e-01 9.663336e-01 9.593395e-01 9.535607e-01 9.566353e-01 9.645752e-01 9.730389e-01 9.831045e-01 9.925278e-01 9.939255e-01 9.909825e-01 9.870604e-01 9.885489e-01 9.877092e-01 9.910473e-01 9.953581e-01 9.944397e-01 9.924823e-01 9.907219e-01 9.865422e-01 9.835128e-01 9.845567e-01 9.876105e-01 9.924209e-01 9.982984e-01 1.006215e+00 1.015524e+00 1.018445e+00 1.013492e+00 1.011401e+00 1.014336e+00 1.017339e+00 1.019007e+00 1.022635e+00 1.030649e+00 1.035411e+00 1.038620e+00 1.042629e+00 1.048282e+00 1.050075e+00 1.051984e+00 1.054044e+00 1.056773e+00 1.059165e+00 1.064180e+00 1.067575e+00 1.067792e+00 1.064715e+00 1.063192e+00 1.063578e+00 1.069192e+00 1.071656e+00 1.072450e+00 1.075377e+00 1.076114e+00 1.076482e+00 1.077982e+00 1.077716e+00 1.077497e+00 1.078152e+00 1.078786e+00 1.079698e+00 1.079001e+00 1.076793e+00 1.074112e+00 1.071984e+00 1.071769e+00 1.069972e+00 1.068240e+00 1.065584e+00 1.062836e+00 1.059130e+00 1.051904e+00 1.046436e+00 1.032794e+00 1.027184e+00 1.026800e+00 1.017993e+00 1.019424e+00 1.027134e+00 1.032584e+00 1.029497e+00 1.025064e+00 1.018806e+00 1.021486e+00 9.954175e-01 1.014717e+00
9.800360e-01 9.628740e-01 9.593245e-01 9.681395e-01 9.779283e-01 9.847023e-01 9.882121e-01 9.919982e-01 9.918754e-01 9.815238e-01 9.761389e-01 9.784665e-01 9.772614e-01 9.767989e-01 9.749028e-01 9.726921e-01 9.692014e-01 9.688054e-01 9.719390e-01 9.724519e-01 9.734696e-01 9.763795e-01 9.791235e-01 9.771649e-01 9.796261e-01 9.797220e-01 9.856189e-01 9.859378e-01 9.843205e-01 9.829049e-01 9.842956e-01 9.922408e-01 1.001688e+00 1.004816e+00 1.001168e+00 9.965398e-01 1.000511e+00 1.002180e+00 1.003164e+00 1.008917e+00 1.009739e+00 1.009472e+00 1.005482e+00 1.004001e+00 1.001981e+00 1.001459e+00 1.002221e+00 1.007891e+00 1.012769e+00 1.013857e+00 1.016625e+00 1.021690e+00 1.025571e+00 1.023925e+00 1.020045e+00 1.015037e+00 1.008396e+00 9.975356e-01 9.955163e-01 9.985846e-01 1.007200e+00 1.016167e+00 1.015163e+00 1.006963e+00 9.922623e-01 9.884357e-01 9.894533e-01 9.825211e-01 9.687669e-01 9.635213e-01 9.649081e-01 9.650902e-01 9.531776e-01 9.425672e-01 9.336791e-01 9.317818e-01 9.288971e-01 9.214043e-01 9.102309e-01 9.068814e-01 8.990808e-01 8.953320e-01 8.975472e-01 9.029378e-01 9.056804e-01 9.080380e-01 9.110301e-01 9.134549e-01 9.217157e-01 9.349100e-01 9.455585e-01 9.438559e-01 9.387868e-01 9.441373e-01 9.499769e-01 9.483217e-01 9.437347e-01 9.378424e-01 9.343095e-01 9.341628e-01 9.334991e-01 9.298901e-01 9.211965e-01 9.138404e-01 9.118415e-01 9.177466e-01 9.160396e-01 9.121444e-01 9.097703e-01 9.090994e-01 9.130039e-01 9.155153e-01 9.077238e-01 9.051121e-01 9.031388e-01 9.075883e-01 9.064469e-01 9.028913e-01 8.982221e-01 8.981658e-01 8.998247e-01 8.990305e-01 9.053630e-01 9.128438e-01 9.163761e-01 9.139153e-01 9.100474e-01 9.116623e-01 9.159946e-01 9.119997e-01 9.167460e-01 9.277088e-01 9.345104e-01 9.403316e-01 9.418775e-01 9.402641e-01 9.413526e-01 9.500601e-01 9.665421e-01 9.794235e-01 9.794861e-01 9.781987e-01 9.803109e-01 9.769397e-01 9.750062e-01 9.826535e-01 9.914024e-01 9.888588e-01 9.840190e-01 9.788792e-01 9.793974e-01 9.769711e-01 9.707319e-01 9.721653e-01 9.687223e-01 9.595430e-01 9.593551e-01 9.642558e-01 9.678146e-01 9.631912e-01 9.599651e-01 9.627821e-01 9.628630e-01 9.596361e-01 9.588019e-01 9.584235e-01 9.642414e-01 9.696308e-01 9.689168e-01 9.655737e-01 9.637378e-01 9.652638e-01 9.620840e-01 9.628512e-01 9.669183e-01 9.738218e-01 9.849845e-01 9.946386e-01 9.967329e-01 9.904624e-01 9.882905e-01 9.898971e-01 9.902840e-01 9.874443e-01 9.949751e-01 9.989408e-01 9.942608e-01 9.875578e-01 9.811093e-01 9.844578e-01 9.867601e-01 9.858359e-01 9.921811e-01 1.005016e+00 1.014807e+00 1.021498e+00 1.017776e+00 1.014425e+00 1.012723e+00 1.019056e+00 1.025177e+00 1.025642e+00 1.025826e+00 1.032979e+00 1.037804e+00 1.041752e+00 1.046301e+00 1.048660e+00 1.050062e+00 1.051647e+00 1.052745e+00 1.056385e+00 1.057873e+00 1.062200e+00 1.067711e+00 1.067318e+00 1.064347e+00 1.063266e+00 1.063774e+00 1.066286e+00 1.068615e+00 1.069530e+00 1.072312e+00 1.074597e+00 1.076600e+00 1.078006e+00 1.077400e+00 1.075794e+00 1.075232e+00 1.077061e+00 1.077689e+00 1.075550e+00 1.075057e+00 1.074019e+00 1.070652e+00 1.066858e+00 1.062798e+00 1.061678e+00 1.060714e+00 1.060842e+00 1.057983e+00 1.049970e+00 1.042259e+00 1.032169e+00 1.025416e+00 1.023810e+00 1.014591e+00 1.019624e+00 1.027112e+00 1.033805e+00 1.029836e+00 1.020812e+00 1.014915e+00 1.015426e+00 9.895769e-01 1.013974e+00
9.839569e-01 9.692436e-01 9.630380e-01 9.712686e-01 9.778653e-01 9.916421e-01 9.987911e-01 9.989625e-01 9.974327e-01 9.899949e-01 9.871687e-01 9.850718e-01 9.824026e-01 9.804165e-01 9.793268e-01 9.788665e-01 9.788697e-01 9.750355e-01 9.772975e-01 9.729083e-01 9.703263e-01 9.775407e-01 9.843069e-01 9.845207e-01 9.843289e-01 9.812603e-01 9.841096e-01 9.852835e-01 9.867475e-01 9.850133e-01 9.790863e-01 9.928605e-01 9.994645e-01 9.990481e-01 1.000777e+00 1.001379e+00 1.002696e+00 1.002635e+00 1.012655e+00 1.022573e+00 1.020682e+00 1.014382e+00 1.006772e+00 1.003699e+00 1.003811e+00 1.006278e+00 1.007606e+00 1.013001e+00 1.013421e+00 1.009999e+00 1.010381e+00 1.018079e+00 1.024897e+00 1.025391e+00 1.018357e+00 1.012443e+00 1.003222e+00 9.957343e-01 9.945707e-01 9.936327e-01 1.001953e+00 1.012964e+00 1.016085e+00 1.011676e+00 9.960709e-01 9.849784e-01 9.783592e-01 9.688537e-01 9.567698e-01 9.542544e-01 9.555323e-01 9.572571e-01 9.564886e-01 9.526530e-01 9.288985e-01 9.131438e-01 9.133059e-01 9.146113e-01 9.066219e-01 9.041346e-01 8.967922e-01 8.978249e-01 9.011435e-01 9.059202e-01 9.078678e-01 9.095778e-01 9.106085e-01 9.134659e-01 9.246218e-01 9.355670e-01 9.405441e-01 9.388705e-01 9.399172e-01 9.460229e-01 9.489053e-01 9.453462e-01 9.367900e-01 9.340439e-01 9.393911e-01 9.440683e-01 9.414797e-01 9.382519e-01 9.314768e-01 9.242945e-01 9.184899e-01 9.234205e-01 9.237446e-01 9.152373e-01 9.111471e-01 9.100651e-01 9.146564e-01 9.147043e-01 9.085855e-01 9.045463e-01 9.065954e-01 9.090468e-01 9.104475e-01 9.083130e-01 8.975791e-01 8.978856e-01 9.009282e-01 9.028468e-01 9.031301e-01 9.065276e-01 9.051052e-01 9.063027e-01 9.098920e-01 9.116443e-01 9.089932e-01 9.104263e-01 9.197575e-01 9.296588e-01 9.357953e-01 9.441941e-01 9.457514e-01 9.438166e-01 9.425262e-01 9.524766e-01 9.651804e-01 9.778220e-01 9.821646e-01 9.814377e-01 9.852861e-01 9.806057e-01 9.782616e-01 9.828461e-01 9.911990e-01 9.923831e-01 9.864765e-01 9.843712e-01 9.857182e-01 9.832909e-01 9.758440e-01 9.741659e-01 9.711635e-01 9.630651e-01 9.615125e-01 9.636035e-01 9.625548e-01 9.605984e-01 9.631900e-01 9.674553e-01 9.684590e-01 9.659041e-01 9.649973e-01 9.654808e-01 9.713933e-01 9.770978e-01 9.779591e-01 9.674574e-01 9.630190e-01 9.695162e-01 9.707725e-01 9.698078e-01 9.743171e-01 9.790053e-01 9.868946e-01 9.959959e-01 9.975448e-01 9.919667e-01 9.958676e-01 9.967030e-01 9.940447e-01 9.870353e-01 9.896363e-01 9.948000e-01 9.946238e-01 9.872392e-01 9.819787e-01 9.857104e-01 9.885389e-01 9.913582e-01 9.961358e-01 1.006234e+00 1.010555e+00 1.013653e+00 1.011351e+00 1.009239e+00 1.013401e+00 1.022663e+00 1.027223e+00 1.027709e+00 1.029613e+00 1.037410e+00 1.042106e+00 1.042780e+00 1.045331e+00 1.047509e+00 1.050510e+00 1.050774e+00 1.052541e+00 1.055164e+00 1.056684e+00 1.058049e+00 1.063892e+00 1.064677e+00 1.064503e+00 1.063996e+00 1.062518e+00 1.062763e+00 1.068262e+00 1.069745e+00 1.070562e+00 1.072119e+00 1.074105e+00 1.075803e+00 1.076668e+00 1.075513e+00 1.074863e+00 1.075094e+00 1.074294e+00 1.074198e+00 1.074828e+00 1.073450e+00 1.070651e+00 1.065497e+00 1.060137e+00 1.059286e+00 1.057999e+00 1.059819e+00 1.055929e+00 1.045881e+00 1.038377e+00 1.029236e+00 1.022775e+00 1.021299e+00 1.014983e+00 1.013393e+00 1.018445e+00 1.031595e+00 1.030488e+00 1.017361e+00 1.010789e+00 1.007347e+00 9.785588e-01 1.007701e+00
9.860173e-01 9.733717e-01 9.748885e-01 9.739755e-01 9.795851e-01 9.989906e-01 1.006644e+00 1.006013e+00 1.001638e+00 9.916129e-01 9.879207e-01 9.932827e-01 9.942902e-01 9.900126e-01 9.853390e-01 9.809145e-01 9.819397e-01 9.815950e-01 9.826422e-01 9.786329e-01 9.762111e-01 9.796367e-01 9.823169e-01 9.835172e-01 9.803635e-01 9.771783e-01 9.773682e-01 9.817839e-01 9.863738e-01 9.830804e-01 9.767894e-01 9.907035e-01 9.990373e-01 1.000275e+00 1.001259e+00 1.008259e+00 1.010249e+00 1.008891e+00 1.016144e+00 1.023628e+00 1.019310e+00 1.015236e+00 1.008213e+00 1.002623e+00 1.004201e+00 1.007752e+00 1.009593e+00 1.018226e+00 1.020891e+00 1.012375e+00 1.012182e+00 1.012893e+00 1.013313e+00 1.009758e+00 1.006035e+00 1.002259e+00 1.000244e+00 9.978278e-01 1.000391e+00 9.978523e-01 1.001327e+00 1.009394e+00 1.016290e+00 1.012955e+00 9.994456e-01 9.891423e-01 9.750886e-01 9.606072e-01 9.462750e-01 9.528276e-01 9.541990e-01 9.522087e-01 9.526875e-01 9.487472e-01 9.277113e-01 9.100609e-01 9.039584e-01 9.074105e-01 9.052387e-01 9.064626e-01 9.027163e-01 9.016375e-01 9.078059e-01 9.095740e-01 9.095638e-01 9.137536e-01 9.139304e-01 9.121366e-01 9.179373e-01 9.303021e-01 9.336822e-01 9.382845e-01 9.449623e-01 9.482163e-01 9.501867e-01 9.463809e-01 9.381032e-01 9.370667e-01 9.449491e-01 9.466912e-01 9.459363e-01 9.395506e-01 9.367272e-01 9.336053e-01 9.286445e-01 9.249608e-01 9.256093e-01 9.155933e-01 9.064314e-01 9.052646e-01 9.085501e-01 9.089971e-01 9.042588e-01 9.003206e-01 8.991906e-01 9.046584e-01 9.103290e-01 9.069415e-01 8.964831e-01 8.987119e-01 9.030857e-01 9.013953e-01 9.002986e-01 9.028967e-01 9.019410e-01 9.096836e-01 9.138643e-01 9.138440e-01 9.117466e-01 9.118609e-01 9.212914e-01 9.303031e-01 9.369550e-01 9.446310e-01 9.476135e-01 9.485165e-01 9.472869e-01 9.525347e-01 9.630987e-01 9.724997e-01 9.829561e-01 9.882209e-01 9.903429e-01 9.850954e-01 9.814130e-01 9.818181e-01 9.894666e-01 9.893942e-01 9.891632e-01 9.877413e-01 9.862357e-01 9.839216e-01 9.820528e-01 9.799780e-01 9.758657e-01 9.674837e-01 9.639931e-01 9.617339e-01 9.634850e-01 9.652667e-01 9.723970e-01 9.750826e-01 9.748876e-01 9.728318e-01 9.713483e-01 9.709026e-01 9.799038e-01 9.852060e-01 9.814748e-01 9.698991e-01 9.662373e-01 9.674343e-01 9.692635e-01 9.736007e-01 9.791031e-01 9.839799e-01 9.933517e-01 1.000208e+00 9.946755e-01 9.895890e-01 9.986004e-01 1.001089e+00 9.969339e-01 9.943085e-01 9.937261e-01 9.885281e-01 9.904946e-01 9.920341e-01 9.917572e-01 9.914815e-01 9.933483e-01 9.995778e-01 1.005061e+00 1.006744e+00 1.003536e+00 1.006200e+00 1.010234e+00 1.010920e+00 1.020324e+00 1.026484e+00 1.028474e+00 1.029613e+00 1.034472e+00 1.042214e+00 1.042714e+00 1.040174e+00 1.043429e+00 1.047250e+00 1.047719e+00 1.047619e+00 1.051140e+00 1.055546e+00 1.055463e+00 1.055645e+00 1.056389e+00 1.059523e+00 1.063504e+00 1.064266e+00 1.062871e+00 1.065019e+00 1.067919e+00 1.068993e+00 1.069239e+00 1.069738e+00 1.072077e+00 1.076072e+00 1.077044e+00 1.074744e+00 1.074701e+00 1.075596e+00 1.074823e+00 1.074088e+00 1.073218e+00 1.071960e+00 1.070145e+00 1.066586e+00 1.059970e+00 1.054961e+00 1.056474e+00 1.058524e+00 1.054757e+00 1.045654e+00 1.042621e+00 1.031010e+00 1.017886e+00 1.007630e+00 1.004438e+00 1.005792e+00 1.009282e+00 1.023124e+00 1.027471e+00 1.017042e+00 1.004825e+00 1.008993e+00 9.754419e-01 1.004632e+00
9.879193e-01 9.744393e-01 9.794168e-01 9.782559e-01 9.867642e-01 9.972735e-01 1.006065e+00 1.008401e+00 1.004617e+00 9.976475e-01 9.929758e-01 9.942917e-01 9.993791e-01 9.938831e-01 9.893483e-01 9.836276e-01 9.812758e-01 9.821517e-01 9.819961e-01 9.816594e-01 9.820809e-01 9.838274e-01 9.805024e-01 9.762557e-01 9.744107e-01 9.693015e-01 9.685981e-01 9.774066e-01 9.858474e-01 9.893708e-01 9.835337e-01 9.873869e-01 9.949673e-01 1.001998e+00 1.007044e+00 1.010975e+00 1.013408e+00 1.009877e+00 1.014339e+00 1.015754e+00 1.010080e+00 1.011827e+00 1.013706e+00 1.007160e+00 1.011094e+00 1.019422e+00 1.021588e+00 1.015028e+00 1.016780e+00 1.016130e+00 1.008781e+00 1.008882e+00 1.012349e+00 1.007410e+00 1.003329e+00 1.000676e+00 1.004061e+00 1.008672e+00 1.008495e+00 1.001046e+00 1.000389e+00 1.005166e+00 1.007043e+00 1.002338e+00 9.935341e-01 9.836898e-01 9.666625e-01 9.470294e-01 9.399240e-01 9.552418e-01 9.611122e-01 9.498771e-01 9.442353e-01 9.432572e-01 9.300324e-01 9.130596e-01 9.002053e-01 9.017692e-01 9.078249e-01 9.067661e-01 9.095088e-01 9.075027e-01 9.089870e-01 9.074000e-01 9.104192e-01 9.160436e-01 9.147830e-01 9.165437e-01 9.184989e-01 9.241307e-01 9.278564e-01 9.334150e-01 9.371040e-01 9.390529e-01 9.440865e-01 9.431965e-01 9.422755e-01 9.404256e-01 9.439180e-01 9.430707e-01 9.411894e-01 9.350979e-01 9.325507e-01 9.299992e-01 9.254012e-01 9.182546e-01 9.126588e-01 9.057333e-01 9.016085e-01 9.004130e-01 9.010215e-01 9.020674e-01 8.996671e-01 8.950614e-01 9.003257e-01 9.061145e-01 9.083940e-01 9.025305e-01 8.946008e-01 8.990055e-01 9.034231e-01 8.998107e-01 8.980221e-01 8.974656e-01 9.035096e-01 9.116101e-01 9.115045e-01 9.111874e-01 9.136956e-01 9.130914e-01 9.156727e-01 9.244157e-01 9.326953e-01 9.411949e-01 9.459603e-01 9.544498e-01 9.528515e-01 9.563163e-01 9.681917e-01 9.796050e-01 9.887173e-01 9.894454e-01 9.900387e-01 9.920698e-01 9.879687e-01 9.892766e-01 9.901739e-01 9.879742e-01 9.904376e-01 9.915835e-01 9.873992e-01 9.842744e-01 9.857319e-01 9.834018e-01 9.765423e-01 9.739451e-01 9.725882e-01 9.737379e-01 9.761400e-01 9.759393e-01 9.763743e-01 9.762748e-01 9.707530e-01 9.717279e-01 9.708515e-01 9.710965e-01 9.819061e-01 9.871071e-01 9.851959e-01 9.754823e-01 9.718706e-01 9.703152e-01 9.705524e-01 9.718358e-01 9.810702e-01 9.880428e-01 9.902046e-01 9.899777e-01 9.882778e-01 9.863686e-01 9.933067e-01 9.947088e-01 9.943327e-01 9.961437e-01 9.908659e-01 9.785751e-01 9.802766e-01 9.917351e-01 9.999195e-01 1.000207e+00 1.004717e+00 1.009966e+00 1.013133e+00 1.009837e+00 1.005132e+00 1.007148e+00 1.012965e+00 1.016395e+00 1.021785e+00 1.023089e+00 1.023330e+00 1.028212e+00 1.035767e+00 1.039446e+00 1.042194e+00 1.041410e+00 1.045980e+00 1.048578e+00 1.046855e+00 1.046615e+00 1.051245e+00 1.053410e+00 1.051930e+00 1.050594e+00 1.048666e+00 1.052444e+00 1.057268e+00 1.061241e+00 1.062841e+00 1.064644e+00 1.065615e+00 1.066248e+00 1.065941e+00 1.065352e+00 1.069906e+00 1.075025e+00 1.076963e+00 1.076592e+00 1.074862e+00 1.075428e+00 1.074343e+00 1.075076e+00 1.072573e+00 1.069578e+00 1.068484e+00 1.065721e+00 1.057513e+00 1.051580e+00 1.053156e+00 1.053354e+00 1.048935e+00 1.041268e+00 1.036011e+00 1.022534e+00 1.008333e+00 9.952266e-01 9.909636e-01 9.997171e-01 1.003048e+00 1.016821e+00 1.022832e+00 1.014303e+00 1.001580e+00 1.012801e+00 9.777615e-01 1.004359e+00
9.921259e-01 9.789783e-01 9.806729e-01 9.849579e-01 9.892023e-01 9.915725e-01 1.002482e+00 1.009055e+00 1.009838e+00 1.003332e+00 9.972752e-01 9.932634e-01 9.911597e-01 9.880970e-01 9.850495e-01 9.793620e-01 9.801989e-01 9.807090e-01 9.821593e-01 9.814125e-01 9.843744e-01 9.863794e-01 9.815086e-01 9.714640e-01 9.668919e-01 9.693093e-01 9.732842e-01 9.782637e-01 9.860768e-01 9.935702e-01 9.911855e-01 9.884844e-01 9.926223e-01 9.979684e-01 1.004398e+00 1.010780e+00 1.012366e+00 1.008599e+00 1.012156e+00 1.011508e+00 1.009021e+00 1.009904e+00 1.012857e+00 1.010547e+00 1.016994e+00 1.025677e+00 1.024735e+00 1.013197e+00 1.013009e+00 1.013263e+00 1.006084e+00 1.008469e+00 1.015537e+00 1.009709e+00 1.001934e+00 1.002897e+00 1.011606e+00 1.012549e+00 1.005153e+00 9.981304e-01 9.993661e-01 9.953691e-01 9.952434e-01 9.915062e-01 9.860942e-01 9.748228e-01 9.635860e-01 9.527766e-01 9.500638e-01 9.585188e-01 9.558550e-01 9.392539e-01 9.313556e-01 9.290012e-01 9.217980e-01 9.114212e-01 8.996129e-01 9.010869e-01 9.031014e-01 9.011776e-01 9.019313e-01 8.977836e-01 8.949648e-01 8.985189e-01 9.099339e-01 9.154643e-01 9.151241e-01 9.191396e-01 9.232384e-01 9.236441e-01 9.262130e-01 9.285532e-01 9.326188e-01 9.333047e-01 9.348347e-01 9.358245e-01 9.369174e-01 9.338430e-01 9.332190e-01 9.358560e-01 9.382349e-01 9.340020e-01 9.256670e-01 9.222869e-01 9.182431e-01 9.107276e-01 9.079476e-01 9.065660e-01 9.054519e-01 9.052079e-01 9.018843e-01 9.014316e-01 8.959333e-01 8.887252e-01 9.008819e-01 9.103325e-01 9.060985e-01 8.975169e-01 8.915076e-01 8.978984e-01 9.012095e-01 9.009176e-01 8.962393e-01 8.976008e-01 9.051003e-01 9.100213e-01 9.093658e-01 9.155381e-01 9.170354e-01 9.131858e-01 9.113926e-01 9.169965e-01 9.322196e-01 9.363074e-01 9.481793e-01 9.585668e-01 9.561386e-01 9.617142e-01 9.716913e-01 9.776995e-01 9.772032e-01 9.810212e-01 9.863840e-01 9.921916e-01 9.919966e-01 9.929360e-01 9.929143e-01 9.910764e-01 9.881914e-01 9.896074e-01 9.896255e-01 9.839453e-01 9.807197e-01 9.819705e-01 9.795158e-01 9.771734e-01 9.783669e-01 9.810503e-01 9.819595e-01 9.776000e-01 9.743186e-01 9.712824e-01 9.664689e-01 9.715103e-01 9.743060e-01 9.746867e-01 9.791910e-01 9.886299e-01 9.897189e-01 9.800833e-01 9.777430e-01 9.748931e-01 9.700547e-01 9.744043e-01 9.849745e-01 9.886969e-01 9.873776e-01 9.818945e-01 9.851633e-01 9.874710e-01 9.885937e-01 9.897035e-01 9.890270e-01 9.924606e-01 9.872818e-01 9.809440e-01 9.815894e-01 9.889264e-01 9.945281e-01 1.000398e+00 1.007328e+00 1.008860e+00 1.010847e+00 1.010007e+00 1.007161e+00 1.010245e+00 1.015957e+00 1.017793e+00 1.019677e+00 1.016014e+00 1.018827e+00 1.028714e+00 1.033907e+00 1.037011e+00 1.041084e+00 1.043636e+00 1.047049e+00 1.048185e+00 1.044550e+00 1.045411e+00 1.048279e+00 1.048231e+00 1.050616e+00 1.052354e+00 1.050699e+00 1.047155e+00 1.046885e+00 1.051394e+00 1.054296e+00 1.057446e+00 1.061565e+00 1.063199e+00 1.061142e+00 1.062620e+00 1.067672e+00 1.073021e+00 1.075991e+00 1.075734e+00 1.071775e+00 1.070780e+00 1.072930e+00 1.071578e+00 1.068253e+00 1.065285e+00 1.063404e+00 1.058781e+00 1.052072e+00 1.048790e+00 1.049333e+00 1.046074e+00 1.041663e+00 1.034926e+00 1.022672e+00 1.012381e+00 1.004376e+00 9.930919e-01 9.884788e-01 9.969997e-01 9.993299e-01 1.010542e+00 1.014802e+00 1.009159e+00 9.964014e-01 1.010109e+00 9.774682e-01 1.000226e+00
9.922724e-01 9.805121e-01 9.813202e-01 9.853911e-01 9.846625e-01 9.890885e-01 9.994857e-01 1.010966e+00 1.017724e+00 1.018140e+00 1.008670e+00 9.962148e-01 9.878240e-01 9.850897e-01 9.838760e-01 9.791214e-01 9.764910e-01 9.769576e-01 9.748378e-01 9.783787e-01 9.830561e-01 9.847254e-01 9.811268e-01 9.763017e-01 9.702685e-01 9.755526e-01 9.819842e-01 9.783971e-01 9.836761e-01 9.936088e-01 9.949555e-01 9.966038e-01 9.969044e-01 9.956535e-01 9.972204e-01 1.007304e+00 1.011564e+00 1.013951e+00 1.014814e+00 1.012434e+00 1.010507e+00 1.005521e+00 1.007513e+00 1.010256e+00 1.017101e+00 1.021533e+00 1.020390e+00 1.010071e+00 1.009421e+00 1.015949e+00 1.011168e+00 1.013021e+00 1.014880e+00 1.008683e+00 1.000023e+00 9.997286e-01 1.004065e+00 1.001975e+00 9.990267e-01 9.973086e-01 9.961689e-01 9.907124e-01 9.922428e-01 9.889298e-01 9.809091e-01 9.679261e-01 9.680376e-01 9.662651e-01 9.625080e-01 9.550807e-01 9.451526e-01 9.362203e-01 9.307451e-01 9.234906e-01 9.102020e-01 9.016409e-01 9.005584e-01 8.957897e-01 8.923826e-01 8.956565e-01 8.995093e-01 8.957734e-01 8.881640e-01 8.942460e-01 9.043830e-01 9.100940e-01 9.155852e-01 9.183629e-01 9.180931e-01 9.155938e-01 9.176331e-01 9.274558e-01 9.375128e-01 9.383433e-01 9.378948e-01 9.401439e-01 9.400490e-01 9.300023e-01 9.237163e-01 9.291437e-01 9.324979e-01 9.265214e-01 9.182776e-01 9.198093e-01 9.207771e-01 9.086806e-01 9.042742e-01 9.071214e-01 9.079933e-01 9.094599e-01 9.092344e-01 9.032958e-01 8.939893e-01 8.901303e-01 9.009708e-01 9.108065e-01 9.047822e-01 8.957157e-01 8.921015e-01 8.931862e-01 8.947088e-01 8.988664e-01 8.993194e-01 9.050502e-01 9.072816e-01 9.024063e-01 9.068660e-01 9.163387e-01 9.146616e-01 9.138391e-01 9.162844e-01 9.261608e-01 9.367980e-01 9.367802e-01 9.483609e-01 9.605221e-01 9.622343e-01 9.620923e-01 9.683392e-01 9.670050e-01 9.701749e-01 9.794585e-01 9.861680e-01 9.960472e-01 1.000426e+00 9.977629e-01 9.953290e-01 9.933449e-01 9.857808e-01 9.849663e-01 9.895637e-01 9.813352e-01 9.761609e-01 9.808673e-01 9.854083e-01 9.841861e-01 9.761577e-01 9.766680e-01 9.795777e-01 9.771197e-01 9.784222e-01 9.773504e-01 9.752312e-01 9.803544e-01 9.847831e-01 9.820004e-01 9.811618e-01 9.878114e-01 9.918613e-01 9.863611e-01 9.814949e-01 9.747829e-01 9.670489e-01 9.782485e-01 9.889356e-01 9.936471e-01 9.912465e-01 9.899841e-01 9.935588e-01 9.924482e-01 9.891173e-01 9.911748e-01 9.912981e-01 9.873548e-01 9.836248e-01 9.877501e-01 9.900688e-01 9.883169e-01 9.888802e-01 9.948331e-01 9.994013e-01 9.990154e-01 1.003572e+00 1.006863e+00 1.010229e+00 1.016119e+00 1.016420e+00 1.012153e+00 1.013179e+00 1.014662e+00 1.018905e+00 1.028890e+00 1.033476e+00 1.037084e+00 1.037855e+00 1.037757e+00 1.040009e+00 1.039054e+00 1.039732e+00 1.044362e+00 1.047612e+00 1.045176e+00 1.048263e+00 1.050088e+00 1.049123e+00 1.047711e+00 1.044513e+00 1.046866e+00 1.045776e+00 1.049292e+00 1.059464e+00 1.063231e+00 1.061557e+00 1.062130e+00 1.064520e+00 1.070938e+00 1.075701e+00 1.075810e+00 1.070030e+00 1.068433e+00 1.068307e+00 1.064699e+00 1.061139e+00 1.058071e+00 1.053552e+00 1.049966e+00 1.048883e+00 1.046687e+00 1.040503e+00 1.034448e+00 1.031407e+00 1.029691e+00 1.018126e+00 1.015150e+00 1.002640e+00 9.869882e-01 9.824577e-01 9.909952e-01 9.927135e-01 1.012428e+00 1.010350e+00 1.000034e+00 9.894260e-01 9.997125e-01 9.746739e-01 1.002522e+00
9.902003e-01 9.807943e-01 9.838523e-01 9.849170e-01 9.874710e-01 9.950103e-01 1.004496e+00 1.009100e+00 1.014370e+00 1.015696e+00 1.009196e+00 9.980224e-01 9.916444e-01 9.910659e-01 9.855793e-01 9.815283e-01 9.780168e-01 9.764267e-01 9.751846e-01 9.815727e-01 9.831987e-01 9.845062e-01 9.864734e-01 9.859292e-01 9.782365e-01 9.802342e-01 9.849659e-01 9.791507e-01 9.816516e-01 9.919370e-01 9.947848e-01 9.984390e-01 9.993538e-01 1.000747e+00 9.966041e-01 1.000399e+00 1.007105e+00 1.008702e+00 1.012729e+00 1.014465e+00 1.014720e+00 1.010607e+00 1.008575e+00 1.010723e+00 1.012025e+00 1.014876e+00 1.014076e+00 1.009386e+00 1.011133e+00 1.018561e+00 1.020024e+00 1.018848e+00 1.016231e+00 1.010163e+00 1.002205e+00 1.001742e+00 1.001890e+00 1.000994e+00 1.003732e+00 9.981645e-01 9.936723e-01 9.918346e-01 9.914200e-01 9.879561e-01 9.742293e-01 9.623241e-01 9.669292e-01 9.697280e-01 9.593191e-01 9.468677e-01 9.398615e-01 9.343928e-01 9.295580e-01 9.167899e-01 9.071342e-01 9.066962e-01 9.061049e-01 8.963565e-01 8.934651e-01 8.980928e-01 8.975908e-01 8.987504e-01 8.965870e-01 8.996195e-01 9.044747e-01 9.041268e-01 9.133117e-01 9.170896e-01 9.105922e-01 9.088682e-01 9.096339e-01 9.221918e-01 9.341058e-01 9.351841e-01 9.358887e-01 9.384052e-01 9.405996e-01 9.292211e-01 9.220126e-01 9.251683e-01 9.314295e-01 9.231063e-01 9.170135e-01 9.194084e-01 9.207478e-01 9.105959e-01 9.033788e-01 9.059049e-01 9.088271e-01 9.072727e-01 9.103903e-01 9.011915e-01 8.934006e-01 8.949485e-01 9.052136e-01 9.050629e-01 9.023334e-01 8.968666e-01 8.949460e-01 8.907696e-01 8.930523e-01 8.990612e-01 9.047412e-01 9.058328e-01 9.048706e-01 9.022442e-01 9.072727e-01 9.129891e-01 9.098995e-01 9.141777e-01 9.208887e-01 9.319608e-01 9.395072e-01 9.401312e-01 9.470303e-01 9.606757e-01 9.680200e-01 9.664271e-01 9.673502e-01 9.687417e-01 9.726020e-01 9.817761e-01 9.938873e-01 1.000979e+00 1.003830e+00 1.001483e+00 9.954612e-01 9.904665e-01 9.867948e-01 9.884571e-01 9.939055e-01 9.851381e-01 9.790070e-01 9.819140e-01 9.879917e-01 9.853585e-01 9.745698e-01 9.741212e-01 9.814658e-01 9.846810e-01 9.845636e-01 9.824424e-01 9.855648e-01 9.922348e-01 9.964926e-01 9.938575e-01 9.916235e-01 9.920031e-01 9.926207e-01 9.931074e-01 9.899495e-01 9.839565e-01 9.783686e-01 9.827276e-01 9.875012e-01 9.909685e-01 9.941428e-01 9.998766e-01 9.979148e-01 9.936377e-01 9.898430e-01 9.920278e-01 9.928465e-01 9.907171e-01 9.946183e-01 9.987862e-01 9.926606e-01 9.847540e-01 9.862032e-01 9.916470e-01 9.930392e-01 9.953549e-01 9.954587e-01 1.000950e+00 1.009771e+00 1.018799e+00 1.015366e+00 1.013556e+00 1.016175e+00 1.017988e+00 1.018778e+00 1.023394e+00 1.029945e+00 1.035412e+00 1.037078e+00 1.034322e+00 1.034289e+00 1.033759e+00 1.035048e+00 1.037643e+00 1.042089e+00 1.042777e+00 1.041240e+00 1.038077e+00 1.039360e+00 1.042931e+00 1.042493e+00 1.041708e+00 1.041806e+00 1.046404e+00 1.056100e+00 1.060373e+00 1.062037e+00 1.063468e+00 1.063417e+00 1.067217e+00 1.071375e+00 1.071420e+00 1.069798e+00 1.067696e+00 1.064347e+00 1.060484e+00 1.055869e+00 1.050594e+00 1.044784e+00 1.043528e+00 1.042293e+00 1.037084e+00 1.029495e+00 1.027788e+00 1.026605e+00 1.023854e+00 1.017700e+00 1.012465e+00 9.872734e-01 9.736138e-01 9.731562e-01 9.804380e-01 9.870865e-01 1.015054e+00 1.010823e+00 9.967052e-01 9.854846e-01 9.947520e-01 9.732924e-01 1.004468e+00
9.932349e-01 9.810522e-01 9.826618e-01 9.821836e-01 9.880855e-01 1.000258e+00 1.010533e+00 1.012961e+00 1.009215e+00 1.006887e+00 1.003298e+00 9.931424e-01 9.919975e-01 9.876351e-01 9.811112e-01 9.826848e-01 9.785988e-01 9.756745e-01 9.788523e-01 9.843452e-01 9.852468e-01 9.882509e-01 9.938533e-01 9.940307e-01 9.866320e-01 9.827062e-01 9.833009e-01 9.780630e-01 9.819394e-01 9.922659e-01 9.959089e-01 1.000991e+00 1.002063e+00 1.001978e+00 1.000839e+00 1.003704e+00 1.005727e+00 1.007430e+00 1.008928e+00 1.015858e+00 1.019504e+00 1.016811e+00 1.009338e+00 1.007948e+00 1.006974e+00 1.010716e+00 1.011225e+00 1.010918e+00 1.016016e+00 1.018664e+00 1.016779e+00 1.013028e+00 1.012098e+00 1.013044e+00 1.011578e+00 1.010344e+00 1.006922e+00 9.991536e-01 9.981319e-01 9.964163e-01 9.944916e-01 9.917996e-01 9.872375e-01 9.742458e-01 9.633532e-01 9.571980e-01 9.580070e-01 9.674142e-01 9.513688e-01 9.404426e-01 9.360413e-01 9.300523e-01 9.176068e-01 9.007796e-01 8.999134e-01 9.084255e-01 9.087215e-01 9.082204e-01 9.071833e-01 9.014035e-01 8.916956e-01 8.951005e-01 8.970323e-01 8.986021e-01 9.011261e-01 9.042835e-01 9.112315e-01 9.107805e-01 9.080310e-01 9.092953e-01 9.078114e-01 9.156699e-01 9.281446e-01 9.331594e-01 9.322901e-01 9.325292e-01 9.354854e-01 9.276624e-01 9.229774e-01 9.277046e-01 9.305352e-01 9.229137e-01 9.222166e-01 9.250405e-01 9.246957e-01 9.199475e-01 9.123394e-01 9.123480e-01 9.140189e-01 9.114714e-01 9.084665e-01 8.998924e-01 8.937508e-01 8.959860e-01 9.051974e-01 9.001028e-01 8.972908e-01 8.950809e-01 8.940549e-01 8.940434e-01 8.952563e-01 9.025239e-01 9.070091e-01 9.054635e-01 9.013540e-01 9.011637e-01 9.048676e-01 9.070649e-01 9.073741e-01 9.132863e-01 9.194708e-01 9.312681e-01 9.350636e-01 9.383725e-01 9.476498e-01 9.598441e-01 9.694450e-01 9.710038e-01 9.686303e-01 9.698903e-01 9.739877e-01 9.814605e-01 9.930496e-01 1.000323e+00 1.001699e+00 1.002853e+00 9.976811e-01 9.914640e-01 9.923072e-01 9.956457e-01 9.931072e-01 9.874061e-01 9.841213e-01 9.852917e-01 9.876836e-01 9.827778e-01 9.764500e-01 9.824451e-01 9.875437e-01 9.887254e-01 9.854395e-01 9.859929e-01 9.890932e-01 9.945058e-01 9.971474e-01 9.963725e-01 9.934900e-01 9.937978e-01 9.947551e-01 9.921957e-01 9.920028e-01 9.911169e-01 9.878081e-01 9.881339e-01 9.888503e-01 9.891956e-01 9.909558e-01 9.950084e-01 9.910814e-01 9.897231e-01 9.875366e-01 9.883115e-01 9.938730e-01 9.972162e-01 1.004487e+00 1.003791e+00 9.925106e-01 9.810182e-01 9.808367e-01 9.825623e-01 9.964743e-01 1.003585e+00 1.001353e+00 1.000036e+00 1.005070e+00 1.014028e+00 1.016015e+00 1.011194e+00 1.013911e+00 1.018596e+00 1.017271e+00 1.014497e+00 1.022524e+00 1.030769e+00 1.036424e+00 1.032934e+00 1.033370e+00 1.032967e+00 1.029186e+00 1.029531e+00 1.035213e+00 1.042429e+00 1.035900e+00 1.030016e+00 1.031653e+00 1.035898e+00 1.038526e+00 1.038677e+00 1.038205e+00 1.042959e+00 1.051910e+00 1.057601e+00 1.060132e+00 1.061235e+00 1.059954e+00 1.062272e+00 1.064013e+00 1.065881e+00 1.067820e+00 1.066735e+00 1.061995e+00 1.057650e+00 1.053388e+00 1.048182e+00 1.040468e+00 1.036385e+00 1.030557e+00 1.022413e+00 1.020814e+00 1.025690e+00 1.023001e+00 1.020095e+00 1.019462e+00 1.008725e+00 9.901372e-01 9.771116e-01 9.720962e-01 9.759467e-01 9.868318e-01 1.004839e+00 1.002136e+00 9.903651e-01 9.817567e-01 9.947461e-01 9.744885e-01 9.993886e-01
9.962937e-01 9.817229e-01 9.788814e-01 9.820251e-01 9.888570e-01 1.001418e+00 1.017205e+00 1.019984e+00 1.013307e+00 1.006983e+00 1.003397e+00 9.965878e-01 9.912825e-01 9.868701e-01 9.791974e-01 9.800751e-01 9.814374e-01 9.796533e-01 9.811250e-01 9.853234e-01 9.876577e-01 9.901623e-01 9.943556e-01 9.942137e-01 9.874598e-01 9.854259e-01 9.854377e-01 9.809512e-01 9.858372e-01 9.947515e-01 9.978936e-01 1.003782e+00 1.002717e+00 1.003321e+00 1.005545e+00 1.006093e+00 1.004622e+00 1.007346e+00 1.011271e+00 1.016791e+00 1.024400e+00 1.020540e+00 1.012680e+00 1.010086e+00 1.007338e+00 1.008213e+00 1.013241e+00 1.014418e+00 1.015782e+00 1.016725e+00 1.017851e+00 1.014420e+00 1.016498e+00 1.018308e+00 1.018121e+00 1.013888e+00 1.006160e+00 9.991387e-01 9.923359e-01 9.936740e-01 9.971394e-01 9.893865e-01 9.819767e-01 9.713358e-01 9.640252e-01 9.571986e-01 9.564500e-01 9.590590e-01 9.500605e-01 9.393085e-01 9.326719e-01 9.224932e-01 9.072992e-01 8.952522e-01 8.943617e-01 9.051356e-01 9.113299e-01 9.134485e-01 9.136711e-01 9.066207e-01 8.928112e-01 8.899980e-01 8.907990e-01 8.931898e-01 8.969468e-01 9.049538e-01 9.031491e-01 9.095983e-01 9.137683e-01 9.125624e-01 9.118336e-01 9.187804e-01 9.285231e-01 9.344799e-01 9.318268e-01 9.285432e-01 9.316265e-01 9.295234e-01 9.197828e-01 9.189838e-01 9.228204e-01 9.273244e-01 9.279696e-01 9.265305e-01 9.257985e-01 9.235125e-01 9.192740e-01 9.167177e-01 9.159110e-01 9.144041e-01 9.054181e-01 8.935420e-01 8.909056e-01 8.967817e-01 9.033977e-01 9.001573e-01 8.925322e-01 8.886554e-01 8.914832e-01 8.931785e-01 8.915707e-01 8.969959e-01 9.033365e-01 9.036384e-01 9.018307e-01 9.017256e-01 8.992643e-01 9.021034e-01 9.089372e-01 9.151444e-01 9.211423e-01 9.273137e-01 9.328217e-01 9.342124e-01 9.474261e-01 9.563430e-01 9.638636e-01 9.697027e-01 9.712622e-01 9.733324e-01 9.812348e-01 9.882407e-01 9.942605e-01 9.980657e-01 1.000993e+00 1.001847e+00 9.962279e-01 9.953079e-01 9.982320e-01 9.962531e-01 9.875056e-01 9.829140e-01 9.808115e-01 9.809941e-01 9.823461e-01 9.827279e-01 9.833606e-01 9.853092e-01 9.877139e-01 9.872155e-01 9.850009e-01 9.879497e-01 9.900575e-01 9.899645e-01 9.906989e-01 9.910610e-01 9.924339e-01 9.967738e-01 9.981794e-01 9.900609e-01 9.957994e-01 1.000712e+00 9.946917e-01 9.916087e-01 9.911944e-01 9.894422e-01 9.919333e-01 9.903879e-01 9.887506e-01 9.886551e-01 9.881358e-01 9.860793e-01 9.882213e-01 9.894449e-01 9.988583e-01 9.958226e-01 9.899620e-01 9.852560e-01 9.854264e-01 9.864231e-01 9.975494e-01 1.007701e+00 1.011438e+00 1.007426e+00 1.006362e+00 1.012437e+00 1.015913e+00 1.009483e+00 1.012608e+00 1.018140e+00 1.015261e+00 1.012471e+00 1.019990e+00 1.031158e+00 1.034747e+00 1.029670e+00 1.033538e+00 1.035475e+00 1.030262e+00 1.027944e+00 1.033105e+00 1.035639e+00 1.029981e+00 1.025830e+00 1.029910e+00 1.033674e+00 1.035188e+00 1.034389e+00 1.035187e+00 1.039152e+00 1.045745e+00 1.054745e+00 1.055305e+00 1.052289e+00 1.052984e+00 1.054610e+00 1.054504e+00 1.058299e+00 1.061165e+00 1.062944e+00 1.061649e+00 1.056688e+00 1.049724e+00 1.045362e+00 1.037609e+00 1.028979e+00 1.023576e+00 1.018540e+00 1.020957e+00 1.024583e+00 1.017615e+00 1.012092e+00 1.009291e+00 9.993902e-01 9.914803e-01 9.793655e-01 9.720104e-01 9.755075e-01 9.796854e-01 9.881968e-01 9.865281e-01 9.794512e-01 9.754368e-01 9.955210e-01 9.744202e-01 9.950647e-01
9.966314e-01 9.794350e-01 9.764071e-01 9.775299e-01 9.922025e-01 1.005215e+00 1.019530e+00 1.024554e+00 1.017228e+00 1.005499e+00 1.004555e+00 1.000274e+00 9.908651e-01 9.851804e-01 9.769597e-01 9.773855e-01 9.795179e-01 9.814069e-01 9.823547e-01 9.861857e-01 9.901339e-01 9.914581e-01 9.919488e-01 9.910654e-01 9.859062e-01 9.867354e-01 9.899021e-01 9.873120e-01 9.876332e-01 9.952322e-01 1.000068e+00 1.004302e+00 1.006997e+00 1.007316e+00 1.009262e+00 1.007869e+00 1.008923e+00 1.009020e+00 1.010537e+00 1.014089e+00 1.020788e+00 1.023396e+00 1.017606e+00 1.014207e+00 1.010925e+00 1.009389e+00 1.014449e+00 1.015179e+00 1.015643e+00 1.016867e+00 1.014751e+00 1.010250e+00 1.016448e+00 1.021012e+00 1.018080e+00 1.012231e+00 1.007020e+00 1.004928e+00 1.000829e+00 9.946307e-01 9.915082e-01 9.810399e-01 9.721062e-01 9.735495e-01 9.709045e-01 9.632859e-01 9.549666e-01 9.446360e-01 9.410315e-01 9.331183e-01 9.282564e-01 9.197708e-01 9.112117e-01 9.048186e-01 8.986630e-01 9.000084e-01 9.046669e-01 9.034200e-01 9.050808e-01 9.047161e-01 9.006904e-01 8.957916e-01 8.937972e-01 8.957596e-01 8.950892e-01 8.983814e-01 8.988200e-01 9.101759e-01 9.167088e-01 9.176019e-01 9.177213e-01 9.230697e-01 9.294781e-01 9.272490e-01 9.240930e-01 9.232599e-01 9.263724e-01 9.247981e-01 9.178248e-01 9.164386e-01 9.227359e-01 9.320161e-01 9.331478e-01 9.299151e-01 9.285612e-01 9.248542e-01 9.205706e-01 9.143994e-01 9.120950e-01 9.117079e-01 9.065385e-01 8.947642e-01 8.949095e-01 9.006559e-01 9.044626e-01 9.010709e-01 8.937536e-01 8.887938e-01 8.907703e-01 8.917382e-01 8.909943e-01 8.912880e-01 9.005527e-01 9.038010e-01 9.015186e-01 8.948818e-01 8.929693e-01 8.991351e-01 9.111443e-01 9.156790e-01 9.214988e-01 9.270422e-01 9.364281e-01 9.434460e-01 9.508708e-01 9.558346e-01 9.603062e-01 9.634517e-01 9.651947e-01 9.735937e-01 9.845844e-01 9.927888e-01 9.968133e-01 9.914328e-01 9.970927e-01 9.996496e-01 9.982790e-01 9.992031e-01 9.997275e-01 9.927350e-01 9.847426e-01 9.792732e-01 9.800320e-01 9.814256e-01 9.843905e-01 9.842964e-01 9.828399e-01 9.783469e-01 9.792187e-01 9.790754e-01 9.818110e-01 9.879972e-01 9.927449e-01 9.933891e-01 9.922519e-01 9.881654e-01 9.893587e-01 9.923480e-01 9.906956e-01 9.909091e-01 1.000589e+00 1.003243e+00 9.987799e-01 9.961547e-01 9.960622e-01 9.941745e-01 9.915141e-01 9.886697e-01 9.915131e-01 9.891267e-01 9.882269e-01 9.874594e-01 9.848872e-01 9.860196e-01 9.929692e-01 9.895601e-01 9.868405e-01 9.935192e-01 9.926979e-01 9.928412e-01 9.950547e-01 1.001812e+00 1.008370e+00 1.006589e+00 1.006503e+00 1.011403e+00 1.016263e+00 1.013711e+00 1.014320e+00 1.017883e+00 1.018111e+00 1.020237e+00 1.027195e+00 1.031756e+00 1.028538e+00 1.027955e+00 1.032287e+00 1.033859e+00 1.031238e+00 1.029754e+00 1.030980e+00 1.031204e+00 1.030354e+00 1.027934e+00 1.027394e+00 1.026365e+00 1.025667e+00 1.027967e+00 1.029304e+00 1.031857e+00 1.037647e+00 1.044304e+00 1.043745e+00 1.046342e+00 1.046704e+00 1.044277e+00 1.048030e+00 1.053308e+00 1.055261e+00 1.056632e+00 1.055682e+00 1.049028e+00 1.043453e+00 1.039638e+00 1.031293e+00 1.023082e+00 1.018679e+00 1.014650e+00 1.013532e+00 1.015375e+00 1.011339e+00 1.003876e+00 9.936579e-01 9.770214e-01 9.738407e-01 9.702212e-01 9.677039e-01 9.716287e-01 9.658324e-01 9.763963e-01 9.783890e-01 9.721895e-01 9.675971e-01 9.924390e-01 9.717945e-01 9.984862e-01
1.000169e+00 9.823824e-01 9.797060e-01 9.799244e-01 9.896131e-01 1.003823e+00 1.018344e+00 1.021007e+00 1.016348e+00 1.012188e+00 1.007534e+00 9.966770e-01 9.877548e-01 9.780757e-01 9.728540e-01 9.736245e-01 9.751458e-01 9.776616e-01 9.817864e-01 9.870676e-01 9.913031e-01 9.902472e-01 9.880053e-01 9.884582e-01 9.876405e-01 9.889706e-01 9.910783e-01 9.909400e-01 9.893216e-01 9.968014e-01 1.002593e+00 1.007939e+00 1.010199e+00 1.005935e+00 1.005916e+00 1.013782e+00 1.017526e+00 1.014619e+00 1.010131e+00 1.010913e+00 1.015006e+00 1.020761e+00 1.018886e+00 1.016583e+00 1.015227e+00 1.014215e+00 1.014331e+00 1.010279e+00 1.012069e+00 1.015873e+00 1.013954e+00 1.009042e+00 1.016337e+00 1.018658e+00 1.011661e+00 1.005420e+00 1.003202e+00 1.002363e+00 9.972656e-01 9.909989e-01 9.843356e-01 9.744613e-01 9.705194e-01 9.735256e-01 9.738978e-01 9.630497e-01 9.475402e-01 9.332854e-01 9.292564e-01 9.289154e-01 9.297671e-01 9.255713e-01 9.174162e-01 9.073607e-01 8.939410e-01 8.921546e-01 9.003565e-01 9.013631e-01 9.016327e-01 9.024245e-01 9.043890e-01 9.025487e-01 9.010766e-01 8.974137e-01 8.897211e-01 8.909498e-01 8.972808e-01 9.081802e-01 9.191436e-01 9.178214e-01 9.254018e-01 9.283682e-01 9.240781e-01 9.211863e-01 9.227120e-01 9.219223e-01 9.258559e-01 9.270828e-01 9.238576e-01 9.241872e-01 9.277419e-01 9.339331e-01 9.346121e-01 9.330392e-01 9.315186e-01 9.278299e-01 9.238294e-01 9.192087e-01 9.116877e-01 9.100633e-01 9.076790e-01 9.003779e-01 9.006147e-01 9.034331e-01 9.042246e-01 9.036723e-01 8.968478e-01 8.914312e-01 8.858932e-01 8.865637e-01 8.893079e-01 8.920907e-01 8.968372e-01 8.988904e-01 8.991392e-01 8.935857e-01 8.932106e-01 9.058993e-01 9.177365e-01 9.212648e-01 9.186866e-01 9.233233e-01 9.375683e-01 9.447974e-01 9.450807e-01 9.503673e-01 9.531925e-01 9.544519e-01 9.586934e-01 9.704970e-01 9.755806e-01 9.852740e-01 9.966987e-01 9.940601e-01 9.946188e-01 9.963617e-01 9.968254e-01 9.984217e-01 9.964972e-01 9.918184e-01 9.861704e-01 9.834352e-01 9.811118e-01 9.795175e-01 9.800448e-01 9.795592e-01 9.775828e-01 9.769011e-01 9.742395e-01 9.764484e-01 9.787146e-01 9.842635e-01 9.898341e-01 9.943216e-01 9.927284e-01 9.875391e-01 9.870073e-01 9.870559e-01 9.905884e-01 9.984933e-01 1.005276e+00 1.005914e+00 1.002175e+00 1.001689e+00 9.978940e-01 9.963063e-01 9.912078e-01 9.911880e-01 9.926889e-01 9.906372e-01 9.884198e-01 9.859869e-01 9.805710e-01 9.875405e-01 9.888603e-01 9.892218e-01 9.949430e-01 9.994112e-01 9.972056e-01 9.909950e-01 9.910007e-01 9.997303e-01 1.002591e+00 9.966041e-01 9.994673e-01 1.006185e+00 1.013723e+00 1.018984e+00 1.017545e+00 1.015673e+00 1.018763e+00 1.022255e+00 1.026320e+00 1.028796e+00 1.029591e+00 1.031020e+00 1.031010e+00 1.030833e+00 1.029039e+00 1.028520e+00 1.029761e+00 1.030659e+00 1.032609e+00 1.026784e+00 1.020111e+00 1.017475e+00 1.016868e+00 1.021135e+00 1.023406e+00 1.022894e+00 1.025983e+00 1.032106e+00 1.035704e+00 1.040686e+00 1.038622e+00 1.037104e+00 1.046203e+00 1.051840e+00 1.050272e+00 1.046876e+00 1.042920e+00 1.038933e+00 1.032903e+00 1.028602e+00 1.023125e+00 1.018711e+00 1.016044e+00 1.013901e+00 1.009025e+00 1.007296e+00 1.004344e+00 9.969786e-01 9.833507e-01 9.667414e-01 9.615987e-01 9.631268e-01 9.573707e-01 9.549261e-01 9.598000e-01 9.788570e-01 9.783335e-01 9.662145e-01 9.662389e-01 9.872217e-01 9.696299e-01 1.002056e+00
1.004866e+00 9.895211e-01 9.838452e-01 9.850140e-01 9.909865e-01 1.004028e+00 1.017133e+00 1.020990e+00 1.021585e+00 1.017035e+00 1.007423e+00 9.951199e-01 9.823428e-01 9.728563e-01 9.732035e-01 9.755546e-01 9.746113e-01 9.753718e-01 9.818825e-01 9.859700e-01 9.903409e-01 9.890777e-01 9.852552e-01 9.870519e-01 9.901502e-01 9.930379e-01 9.935486e-01 9.932080e-01 9.920193e-01 9.967775e-01 1.002869e+00 1.009810e+00 1.011395e+00 1.004690e+00 1.001003e+00 1.012232e+00 1.017213e+00 1.012765e+00 1.009499e+00 1.012919e+00 1.013480e+00 1.015263e+00 1.016402e+00 1.015167e+00 1.013323e+00 1.015901e+00 1.012729e+00 1.011300e+00 1.015108e+00 1.016607e+00 1.014024e+00 1.009002e+00 1.009281e+00 1.012625e+00 1.007124e+00 1.005085e+00 1.005949e+00 9.992334e-01 9.857492e-01 9.800165e-01 9.752872e-01 9.743699e-01 9.734375e-01 9.746400e-01 9.669132e-01 9.513872e-01 9.411323e-01 9.361828e-01 9.308811e-01 9.329748e-01 9.324418e-01 9.281291e-01 9.161371e-01 9.008755e-01 8.905041e-01 8.914309e-01 8.975005e-01 8.972983e-01 8.963686e-01 8.988100e-01 9.019501e-01 8.997003e-01 9.050292e-01 8.999535e-01 8.902385e-01 8.903816e-01 8.964594e-01 8.995945e-01 9.168735e-01 9.204701e-01 9.258835e-01 9.257310e-01 9.201788e-01 9.182609e-01 9.173227e-01 9.248359e-01 9.338961e-01 9.385986e-01 9.351191e-01 9.303298e-01 9.300314e-01 9.299806e-01 9.301355e-01 9.306102e-01 9.293821e-01 9.251846e-01 9.211528e-01 9.180893e-01 9.120425e-01 9.081866e-01 9.040881e-01 9.025748e-01 9.025133e-01 9.029209e-01 9.022104e-01 8.994857e-01 8.949462e-01 8.930456e-01 8.853036e-01 8.849395e-01 8.903694e-01 8.939514e-01 8.954269e-01 8.938646e-01 8.917530e-01 8.891900e-01 8.969653e-01 9.069737e-01 9.173396e-01 9.229273e-01 9.194377e-01 9.257346e-01 9.346740e-01 9.378759e-01 9.384834e-01 9.445934e-01 9.466261e-01 9.520658e-01 9.637885e-01 9.728323e-01 9.753219e-01 9.848644e-01 9.957078e-01 9.949698e-01 9.905537e-01 9.902638e-01 9.917307e-01 9.957068e-01 9.953870e-01 9.935176e-01 9.890862e-01 9.843438e-01 9.784786e-01 9.790376e-01 9.760050e-01 9.720058e-01 9.737990e-01 9.754432e-01 9.721396e-01 9.731608e-01 9.725254e-01 9.782483e-01 9.829921e-01 9.839066e-01 9.882463e-01 9.900503e-01 9.874195e-01 9.902300e-01 9.917073e-01 9.966076e-01 1.007252e+00 1.008896e+00 1.006405e+00 1.005276e+00 9.967969e-01 9.923280e-01 9.909339e-01 9.911380e-01 9.903838e-01 9.912733e-01 9.899498e-01 9.898723e-01 9.873494e-01 9.870099e-01 9.844161e-01 9.856117e-01 9.943964e-01 1.003707e+00 9.967246e-01 9.868839e-01 9.867286e-01 9.950601e-01 9.959787e-01 9.931618e-01 9.994562e-01 1.002132e+00 1.002442e+00 1.010413e+00 1.009001e+00 1.008892e+00 1.011573e+00 1.012771e+00 1.014576e+00 1.022055e+00 1.026617e+00 1.027448e+00 1.027345e+00 1.025708e+00 1.021295e+00 1.017704e+00 1.020886e+00 1.029071e+00 1.032224e+00 1.023874e+00 1.013800e+00 1.012040e+00 1.017112e+00 1.021407e+00 1.017961e+00 1.014606e+00 1.016080e+00 1.025273e+00 1.031227e+00 1.035044e+00 1.031948e+00 1.033438e+00 1.041248e+00 1.044070e+00 1.039943e+00 1.032112e+00 1.024869e+00 1.024182e+00 1.023553e+00 1.022110e+00 1.020103e+00 1.017726e+00 1.013509e+00 1.012281e+00 1.006904e+00 1.002561e+00 9.963786e-01 9.882139e-01 9.774650e-01 9.678933e-01 9.601443e-01 9.586708e-01 9.435158e-01 9.476154e-01 9.619055e-01 9.791692e-01 9.730876e-01 9.580104e-01 9.645011e-01 9.804031e-01 9.664502e-01 1.003223e+00
1.009599e+00 9.908426e-01 9.832386e-01 9.870487e-01 9.953015e-01 1.007678e+00 1.019131e+00 1.026967e+00 1.028803e+00 1.021938e+00 1.004477e+00 9.929914e-01 9.785686e-01 9.714365e-01 9.708241e-01 9.744346e-01 9.727266e-01 9.772097e-01 9.829767e-01 9.829873e-01 9.852494e-01 9.855853e-01 9.850740e-01 9.877917e-01 9.926179e-01 9.956246e-01 9.947661e-01 9.949422e-01 9.961439e-01 9.962083e-01 9.977878e-01 1.005329e+00 1.008748e+00 1.009180e+00 1.005385e+00 1.008976e+00 1.011999e+00 1.008190e+00 1.007708e+00 1.016199e+00 1.014843e+00 1.011359e+00 1.014048e+00 1.017628e+00 1.018342e+00 1.016065e+00 1.013561e+00 1.012828e+00 1.014740e+00 1.016506e+00 1.012803e+00 1.010769e+00 1.004855e+00 1.006577e+00 1.005586e+00 1.003193e+00 1.002116e+00 9.894851e-01 9.768714e-01 9.776240e-01 9.788045e-01 9.788355e-01 9.731619e-01 9.670182e-01 9.525391e-01 9.442959e-01 9.442784e-01 9.431753e-01 9.448990e-01 9.462641e-01 9.397929e-01 9.352705e-01 9.217483e-01 9.053193e-01 8.975683e-01 8.989973e-01 9.022326e-01 8.952300e-01 8.928844e-01 8.975009e-01 9.015138e-01 8.989094e-01 9.018382e-01 8.997806e-01 8.958075e-01 8.937318e-01 8.968193e-01 8.988426e-01 9.152246e-01 9.214837e-01 9.161616e-01 9.178448e-01 9.170588e-01 9.155788e-01 9.137441e-01 9.237142e-01 9.335861e-01 9.426876e-01 9.397884e-01 9.347456e-01 9.361002e-01 9.350861e-01 9.303863e-01 9.296809e-01 9.269287e-01 9.179177e-01 9.164519e-01 9.185343e-01 9.153771e-01 9.091071e-01 9.103129e-01 9.112508e-01 9.103997e-01 9.045246e-01 9.047969e-01 8.994082e-01 8.925914e-01 8.923327e-01 8.911518e-01 8.876368e-01 8.928015e-01 8.989796e-01 8.997840e-01 8.961807e-01 8.898858e-01 8.906628e-01 8.951556e-01 8.992000e-01 9.103826e-01 9.228067e-01 9.271443e-01 9.318217e-01 9.320002e-01 9.337375e-01 9.364637e-01 9.426010e-01 9.538223e-01 9.610300e-01 9.686995e-01 9.701233e-01 9.749135e-01 9.854574e-01 9.933714e-01 9.922668e-01 9.883452e-01 9.871873e-01 9.895934e-01 9.947842e-01 9.942900e-01 9.923404e-01 9.874630e-01 9.791588e-01 9.733824e-01 9.769363e-01 9.789790e-01 9.756683e-01 9.767300e-01 9.767345e-01 9.745305e-01 9.746844e-01 9.762266e-01 9.794713e-01 9.838346e-01 9.859671e-01 9.898323e-01 9.908431e-01 9.908503e-01 9.933671e-01 9.925702e-01 1.001430e+00 1.009965e+00 1.011223e+00 1.009474e+00 1.008235e+00 9.959463e-01 9.882591e-01 9.912876e-01 9.931106e-01 9.919841e-01 9.932666e-01 9.912381e-01 9.902478e-01 9.912685e-01 9.909239e-01 9.911860e-01 9.918192e-01 9.944592e-01 1.000839e+00 9.935051e-01 9.800926e-01 9.872309e-01 9.936867e-01 9.938813e-01 9.970505e-01 1.001602e+00 9.974126e-01 9.933752e-01 9.998122e-01 1.005447e+00 1.008412e+00 1.007942e+00 1.006162e+00 1.010571e+00 1.019338e+00 1.017616e+00 1.014482e+00 1.016937e+00 1.016993e+00 1.013679e+00 1.010868e+00 1.015951e+00 1.023301e+00 1.023656e+00 1.016288e+00 1.008519e+00 1.007607e+00 1.016303e+00 1.022312e+00 1.020748e+00 1.016462e+00 1.019144e+00 1.023180e+00 1.022200e+00 1.018894e+00 1.020689e+00 1.025406e+00 1.033227e+00 1.036116e+00 1.030101e+00 1.022084e+00 1.013510e+00 1.009705e+00 1.012710e+00 1.016412e+00 1.017167e+00 1.012122e+00 1.006758e+00 1.004281e+00 1.000597e+00 9.978089e-01 9.895996e-01 9.796054e-01 9.781100e-01 9.715781e-01 9.624709e-01 9.571396e-01 9.416786e-01 9.488265e-01 9.646296e-01 9.724713e-01 9.654594e-01 9.550841e-01 9.574919e-01 9.783301e-01 9.595459e-01 9.996569e-01
1.013564e+00 9.945052e-01 9.862953e-01 9.850931e-01 1.001500e+00 1.015169e+00 1.020738e+00 1.028746e+00 1.031826e+00 1.025486e+00 1.006465e+00 9.962572e-01 9.830732e-01 9.789652e-01 9.719670e-01 9.704137e-01 9.718536e-01 9.736975e-01 9.779273e-01 9.810868e-01 9.839402e-01 9.842047e-01 9.839533e-01 9.889111e-01 9.927218e-01 9.947715e-01 9.953723e-01 9.977595e-01 1.001117e+00 9.994778e-01 9.965900e-01 9.997242e-01 1.009571e+00 1.013838e+00 1.012464e+00 1.010741e+00 1.012112e+00 1.008680e+00 1.010141e+00 1.016562e+00 1.015080e+00 1.014504e+00 1.017946e+00 1.022097e+00 1.024476e+00 1.018720e+00 1.014158e+00 1.012073e+00 1.012242e+00 1.010898e+00 1.011910e+00 1.011204e+00 1.002547e+00 9.995319e-01 1.001017e+00 9.981011e-01 9.943116e-01 9.846226e-01 9.738487e-01 9.703488e-01 9.736817e-01 9.717161e-01 9.668864e-01 9.549891e-01 9.406955e-01 9.409019e-01 9.436542e-01 9.411969e-01 9.474602e-01 9.497572e-01 9.381821e-01 9.309109e-01 9.215266e-01 9.109001e-01 9.067575e-01 9.031140e-01 9.017382e-01 8.996426e-01 8.985762e-01 9.001905e-01 9.052914e-01 9.011253e-01 8.968191e-01 8.960900e-01 8.993148e-01 8.990940e-01 9.004961e-01 9.073100e-01 9.185444e-01 9.225199e-01 9.104391e-01 9.098413e-01 9.138716e-01 9.154562e-01 9.151377e-01 9.168683e-01 9.270963e-01 9.332066e-01 9.361237e-01 9.351633e-01 9.375273e-01 9.368376e-01 9.362692e-01 9.316359e-01 9.222584e-01 9.157848e-01 9.181858e-01 9.251015e-01 9.238773e-01 9.167972e-01 9.180429e-01 9.163674e-01 9.126490e-01 9.103829e-01 9.069790e-01 9.031016e-01 8.951277e-01 8.934445e-01 8.937519e-01 8.909541e-01 8.933154e-01 8.994153e-01 9.019806e-01 9.025222e-01 8.950781e-01 8.978488e-01 9.011164e-01 9.057200e-01 9.134213e-01 9.206652e-01 9.310082e-01 9.353753e-01 9.348967e-01 9.366300e-01 9.388656e-01 9.437911e-01 9.562832e-01 9.693837e-01 9.738690e-01 9.675267e-01 9.722632e-01 9.790618e-01 9.839373e-01 9.911370e-01 9.928854e-01 9.918847e-01 9.901422e-01 9.906475e-01 9.903215e-01 9.899175e-01 9.865039e-01 9.774087e-01 9.725088e-01 9.774662e-01 9.804656e-01 9.799318e-01 9.807678e-01 9.823055e-01 9.819399e-01 9.843010e-01 9.831012e-01 9.834915e-01 9.867239e-01 9.919800e-01 9.916015e-01 9.910752e-01 9.910719e-01 9.940206e-01 9.931712e-01 1.003285e+00 1.010068e+00 1.012097e+00 1.003496e+00 1.001848e+00 9.966673e-01 9.910358e-01 9.894127e-01 9.887306e-01 9.915268e-01 9.929469e-01 9.933739e-01 9.939223e-01 9.931337e-01 9.946397e-01 9.951006e-01 9.958122e-01 9.949238e-01 9.949188e-01 9.897888e-01 9.835806e-01 9.894819e-01 9.942603e-01 9.955198e-01 9.955490e-01 9.927402e-01 9.875198e-01 9.857674e-01 9.947317e-01 1.005010e+00 1.009710e+00 1.006685e+00 1.006791e+00 1.009616e+00 1.012275e+00 1.006833e+00 1.001607e+00 1.007959e+00 1.009485e+00 1.006730e+00 1.011756e+00 1.017990e+00 1.018846e+00 1.015307e+00 1.010352e+00 1.005344e+00 1.000070e+00 1.011004e+00 1.019915e+00 1.019081e+00 1.014387e+00 1.013951e+00 1.015130e+00 1.010882e+00 1.009502e+00 1.011761e+00 1.018356e+00 1.018589e+00 1.021610e+00 1.025936e+00 1.021502e+00 1.014433e+00 1.010240e+00 1.009799e+00 1.009537e+00 1.011580e+00 1.002608e+00 9.963230e-01 9.982318e-01 9.970837e-01 9.910322e-01 9.845356e-01 9.760423e-01 9.779889e-01 9.698958e-01 9.591507e-01 9.549090e-01 9.503753e-01 9.510671e-01 9.598041e-01 9.661177e-01 9.627020e-01 9.455022e-01 9.455982e-01 9.702003e-01 9.556766e-01 9.964421e-01
1.011457e+00 9.985729e-01 9.899450e-01 9.849091e-01 1.004119e+00 1.020077e+00 1.027120e+00 1.032226e+00 1.036522e+00 1.027890e+00 1.008841e+00 9.992872e-01 9.914502e-01 9.835438e-01 9.749750e-01 9.704756e-01 9.679810e-01 9.662704e-01 9.731739e-01 9.792627e-01 9.830043e-01 9.838642e-01 9.852163e-01 9.885812e-01 9.903231e-01 9.914304e-01 9.950713e-01 9.981784e-01 1.000211e+00 1.001557e+00 1.000962e+00 1.002340e+00 1.010340e+00 1.017275e+00 1.014297e+00 1.010494e+00 1.015645e+00 1.017434e+00 1.017588e+00 1.018115e+00 1.017145e+00 1.022870e+00 1.027481e+00 1.027822e+00 1.028003e+00 1.022220e+00 1.014698e+00 1.013936e+00 1.012968e+00 1.006502e+00 1.004719e+00 1.001049e+00 9.950593e-01 9.915597e-01 9.892351e-01 9.859315e-01 9.786167e-01 9.799103e-01 9.766192e-01 9.713023e-01 9.648908e-01 9.572616e-01 9.521117e-01 9.457724e-01 9.387711e-01 9.416651e-01 9.463440e-01 9.428620e-01 9.432838e-01 9.432476e-01 9.379961e-01 9.278053e-01 9.255594e-01 9.197485e-01 9.128456e-01 9.049591e-01 9.014433e-01 9.011721e-01 9.009117e-01 9.044471e-01 9.061087e-01 9.019327e-01 8.997036e-01 9.005902e-01 9.017920e-01 9.021745e-01 9.102891e-01 9.139093e-01 9.132605e-01 9.146355e-01 9.112177e-01 9.127713e-01 9.154819e-01 9.125983e-01 9.100035e-01 9.119099e-01 9.207569e-01 9.262857e-01 9.302474e-01 9.302235e-01 9.305994e-01 9.305878e-01 9.359128e-01 9.329873e-01 9.215462e-01 9.172102e-01 9.238167e-01 9.297690e-01 9.303836e-01 9.246136e-01 9.185488e-01 9.137384e-01 9.077620e-01 9.032175e-01 9.026119e-01 8.992821e-01 9.005872e-01 9.034399e-01 9.000704e-01 8.928133e-01 8.914637e-01 8.931803e-01 8.967434e-01 8.998632e-01 8.969678e-01 8.991247e-01 9.055634e-01 9.088923e-01 9.170028e-01 9.222360e-01 9.328693e-01 9.400795e-01 9.433560e-01 9.444267e-01 9.450442e-01 9.466523e-01 9.584363e-01 9.674237e-01 9.683744e-01 9.662716e-01 9.735668e-01 9.773545e-01 9.805247e-01 9.875767e-01 9.889602e-01 9.910772e-01 9.850401e-01 9.809591e-01 9.816931e-01 9.862486e-01 9.866974e-01 9.803377e-01 9.778955e-01 9.768077e-01 9.732755e-01 9.751123e-01 9.790960e-01 9.809554e-01 9.839528e-01 9.816302e-01 9.801641e-01 9.812542e-01 9.864020e-01 9.900323e-01 9.880616e-01 9.899611e-01 9.902806e-01 9.932262e-01 9.981598e-01 1.008479e+00 1.010659e+00 1.007957e+00 9.994633e-01 9.948460e-01 9.962449e-01 9.962584e-01 9.871926e-01 9.836033e-01 9.887647e-01 9.915316e-01 9.939042e-01 9.939393e-01 9.944416e-01 9.951257e-01 9.904212e-01 9.901239e-01 9.908507e-01 9.907570e-01 9.898450e-01 9.872677e-01 9.874554e-01 9.961882e-01 9.979744e-01 9.933295e-01 9.893292e-01 9.863023e-01 9.868862e-01 9.925672e-01 1.003160e+00 1.005723e+00 1.004891e+00 1.005177e+00 1.001785e+00 1.001289e+00 1.000571e+00 9.979051e-01 1.001830e+00 1.006067e+00 1.007010e+00 1.008477e+00 1.012127e+00 1.011850e+00 1.010759e+00 1.006232e+00 9.967074e-01 9.938586e-01 1.002816e+00 1.011740e+00 1.010929e+00 1.003724e+00 1.001232e+00 1.001565e+00 1.000836e+00 1.001863e+00 1.011571e+00 1.018156e+00 1.014025e+00 1.013806e+00 1.020400e+00 1.018402e+00 1.011486e+00 1.011146e+00 1.012122e+00 1.004942e+00 1.000282e+00 9.995613e-01 9.920614e-01 9.944894e-01 9.922122e-01 9.864229e-01 9.831127e-01 9.842032e-01 9.892901e-01 9.755870e-01 9.603814e-01 9.497983e-01 9.499598e-01 9.495738e-01 9.554219e-01 9.665022e-01 9.657086e-01 9.367223e-01 9.391245e-01 9.593321e-01 9.523577e-01 9.933969e-01
1.009342e+00 9.985641e-01 9.835104e-01 9.852820e-01 1.002003e+00 1.019228e+00 1.033706e+00 1.034357e+00 1.033141e+00 1.027710e+00 1.009980e+00 9.987644e-01 9.916248e-01 9.824662e-01 9.770724e-01 9.692637e-01 9.607756e-01 9.581195e-01 9.661422e-01 9.733698e-01 9.754437e-01 9.795551e-01 9.857119e-01 9.891430e-01 9.899631e-01 9.924982e-01 9.977348e-01 1.000501e+00 1.000998e+00 1.001076e+00 1.002719e+00 1.003962e+00 1.011563e+00 1.017707e+00 1.012611e+00 1.009506e+00 1.015148e+00 1.017706e+00 1.019815e+00 1.020306e+00 1.021809e+00 1.027885e+00 1.030586e+00 1.026474e+00 1.026190e+00 1.019016e+00 1.018054e+00 1.018230e+00 1.012795e+00 1.004617e+00 9.992407e-01 9.928417e-01 9.873635e-01 9.842767e-01 9.804202e-01 9.782162e-01 9.766291e-01 9.837852e-01 9.831927e-01 9.762508e-01 9.635288e-01 9.506981e-01 9.480166e-01 9.484923e-01 9.453360e-01 9.448279e-01 9.440426e-01 9.399017e-01 9.391642e-01 9.399953e-01 9.384587e-01 9.336454e-01 9.283365e-01 9.216569e-01 9.136399e-01 9.086403e-01 9.081001e-01 9.005170e-01 8.968125e-01 9.001068e-01 9.016689e-01 8.949756e-01 8.933501e-01 8.970282e-01 9.026638e-01 9.073382e-01 9.104907e-01 9.119260e-01 9.099436e-01 9.085128e-01 9.095986e-01 9.120811e-01 9.149955e-01 9.117029e-01 9.096960e-01 9.079928e-01 9.112856e-01 9.173712e-01 9.224940e-01 9.239608e-01 9.268589e-01 9.276552e-01 9.326251e-01 9.310606e-01 9.289775e-01 9.268047e-01 9.248987e-01 9.265861e-01 9.269419e-01 9.211948e-01 9.130177e-01 9.107409e-01 9.097764e-01 9.071732e-01 9.024397e-01 8.987430e-01 9.037656e-01 9.073795e-01 9.061339e-01 9.002900e-01 8.973913e-01 8.991131e-01 9.017248e-01 8.982924e-01 9.008414e-01 9.040977e-01 9.065781e-01 9.107341e-01 9.194139e-01 9.254427e-01 9.336928e-01 9.387696e-01 9.445326e-01 9.466812e-01 9.445886e-01 9.468009e-01 9.529811e-01 9.561683e-01 9.624376e-01 9.637434e-01 9.689224e-01 9.743887e-01 9.792820e-01 9.777745e-01 9.797667e-01 9.836311e-01 9.767471e-01 9.757366e-01 9.741614e-01 9.768996e-01 9.795727e-01 9.763974e-01 9.762412e-01 9.754312e-01 9.684368e-01 9.673871e-01 9.691683e-01 9.731382e-01 9.800697e-01 9.766673e-01 9.757350e-01 9.798497e-01 9.820841e-01 9.857787e-01 9.905270e-01 9.919293e-01 9.890519e-01 9.957641e-01 1.005385e+00 1.010272e+00 1.008406e+00 1.000304e+00 9.952105e-01 9.935653e-01 9.980131e-01 1.002035e+00 9.974042e-01 9.943609e-01 9.936942e-01 9.907184e-01 9.868042e-01 9.884511e-01 9.908445e-01 9.881745e-01 9.878696e-01 9.901587e-01 9.914914e-01 9.897358e-01 9.907862e-01 9.866693e-01 9.851481e-01 9.885392e-01 9.852661e-01 9.831850e-01 9.870712e-01 9.870157e-01 9.914022e-01 9.942533e-01 1.002476e+00 1.004537e+00 1.003473e+00 1.000907e+00 9.960290e-01 9.986016e-01 9.993814e-01 9.936778e-01 9.968393e-01 1.004614e+00 1.004972e+00 1.004403e+00 1.005762e+00 1.005496e+00 1.005892e+00 1.002948e+00 9.906703e-01 9.876503e-01 9.932048e-01 9.978470e-01 9.963334e-01 9.945859e-01 9.955552e-01 9.960888e-01 9.970575e-01 9.999703e-01 1.009465e+00 1.008305e+00 1.005025e+00 1.009166e+00 1.011436e+00 1.013888e+00 1.010789e+00 1.007406e+00 1.009376e+00 1.001656e+00 9.949486e-01 9.907560e-01 9.839574e-01 9.884339e-01 9.831184e-01 9.821504e-01 9.834439e-01 9.889133e-01 9.893498e-01 9.775534e-01 9.563653e-01 9.445784e-01 9.402528e-01 9.387594e-01 9.547747e-01 9.657170e-01 9.644660e-01 9.353224e-01 9.383658e-01 9.548119e-01 9.509897e-01 9.903987e-01
1.005704e+00 9.933950e-01 9.838372e-01 9.882604e-01 9.991973e-01 1.018113e+00 1.031957e+00 1.032792e+00 1.031705e+00 1.026970e+00 1.013365e+00 1.000882e+00 9.952811e-01 9.863967e-01 9.727069e-01 9.628978e-01 9.554294e-01 9.563421e-01 9.624461e-01 9.657983e-01 9.675347e-01 9.751890e-01 9.829189e-01 9.872107e-01 9.885078e-01 9.945354e-01 1.000771e+00 1.002231e+00 1.002507e+00 1.003417e+00 1.002198e+00 1.003360e+00 1.011805e+00 1.019093e+00 1.016250e+00 1.015207e+00 1.019074e+00 1.018792e+00 1.021443e+00 1.020535e+00 1.021816e+00 1.024660e+00 1.029262e+00 1.022831e+00 1.020379e+00 1.013793e+00 1.014702e+00 1.014582e+00 1.007132e+00 1.000170e+00 9.949540e-01 9.892253e-01 9.875035e-01 9.881512e-01 9.790191e-01 9.696332e-01 9.696382e-01 9.783511e-01 9.780251e-01 9.728166e-01 9.622673e-01 9.523032e-01 9.512333e-01 9.487011e-01 9.453983e-01 9.431487e-01 9.367918e-01 9.356204e-01 9.366735e-01 9.344028e-01 9.329625e-01 9.310628e-01 9.270821e-01 9.209177e-01 9.168004e-01 9.182538e-01 9.142792e-01 9.040592e-01 8.988558e-01 8.996353e-01 8.970695e-01 8.924419e-01 8.952463e-01 8.988742e-01 9.016736e-01 9.037495e-01 9.045188e-01 9.076029e-01 9.089446e-01 9.078990e-01 9.104899e-01 9.111671e-01 9.143198e-01 9.154925e-01 9.125893e-01 9.093942e-01 9.071359e-01 9.133300e-01 9.170004e-01 9.203140e-01 9.302360e-01 9.319372e-01 9.338599e-01 9.349729e-01 9.351196e-01 9.287965e-01 9.233241e-01 9.213023e-01 9.190389e-01 9.170820e-01 9.133307e-01 9.161674e-01 9.224289e-01 9.223883e-01 9.125614e-01 9.074397e-01 9.104279e-01 9.124605e-01 9.101639e-01 9.107478e-01 9.077287e-01 9.108437e-01 9.054261e-01 8.974960e-01 9.005191e-01 9.082178e-01 9.117510e-01 9.164078e-01 9.238558e-01 9.310472e-01 9.306945e-01 9.323000e-01 9.410266e-01 9.455866e-01 9.378664e-01 9.380342e-01 9.436238e-01 9.474053e-01 9.515302e-01 9.554415e-01 9.588544e-01 9.652588e-01 9.682079e-01 9.715173e-01 9.725454e-01 9.723638e-01 9.733495e-01 9.724662e-01 9.696026e-01 9.676785e-01 9.710028e-01 9.702975e-01 9.693834e-01 9.676350e-01 9.604913e-01 9.572871e-01 9.613218e-01 9.673486e-01 9.727432e-01 9.734770e-01 9.758179e-01 9.827462e-01 9.827033e-01 9.835256e-01 9.851958e-01 9.832754e-01 9.851732e-01 9.935046e-01 1.007036e+00 1.006820e+00 1.000888e+00 9.968066e-01 9.933167e-01 9.937064e-01 9.944128e-01 9.990557e-01 1.001676e+00 1.003715e+00 1.000605e+00 9.944410e-01 9.917832e-01 9.863688e-01 9.818949e-01 9.822004e-01 9.882140e-01 9.969184e-01 9.950513e-01 9.948108e-01 9.953284e-01 9.900879e-01 9.896936e-01 9.840782e-01 9.795063e-01 9.783815e-01 9.805245e-01 9.897898e-01 9.950559e-01 9.968445e-01 1.001330e+00 1.003844e+00 9.991311e-01 9.936327e-01 9.980798e-01 1.004321e+00 9.994980e-01 9.932234e-01 9.966951e-01 1.004045e+00 1.004791e+00 1.002980e+00 1.001782e+00 1.002601e+00 1.004695e+00 1.003085e+00 9.928538e-01 9.837017e-01 9.870748e-01 9.885179e-01 9.859915e-01 9.862481e-01 9.922963e-01 9.927167e-01 9.945176e-01 9.998529e-01 1.003357e+00 1.001183e+00 9.993715e-01 1.005569e+00 1.005397e+00 1.007623e+00 1.004956e+00 9.986975e-01 9.978732e-01 9.969930e-01 9.913729e-01 9.858835e-01 9.869205e-01 9.855983e-01 9.752449e-01 9.729812e-01 9.767088e-01 9.726070e-01 9.735245e-01 9.691824e-01 9.553470e-01 9.445848e-01 9.289495e-01 9.315184e-01 9.517998e-01 9.571458e-01 9.559546e-01 9.361908e-01 9.413775e-01 9.609290e-01 9.471642e-01 9.874465e-01
1.006117e+00 9.913749e-01 9.909732e-01 9.886988e-01 1.004361e+00 1.022401e+00 1.028368e+00 1.030964e+00 1.031937e+00 1.028416e+00 1.011274e+00 1.002439e+00 9.949986e-01 9.851142e-01 9.730777e-01 9.620378e-01 9.590355e-01 9.558746e-01 9.589584e-01 9.605114e-01 9.647015e-01 9.706637e-01 9.758142e-01 9.796082e-01 9.830506e-01 9.897286e-01 9.964185e-01 9.988017e-01 1.001456e+00 1.003643e+00 1.003084e+00 1.004500e+00 1.010157e+00 1.014896e+00 1.015818e+00 1.018786e+00 1.019079e+00 1.017329e+00 1.020964e+00 1.020656e+00 1.019953e+00 1.018452e+00 1.020860e+00 1.014444e+00 1.009806e+00 1.008488e+00 1.007369e+00 1.002076e+00 9.999695e-01 9.981424e-01 9.955214e-01 9.869305e-01 9.843567e-01 9.830793e-01 9.755083e-01 9.674126e-01 9.685959e-01 9.695070e-01 9.656450e-01 9.604152e-01 9.552318e-01 9.514208e-01 9.443043e-01 9.411023e-01 9.391519e-01 9.414656e-01 9.373469e-01 9.341008e-01 9.375845e-01 9.371921e-01 9.325249e-01 9.257455e-01 9.211343e-01 9.197587e-01 9.171093e-01 9.133657e-01 9.107972e-01 9.038264e-01 9.029974e-01 9.037792e-01 9.004880e-01 9.013542e-01 9.022088e-01 9.003419e-01 9.016711e-01 9.032408e-01 9.007175e-01 9.050384e-01 9.114885e-01 9.153297e-01 9.145480e-01 9.125304e-01 9.115708e-01 9.164742e-01 9.130781e-01 9.105834e-01 9.115186e-01 9.138065e-01 9.177679e-01 9.200922e-01 9.303414e-01 9.317030e-01 9.343795e-01 9.321522e-01 9.290589e-01 9.276619e-01 9.265784e-01 9.286722e-01 9.255279e-01 9.226258e-01 9.240927e-01 9.273391e-01 9.310379e-01 9.312207e-01 9.221939e-01 9.192755e-01 9.206965e-01 9.217811e-01 9.178373e-01 9.158040e-01 9.114569e-01 9.113523e-01 9.025888e-01 8.948920e-01 8.988109e-01 9.079415e-01 9.141362e-01 9.188583e-01 9.221216e-01 9.284779e-01 9.288983e-01 9.324207e-01 9.400689e-01 9.436789e-01 9.370213e-01 9.388793e-01 9.417447e-01 9.406800e-01 9.440211e-01 9.510999e-01 9.613904e-01 9.706975e-01 9.688516e-01 9.685526e-01 9.712501e-01 9.703819e-01 9.717566e-01 9.723497e-01 9.649977e-01 9.609283e-01 9.675030e-01 9.674147e-01 9.651474e-01 9.654612e-01 9.614919e-01 9.587869e-01 9.579753e-01 9.583478e-01 9.657577e-01 9.706587e-01 9.748931e-01 9.824998e-01 9.835650e-01 9.811608e-01 9.799786e-01 9.773258e-01 9.800460e-01 9.863732e-01 9.974806e-01 9.989743e-01 9.961832e-01 9.955856e-01 9.936244e-01 9.923038e-01 9.883161e-01 9.882894e-01 9.965013e-01 1.001913e+00 9.999408e-01 9.961131e-01 9.910007e-01 9.869215e-01 9.841461e-01 9.874910e-01 9.977914e-01 9.992348e-01 9.932436e-01 9.905936e-01 9.900814e-01 9.863441e-01 9.859058e-01 9.826375e-01 9.798179e-01 9.805978e-01 9.848877e-01 9.911354e-01 9.917711e-01 9.897790e-01 9.892622e-01 9.875422e-01 9.869776e-01 9.919081e-01 1.001992e+00 1.002838e+00 9.954281e-01 9.931378e-01 9.949025e-01 9.985688e-01 1.000307e+00 1.000049e+00 9.984658e-01 9.987596e-01 1.002725e+00 1.002766e+00 9.936803e-01 9.855557e-01 9.882954e-01 9.905928e-01 9.901689e-01 9.882500e-01 9.932091e-01 9.898823e-01 9.910623e-01 9.927921e-01 9.966100e-01 9.934992e-01 9.883366e-01 9.901795e-01 9.901682e-01 9.944401e-01 9.939572e-01 9.865441e-01 9.871522e-01 9.926328e-01 9.933288e-01 9.905291e-01 9.896647e-01 9.835926e-01 9.754106e-01 9.701162e-01 9.645150e-01 9.586026e-01 9.618461e-01 9.578599e-01 9.584094e-01 9.476172e-01 9.282107e-01 9.292485e-01 9.462131e-01 9.474127e-01 9.459112e-01 9.337643e-01 9.375679e-01 9.615694e-01 9.376274e-01 9.840212e-01
1.007765e+00 9.980202e-01 9.931250e-01 9.903389e-01 1.011076e+00 1.024004e+00 1.023351e+00 1.029364e+00 1.033804e+00 1.024300e+00 1.003716e+00 1.002134e+00 9.955618e-01 9.838233e-01 9.749161e-01 9.692304e-01 9.608108e-01 9.521403e-01 9.552068e-01 9.576316e-01 9.625112e-01 9.681208e-01 9.702791e-01 9.740095e-01 9.804432e-01 9.882715e-01 9.943701e-01 9.959909e-01 1.000288e+00 1.000384e+00 1.003659e+00 1.007451e+00 1.007096e+00 1.006849e+00 1.011228e+00 1.014387e+00 1.016334e+00 1.019486e+00 1.022894e+00 1.019835e+00 1.016066e+00 1.014334e+00 1.011596e+00 1.006976e+00 1.000401e+00 1.002609e+00 1.004584e+00 9.996221e-01 9.990448e-01 9.972141e-01 9.883799e-01 9.743409e-01 9.723198e-01 9.736875e-01 9.736691e-01 9.652666e-01 9.651290e-01 9.539444e-01 9.502149e-01 9.540642e-01 9.483656e-01 9.483795e-01 9.469310e-01 9.390284e-01 9.330165e-01 9.344016e-01 9.364849e-01 9.393585e-01 9.424987e-01 9.350793e-01 9.283534e-01 9.189102e-01 9.179728e-01 9.178550e-01 9.137302e-01 9.063972e-01 9.054583e-01 9.048463e-01 9.030148e-01 8.985246e-01 8.977590e-01 9.013990e-01 9.038255e-01 9.021398e-01 8.995063e-01 9.026708e-01 9.015611e-01 9.038490e-01 9.088880e-01 9.171954e-01 9.167455e-01 9.172911e-01 9.111212e-01 9.079578e-01 9.081016e-01 9.090459e-01 9.125488e-01 9.156885e-01 9.232442e-01 9.269515e-01 9.314807e-01 9.307010e-01 9.303236e-01 9.274044e-01 9.265344e-01 9.314324e-01 9.353362e-01 9.365470e-01 9.373017e-01 9.367748e-01 9.350267e-01 9.304991e-01 9.302819e-01 9.321952e-01 9.278615e-01 9.303520e-01 9.373826e-01 9.359844e-01 9.261135e-01 9.205899e-01 9.171912e-01 9.124511e-01 9.058374e-01 9.044911e-01 9.081846e-01 9.145243e-01 9.190043e-01 9.255094e-01 9.291922e-01 9.344029e-01 9.395730e-01 9.423094e-01 9.390771e-01 9.396155e-01 9.420156e-01 9.425016e-01 9.447541e-01 9.444566e-01 9.420044e-01 9.484337e-01 9.650555e-01 9.799324e-01 9.812735e-01 9.736093e-01 9.696890e-01 9.686850e-01 9.718654e-01 9.718691e-01 9.645826e-01 9.591513e-01 9.619534e-01 9.623339e-01 9.642515e-01 9.670491e-01 9.677410e-01 9.657459e-01 9.614269e-01 9.578623e-01 9.620652e-01 9.665329e-01 9.729509e-01 9.792598e-01 9.833469e-01 9.886631e-01 9.907353e-01 9.890449e-01 9.850302e-01 9.868285e-01 9.903232e-01 9.923978e-01 9.939610e-01 9.969452e-01 9.948642e-01 9.898253e-01 9.898815e-01 9.915149e-01 9.957715e-01 9.970300e-01 9.966822e-01 9.973747e-01 9.951007e-01 9.937426e-01 9.909267e-01 9.929398e-01 9.998596e-01 9.991380e-01 9.892188e-01 9.859771e-01 9.898900e-01 9.910502e-01 9.900753e-01 9.867069e-01 9.780288e-01 9.767276e-01 9.861241e-01 9.909328e-01 9.900438e-01 9.837036e-01 9.758980e-01 9.782196e-01 9.810981e-01 9.925686e-01 1.000802e+00 9.994729e-01 9.944049e-01 9.925589e-01 9.905822e-01 9.847769e-01 9.882776e-01 9.982250e-01 9.997942e-01 9.951245e-01 9.967422e-01 9.991779e-01 9.953812e-01 9.894369e-01 9.885306e-01 9.949084e-01 9.956832e-01 9.886132e-01 9.888981e-01 9.872980e-01 9.841176e-01 9.870507e-01 9.920700e-01 9.884866e-01 9.785874e-01 9.756604e-01 9.780872e-01 9.811831e-01 9.831080e-01 9.781733e-01 9.767628e-01 9.834198e-01 9.900320e-01 9.862258e-01 9.850581e-01 9.788491e-01 9.712542e-01 9.643871e-01 9.555821e-01 9.502519e-01 9.601357e-01 9.575596e-01 9.548602e-01 9.462702e-01 9.277549e-01 9.280897e-01 9.362486e-01 9.423859e-01 9.428633e-01 9.263868e-01 9.319816e-01 9.527276e-01 9.295927e-01 9.790202e-01
1.017551e+00 1.004763e+00 9.939371e-01 9.970587e-01 1.010680e+00 1.015979e+00 1.024163e+00 1.032409e+00 1.030660e+00 1.020029e+00 1.008490e+00 1.003135e+00 9.945301e-01 9.877856e-01 9.794025e-01 9.749822e-01 9.587763e-01 9.491289e-01 9.549780e-01 9.590431e-01 9.609307e-01 9.641578e-01 9.635800e-01 9.681998e-01 9.770674e-01 9.858047e-01 9.922200e-01 9.940553e-01 9.956689e-01 9.985674e-01 1.007286e+00 1.011251e+00 1.006153e+00 1.002026e+00 1.006214e+00 1.010491e+00 1.020851e+00 1.023972e+00 1.022403e+00 1.021185e+00 1.013304e+00 1.010563e+00 1.009383e+00 1.003924e+00 9.987223e-01 1.000096e+00 9.985598e-01 9.945647e-01 9.890012e-01 9.859994e-01 9.739120e-01 9.630588e-01 9.632509e-01 9.640564e-01 9.634135e-01 9.560820e-01 9.546523e-01 9.499696e-01 9.514244e-01 9.518245e-01 9.452940e-01 9.460028e-01 9.457664e-01 9.420972e-01 9.322785e-01 9.314957e-01 9.376356e-01 9.402187e-01 9.426777e-01 9.300200e-01 9.230267e-01 9.199730e-01 9.202049e-01 9.204655e-01 9.139676e-01 9.091982e-01 9.047353e-01 9.006302e-01 8.976091e-01 8.938261e-01 8.954852e-01 9.012046e-01 9.079859e-01 9.077641e-01 9.056834e-01 9.057348e-01 9.010376e-01 9.012458e-01 9.083039e-01 9.143122e-01 9.221252e-01 9.191438e-01 9.103314e-01 9.089391e-01 9.106534e-01 9.148805e-01 9.189441e-01 9.222532e-01 9.283960e-01 9.346249e-01 9.329893e-01 9.308636e-01 9.315318e-01 9.338643e-01 9.352944e-01 9.364101e-01 9.363380e-01 9.422736e-01 9.472811e-01 9.412830e-01 9.349414e-01 9.346348e-01 9.382715e-01 9.426160e-01 9.371815e-01 9.381645e-01 9.487503e-01 9.486097e-01 9.382545e-01 9.300554e-01 9.257886e-01 9.235733e-01 9.220139e-01 9.199860e-01 9.209931e-01 9.257488e-01 9.291866e-01 9.328372e-01 9.415187e-01 9.474379e-01 9.531415e-01 9.509169e-01 9.418996e-01 9.419450e-01 9.511727e-01 9.506947e-01 9.547625e-01 9.554013e-01 9.471467e-01 9.524942e-01 9.684702e-01 9.800664e-01 9.840814e-01 9.784364e-01 9.757448e-01 9.756485e-01 9.789165e-01 9.746235e-01 9.692538e-01 9.669808e-01 9.605003e-01 9.566271e-01 9.619574e-01 9.643875e-01 9.670748e-01 9.655743e-01 9.646085e-01 9.616519e-01 9.603633e-01 9.664840e-01 9.729124e-01 9.792632e-01 9.833581e-01 9.921920e-01 9.982244e-01 9.962048e-01 9.925900e-01 9.940292e-01 9.920244e-01 9.926457e-01 9.949850e-01 9.952174e-01 9.903542e-01 9.858916e-01 9.918069e-01 9.995741e-01 9.964098e-01 9.962938e-01 9.941003e-01 9.915612e-01 9.907203e-01 9.941566e-01 9.968980e-01 9.964908e-01 9.940493e-01 9.931268e-01 9.853477e-01 9.805639e-01 9.851003e-01 9.880260e-01 9.859199e-01 9.821494e-01 9.734204e-01 9.741352e-01 9.866620e-01 9.927430e-01 9.913048e-01 9.881762e-01 9.846239e-01 9.864963e-01 9.875780e-01 9.936863e-01 9.981671e-01 9.975600e-01 9.920860e-01 9.938488e-01 9.867769e-01 9.778505e-01 9.786364e-01 9.905217e-01 9.937797e-01 9.875445e-01 9.871106e-01 9.919106e-01 9.911285e-01 9.874681e-01 9.847102e-01 9.897960e-01 9.908535e-01 9.853205e-01 9.820982e-01 9.820380e-01 9.798802e-01 9.844160e-01 9.932423e-01 9.907982e-01 9.775253e-01 9.722880e-01 9.770630e-01 9.792807e-01 9.747394e-01 9.667866e-01 9.586367e-01 9.648508e-01 9.762123e-01 9.755290e-01 9.708044e-01 9.670879e-01 9.644831e-01 9.617536e-01 9.541774e-01 9.544059e-01 9.568805e-01 9.493218e-01 9.456147e-01 9.450840e-01 9.330724e-01 9.323009e-01 9.322122e-01 9.396788e-01 9.394829e-01 9.162258e-01 9.259825e-01 9.476338e-01 9.255611e-01 9.773254e-01
1.022006e+00 1.007768e+00 9.997208e-01 1.003249e+00 1.008724e+00 1.018834e+00 1.031611e+00 1.033948e+00 1.027989e+00 1.022304e+00 1.008568e+00 9.981574e-01 9.867633e-01 9.832364e-01 9.779630e-01 9.700897e-01 9.602003e-01 9.599403e-01 9.689230e-01 9.653422e-01 9.645928e-01 9.660384e-01 9.649303e-01 9.679549e-01 9.778050e-01 9.833760e-01 9.886428e-01 9.892256e-01 9.922857e-01 1.004551e+00 1.012332e+00 1.011737e+00 1.003646e+00 1.000202e+00 1.001556e+00 1.007817e+00 1.020813e+00 1.021273e+00 1.019279e+00 1.016797e+00 1.009977e+00 1.006615e+00 1.012608e+00 1.007951e+00 1.003008e+00 9.941297e-01 9.821177e-01 9.782791e-01 9.740583e-01 9.708236e-01 9.637684e-01 9.574952e-01 9.580699e-01 9.612027e-01 9.550542e-01 9.458715e-01 9.443556e-01 9.440211e-01 9.456576e-01 9.426236e-01 9.409287e-01 9.394333e-01 9.418401e-01 9.415365e-01 9.313267e-01 9.338466e-01 9.401752e-01 9.474565e-01 9.459727e-01 9.331192e-01 9.259282e-01 9.297274e-01 9.283695e-01 9.238626e-01 9.174670e-01 9.108166e-01 9.036125e-01 8.968532e-01 8.965786e-01 8.987736e-01 9.038231e-01 9.093458e-01 9.186391e-01 9.204147e-01 9.150109e-01 9.118021e-01 9.053678e-01 9.029681e-01 9.111882e-01 9.205488e-01 9.279572e-01 9.255963e-01 9.172699e-01 9.169856e-01 9.174945e-01 9.198907e-01 9.237901e-01 9.239430e-01 9.296539e-01 9.313474e-01 9.336479e-01 9.365892e-01 9.406424e-01 9.394539e-01 9.367052e-01 9.388550e-01 9.381089e-01 9.435616e-01 9.491272e-01 9.428893e-01 9.367822e-01 9.432268e-01 9.492510e-01 9.539290e-01 9.473460e-01 9.453499e-01 9.511991e-01 9.551228e-01 9.511316e-01 9.487641e-01 9.463605e-01 9.410318e-01 9.383010e-01 9.346859e-01 9.344210e-01 9.357145e-01 9.364409e-01 9.379552e-01 9.423103e-01 9.528280e-01 9.593586e-01 9.546444e-01 9.461340e-01 9.465199e-01 9.530821e-01 9.586983e-01 9.643281e-01 9.676898e-01 9.591942e-01 9.639280e-01 9.788865e-01 9.790778e-01 9.775620e-01 9.777643e-01 9.813484e-01 9.816388e-01 9.788989e-01 9.751635e-01 9.710603e-01 9.695886e-01 9.647920e-01 9.612692e-01 9.650447e-01 9.669914e-01 9.651449e-01 9.682156e-01 9.734397e-01 9.721563e-01 9.714810e-01 9.733560e-01 9.753848e-01 9.782457e-01 9.804471e-01 9.822096e-01 9.904694e-01 9.937341e-01 9.944185e-01 9.936905e-01 9.905672e-01 9.901130e-01 9.934879e-01 9.936975e-01 9.920902e-01 9.870616e-01 9.941033e-01 9.989876e-01 9.943218e-01 9.938065e-01 9.957183e-01 9.922805e-01 9.894217e-01 9.885755e-01 9.904307e-01 9.881626e-01 9.859151e-01 9.868037e-01 9.853718e-01 9.807698e-01 9.796215e-01 9.788445e-01 9.755518e-01 9.770357e-01 9.695960e-01 9.700451e-01 9.770069e-01 9.837452e-01 9.873330e-01 9.891691e-01 9.913298e-01 9.900656e-01 9.853454e-01 9.870299e-01 9.932682e-01 9.929690e-01 9.874408e-01 9.850463e-01 9.783275e-01 9.767470e-01 9.785150e-01 9.801912e-01 9.812702e-01 9.797166e-01 9.778308e-01 9.820742e-01 9.803472e-01 9.772843e-01 9.799528e-01 9.904277e-01 9.925514e-01 9.817639e-01 9.732299e-01 9.723099e-01 9.768307e-01 9.819562e-01 9.904212e-01 9.878359e-01 9.759443e-01 9.675173e-01 9.658581e-01 9.711851e-01 9.643192e-01 9.573531e-01 9.458483e-01 9.488740e-01 9.556443e-01 9.524769e-01 9.467319e-01 9.435093e-01 9.488969e-01 9.540344e-01 9.506631e-01 9.500502e-01 9.484606e-01 9.379154e-01 9.342288e-01 9.422324e-01 9.294934e-01 9.291306e-01 9.326244e-01 9.403676e-01 9.400524e-01 9.148285e-01 9.217112e-01 9.401202e-01 9.211574e-01 9.772332e-01
1.017991e+00 1.007862e+00 1.001165e+00 1.004485e+00 1.008608e+00 1.019108e+00 1.030419e+00 1.024542e+00 1.022009e+00 1.018483e+00 1.003833e+00 9.849895e-01 9.761882e-01 9.805900e-01 9.810771e-01 9.750078e-01 9.711143e-01 9.652401e-01 9.653760e-01 9.631782e-01 9.633906e-01 9.682860e-01 9.712145e-01 9.748527e-01 9.812792e-01 9.858151e-01 9.907732e-01 9.911386e-01 9.918653e-01 1.003571e+00 1.008746e+00 1.008632e+00 1.003677e+00 1.000078e+00 9.946696e-01 9.981948e-01 1.005386e+00 1.007533e+00 1.011793e+00 1.009483e+00 1.001654e+00 1.001146e+00 1.005058e+00 1.002518e+00 9.950674e-01 9.835389e-01 9.706194e-01 9.628679e-01 9.616374e-01 9.592191e-01 9.558363e-01 9.620258e-01 9.684446e-01 9.623771e-01 9.482738e-01 9.366912e-01 9.381337e-01 9.404810e-01 9.380512e-01 9.346521e-01 9.357926e-01 9.327295e-01 9.381070e-01 9.450085e-01 9.433581e-01 9.481029e-01 9.542831e-01 9.511069e-01 9.450830e-01 9.371927e-01 9.294767e-01 9.287469e-01 9.303209e-01 9.223783e-01 9.158377e-01 9.094402e-01 9.037181e-01 8.981177e-01 9.002413e-01 9.045281e-01 9.110774e-01 9.187459e-01 9.283773e-01 9.284488e-01 9.205258e-01 9.097692e-01 9.085806e-01 9.127548e-01 9.191206e-01 9.258922e-01 9.299051e-01 9.290170e-01 9.220257e-01 9.198505e-01 9.217029e-01 9.263048e-01 9.251360e-01 9.232998e-01 9.256659e-01 9.308413e-01 9.346406e-01 9.401706e-01 9.469229e-01 9.466147e-01 9.428125e-01 9.440540e-01 9.429693e-01 9.421418e-01 9.495955e-01 9.529369e-01 9.465641e-01 9.437547e-01 9.505482e-01 9.559665e-01 9.554282e-01 9.565399e-01 9.601822e-01 9.596472e-01 9.592420e-01 9.647506e-01 9.592268e-01 9.496474e-01 9.447111e-01 9.430302e-01 9.430813e-01 9.497085e-01 9.476358e-01 9.472262e-01 9.524744e-01 9.592126e-01 9.536908e-01 9.477066e-01 9.441069e-01 9.477212e-01 9.547424e-01 9.604894e-01 9.638630e-01 9.629326e-01 9.639817e-01 9.684166e-01 9.735751e-01 9.787601e-01 9.815416e-01 9.810340e-01 9.850503e-01 9.799878e-01 9.771593e-01 9.762469e-01 9.719863e-01 9.722616e-01 9.727444e-01 9.717928e-01 9.751908e-01 9.728054e-01 9.707950e-01 9.745829e-01 9.764667e-01 9.808126e-01 9.816437e-01 9.805557e-01 9.796132e-01 9.759979e-01 9.779595e-01 9.795507e-01 9.833636e-01 9.920202e-01 9.957046e-01 9.962815e-01 9.955037e-01 9.943649e-01 9.962157e-01 9.929942e-01 9.924885e-01 9.935656e-01 9.980071e-01 1.001175e+00 1.000756e+00 9.962644e-01 9.973119e-01 9.963017e-01 9.941025e-01 9.937696e-01 9.930820e-01 9.923294e-01 9.893571e-01 9.839820e-01 9.823071e-01 9.794397e-01 9.780326e-01 9.798576e-01 9.797241e-01 9.747381e-01 9.760572e-01 9.748231e-01 9.770034e-01 9.802058e-01 9.827811e-01 9.834896e-01 9.864821e-01 9.851817e-01 9.825176e-01 9.786261e-01 9.861339e-01 9.823683e-01 9.734865e-01 9.709278e-01 9.697350e-01 9.746433e-01 9.761339e-01 9.713389e-01 9.704164e-01 9.713143e-01 9.731494e-01 9.751566e-01 9.694051e-01 9.634630e-01 9.712291e-01 9.846101e-01 9.926270e-01 9.826691e-01 9.732715e-01 9.695570e-01 9.643511e-01 9.661739e-01 9.753339e-01 9.763201e-01 9.695283e-01 9.623148e-01 9.590967e-01 9.617764e-01 9.625943e-01 9.543878e-01 9.422393e-01 9.465350e-01 9.471787e-01 9.386215e-01 9.378756e-01 9.406028e-01 9.411136e-01 9.403978e-01 9.462290e-01 9.513837e-01 9.409921e-01 9.295189e-01 9.274341e-01 9.365826e-01 9.282521e-01 9.236487e-01 9.304725e-01 9.431279e-01 9.423104e-01 9.192087e-01 9.313497e-01 9.436631e-01 9.198352e-01 9.761195e-01
1.019974e+00 1.006920e+00 1.002258e+00 1.009264e+00 1.015840e+00 1.027105e+00 1.035887e+00 1.029318e+00 1.024640e+00 1.019117e+00 1.002637e+00 9.824881e-01 9.742751e-01 9.861975e-01 9.857292e-01 9.768295e-01 9.675028e-01 9.614266e-01 9.587418e-01 9.589793e-01 9.641184e-01 9.762136e-01 9.792272e-01 9.776346e-01 9.850395e-01 9.932745e-01 9.963744e-01 9.943883e-01 9.976512e-01 1.002550e+00 1.008850e+00 1.012567e+00 1.009085e+00 1.003202e+00 9.914172e-01 9.913693e-01 9.919928e-01 1.002911e+00 1.008606e+00 1.006152e+00 1.006061e+00 9.989516e-01 9.942484e-01 9.911152e-01 9.839792e-01 9.804467e-01 9.788356e-01 9.738089e-01 9.736168e-01 9.706283e-01 9.596397e-01 9.584010e-01 9.659766e-01 9.612160e-01 9.475411e-01 9.444941e-01 9.476498e-01 9.419779e-01 9.337882e-01 9.324991e-01 9.340741e-01 9.314337e-01 9.355806e-01 9.444510e-01 9.489972e-01 9.534964e-01 9.531906e-01 9.463908e-01 9.424764e-01 9.350834e-01 9.283991e-01 9.270234e-01 9.250315e-01 9.216166e-01 9.204709e-01 9.154063e-01 9.134134e-01 9.051340e-01 9.035203e-01 9.116499e-01 9.147156e-01 9.152129e-01 9.234998e-01 9.243894e-01 9.180424e-01 9.143775e-01 9.144021e-01 9.146584e-01 9.203590e-01 9.291230e-01 9.309785e-01 9.333739e-01 9.337073e-01 9.342204e-01 9.357547e-01 9.359559e-01 9.319094e-01 9.282475e-01 9.343677e-01 9.430754e-01 9.427700e-01 9.439650e-01 9.481078e-01 9.538313e-01 9.620284e-01 9.630790e-01 9.586976e-01 9.558193e-01 9.656617e-01 9.712346e-01 9.672959e-01 9.573450e-01 9.596519e-01 9.676191e-01 9.764374e-01 9.783928e-01 9.714866e-01 9.661333e-01 9.673036e-01 9.706821e-01 9.656012e-01 9.579369e-01 9.532868e-01 9.526122e-01 9.576629e-01 9.654826e-01 9.664807e-01 9.688989e-01 9.742969e-01 9.690785e-01 9.557270e-01 9.538525e-01 9.581026e-01 9.600533e-01 9.599282e-01 9.655760e-01 9.670966e-01 9.733585e-01 9.792644e-01 9.824879e-01 9.828606e-01 9.855732e-01 9.899838e-01 9.908865e-01 9.928941e-01 9.890904e-01 9.903131e-01 9.923376e-01 9.880779e-01 9.858767e-01 9.864105e-01 9.883068e-01 9.858689e-01 9.814234e-01 9.778054e-01 9.781572e-01 9.846734e-01 9.895655e-01 9.900283e-01 9.905897e-01 9.916694e-01 9.878368e-01 9.899675e-01 9.913190e-01 9.929688e-01 9.977522e-01 1.002584e+00 1.007141e+00 1.009656e+00 1.012589e+00 1.012189e+00 1.005206e+00 9.972438e-01 9.990067e-01 1.003049e+00 1.009706e+00 1.010912e+00 1.006866e+00 1.002284e+00 1.001075e+00 1.000131e+00 1.004429e+00 1.005030e+00 1.000997e+00 9.928523e-01 9.841312e-01 9.811617e-01 9.838143e-01 9.835712e-01 9.836041e-01 9.849597e-01 9.863973e-01 9.906818e-01 9.922871e-01 9.917118e-01 9.852892e-01 9.857967e-01 9.853792e-01 9.859848e-01 9.849590e-01 9.830527e-01 9.878616e-01 9.910176e-01 9.828212e-01 9.740896e-01 9.731237e-01 9.766114e-01 9.786445e-01 9.766677e-01 9.765186e-01 9.753573e-01 9.722071e-01 9.739279e-01 9.753101e-01 9.723957e-01 9.677631e-01 9.751430e-01 9.876687e-01 9.965250e-01 9.891062e-01 9.785767e-01 9.701739e-01 9.654261e-01 9.688888e-01 9.793332e-01 9.808306e-01 9.747726e-01 9.684100e-01 9.647340e-01 9.636306e-01 9.687237e-01 9.607934e-01 9.492989e-01 9.469911e-01 9.452757e-01 9.377304e-01 9.449462e-01 9.469930e-01 9.504603e-01 9.504264e-01 9.446051e-01 9.458577e-01 9.404374e-01 9.383377e-01 9.418115e-01 9.380581e-01 9.344509e-01 9.295843e-01 9.435364e-01 9.485125e-01 9.426035e-01 9.303682e-01 9.385122e-01 9.528590e-01 9.157881e-01 9.780029e-01
1.030492e+00 1.013506e+00 1.010632e+00 1.023788e+00 1.033309e+00 1.040559e+00 1.045610e+00 1.032842e+00 1.022314e+00 1.022236e+00 1.019023e+00 1.009559e+00 1.002561e+00 1.002871e+00 9.935160e-01 9.759374e-01 9.687814e-01 9.647675e-01 9.659292e-01 9.681436e-01 9.677998e-01 9.714785e-01 9.822768e-01 9.867061e-01 9.975721e-01 1.002667e+00 9.997081e-01 9.933404e-01 9.987544e-01 1.010085e+00 1.018230e+00 1.020968e+00 1.015908e+00 1.006827e+00 1.003730e+00 1.000087e+00 9.963138e-01 9.999245e-01 1.007108e+00 1.014055e+00 1.020601e+00 1.009670e+00 1.000930e+00 9.955701e-01 9.895966e-01 9.839805e-01 9.841772e-01 9.827598e-01 9.811444e-01 9.777614e-01 9.591264e-01 9.497847e-01 9.513642e-01 9.541827e-01 9.579360e-01 9.542781e-01 9.542437e-01 9.452146e-01 9.405471e-01 9.403335e-01 9.429054e-01 9.391546e-01 9.342065e-01 9.392040e-01 9.487717e-01 9.480449e-01 9.427400e-01 9.373886e-01 9.271826e-01 9.232358e-01 9.226851e-01 9.265235e-01 9.355729e-01 9.381942e-01 9.314792e-01 9.306449e-01 9.246583e-01 9.137246e-01 9.099326e-01 9.203163e-01 9.271411e-01 9.260730e-01 9.253865e-01 9.233507e-01 9.210681e-01 9.187093e-01 9.181365e-01 9.227784e-01 9.340929e-01 9.381134e-01 9.417651e-01 9.509703e-01 9.531583e-01 9.570370e-01 9.646008e-01 9.694678e-01 9.619073e-01 9.537919e-01 9.551854e-01 9.630871e-01 9.654793e-01 9.633701e-01 9.641778e-01 9.704943e-01 9.797410e-01 9.832155e-01 9.820690e-01 9.779609e-01 9.796340e-01 9.853122e-01 9.874830e-01 9.801956e-01 9.816206e-01 9.893339e-01 9.965860e-01 9.867671e-01 9.783708e-01 9.823708e-01 9.854687e-01 9.869292e-01 9.858251e-01 9.804945e-01 9.785986e-01 9.762405e-01 9.790884e-01 9.854417e-01 9.899688e-01 9.947199e-01 9.950744e-01 9.850858e-01 9.758716e-01 9.799047e-01 9.831799e-01 9.833021e-01 9.836757e-01 9.817983e-01 9.842830e-01 9.918175e-01 9.917020e-01 9.947841e-01 1.003302e+00 1.006105e+00 1.007507e+00 1.002090e+00 9.974201e-01 1.001592e+00 1.007849e+00 1.007522e+00 9.991788e-01 9.944833e-01 9.932452e-01 9.935612e-01 9.927667e-01 9.900695e-01 9.848918e-01 9.887391e-01 9.924373e-01 9.904332e-01 9.909739e-01 9.990900e-01 1.002061e+00 1.003348e+00 1.002733e+00 1.003644e+00 1.010265e+00 1.006772e+00 1.015535e+00 1.024331e+00 1.024289e+00 1.021961e+00 1.025878e+00 1.025409e+00 1.021199e+00 1.014878e+00 1.009286e+00 1.012360e+00 1.018178e+00 1.019161e+00 1.015822e+00 1.009533e+00 1.008190e+00 1.014268e+00 1.011892e+00 1.004355e+00 1.001256e+00 1.002312e+00 1.000920e+00 9.935765e-01 9.936868e-01 1.000079e+00 9.985968e-01 9.976507e-01 9.968888e-01 1.001161e+00 9.954085e-01 9.911490e-01 9.981436e-01 9.981518e-01 9.953398e-01 9.942076e-01 9.948480e-01 9.946672e-01 9.925368e-01 9.910818e-01 9.849701e-01 9.789229e-01 9.864677e-01 9.950026e-01 9.937930e-01 9.907817e-01 9.880791e-01 9.846824e-01 9.845355e-01 9.841005e-01 9.829958e-01 9.877055e-01 9.963594e-01 1.004238e+00 1.001433e+00 9.993737e-01 9.965629e-01 9.922393e-01 9.815893e-01 9.807425e-01 9.901975e-01 9.947686e-01 9.897186e-01 9.824218e-01 9.746301e-01 9.708020e-01 9.767778e-01 9.743075e-01 9.698855e-01 9.575012e-01 9.493387e-01 9.510769e-01 9.526895e-01 9.488798e-01 9.523124e-01 9.550753e-01 9.539595e-01 9.616966e-01 9.629122e-01 9.595896e-01 9.503171e-01 9.333436e-01 9.268965e-01 9.194382e-01 9.309406e-01 9.450400e-01 9.395530e-01 9.346271e-01 9.366372e-01 9.621930e-01 9.219642e-01 9.647236e-01
1.037731e+00 1.028805e+00 1.016627e+00 1.028894e+00 1.030705e+00 1.038207e+00 1.048692e+00 1.044279e+00 1.035527e+00 1.030715e+00 1.023856e+00 1.017497e+00 1.016926e+00 1.014302e+00 1.000856e+00 9.886758e-01 9.852107e-01 9.773061e-01 9.743368e-01 9.744255e-01 9.721071e-01 9.793627e-01 9.888207e-01 9.956137e-01 1.004165e+00 1.007211e+00 1.001845e+00 9.958823e-01 1.000322e+00 1.009057e+00 1.015232e+00 1.018103e+00 1.021551e+00 1.018598e+00 1.016209e+00 1.010710e+00 1.008033e+00 9.985600e-01 9.928331e-01 1.004075e+00 1.017036e+00 1.015656e+00 1.010718e+00 1.003402e+00 9.948472e-01 9.846807e-01 9.801068e-01 9.821640e-01 9.796190e-01 9.731712e-01 9.604391e-01 9.526835e-01 9.466772e-01 9.487534e-01 9.506854e-01 9.481404e-01 9.538600e-01 9.534057e-01 9.473968e-01 9.385493e-01 9.408483e-01 9.349980e-01 9.344711e-01 9.450095e-01 9.550571e-01 9.489280e-01 9.466836e-01 9.397308e-01 9.294884e-01 9.300568e-01 9.386384e-01 9.425668e-01 9.457136e-01 9.418648e-01 9.342537e-01 9.335175e-01 9.296484e-01 9.211882e-01 9.164273e-01 9.244242e-01 9.298381e-01 9.414704e-01 9.413850e-01 9.291244e-01 9.245566e-01 9.234816e-01 9.215414e-01 9.259585e-01 9.327993e-01 9.425418e-01 9.459696e-01 9.557716e-01 9.606268e-01 9.687126e-01 9.799168e-01 9.879549e-01 9.861009e-01 9.833252e-01 9.771507e-01 9.780339e-01 9.840329e-01 9.836662e-01 9.848965e-01 9.887105e-01 9.938335e-01 9.959135e-01 9.984162e-01 9.941248e-01 9.887288e-01 9.918923e-01 9.951487e-01 9.977099e-01 9.988987e-01 9.971617e-01 9.997523e-01 9.918451e-01 9.859539e-01 9.920727e-01 9.952945e-01 9.992284e-01 1.003381e+00 9.976771e-01 9.923506e-01 9.918540e-01 9.954209e-01 9.985629e-01 1.006021e+00 1.010768e+00 1.005353e+00 9.948431e-01 9.925359e-01 9.948454e-01 9.959967e-01 9.969075e-01 1.000578e+00 1.005122e+00 1.011955e+00 1.008195e+00 1.002235e+00 1.007213e+00 1.017046e+00 1.019249e+00 1.015498e+00 1.005634e+00 1.005183e+00 1.009346e+00 1.010386e+00 1.008634e+00 1.002050e+00 1.002382e+00 1.005819e+00 1.000473e+00 9.999211e-01 9.985279e-01 9.994163e-01 1.006737e+00 1.008683e+00 1.004619e+00 1.010369e+00 1.016130e+00 1.016381e+00 1.013197e+00 1.010748e+00 1.014289e+00 1.023549e+00 1.025591e+00 1.029271e+00 1.031379e+00 1.035780e+00 1.034462e+00 1.030815e+00 1.031977e+00 1.033948e+00 1.029198e+00 1.024904e+00 1.024971e+00 1.024813e+00 1.024382e+00 1.027851e+00 1.026853e+00 1.021408e+00 1.022551e+00 1.024671e+00 1.021543e+00 1.015169e+00 1.016309e+00 1.016474e+00 1.010588e+00 1.014924e+00 1.018360e+00 1.016082e+00 1.014611e+00 1.018868e+00 1.019030e+00 1.014014e+00 1.008302e+00 1.009688e+00 1.009817e+00 1.009833e+00 1.009764e+00 1.005696e+00 1.008431e+00 1.014233e+00 1.012851e+00 1.005507e+00 1.009962e+00 1.013948e+00 1.011641e+00 1.001273e+00 9.937384e-01 9.954697e-01 1.003363e+00 1.009142e+00 1.006360e+00 1.005355e+00 1.003453e+00 1.007476e+00 1.015172e+00 1.012202e+00 1.006103e+00 1.008038e+00 1.006656e+00 9.970295e-01 9.959399e-01 1.006644e+00 1.008207e+00 1.001995e+00 9.935532e-01 9.862434e-01 9.891509e-01 9.925646e-01 9.919929e-01 9.870321e-01 9.741865e-01 9.725876e-01 9.756192e-01 9.677373e-01 9.599672e-01 9.613268e-01 9.615816e-01 9.646604e-01 9.676184e-01 9.781942e-01 9.735704e-01 9.551243e-01 9.373305e-01 9.196945e-01 9.139716e-01 9.195449e-01 9.357205e-01 9.426217e-01 9.476249e-01 9.462678e-01 9.657677e-01 9.284366e-01 9.575051e-01
1.034191e+00 1.027824e+00 1.019226e+00 1.016102e+00 1.015289e+00 1.027061e+00 1.038780e+00 1.038298e+00 1.034037e+00 1.026910e+00 1.021822e+00 1.018877e+00 1.017347e+00 1.008470e+00 9.961852e-01 9.871080e-01 9.849502e-01 9.798357e-01 9.664067e-01 9.590904e-01 9.615181e-01 9.718312e-01 9.867151e-01 9.968265e-01 1.004003e+00 1.011217e+00 1.009165e+00 1.002370e+00 1.000438e+00 9.988849e-01 1.004364e+00 1.012639e+00 1.020611e+00 1.022299e+00 1.015044e+00 1.007620e+00 1.005257e+00 1.001430e+00 9.981618e-01 1.007077e+00 1.014282e+00 1.018584e+00 1.013580e+00 1.003455e+00 9.918063e-01 9.826973e-01 9.863400e-01 9.909533e-01 9.807051e-01 9.675604e-01 9.594831e-01 9.507145e-01 9.413958e-01 9.378954e-01 9.391069e-01 9.396622e-01 9.479231e-01 9.601708e-01 9.510994e-01 9.369095e-01 9.302907e-01 9.221204e-01 9.219401e-01 9.361288e-01 9.448055e-01 9.387102e-01 9.353148e-01 9.285839e-01 9.256691e-01 9.332019e-01 9.405872e-01 9.404903e-01 9.364648e-01 9.276091e-01 9.212989e-01 9.204929e-01 9.193554e-01 9.213404e-01 9.237357e-01 9.239053e-01 9.293885e-01 9.354025e-01 9.359895e-01 9.331185e-01 9.341393e-01 9.378184e-01 9.335707e-01 9.274616e-01 9.250095e-01 9.340417e-01 9.412049e-01 9.474214e-01 9.570285e-01 9.710475e-01 9.737793e-01 9.724558e-01 9.766692e-01 9.801358e-01 9.791482e-01 9.768958e-01 9.818979e-01 9.840766e-01 9.832478e-01 9.756891e-01 9.763343e-01 9.831157e-01 9.912328e-01 9.938441e-01 9.934188e-01 9.978710e-01 9.976336e-01 9.967812e-01 9.941453e-01 9.909100e-01 9.897456e-01 9.871399e-01 9.814855e-01 9.780854e-01 9.822697e-01 9.949732e-01 9.991696e-01 9.969684e-01 9.891292e-01 9.834878e-01 9.834086e-01 9.883269e-01 9.999006e-01 1.007076e+00 1.005331e+00 9.993759e-01 9.957330e-01 9.967974e-01 9.935676e-01 9.921629e-01 9.942633e-01 9.977841e-01 1.004709e+00 9.995139e-01 9.965966e-01 9.964435e-01 1.004450e+00 1.006521e+00 1.004900e+00 9.979430e-01 9.989357e-01 1.005043e+00 1.005869e+00 9.986458e-01 9.983196e-01 1.005482e+00 1.007539e+00 1.000572e+00 9.990335e-01 1.003366e+00 1.004955e+00 1.010029e+00 1.012301e+00 1.015317e+00 1.020100e+00 1.023496e+00 1.021588e+00 1.017851e+00 1.016152e+00 1.024226e+00 1.030092e+00 1.031128e+00 1.027631e+00 1.028630e+00 1.038445e+00 1.040346e+00 1.033777e+00 1.032454e+00 1.038164e+00 1.041218e+00 1.036306e+00 1.036460e+00 1.040326e+00 1.036582e+00 1.034613e+00 1.034690e+00 1.030791e+00 1.027180e+00 1.030292e+00 1.032558e+00 1.029498e+00 1.024697e+00 1.019057e+00 1.017370e+00 1.019352e+00 1.027569e+00 1.025946e+00 1.025430e+00 1.025219e+00 1.022914e+00 1.023601e+00 1.025033e+00 1.026596e+00 1.025359e+00 1.020630e+00 1.016946e+00 1.015236e+00 1.018911e+00 1.016299e+00 1.014975e+00 1.015162e+00 1.019658e+00 1.019637e+00 1.013178e+00 1.005143e+00 9.977500e-01 1.001317e+00 1.008779e+00 1.011910e+00 1.012850e+00 1.013738e+00 1.006543e+00 1.000961e+00 1.003506e+00 1.001511e+00 1.004444e+00 1.007789e+00 1.008232e+00 1.007238e+00 1.007202e+00 1.008084e+00 1.008137e+00 1.006003e+00 1.001198e+00 9.911365e-01 9.885989e-01 9.961286e-01 9.975743e-01 9.912202e-01 9.798739e-01 9.787652e-01 9.800538e-01 9.732513e-01 9.635896e-01 9.681461e-01 9.737198e-01 9.763826e-01 9.809449e-01 9.833446e-01 9.779610e-01 9.670616e-01 9.453922e-01 9.146047e-01 9.139112e-01 8.995593e-01 9.256061e-01 9.443557e-01 9.558740e-01 9.627031e-01 9.575439e-01 9.416041e-01 9.691049e-01
1.022141e+00 1.017667e+00 1.012254e+00 1.000246e+00 1.014770e+00 1.029168e+00 1.036740e+00 1.027391e+00 1.016837e+00 1.017197e+00 1.014338e+00 1.015542e+00 1.016395e+00 1.012267e+00 1.002226e+00 9.901590e-01 9.837486e-01 9.836735e-01 9.786364e-01 9.779888e-01 9.731424e-01 9.701498e-01 9.751143e-01 9.908576e-01 1.006663e+00 1.012268e+00 1.006401e+00 1.002014e+00 9.948916e-01 9.902912e-01 1.001213e+00 1.013141e+00 1.008610e+00 1.000653e+00 9.918528e-01 9.825307e-01 9.860288e-01 9.920701e-01 1.007214e+00 1.015523e+00 1.016953e+00 1.014502e+00 1.008285e+00 9.929275e-01 9.754924e-01 9.729617e-01 9.818674e-01 9.853400e-01 9.737179e-01 9.633408e-01 9.574108e-01 9.552189e-01 9.473971e-01 9.346955e-01 9.285406e-01 9.249811e-01 9.329295e-01 9.367284e-01 9.348684e-01 9.258963e-01 9.235727e-01 9.212063e-01 9.237987e-01 9.314970e-01 9.355875e-01 9.328612e-01 9.236968e-01 9.201519e-01 9.240926e-01 9.196236e-01 9.129287e-01 9.067805e-01 9.049512e-01 9.046591e-01 9.085310e-01 9.119805e-01 9.140360e-01 9.156033e-01 9.107552e-01 9.079283e-01 9.124665e-01 9.179037e-01 9.272484e-01 9.322511e-01 9.269370e-01 9.218211e-01 9.226540e-01 9.304004e-01 9.275039e-01 9.327893e-01 9.430786e-01 9.464203e-01 9.518133e-01 9.574465e-01 9.598207e-01 9.547154e-01 9.540145e-01 9.629409e-01 9.733926e-01 9.720959e-01 9.706432e-01 9.668078e-01 9.678826e-01 9.668619e-01 9.690826e-01 9.702795e-01 9.726930e-01 9.788477e-01 9.776758e-01 9.763721e-01 9.765170e-01 9.801708e-01 9.873586e-01 9.869829e-01 9.811109e-01 9.752693e-01 9.678876e-01 9.609781e-01 9.715979e-01 9.910889e-01 9.893113e-01 9.770346e-01 9.690542e-01 9.616900e-01 9.541051e-01 9.680796e-01 9.843656e-01 9.906043e-01 9.890160e-01 9.869007e-01 9.848648e-01 9.849147e-01 9.839604e-01 9.829559e-01 9.892118e-01 9.968330e-01 1.003175e+00 1.004503e+00 9.956014e-01 9.947560e-01 1.011902e+00 1.019927e+00 1.014406e+00 9.994384e-01 1.002904e+00 1.005354e+00 9.958335e-01 9.942760e-01 1.001349e+00 1.002484e+00 1.000558e+00 9.992275e-01 9.994324e-01 9.992844e-01 1.004241e+00 1.011543e+00 1.011439e+00 1.013532e+00 1.021482e+00 1.027040e+00 1.023952e+00 1.021323e+00 1.023126e+00 1.028870e+00 1.033231e+00 1.029562e+00 1.027618e+00 1.035729e+00 1.043889e+00 1.042876e+00 1.037715e+00 1.035897e+00 1.041227e+00 1.044973e+00 1.041852e+00 1.041347e+00 1.046798e+00 1.046391e+00 1.044258e+00 1.042314e+00 1.039655e+00 1.033694e+00 1.030609e+00 1.030603e+00 1.029713e+00 1.025150e+00 1.016856e+00 1.013883e+00 1.017480e+00 1.026660e+00 1.035711e+00 1.036367e+00 1.032632e+00 1.028015e+00 1.022575e+00 1.022895e+00 1.031257e+00 1.034811e+00 1.033205e+00 1.029327e+00 1.028588e+00 1.027205e+00 1.019257e+00 1.012793e+00 1.010194e+00 1.018321e+00 1.020705e+00 1.018222e+00 1.016015e+00 1.010585e+00 1.004501e+00 1.004326e+00 1.003361e+00 1.000726e+00 1.003729e+00 1.000330e+00 1.001292e+00 1.007290e+00 1.008376e+00 1.011951e+00 1.017165e+00 1.016364e+00 1.013349e+00 1.007318e+00 9.951552e-01 9.942161e-01 1.004361e+00 1.001663e+00 9.907146e-01 9.915040e-01 9.915345e-01 9.807041e-01 9.682752e-01 9.676415e-01 9.758570e-01 9.771746e-01 9.729763e-01 9.656962e-01 9.659967e-01 9.770535e-01 9.915364e-01 9.843852e-01 9.691196e-01 9.630418e-01 9.732868e-01 9.572566e-01 9.210921e-01 9.183949e-01 9.281977e-01 9.588112e-01 9.644256e-01 9.653360e-01 9.641987e-01 9.446498e-01 9.520310e-01 9.955115e-01
1.005240e+00 9.901147e-01 9.924309e-01 9.812010e-01 9.972348e-01 1.000966e+00 1.008151e+00 1.004227e+00 9.999564e-01 9.943153e-01 9.945585e-01 9.966257e-01 9.923499e-01 9.827541e-01 9.804401e-01 9.718391e-01 9.728032e-01 9.657353e-01 9.624975e-01 9.685711e-01 9.669933e-01 9.548199e-01 9.568226e-01 9.711737e-01 9.762195e-01 9.788250e-01 9.799363e-01 9.848651e-01 9.825527e-01 9.777083e-01 9.836215e-01 9.902666e-01 9.825247e-01 9.739696e-01 9.725823e-01 9.708113e-01 9.685419e-01 9.679193e-01 9.769917e-01 9.819424e-01 9.795167e-01 9.808345e-01 9.701575e-01 9.496374e-01 9.381399e-01 9.448350e-01 9.499754e-01 9.520418e-01 9.432395e-01 9.313390e-01 9.261888e-01 9.286765e-01 9.229383e-01 9.135360e-01 9.099143e-01 9.063361e-01 9.091977e-01 9.097974e-01 9.024795e-01 8.965412e-01 8.981622e-01 9.058236e-01 9.179598e-01 9.226164e-01 9.165811e-01 9.018109e-01 8.923253e-01 8.992371e-01 9.014463e-01 8.959729e-01 8.891570e-01 8.873279e-01 8.891909e-01 8.912603e-01 8.938637e-01 8.919839e-01 8.868605e-01 8.852967e-01 8.843545e-01 8.823609e-01 8.815607e-01 8.869653e-01 8.922077e-01 8.906271e-01 8.858278e-01 8.900859e-01 8.966460e-01 9.011652e-01 8.968008e-01 8.985830e-01 9.012865e-01 9.077037e-01 9.058661e-01 9.086619e-01 9.214457e-01 9.232877e-01 9.146686e-01 9.180939e-01 9.353119e-01 9.352988e-01 9.303505e-01 9.301266e-01 9.397001e-01 9.498475e-01 9.570949e-01 9.570911e-01 9.562616e-01 9.602492e-01 9.596664e-01 9.554363e-01 9.550866e-01 9.553428e-01 9.666635e-01 9.642663e-01 9.549184e-01 9.441332e-01 9.345390e-01 9.408762e-01 9.598938e-01 9.732231e-01 9.723005e-01 9.644540e-01 9.603474e-01 9.570950e-01 9.521094e-01 9.557048e-01 9.614907e-01 9.631657e-01 9.582523e-01 9.586390e-01 9.612943e-01 9.584410e-01 9.498854e-01 9.497035e-01 9.541445e-01 9.632279e-01 9.701018e-01 9.737327e-01 9.704865e-01 9.777100e-01 1.000575e+00 9.984101e-01 9.850607e-01 9.776204e-01 9.812757e-01 9.743956e-01 9.678066e-01 9.759030e-01 9.814686e-01 9.823086e-01 9.882789e-01 9.887153e-01 9.791827e-01 9.786898e-01 9.813827e-01 9.793888e-01 9.778238e-01 9.805384e-01 9.848178e-01 9.945104e-01 9.955300e-01 9.876884e-01 9.941105e-01 1.001703e+00 1.003089e+00 9.967547e-01 1.000289e+00 1.015394e+00 1.025514e+00 1.022249e+00 1.014377e+00 1.017918e+00 1.018182e+00 1.014540e+00 1.011891e+00 1.013770e+00 1.021872e+00 1.026966e+00 1.028461e+00 1.026388e+00 1.018541e+00 1.009839e+00 1.005529e+00 1.007695e+00 1.009713e+00 1.002963e+00 9.950711e-01 9.952987e-01 9.959644e-01 1.001727e+00 1.010962e+00 1.016283e+00 1.018967e+00 1.015967e+00 1.000537e+00 9.898632e-01 9.954043e-01 1.005368e+00 1.009104e+00 1.009077e+00 1.007807e+00 1.006671e+00 1.002994e+00 1.000105e+00 9.995741e-01 9.981271e-01 9.945122e-01 9.894565e-01 9.853799e-01 9.819412e-01 9.745572e-01 9.692917e-01 9.697412e-01 9.695803e-01 9.747102e-01 9.857789e-01 9.966224e-01 9.971960e-01 9.958326e-01 9.998170e-01 9.969250e-01 9.854882e-01 9.810907e-01 9.747447e-01 9.621878e-01 9.594133e-01 9.737338e-01 9.807615e-01 9.777244e-01 9.740378e-01 9.660670e-01 9.545063e-01 9.479052e-01 9.510269e-01 9.583403e-01 9.588084e-01 9.530662e-01 9.515099e-01 9.521684e-01 9.630923e-01 9.737694e-01 9.692212e-01 9.546640e-01 9.397964e-01 9.344969e-01 9.159585e-01 8.982766e-01 9.092289e-01 9.561056e-01 9.954526e-01 9.785153e-01 9.798765e-01 9.712754e-01 9.487780e-01 9.509638e-01 1.003475e+00
1.002626e+00 9.775496e-01 9.903352e-01 9.720792e-01 9.942393e-01 9.901404e-01 9.969597e-01 9.993097e-01 9.935418e-01 9.993420e-01 1.004057e+00 9.921554e-01 9.795432e-01 9.674448e-01 9.711570e-01 9.715187e-01 9.692457e-01 9.688246e-01 9.701372e-01 9.697933e-01 9.613888e-01 9.551960e-01 9.609098e-01 9.625839e-01 9.593750e-01 9.564164e-01 9.640480e-01 9.723690e-01 9.736147e-01 9.749576e-01 9.794331e-01 9.813077e-01 9.760227e-01 9.677480e-01 9.760674e-01 9.832881e-01 9.755251e-01 9.585318e-01 9.424306e-01 9.465123e-01 9.513611e-01 9.558882e-01 9.629484e-01 9.599577e-01 9.490734e-01 9.457521e-01 9.457631e-01 9.359142e-01 9.177692e-01 9.035618e-01 8.942088e-01 8.977724e-01 9.029325e-01 9.007334e-01 9.023432e-01 9.063717e-01 9.062132e-01 9.036078e-01 8.982424e-01 8.873039e-01 8.824975e-01 8.813229e-01 8.825967e-01 8.968540e-01 8.983276e-01 8.920104e-01 8.906538e-01 8.907644e-01 8.894303e-01 8.815997e-01 8.820944e-01 8.897953e-01 8.952566e-01 8.959815e-01 8.951285e-01 8.921912e-01 8.868656e-01 8.925249e-01 8.941522e-01 8.935176e-01 8.849827e-01 8.789588e-01 8.802825e-01 8.847569e-01 8.896340e-01 8.959935e-01 8.936409e-01 8.944148e-01 8.952865e-01 8.925441e-01 8.980774e-01 9.046503e-01 9.130932e-01 9.156956e-01 9.229697e-01 9.188290e-01 9.103088e-01 9.083146e-01 9.245533e-01 9.379203e-01 9.408997e-01 9.436653e-01 9.485047e-01 9.502271e-01 9.507120e-01 9.534408e-01 9.590072e-01 9.583709e-01 9.579865e-01 9.624147e-01 9.578537e-01 9.548813e-01 9.542405e-01 9.511397e-01 9.447421e-01 9.427338e-01 9.493167e-01 9.586967e-01 9.698596e-01 9.822680e-01 9.828269e-01 9.664319e-01 9.599715e-01 9.689153e-01 9.746587e-01 9.735087e-01 9.705538e-01 9.666052e-01 9.665528e-01 9.688323e-01 9.715721e-01 9.686447e-01 9.623310e-01 9.616635e-01 9.666281e-01 9.785091e-01 9.837484e-01 9.775320e-01 9.772932e-01 9.948021e-01 1.002840e+00 9.918367e-01 9.861134e-01 9.880013e-01 9.861448e-01 9.789160e-01 9.783813e-01 9.852415e-01 9.883792e-01 9.940954e-01 9.985278e-01 9.913453e-01 9.896382e-01 9.892744e-01 9.803304e-01 9.741029e-01 9.786141e-01 9.781764e-01 9.838909e-01 9.932457e-01 9.939345e-01 9.855807e-01 9.808709e-01 9.825385e-01 9.834543e-01 9.788210e-01 9.898058e-01 1.008208e+00 1.014663e+00 1.006380e+00 1.005645e+00 9.998631e-01 9.932030e-01 9.854357e-01 9.874033e-01 9.982897e-01 1.007662e+00 1.008882e+00 1.013263e+00 1.016088e+00 1.013671e+00 1.012183e+00 1.011225e+00 1.012115e+00 1.011046e+00 1.001612e+00 9.942780e-01 1.000759e+00 1.009972e+00 1.014792e+00 1.014479e+00 1.010381e+00 1.014419e+00 1.018206e+00 1.005761e+00 9.962618e-01 9.949765e-01 1.002751e+00 1.006673e+00 1.007451e+00 1.006709e+00 1.003403e+00 1.002242e+00 1.006162e+00 1.010182e+00 1.011210e+00 1.007084e+00 1.003311e+00 9.993628e-01 9.931445e-01 9.883866e-01 9.835154e-01 9.824687e-01 9.814255e-01 9.795631e-01 9.804187e-01 9.882718e-01 9.955795e-01 9.992953e-01 9.952096e-01 9.855928e-01 9.793651e-01 9.772480e-01 9.744034e-01 9.756508e-01 9.740015e-01 9.759348e-01 9.818335e-01 9.822402e-01 9.790764e-01 9.714850e-01 9.667705e-01 9.543821e-01 9.502879e-01 9.547022e-01 9.522241e-01 9.466178e-01 9.483851e-01 9.625202e-01 9.768097e-01 9.833403e-01 9.847003e-01 9.665156e-01 9.466445e-01 9.243405e-01 9.090925e-01 9.108430e-01 9.238524e-01 9.616310e-01 1.000002e+00 9.833623e-01 9.775097e-01 9.797250e-01 9.753022e-01 9.874424e-01 1.005895e+00
1.026698e+00 1.014088e+00 1.027810e+00 1.026255e+00 1.024313e+00 1.028326e+00 1.031165e+00 1.033332e+00 1.027716e+00 1.015913e+00 1.013146e+00 1.007131e+00 9.973360e-01 9.904122e-01 9.925869e-01 9.929140e-01 9.943787e-01 9.975576e-01 1.000554e+00 9.963758e-01 9.859988e-01 9.846608e-01 9.830310e-01 9.770516e-01 9.810788e-01 9.904351e-01 9.920670e-01 9.994810e-01 1.003944e+00 9.949985e-01 9.859121e-01 9.792383e-01 9.878108e-01 9.980575e-01 1.006136e+00 1.012125e+00 1.008852e+00 9.850516e-01 9.572148e-01 9.593400e-01 9.805809e-01 9.961985e-01 1.003987e+00 9.944149e-01 9.779775e-01 9.697276e-01 9.636719e-01 9.483181e-01 9.427093e-01 9.331582e-01 9.291602e-01 9.351497e-01 9.479474e-01 9.538578e-01 9.580761e-01 9.504150e-01 9.354070e-01 9.307114e-01 9.278858e-01 9.259827e-01 9.296792e-01 9.326395e-01 9.275584e-01 9.232137e-01 9.252021e-01 9.304632e-01 9.448172e-01 9.435177e-01 9.287840e-01 9.225074e-01 9.263743e-01 9.320459e-01 9.353951e-01 9.340007e-01 9.244195e-01 9.285831e-01 9.387279e-01 9.449698e-01 9.400928e-01 9.302447e-01 9.154590e-01 9.050015e-01 9.042232e-01 9.142647e-01 9.334768e-01 9.506974e-01 9.507299e-01 9.461112e-01 9.421105e-01 9.332258e-01 9.305142e-01 9.454563e-01 9.612233e-01 9.675666e-01 9.745589e-01 9.792943e-01 9.778795e-01 9.783763e-01 9.844086e-01 9.951763e-01 1.000984e+00 1.003036e+00 1.004568e+00 1.004967e+00 1.005220e+00 1.003714e+00 1.006083e+00 1.005713e+00 1.005633e+00 1.005018e+00 1.004286e+00 9.999183e-01 9.933938e-01 9.984124e-01 1.001292e+00 1.002496e+00 1.006020e+00 1.007476e+00 1.015838e+00 1.025906e+00 1.022890e+00 1.011682e+00 1.003480e+00 1.010175e+00 1.020299e+00 1.017949e+00 1.014569e+00 1.007967e+00 1.004479e+00 1.010213e+00 1.009177e+00 1.002691e+00 1.002798e+00 1.003376e+00 1.006447e+00 1.014789e+00 1.017086e+00 1.011962e+00 1.013032e+00 1.018485e+00 1.020915e+00 1.020142e+00 1.021009e+00 1.023213e+00 1.016554e+00 1.011473e+00 1.012028e+00 1.004834e+00 1.007495e+00 1.015332e+00 1.015407e+00 1.012377e+00 1.015671e+00 1.020578e+00 1.022210e+00 1.023673e+00 1.020902e+00 1.011135e+00 1.014457e+00 1.024962e+00 1.026412e+00 1.026903e+00 1.023795e+00 1.014717e+00 1.008474e+00 1.005329e+00 1.013460e+00 1.026122e+00 1.028832e+00 1.033309e+00 1.034238e+00 1.031484e+00 1.027699e+00 1.019785e+00 1.012048e+00 1.015468e+00 1.028695e+00 1.034089e+00 1.036020e+00 1.037121e+00 1.032518e+00 1.031476e+00 1.032847e+00 1.035992e+00 1.040827e+00 1.042655e+00 1.041258e+00 1.038442e+00 1.035749e+00 1.037892e+00 1.035232e+00 1.034640e+00 1.034895e+00 1.036148e+00 1.032735e+00 1.029008e+00 1.028462e+00 1.027792e+00 1.029413e+00 1.029066e+00 1.027768e+00 1.029123e+00 1.029787e+00 1.033551e+00 1.033654e+00 1.029226e+00 1.029950e+00 1.031738e+00 1.035344e+00 1.034680e+00 1.029570e+00 1.019671e+00 1.018515e+00 1.026979e+00 1.030622e+00 1.028230e+00 1.021764e+00 1.014673e+00 1.010598e+00 1.010808e+00 1.017548e+00 1.023970e+00 1.022970e+00 1.020033e+00 1.015936e+00 1.006683e+00 1.002102e+00 1.007319e+00 1.007791e+00 1.007219e+00 1.004627e+00 9.988136e-01 9.908804e-01 9.851338e-01 9.817928e-01 9.777640e-01 9.676377e-01 9.733959e-01 9.901351e-01 9.961112e-01 9.852952e-01 9.876997e-01 9.806669e-01 9.583030e-01 9.448290e-01 9.202840e-01 9.182255e-01 9.142548e-01 9.320545e-01 9.641269e-01 9.719945e-01 9.552893e-01 9.719158e-01 9.995005e-01 1.005119e+00 9.934418e-01
1.010033e+00 1.001667e+00 1.013423e+00 1.012942e+00 1.007912e+00 1.015499e+00 1.031654e+00 1.034110e+00 1.010121e+00 1.000106e+00 1.005136e+00 1.007877e+00 1.000670e+00 9.920150e-01 9.788135e-01 9.739106e-01 9.806269e-01 9.850048e-01 9.882296e-01 9.851161e-01 9.790738e-01 9.777359e-01 9.732393e-01 9.656110e-01 9.691074e-01 9.758393e-01 9.736427e-01 9.744897e-01 9.813747e-01 9.829839e-01 9.814048e-01 9.774181e-01 9.840602e-01 9.875256e-01 9.943787e-01 1.009288e+00 1.015013e+00 9.970390e-01 9.657327e-01 9.490764e-01 9.428080e-01 9.493037e-01 9.710258e-01 9.862344e-01 9.874644e-01 9.872921e-01 9.721088e-01 9.511009e-01 9.494241e-01 9.462147e-01 9.380152e-01 9.400005e-01 9.523736e-01 9.698271e-01 9.746305e-01 9.651881e-01 9.528387e-01 9.444082e-01 9.362655e-01 9.351546e-01 9.443940e-01 9.476475e-01 9.423892e-01 9.273345e-01 9.193543e-01 9.286008e-01 9.400983e-01 9.356531e-01 9.237464e-01 9.211522e-01 9.253238e-01 9.295486e-01 9.349933e-01 9.387947e-01 9.329525e-01 9.307266e-01 9.333004e-01 9.290360e-01 9.265740e-01 9.288201e-01 9.173128e-01 8.995370e-01 8.966104e-01 9.041100e-01 9.167182e-01 9.226019e-01 9.313933e-01 9.436970e-01 9.407680e-01 9.305130e-01 9.355735e-01 9.432185e-01 9.376041e-01 9.420103e-01 9.624285e-01 9.751116e-01 9.685221e-01 9.590362e-01 9.533916e-01 9.606072e-01 9.767774e-01 9.889526e-01 9.975185e-01 9.989737e-01 9.924805e-01 9.915857e-01 9.993857e-01 1.003313e+00 1.000401e+00 1.001436e+00 1.002338e+00 1.003752e+00 1.003281e+00 9.956326e-01 9.890537e-01 9.864166e-01 9.834713e-01 9.877126e-01 1.003060e+00 1.016547e+00 1.013390e+00 1.003288e+00 9.983013e-01 1.006374e+00 1.015641e+00 1.013836e+00 1.011913e+00 1.003434e+00 9.956826e-01 9.953376e-01 9.998996e-01 1.004191e+00 1.009829e+00 1.015815e+00 1.019673e+00 1.019625e+00 1.017396e+00 1.018033e+00 1.013486e+00 1.008498e+00 1.011602e+00 1.016061e+00 1.013902e+00 1.010757e+00 1.013594e+00 1.020629e+00 1.022799e+00 1.016591e+00 1.016213e+00 1.017460e+00 1.015216e+00 1.016986e+00 1.025693e+00 1.029108e+00 1.029039e+00 1.025607e+00 1.023415e+00 1.027611e+00 1.035200e+00 1.036735e+00 1.037156e+00 1.035718e+00 1.035301e+00 1.034582e+00 1.027915e+00 1.017603e+00 1.020930e+00 1.025724e+00 1.029907e+00 1.042156e+00 1.050610e+00 1.048878e+00 1.044761e+00 1.042152e+00 1.033000e+00 1.030934e+00 1.038321e+00 1.042106e+00 1.040570e+00 1.040644e+00 1.043139e+00 1.045178e+00 1.049696e+00 1.057124e+00 1.058615e+00 1.057909e+00 1.054027e+00 1.053626e+00 1.056098e+00 1.058767e+00 1.057178e+00 1.053046e+00 1.051607e+00 1.056938e+00 1.056366e+00 1.053994e+00 1.054721e+00 1.052508e+00 1.051353e+00 1.045739e+00 1.040582e+00 1.040910e+00 1.040885e+00 1.040729e+00 1.038602e+00 1.036040e+00 1.034852e+00 1.037708e+00 1.037285e+00 1.034696e+00 1.028086e+00 1.018960e+00 1.020862e+00 1.030244e+00 1.033408e+00 1.031660e+00 1.029839e+00 1.027231e+00 1.020318e+00 1.015499e+00 1.016206e+00 1.018478e+00 1.020885e+00 1.021800e+00 1.016095e+00 1.014538e+00 1.011326e+00 1.005679e+00 9.987091e-01 9.986309e-01 1.007642e+00 1.011648e+00 1.012377e+00 1.006977e+00 9.992556e-01 9.928860e-01 9.803571e-01 9.776159e-01 9.882641e-01 9.980255e-01 9.914685e-01 9.920639e-01 9.782708e-01 9.740421e-01 9.732593e-01 9.461662e-01 9.286712e-01 9.032815e-01 9.128224e-01 9.401205e-01 9.389634e-01 9.240943e-01 9.751569e-01 9.905020e-01 9.891000e-01 9.789348e-01
9.928043e-01 9.977359e-01 9.909430e-01 9.797517e-01 9.638664e-01 9.762653e-01 9.927624e-01 9.971489e-01 9.878551e-01 9.764162e-01 9.693121e-01 9.750561e-01 9.793841e-01 9.753197e-01 9.611588e-01 9.506664e-01 9.527881e-01 9.601401e-01 9.605994e-01 9.580790e-01 9.566079e-01 9.581797e-01 9.541537e-01 9.447952e-01 9.420647e-01 9.420749e-01 9.448442e-01 9.449982e-01 9.476625e-01 9.566775e-01 9.660115e-01 9.750435e-01 9.779663e-01 9.766114e-01 9.698088e-01 9.748642e-01 9.790486e-01 9.746201e-01 9.644902e-01 9.558268e-01 9.642336e-01 9.700200e-01 9.611239e-01 9.610538e-01 9.660916e-01 9.665605e-01 9.532753e-01 9.448794e-01 9.467741e-01 9.517820e-01 9.472007e-01 9.444893e-01 9.513086e-01 9.558241e-01 9.553944e-01 9.528435e-01 9.504588e-01 9.496652e-01 9.426650e-01 9.361360e-01 9.398998e-01 9.443057e-01 9.321773e-01 9.198525e-01 9.138485e-01 9.186916e-01 9.233177e-01 9.221359e-01 9.167618e-01 9.125769e-01 9.087901e-01 9.148872e-01 9.216786e-01 9.198341e-01 9.178557e-01 9.173564e-01 9.274436e-01 9.245817e-01 9.173479e-01 9.097277e-01 9.006985e-01 9.002264e-01 9.019895e-01 8.994951e-01 8.993707e-01 9.025129e-01 9.089911e-01 9.228169e-01 9.278886e-01 9.268774e-01 9.302400e-01 9.330751e-01 9.238972e-01 9.259926e-01 9.414480e-01 9.503338e-01 9.457775e-01 9.324264e-01 9.244986e-01 9.329788e-01 9.431229e-01 9.460261e-01 9.490350e-01 9.486941e-01 9.466746e-01 9.509693e-01 9.587312e-01 9.663304e-01 9.703625e-01 9.737208e-01 9.758796e-01 9.789203e-01 9.796777e-01 9.713947e-01 9.625685e-01 9.610797e-01 9.602556e-01 9.655621e-01 9.765521e-01 9.833215e-01 9.861252e-01 9.836177e-01 9.862846e-01 9.901093e-01 9.868272e-01 9.873476e-01 9.839886e-01 9.808983e-01 9.832406e-01 9.845272e-01 9.904004e-01 9.956166e-01 9.951279e-01 9.982306e-01 1.000225e+00 9.979331e-01 9.986815e-01 1.000054e+00 9.987814e-01 9.919679e-01 9.913131e-01 9.909920e-01 9.840145e-01 9.807782e-01 9.814362e-01 9.871283e-01 9.930318e-01 9.932159e-01 9.928832e-01 9.875951e-01 9.838603e-01 9.814907e-01 9.831936e-01 9.870805e-01 9.867249e-01 9.835773e-01 9.763859e-01 9.792526e-01 9.850595e-01 9.862360e-01 9.902498e-01 9.944527e-01 1.000292e+00 9.953744e-01 9.840872e-01 9.778404e-01 9.836572e-01 9.870586e-01 9.919719e-01 9.935833e-01 1.001855e+00 1.006121e+00 1.008871e+00 1.009678e+00 1.005597e+00 1.002355e+00 1.002770e+00 1.001525e+00 1.003535e+00 1.009008e+00 1.011898e+00 1.012347e+00 1.017102e+00 1.022092e+00 1.026501e+00 1.033417e+00 1.034203e+00 1.031710e+00 1.031964e+00 1.036137e+00 1.037995e+00 1.037690e+00 1.031898e+00 1.031186e+00 1.035711e+00 1.038769e+00 1.044738e+00 1.045848e+00 1.044712e+00 1.041594e+00 1.039749e+00 1.034194e+00 1.027357e+00 1.021260e+00 1.022963e+00 1.026165e+00 1.025924e+00 1.023918e+00 1.024143e+00 1.025445e+00 1.015688e+00 1.006562e+00 1.009423e+00 1.014630e+00 1.016163e+00 1.011778e+00 1.009804e+00 1.009655e+00 1.007722e+00 1.002637e+00 9.924413e-01 9.891414e-01 9.934878e-01 9.941839e-01 9.906923e-01 9.921325e-01 9.950538e-01 9.928573e-01 9.871792e-01 9.891043e-01 9.974275e-01 1.000669e+00 9.988479e-01 9.941295e-01 9.840919e-01 9.804773e-01 9.824930e-01 9.854561e-01 9.850374e-01 9.813495e-01 9.803723e-01 9.828210e-01 9.859489e-01 9.914668e-01 9.783949e-01 9.543497e-01 9.238645e-01 8.989022e-01 9.147875e-01 9.451905e-01 9.209722e-01 9.345015e-01 9.744009e-01 9.895772e-01 9.808326e-01 9.936330e-01
1.009980e+00 1.024197e+00 1.020034e+00 1.008340e+00 9.911979e-01 9.967475e-01 1.001261e+00 9.994748e-01 9.806999e-01 9.727505e-01 9.703336e-01 9.766385e-01 9.817029e-01 9.808408e-01 9.773309e-01 9.740145e-01 9.748081e-01 9.702139e-01 9.624212e-01 9.604622e-01 9.615729e-01 9.583941e-01 9.623377e-01 9.667933e-01 9.694061e-01 9.688037e-01 9.687660e-01 9.598733e-01 9.548601e-01 9.516243e-01 9.615030e-01 9.767214e-01 9.810138e-01 9.827589e-01 9.797872e-01 9.711139e-01 9.591994e-01 9.494587e-01 9.466954e-01 9.480185e-01 9.551113e-01 9.580410e-01 9.534366e-01 9.557329e-01 9.601009e-01 9.624254e-01 9.616231e-01 9.595616e-01 9.523427e-01 9.402009e-01 9.414067e-01 9.448199e-01 9.439239e-01 9.400229e-01 9.424185e-01 9.485879e-01 9.489691e-01 9.414136e-01 9.309410e-01 9.245485e-01 9.261801e-01 9.297636e-01 9.294471e-01 9.292829e-01 9.308283e-01 9.251826e-01 9.207932e-01 9.201504e-01 9.213411e-01 9.171016e-01 9.150862e-01 9.169246e-01 9.180186e-01 9.153617e-01 9.162428e-01 9.219437e-01 9.205472e-01 9.130746e-01 9.089266e-01 9.083176e-01 9.086252e-01 9.106623e-01 9.092044e-01 9.075591e-01 9.062910e-01 9.099011e-01 9.140363e-01 9.159333e-01 9.216360e-01 9.325359e-01 9.371367e-01 9.358084e-01 9.352412e-01 9.353759e-01 9.461583e-01 9.557348e-01 9.536560e-01 9.457770e-01 9.376763e-01 9.385942e-01 9.429758e-01 9.505229e-01 9.591520e-01 9.618987e-01 9.620523e-01 9.661814e-01 9.696612e-01 9.733990e-01 9.737952e-01 9.702670e-01 9.714221e-01 9.816241e-01 9.897770e-01 9.849603e-01 9.805203e-01 9.819274e-01 9.914961e-01 1.000846e+00 1.002322e+00 1.003673e+00 1.005805e+00 1.006132e+00 1.001337e+00 1.005904e+00 1.011700e+00 1.012488e+00 1.011629e+00 1.015970e+00 1.014379e+00 1.011390e+00 1.015378e+00 1.016883e+00 1.015322e+00 1.016816e+00 1.018796e+00 1.016379e+00 1.013282e+00 1.013697e+00 1.013326e+00 1.010022e+00 1.006393e+00 1.006918e+00 1.009306e+00 1.011083e+00 1.009530e+00 1.003379e+00 1.001218e+00 1.004956e+00 1.004633e+00 1.001006e+00 1.004635e+00 1.005599e+00 1.003127e+00 1.003582e+00 1.005779e+00 1.004734e+00 9.976214e-01 9.992594e-01 1.003305e+00 1.001112e+00 1.002879e+00 1.002515e+00 9.965838e-01 1.000128e+00 1.008460e+00 1.004559e+00 1.005514e+00 1.008944e+00 1.010666e+00 1.013412e+00 1.017920e+00 1.015185e+00 1.007726e+00 1.003781e+00 1.006516e+00 1.010427e+00 1.011946e+00 1.014751e+00 1.018904e+00 1.024476e+00 1.029924e+00 1.032129e+00 1.033322e+00 1.032653e+00 1.033847e+00 1.034917e+00 1.032562e+00 1.032471e+00 1.037022e+00 1.039657e+00 1.038169e+00 1.034917e+00 1.033551e+00 1.028790e+00 1.030692e+00 1.036043e+00 1.037816e+00 1.037312e+00 1.031949e+00 1.026453e+00 1.023386e+00 1.021620e+00 1.017605e+00 1.014089e+00 1.013287e+00 1.010829e+00 1.009567e+00 1.007721e+00 1.004688e+00 1.007411e+00 1.005181e+00 9.996836e-01 1.000949e+00 1.000678e+00 9.940580e-01 9.902045e-01 9.887893e-01 9.880639e-01 9.850752e-01 9.829672e-01 9.814352e-01 9.829349e-01 9.853878e-01 9.867730e-01 9.852786e-01 9.830104e-01 9.856038e-01 9.870716e-01 9.815084e-01 9.799390e-01 9.880783e-01 9.880219e-01 9.791964e-01 9.762703e-01 9.775582e-01 9.788748e-01 9.837754e-01 9.883149e-01 9.919317e-01 9.901674e-01 9.944115e-01 9.977943e-01 9.914175e-01 9.757054e-01 9.597229e-01 9.708529e-01 9.676453e-01 9.425288e-01 9.274276e-01 9.554788e-01 9.213891e-01 9.513149e-01 9.504672e-01 9.993160e-01 9.687673e-01 9.989549e-01
9.917710e-01 9.959344e-01 1.008983e+00 1.009548e+00 1.012806e+00 1.007639e+00 1.002209e+00 1.005553e+00 1.013127e+00 1.002878e+00 9.924341e-01 9.966794e-01 1.001685e+00 9.971185e-01 9.899789e-01 9.873241e-01 9.860743e-01 9.815682e-01 9.769388e-01 9.772878e-01 9.763519e-01 9.729493e-01 9.695086e-01 9.673655e-01 9.700454e-01 9.733116e-01 9.763622e-01 9.674399e-01 9.581471e-01 9.549629e-01 9.593652e-01 9.690869e-01 9.764593e-01 9.768411e-01 9.789752e-01 9.778046e-01 9.735002e-01 9.706716e-01 9.654738e-01 9.625615e-01 9.641159e-01 9.572655e-01 9.529692e-01 9.526751e-01 9.487854e-01 9.409997e-01 9.336364e-01 9.325958e-01 9.365907e-01 9.387056e-01 9.360647e-01 9.316001e-01 9.255899e-01 9.248763e-01 9.259333e-01 9.233547e-01 9.244567e-01 9.299312e-01 9.280108e-01 9.217521e-01 9.199371e-01 9.200197e-01 9.207419e-01 9.193562e-01 9.181734e-01 9.148441e-01 9.108941e-01 9.070497e-01 9.060287e-01 9.026306e-01 9.010326e-01 9.035254e-01 9.048223e-01 9.054214e-01 9.087232e-01 9.108192e-01 9.093751e-01 9.030089e-01 8.976163e-01 8.978110e-01 8.975285e-01 8.960878e-01 8.959765e-01 8.984483e-01 8.987318e-01 9.023576e-01 9.057224e-01 9.066541e-01 9.039954e-01 9.042237e-01 9.134862e-01 9.263899e-01 9.343697e-01 9.381274e-01 9.421625e-01 9.452430e-01 9.403995e-01 9.333903e-01 9.345613e-01 9.442171e-01 9.530677e-01 9.552094e-01 9.610717e-01 9.696282e-01 9.694889e-01 9.658074e-01 9.657329e-01 9.666828e-01 9.751787e-01 9.837376e-01 9.856842e-01 9.855672e-01 9.891033e-01 9.925660e-01 9.938427e-01 9.902618e-01 9.925054e-01 1.000217e+00 1.005373e+00 1.008842e+00 1.009422e+00 1.009754e+00 1.007898e+00 1.009466e+00 1.012945e+00 1.012960e+00 1.011891e+00 1.014025e+00 1.016816e+00 1.012316e+00 1.009848e+00 1.011301e+00 1.017587e+00 1.021708e+00 1.021326e+00 1.019787e+00 1.022250e+00 1.026364e+00 1.027470e+00 1.023161e+00 1.022239e+00 1.021834e+00 1.021218e+00 1.020754e+00 1.014487e+00 1.005907e+00 1.006568e+00 1.012860e+00 1.016530e+00 1.014029e+00 1.012548e+00 1.013718e+00 1.014688e+00 1.012799e+00 1.009085e+00 1.006328e+00 1.004564e+00 1.003270e+00 9.994668e-01 9.991559e-01 1.000330e+00 9.994614e-01 9.982030e-01 1.000106e+00 1.010371e+00 1.015260e+00 1.015851e+00 1.019475e+00 1.022395e+00 1.019846e+00 1.016206e+00 1.010212e+00 1.007861e+00 1.012297e+00 1.016787e+00 1.021967e+00 1.022420e+00 1.027592e+00 1.032729e+00 1.038284e+00 1.040835e+00 1.036695e+00 1.031731e+00 1.031711e+00 1.034570e+00 1.037624e+00 1.036523e+00 1.036217e+00 1.037616e+00 1.041483e+00 1.044612e+00 1.042243e+00 1.033520e+00 1.031269e+00 1.033081e+00 1.033373e+00 1.033333e+00 1.032453e+00 1.027289e+00 1.020674e+00 1.015620e+00 1.015267e+00 1.015002e+00 1.012792e+00 1.013093e+00 1.005467e+00 9.984252e-01 9.950516e-01 9.957054e-01 9.963336e-01 9.954550e-01 9.987878e-01 9.966182e-01 9.971439e-01 9.958252e-01 9.871384e-01 9.813483e-01 9.812683e-01 9.798474e-01 9.813836e-01 9.812845e-01 9.770142e-01 9.717731e-01 9.685962e-01 9.670734e-01 9.742891e-01 9.783592e-01 9.831456e-01 9.824874e-01 9.733759e-01 9.714485e-01 9.782027e-01 9.787223e-01 9.796354e-01 9.803913e-01 9.755124e-01 9.787815e-01 9.902236e-01 9.942282e-01 9.863095e-01 9.793522e-01 9.790179e-01 9.769003e-01 9.596627e-01 9.425429e-01 9.554878e-01 9.627950e-01 9.553356e-01 9.481199e-01 9.575897e-01 9.346856e-01 9.376855e-01 9.434891e-01 9.962785e-01 9.625163e-01 9.805437e-01
9.939198e-01 1.007268e+00 1.009798e+00 1.008255e+00 9.905845e-01 9.875098e-01 9.847485e-01 9.852936e-01 9.875418e-01 9.867895e-01 9.834925e-01 9.787428e-01 9.793511e-01 9.825102e-01 9.802257e-01 9.794006e-01 9.778016e-01 9.719955e-01 9.662535e-01 9.625466e-01 9.524680e-01 9.409562e-01 9.397554e-01 9.414731e-01 9.457603e-01 9.520474e-01 9.506167e-01 9.444070e-01 9.412889e-01 9.391072e-01 9.411584e-01 9.478430e-01 9.573480e-01 9.617459e-01 9.610225e-01 9.615421e-01 9.660653e-01 9.605223e-01 9.490703e-01 9.485379e-01 9.522917e-01 9.515302e-01 9.507020e-01 9.538655e-01 9.509518e-01 9.428359e-01 9.360884e-01 9.331371e-01 9.366364e-01 9.378381e-01 9.359744e-01 9.319164e-01 9.277034e-01 9.236840e-01 9.215991e-01 9.180066e-01 9.197570e-01 9.269975e-01 9.322053e-01 9.317534e-01 9.254364e-01 9.172796e-01 9.151748e-01 9.128608e-01 9.126586e-01 9.154585e-01 9.132398e-01 9.119655e-01 9.101119e-01 9.101042e-01 9.116864e-01 9.129623e-01 9.127646e-01 9.152387e-01 9.162841e-01 9.122962e-01 9.089131e-01 9.043387e-01 9.030982e-01 9.058303e-01 9.053370e-01 9.014033e-01 9.013351e-01 9.051659e-01 9.101043e-01 9.140416e-01 9.123089e-01 9.089925e-01 9.103448e-01 9.105079e-01 9.110422e-01 9.193284e-01 9.302218e-01 9.354285e-01 9.379533e-01 9.403434e-01 9.393217e-01 9.397344e-01 9.440119e-01 9.490160e-01 9.545618e-01 9.570622e-01 9.605711e-01 9.665608e-01 9.678565e-01 9.678494e-01 9.676290e-01 9.691966e-01 9.754060e-01 9.839838e-01 9.927397e-01 9.912440e-01 9.895344e-01 9.937162e-01 9.992301e-01 1.004133e+00 1.006587e+00 1.009892e+00 1.014803e+00 1.019607e+00 1.019012e+00 1.013947e+00 1.011838e+00 1.010979e+00 1.009120e+00 1.011822e+00 1.017649e+00 1.021424e+00 1.022432e+00 1.021901e+00 1.020495e+00 1.021934e+00 1.024088e+00 1.024349e+00 1.024457e+00 1.025643e+00 1.026251e+00 1.027101e+00 1.028575e+00 1.027513e+00 1.027857e+00 1.027063e+00 1.021073e+00 1.014766e+00 1.011451e+00 1.008872e+00 1.010513e+00 1.015672e+00 1.018846e+00 1.022233e+00 1.022442e+00 1.015083e+00 1.012281e+00 1.012235e+00 1.007842e+00 1.008157e+00 1.010022e+00 1.006611e+00 1.002388e+00 1.003022e+00 1.001145e+00 9.984284e-01 1.000004e+00 1.005408e+00 1.012402e+00 1.010659e+00 1.012279e+00 1.021576e+00 1.025012e+00 1.017916e+00 1.011268e+00 1.005226e+00 1.002834e+00 1.005180e+00 1.006744e+00 1.007437e+00 1.018023e+00 1.027083e+00 1.028575e+00 1.026727e+00 1.027186e+00 1.028746e+00 1.028348e+00 1.028004e+00 1.028848e+00 1.027713e+00 1.029195e+00 1.031938e+00 1.030459e+00 1.030493e+00 1.033721e+00 1.036852e+00 1.034389e+00 1.032414e+00 1.030318e+00 1.027855e+00 1.026959e+00 1.027590e+00 1.023262e+00 1.014094e+00 1.013327e+00 1.019088e+00 1.016798e+00 1.007936e+00 1.005306e+00 1.001791e+00 9.994745e-01 9.982172e-01 9.912364e-01 9.800376e-01 9.790503e-01 9.809130e-01 9.793314e-01 9.788772e-01 9.758174e-01 9.701307e-01 9.683244e-01 9.688662e-01 9.673998e-01 9.651183e-01 9.661174e-01 9.646001e-01 9.634664e-01 9.672953e-01 9.703774e-01 9.620031e-01 9.593833e-01 9.699920e-01 9.750745e-01 9.733428e-01 9.746311e-01 9.842144e-01 9.894301e-01 9.899221e-01 9.865798e-01 9.832395e-01 9.832324e-01 9.920646e-01 1.000633e+00 9.956726e-01 9.840898e-01 9.871542e-01 9.880427e-01 9.784969e-01 9.676224e-01 9.661625e-01 9.649836e-01 9.596535e-01 9.787912e-01 9.664114e-01 9.599162e-01 9.463574e-01 9.748767e-01 9.769140e-01 9.794548e-01 9.666210e-01
1.018894e+00 1.015105e+00 1.030676e+00 1.037010e+00 1.026092e+00 1.011839e+00 1.008695e+00 1.012287e+00 1.015527e+00 1.010612e+00 1.006319e+00 1.001832e+00 9.982657e-01 9.960829e-01 9.931157e-01 9.954457e-01 9.969168e-01 9.920531e-01 9.896072e-01 9.908485e-01 9.923927e-01 9.892308e-01 9.825417e-01 9.767128e-01 9.787214e-01 9.832576e-01 9.801244e-01 9.789002e-01 9.817796e-01 9.844736e-01 9.883019e-01 9.864827e-01 9.834030e-01 9.862001e-01 9.879039e-01 9.863622e-01 9.906232e-01 9.872965e-01 9.795639e-01 9.812465e-01 9.860747e-01 9.873339e-01 9.810176e-01 9.737046e-01 9.722210e-01 9.742607e-01 9.714256e-01 9.596944e-01 9.509366e-01 9.446222e-01 9.413779e-01 9.487054e-01 9.608279e-01 9.656850e-01 9.619392e-01 9.581949e-01 9.550649e-01 9.537426e-01 9.508067e-01 9.481791e-01 9.440579e-01 9.409959e-01 9.442211e-01 9.498464e-01 9.503631e-01 9.499354e-01 9.497902e-01 9.455175e-01 9.402860e-01 9.377698e-01 9.407264e-01 9.415966e-01 9.435790e-01 9.489373e-01 9.454119e-01 9.408312e-01 9.366577e-01 9.385121e-01 9.440776e-01 9.445774e-01 9.418389e-01 9.386354e-01 9.379562e-01 9.366953e-01 9.397604e-01 9.470657e-01 9.513891e-01 9.548286e-01 9.594471e-01 9.614122e-01 9.629698e-01 9.649032e-01 9.713809e-01 9.800630e-01 9.869925e-01 9.904349e-01 9.959849e-01 9.994593e-01 9.994757e-01 9.984050e-01 9.988028e-01 1.000842e+00 1.006482e+00 1.013982e+00 1.022012e+00 1.026496e+00 1.027798e+00 1.027642e+00 1.027938e+00 1.030926e+00 1.031771e+00 1.030126e+00 1.028193e+00 1.028882e+00 1.030478e+00 1.033824e+00 1.035972e+00 1.033911e+00 1.032905e+00 1.031828e+00 1.029331e+00 1.027582e+00 1.028826e+00 1.028213e+00 1.025649e+00 1.021603e+00 1.021479e+00 1.022683e+00 1.022538e+00 1.020554e+00 1.016600e+00 1.013362e+00 1.012650e+00 1.010818e+00 1.009680e+00 1.012561e+00 1.014116e+00 1.013581e+00 1.013634e+00 1.011857e+00 1.013024e+00 1.015413e+00 1.011102e+00 1.005350e+00 9.994745e-01 9.983925e-01 9.981694e-01 9.997113e-01 1.001665e+00 1.002968e+00 9.995260e-01 9.921240e-01 9.898850e-01 9.887556e-01 9.889626e-01 9.932296e-01 9.958533e-01 9.902599e-01 9.870836e-01 9.897122e-01 9.897822e-01 9.907719e-01 9.927787e-01 9.940302e-01 9.927033e-01 9.839740e-01 9.827659e-01 9.921235e-01 9.981500e-01 9.963656e-01 9.985224e-01 9.983020e-01 9.976739e-01 1.000844e+00 1.001456e+00 9.958521e-01 9.956448e-01 1.003057e+00 1.008341e+00 1.006873e+00 1.005561e+00 1.002083e+00 1.002748e+00 1.008895e+00 1.013067e+00 1.013540e+00 1.019751e+00 1.022574e+00 1.021578e+00 1.020240e+00 1.020242e+00 1.017397e+00 1.012225e+00 1.012442e+00 1.016791e+00 1.019899e+00 1.017430e+00 1.016288e+00 1.011646e+00 1.003491e+00 1.001603e+00 1.004573e+00 1.002805e+00 9.942459e-01 9.869412e-01 9.794558e-01 9.761496e-01 9.768314e-01 9.748828e-01 9.741596e-01 9.744406e-01 9.724684e-01 9.712224e-01 9.676752e-01 9.654494e-01 9.634687e-01 9.598082e-01 9.580723e-01 9.581176e-01 9.582700e-01 9.607962e-01 9.582776e-01 9.547747e-01 9.572762e-01 9.580017e-01 9.538821e-01 9.551688e-01 9.630166e-01 9.653915e-01 9.628631e-01 9.628068e-01 9.691266e-01 9.777340e-01 9.825116e-01 9.804973e-01 9.775755e-01 9.702415e-01 9.682817e-01 9.772547e-01 9.795029e-01 9.719716e-01 9.862662e-01 9.971626e-01 9.867839e-01 9.841110e-01 9.837993e-01 9.942365e-01 9.940279e-01 1.002661e+00 9.810085e-01 9.539975e-01 9.610870e-01 9.771272e-01 9.631689e-01 9.745530e-01 9.620620e-01
