1.011663e+00 1.015682e+00 1.017591e+00 1.006066e+00 9.953794e-01 9.791114e-01 9.638042e-01 9.524736e-01 9.467427e-01 9.419015e-01 9.368500e-01 9.349049e-01 9.380699e-01 9.419433e-01 9.433905e-01 9.449439e-01 9.450942e-01 9.460475e-01 9.511244e-01 9.575610e-01 9.621726e-01 9.592166e-01 9.570389e-01 9.534957e-01 9.518496e-01 9.579480e-01 9.597938e-01 9.554363e-01 9.522709e-01 9.559389e-01 9.506006e-01 9.426252e-01 9.461684e-01 9.517467e-01 9.511952e-01 9.555609e-01 9.586285e-01 9.661457e-01 9.727222e-01 9.589509e-01 9.468042e-01 9.297086e-01 9.206244e-01 9.326584e-01 9.402648e-01 9.426049e-01 9.445356e-01 9.510207e-01 9.514307e-01 9.531518e-01 9.521999e-01 9.497083e-01 9.445589e-01 9.365806e-01 9.295768e-01 9.352458e-01 9.431524e-01 9.477611e-01 9.520479e-01 9.482144e-01 9.504299e-01 9.483142e-01 9.442511e-01 9.475793e-01 9.448010e-01 9.331626e-01 9.250813e-01 9.326747e-01 9.241627e-01 9.097820e-01 9.161642e-01 9.325591e-01 9.326666e-01 9.269997e-01 9.342478e-01 9.434906e-01 9.391651e-01 9.446254e-01 9.405402e-01 9.323760e-01 9.347818e-01 9.327816e-01 9.210021e-01 9.260803e-01 9.313797e-01 9.263791e-01 9.298239e-01 9.332045e-01 9.278525e-01 9.327009e-01 9.418753e-01 9.404317e-01 9.341145e-01 9.324391e-01 9.405055e-01 9.430761e-01 9.342422e-01 9.278470e-01 9.307294e-01 9.344898e-01 9.372870e-01 9.369436e-01 9.368857e-01 9.283035e-01 9.375497e-01 9.370607e-01 9.274396e-01 9.291605e-01 9.280695e-01 9.280930e-01 9.291009e-01 9.322879e-01 9.419755e-01 9.362674e-01 9.286545e-01 9.203008e-01 9.363666e-01 9.340397e-01 9.302735e-01 9.226345e-01 9.377188e-01 9.442440e-01 9.411851e-01 9.236946e-01 9.114797e-01 9.043176e-01 9.173517e-01 9.254716e-01 9.218211e-01 9.265290e-01 9.274231e-01 9.344626e-01 9.464261e-01 9.409513e-01 9.420822e-01 9.445999e-01 9.469823e-01 9.303955e-01 9.305714e-01 9.528949e-01 9.647777e-01 9.539607e-01 9.483658e-01 9.492608e-01 9.692146e-01 9.842336e-01 9.709278e-01 9.477838e-01 9.418373e-01 9.517573e-01 9.579374e-01 9.634283e-01 9.625969e-01 9.601890e-01 9.571382e-01 9.620128e-01 9.717796e-01 9.762204e-01 9.637342e-01 9.616194e-01 9.776048e-01 9.975174e-01 9.854479e-01 9.791201e-01 9.786376e-01 9.731410e-01 9.677200e-01 9.728751e-01 9.747303e-01 9.709477e-01 9.756687e-01 9.798626e-01 9.818584e-01 9.825547e-01 9.786877e-01 9.682394e-01 9.688751e-01 9.761826e-01 9.734315e-01 9.632866e-01 9.521673e-01 9.463010e-01 9.410959e-01 9.457310e-01 9.474648e-01 9.474404e-01 9.551410e-01 9.616046e-01 9.526154e-01 9.491589e-01 9.473066e-01 9.421773e-01 9.473220e-01 9.585039e-01 9.563773e-01 9.562228e-01 9.515298e-01 9.505160e-01 9.455018e-01 9.496480e-01 9.575892e-01 9.593312e-01 9.496019e-01 9.496229e-01 9.589616e-01 9.617853e-01 9.497975e-01 9.421667e-01 9.415680e-01 9.419139e-01 9.462926e-01 9.609627e-01 9.757396e-01 9.723081e-01 9.680489e-01 9.713765e-01 9.759945e-01 9.736953e-01 9.734654e-01 9.712484e-01 9.713914e-01 9.701393e-01 9.756255e-01 9.758258e-01 9.840718e-01 9.910305e-01 9.912310e-01 9.853281e-01 9.746751e-01 9.719388e-01 9.790320e-01 9.875754e-01 9.998979e-01 1.006048e+00 1.000938e+00 9.986510e-01 9.946898e-01 9.904458e-01 9.890285e-01 9.918483e-01 9.930084e-01 9.912855e-01 9.883968e-01 9.831241e-01 9.759848e-01 9.692715e-01 9.645855e-01 9.594365e-01 9.508653e-01 9.421297e-01 9.382828e-01 9.396818e-01 9.414248e-01 9.456045e-01 9.489343e-01 9.499214e-01
1.001047e+00 1.008839e+00 1.006953e+00 9.966137e-01 9.838250e-01 9.708405e-01 9.576383e-01 9.459820e-01 9.408607e-01 9.373871e-01 9.334105e-01 9.311472e-01 9.326528e-01 9.352855e-01 9.374855e-01 9.413766e-01 9.441657e-01 9.454508e-01 9.495588e-01 9.530806e-01 9.543319e-01 9.520341e-01 9.560019e-01 9.628087e-01 9.645679e-01 9.602906e-01 9.510422e-01 9.451476e-01 9.428210e-01 9.470156e-01 9.396590e-01 9.330176e-01 9.370569e-01 9.403424e-01 9.379872e-01 9.402536e-01 9.499863e-01 9.593332e-01 9.613702e-01 9.494361e-01 9.375580e-01 9.261421e-01 9.167420e-01 9.198369e-01 9.283253e-01 9.339593e-01 9.378766e-01 9.423661e-01 9.433480e-01 9.437310e-01 9.448451e-01 9.454161e-01 9.367457e-01 9.273476e-01 9.272029e-01 9.350861e-01 9.344588e-01 9.313569e-01 9.346441e-01 9.414935e-01 9.378175e-01 9.377584e-01 9.351367e-01 9.382854e-01 9.318660e-01 9.198553e-01 9.244007e-01 9.313632e-01 9.188313e-01 9.055936e-01 9.090722e-01 9.214420e-01 9.133109e-01 9.123356e-01 9.247574e-01 9.359358e-01 9.375687e-01 9.335225e-01 9.237056e-01 9.201633e-01 9.254890e-01 9.294208e-01 9.222949e-01 9.234561e-01 9.223889e-01 9.116622e-01 9.175595e-01 9.248050e-01 9.282316e-01 9.344622e-01 9.365595e-01 9.342204e-01 9.304247e-01 9.352889e-01 9.370500e-01 9.325807e-01 9.322090e-01 9.342005e-01 9.373014e-01 9.369689e-01 9.298057e-01 9.255198e-01 9.266887e-01 9.278174e-01 9.331379e-01 9.263208e-01 9.173609e-01 9.188755e-01 9.233710e-01 9.228491e-01 9.201168e-01 9.193284e-01 9.291504e-01 9.312031e-01 9.262931e-01 9.130685e-01 9.248625e-01 9.228083e-01 9.136248e-01 9.192792e-01 9.383438e-01 9.395330e-01 9.307713e-01 9.214118e-01 9.246426e-01 9.276337e-01 9.374258e-01 9.434593e-01 9.340680e-01 9.383703e-01 9.505765e-01 9.538587e-01 9.414573e-01 9.464912e-01 9.507117e-01 9.518225e-01 9.461936e-01 9.378605e-01 9.515015e-01 9.615074e-01 9.520872e-01 9.399406e-01 9.485962e-01 9.612422e-01 9.712471e-01 9.682409e-01 9.605491e-01 9.470578e-01 9.544881e-01 9.602861e-01 9.651515e-01 9.683825e-01 9.674646e-01 9.590666e-01 9.638234e-01 9.660405e-01 9.696930e-01 9.775578e-01 9.695989e-01 9.718351e-01 9.812754e-01 9.883156e-01 9.847946e-01 9.868957e-01 9.911721e-01 9.779027e-01 9.650706e-01 9.654898e-01 9.707091e-01 9.746977e-01 9.792914e-01 9.775811e-01 9.788775e-01 9.793875e-01 9.847786e-01 9.799218e-01 9.823944e-01 9.828095e-01 9.734117e-01 9.583484e-01 9.432775e-01 9.422207e-01 9.436385e-01 9.487392e-01 9.509283e-01 9.488137e-01 9.468026e-01 9.481953e-01 9.422500e-01 9.412149e-01 9.414486e-01 9.435276e-01 9.533115e-01 9.473274e-01 9.311676e-01 9.369819e-01 9.437786e-01 9.492756e-01 9.437177e-01 9.406348e-01 9.495817e-01 9.570169e-01 9.481454e-01 9.404452e-01 9.385739e-01 9.380146e-01 9.282908e-01 9.262613e-01 9.286814e-01 9.417540e-01 9.461852e-01 9.516200e-01 9.594334e-01 9.569583e-01 9.548205e-01 9.642593e-01 9.659704e-01 9.605466e-01 9.625273e-01 9.657289e-01 9.665216e-01 9.624453e-01 9.612619e-01 9.645813e-01 9.763416e-01 9.883398e-01 9.909742e-01 9.819198e-01 9.685786e-01 9.687181e-01 9.783268e-01 9.787231e-01 9.896461e-01 9.970306e-01 9.937240e-01 9.890014e-01 9.896383e-01 9.867315e-01 9.830092e-01 9.823140e-01 9.823354e-01 9.826233e-01 9.809254e-01 9.760608e-01 9.680378e-01 9.614097e-01 9.562840e-01 9.511895e-01 9.433702e-01 9.346708e-01 9.279583e-01 9.258588e-01 9.279569e-01 9.336271e-01 9.404085e-01 9.418741e-01
1.002949e+00 1.006084e+00 1.009354e+00 9.969589e-01 9.897219e-01 9.761604e-01 9.643436e-01 9.570174e-01 9.532633e-01 9.496216e-01 9.453319e-01 9.449841e-01 9.476258e-01 9.496365e-01 9.511682e-01 9.535817e-01 9.551721e-01 9.523335e-01 9.548092e-01 9.573157e-01 9.578843e-01 9.579051e-01 9.618742e-01 9.733386e-01 9.749262e-01 9.689252e-01 9.641501e-01 9.547410e-01 9.492551e-01 9.554543e-01 9.610786e-01 9.592472e-01 9.599679e-01 9.560533e-01 9.457366e-01 9.429893e-01 9.525146e-01 9.503520e-01 9.499398e-01 9.489260e-01 9.474999e-01 9.386231e-01 9.319589e-01 9.383011e-01 9.396372e-01 9.385082e-01 9.420423e-01 9.442463e-01 9.477201e-01 9.490082e-01 9.458816e-01 9.364868e-01 9.332858e-01 9.318861e-01 9.348456e-01 9.427187e-01 9.386013e-01 9.354714e-01 9.393428e-01 9.430146e-01 9.375609e-01 9.286449e-01 9.335229e-01 9.364598e-01 9.308094e-01 9.257459e-01 9.261339e-01 9.286035e-01 9.173261e-01 9.103720e-01 9.214340e-01 9.276186e-01 9.189460e-01 9.182129e-01 9.246958e-01 9.295862e-01 9.278219e-01 9.181779e-01 9.179464e-01 9.222800e-01 9.308289e-01 9.254442e-01 9.213954e-01 9.206173e-01 9.159292e-01 9.102721e-01 9.122185e-01 9.247620e-01 9.336921e-01 9.411536e-01 9.438183e-01 9.374443e-01 9.261730e-01 9.238765e-01 9.250900e-01 9.292422e-01 9.329168e-01 9.339644e-01 9.325899e-01 9.337394e-01 9.335604e-01 9.298519e-01 9.352857e-01 9.391534e-01 9.319904e-01 9.298243e-01 9.178820e-01 9.229295e-01 9.270201e-01 9.284668e-01 9.203097e-01 9.183809e-01 9.238628e-01 9.309486e-01 9.373854e-01 9.308361e-01 9.396519e-01 9.396972e-01 9.238874e-01 9.220189e-01 9.386641e-01 9.371099e-01 9.324613e-01 9.227319e-01 9.262779e-01 9.317013e-01 9.377753e-01 9.381495e-01 9.416310e-01 9.543760e-01 9.651489e-01 9.639580e-01 9.499515e-01 9.407515e-01 9.464672e-01 9.541404e-01 9.553592e-01 9.531839e-01 9.589010e-01 9.582180e-01 9.551594e-01 9.584901e-01 9.655931e-01 9.648522e-01 9.679263e-01 9.754810e-01 9.749142e-01 9.704278e-01 9.710415e-01 9.732645e-01 9.820803e-01 9.921389e-01 9.881852e-01 9.778899e-01 9.836557e-01 9.916916e-01 9.875439e-01 9.915606e-01 9.851516e-01 9.847256e-01 9.944726e-01 9.981661e-01 9.922799e-01 9.983985e-01 1.003220e+00 9.889570e-01 9.796010e-01 9.795751e-01 9.939150e-01 9.913868e-01 9.967288e-01 9.979714e-01 9.957892e-01 9.879608e-01 9.882725e-01 9.839044e-01 9.859250e-01 9.837782e-01 9.787710e-01 9.717337e-01 9.671860e-01 9.579674e-01 9.530488e-01 9.566758e-01 9.550720e-01 9.577847e-01 9.609290e-01 9.626862e-01 9.485123e-01 9.427715e-01 9.478494e-01 9.544653e-01 9.601653e-01 9.519675e-01 9.348181e-01 9.345561e-01 9.383129e-01 9.393385e-01 9.311500e-01 9.301962e-01 9.443794e-01 9.487445e-01 9.356896e-01 9.304132e-01 9.328927e-01 9.350762e-01 9.293607e-01 9.275107e-01 9.314467e-01 9.387912e-01 9.430423e-01 9.444730e-01 9.607725e-01 9.634646e-01 9.605611e-01 9.606479e-01 9.656318e-01 9.707139e-01 9.718899e-01 9.718422e-01 9.737599e-01 9.626872e-01 9.626783e-01 9.623476e-01 9.707236e-01 9.799328e-01 9.803965e-01 9.728988e-01 9.679323e-01 9.775888e-01 9.753624e-01 9.799381e-01 9.875687e-01 9.847628e-01 9.770980e-01 9.719656e-01 9.720730e-01 9.732203e-01 9.749038e-01 9.729796e-01 9.665618e-01 9.652647e-01 9.674420e-01 9.652438e-01 9.602309e-01 9.546361e-01 9.503030e-01 9.455708e-01 9.405462e-01 9.352594e-01 9.286840e-01 9.274921e-01 9.283844e-01 9.349654e-01 9.418129e-01 9.449546e-01
1.007079e+00 1.010931e+00 1.013140e+00 1.001672e+00 9.983414e-01 9.878939e-01 9.770520e-01 9.666167e-01 9.623002e-01 9.613240e-01 9.587932e-01 9.589554e-01 9.604456e-01 9.601192e-01 9.590322e-01 9.623221e-01 9.645701e-01 9.650278e-01 9.697412e-01 9.721420e-01 9.678418e-01 9.683595e-01 9.723958e-01 9.771042e-01 9.756657e-01 9.720407e-01 9.667323e-01 9.563989e-01 9.493910e-01 9.471533e-01 9.480159e-01 9.571893e-01 9.592901e-01 9.475558e-01 9.384892e-01 9.315212e-01 9.358152e-01 9.436408e-01 9.487151e-01 9.491190e-01 9.409947e-01 9.363549e-01 9.242738e-01 9.247133e-01 9.292688e-01 9.306288e-01 9.311553e-01 9.389212e-01 9.459713e-01 9.410281e-01 9.404410e-01 9.359005e-01 9.364429e-01 9.352402e-01 9.413069e-01 9.431682e-01 9.423900e-01 9.439762e-01 9.460599e-01 9.435287e-01 9.365258e-01 9.361394e-01 9.481652e-01 9.501729e-01 9.412511e-01 9.316297e-01 9.311387e-01 9.288852e-01 9.235935e-01 9.206655e-01 9.255247e-01 9.283940e-01 9.197398e-01 9.182646e-01 9.250249e-01 9.298717e-01 9.250626e-01 9.245543e-01 9.284170e-01 9.299135e-01 9.361817e-01 9.309098e-01 9.253848e-01 9.249231e-01 9.192560e-01 9.135614e-01 9.204972e-01 9.288203e-01 9.271414e-01 9.277357e-01 9.355667e-01 9.384931e-01 9.372150e-01 9.378537e-01 9.385205e-01 9.428428e-01 9.375682e-01 9.378754e-01 9.393765e-01 9.425150e-01 9.418378e-01 9.338443e-01 9.321007e-01 9.368001e-01 9.403726e-01 9.297286e-01 9.209017e-01 9.293407e-01 9.368036e-01 9.279008e-01 9.168248e-01 9.124034e-01 9.223840e-01 9.350529e-01 9.450585e-01 9.452003e-01 9.439396e-01 9.310107e-01 9.237720e-01 9.302593e-01 9.419374e-01 9.454569e-01 9.375293e-01 9.262881e-01 9.355405e-01 9.459312e-01 9.461538e-01 9.573084e-01 9.632804e-01 9.666359e-01 9.772590e-01 9.689869e-01 9.587963e-01 9.608305e-01 9.646010e-01 9.591486e-01 9.595200e-01 9.611519e-01 9.676890e-01 9.668353e-01 9.690792e-01 9.722625e-01 9.745466e-01 9.834243e-01 9.912265e-01 9.974395e-01 1.002512e+00 9.965783e-01 9.937430e-01 9.986576e-01 1.000232e+00 9.999090e-01 9.940259e-01 9.888636e-01 1.000866e+00 1.007610e+00 9.973747e-01 1.001904e+00 1.000641e+00 9.956394e-01 1.009713e+00 1.013497e+00 1.009441e+00 1.018068e+00 1.022314e+00 1.009221e+00 1.005029e+00 1.004626e+00 1.005820e+00 1.000770e+00 1.005135e+00 1.003630e+00 1.007088e+00 1.010943e+00 1.008847e+00 1.005091e+00 1.006054e+00 1.004612e+00 9.984818e-01 9.871835e-01 9.727489e-01 9.624525e-01 9.654055e-01 9.670755e-01 9.657922e-01 9.677126e-01 9.734314e-01 9.692577e-01 9.552438e-01 9.475368e-01 9.498088e-01 9.500041e-01 9.512956e-01 9.471650e-01 9.403736e-01 9.460937e-01 9.437318e-01 9.419591e-01 9.407470e-01 9.373827e-01 9.387854e-01 9.390289e-01 9.252486e-01 9.267753e-01 9.368615e-01 9.378099e-01 9.366241e-01 9.377723e-01 9.407110e-01 9.476122e-01 9.475369e-01 9.453282e-01 9.553860e-01 9.675046e-01 9.653648e-01 9.666602e-01 9.723375e-01 9.711903e-01 9.701504e-01 9.690002e-01 9.707954e-01 9.646671e-01 9.551155e-01 9.560178e-01 9.669620e-01 9.769775e-01 9.758537e-01 9.664704e-01 9.627787e-01 9.680930e-01 9.657242e-01 9.689553e-01 9.784505e-01 9.788737e-01 9.715675e-01 9.631070e-01 9.622693e-01 9.675357e-01 9.731627e-01 9.711032e-01 9.653572e-01 9.640879e-01 9.638068e-01 9.601862e-01 9.542548e-01 9.493642e-01 9.458080e-01 9.444140e-01 9.430181e-01 9.391816e-01 9.326204e-01 9.268010e-01 9.263777e-01 9.325388e-01 9.373311e-01 9.401771e-01
1.009551e+00 1.010972e+00 1.014562e+00 1.007073e+00 9.995539e-01 9.871756e-01 9.772604e-01 9.656851e-01 9.635475e-01 9.628052e-01 9.603191e-01 9.607929e-01 9.656907e-01 9.703892e-01 9.725457e-01 9.784563e-01 9.792117e-01 9.774799e-01 9.770795e-01 9.777543e-01 9.726761e-01 9.731433e-01 9.778486e-01 9.850349e-01 9.858569e-01 9.771009e-01 9.684896e-01 9.622585e-01 9.566080e-01 9.583597e-01 9.580824e-01 9.656067e-01 9.673162e-01 9.556003e-01 9.472969e-01 9.396351e-01 9.381085e-01 9.437479e-01 9.430254e-01 9.385154e-01 9.367229e-01 9.373963e-01 9.344758e-01 9.390438e-01 9.410459e-01 9.447231e-01 9.459736e-01 9.502432e-01 9.510205e-01 9.510741e-01 9.465507e-01 9.440377e-01 9.442855e-01 9.442816e-01 9.511431e-01 9.552070e-01 9.527318e-01 9.514201e-01 9.488788e-01 9.440910e-01 9.423286e-01 9.421274e-01 9.495497e-01 9.592325e-01 9.561999e-01 9.464019e-01 9.444593e-01 9.465839e-01 9.355219e-01 9.359162e-01 9.356551e-01 9.338447e-01 9.312898e-01 9.381618e-01 9.400216e-01 9.354376e-01 9.315028e-01 9.347998e-01 9.443610e-01 9.455886e-01 9.434523e-01 9.358903e-01 9.263671e-01 9.332232e-01 9.350682e-01 9.269774e-01 9.227060e-01 9.244083e-01 9.253210e-01 9.311633e-01 9.397235e-01 9.378154e-01 9.388465e-01 9.423209e-01 9.419184e-01 9.388660e-01 9.327744e-01 9.296050e-01 9.338573e-01 9.381922e-01 9.324327e-01 9.382005e-01 9.351171e-01 9.264402e-01 9.284284e-01 9.297974e-01 9.261203e-01 9.312567e-01 9.397104e-01 9.298587e-01 9.260535e-01 9.237925e-01 9.297330e-01 9.425719e-01 9.512022e-01 9.589772e-01 9.554929e-01 9.442796e-01 9.478143e-01 9.524897e-01 9.504076e-01 9.514621e-01 9.513585e-01 9.511203e-01 9.536240e-01 9.542404e-01 9.600008e-01 9.770956e-01 9.851819e-01 9.889441e-01 9.924065e-01 9.879886e-01 9.808013e-01 9.751437e-01 9.827512e-01 9.806057e-01 9.692784e-01 9.623699e-01 9.761693e-01 9.873621e-01 9.906808e-01 9.938913e-01 9.992306e-01 1.005022e+00 1.008240e+00 1.016889e+00 1.021517e+00 1.009012e+00 1.008808e+00 1.023834e+00 1.020622e+00 1.008108e+00 1.003711e+00 1.010707e+00 1.015044e+00 1.019204e+00 1.017349e+00 1.020919e+00 1.018438e+00 1.011174e+00 1.020419e+00 1.031492e+00 1.030204e+00 1.031886e+00 1.035525e+00 1.028168e+00 1.023454e+00 1.018127e+00 1.015509e+00 1.008361e+00 1.004476e+00 1.008316e+00 1.017702e+00 1.019495e+00 1.021327e+00 1.018272e+00 1.014477e+00 1.014629e+00 1.009669e+00 9.990247e-01 9.968647e-01 9.874983e-01 9.799469e-01 9.797756e-01 9.885608e-01 9.897861e-01 9.832357e-01 9.789270e-01 9.645916e-01 9.615225e-01 9.624763e-01 9.593691e-01 9.586696e-01 9.577743e-01 9.562439e-01 9.546003e-01 9.526036e-01 9.562873e-01 9.526889e-01 9.481488e-01 9.450733e-01 9.425647e-01 9.336197e-01 9.404789e-01 9.483552e-01 9.474556e-01 9.408076e-01 9.467452e-01 9.555768e-01 9.549364e-01 9.491149e-01 9.437426e-01 9.523926e-01 9.662634e-01 9.633913e-01 9.579002e-01 9.630886e-01 9.598634e-01 9.596679e-01 9.667137e-01 9.665558e-01 9.682357e-01 9.628566e-01 9.644282e-01 9.742287e-01 9.808143e-01 9.725606e-01 9.616126e-01 9.617889e-01 9.677466e-01 9.700732e-01 9.684783e-01 9.696742e-01 9.688542e-01 9.654191e-01 9.576433e-01 9.540284e-01 9.589945e-01 9.624849e-01 9.634377e-01 9.622772e-01 9.608811e-01 9.587739e-01 9.529118e-01 9.462897e-01 9.413112e-01 9.392357e-01 9.399177e-01 9.400827e-01 9.365407e-01 9.320769e-01 9.274911e-01 9.245667e-01 9.285095e-01 9.255927e-01 9.270959e-01
1.013222e+00 1.013800e+00 1.018483e+00 1.007815e+00 9.998508e-01 9.861100e-01 9.752556e-01 9.635348e-01 9.602289e-01 9.603443e-01 9.629427e-01 9.650037e-01 9.708285e-01 9.767068e-01 9.798064e-01 9.823570e-01 9.831223e-01 9.849903e-01 9.821396e-01 9.784589e-01 9.785439e-01 9.758860e-01 9.827715e-01 9.890051e-01 9.926285e-01 9.843751e-01 9.765797e-01 9.699201e-01 9.595180e-01 9.578765e-01 9.605005e-01 9.669694e-01 9.656922e-01 9.637353e-01 9.524090e-01 9.433228e-01 9.441348e-01 9.479418e-01 9.531494e-01 9.479619e-01 9.480029e-01 9.446242e-01 9.346635e-01 9.362727e-01 9.449673e-01 9.541148e-01 9.588870e-01 9.616772e-01 9.589003e-01 9.629418e-01 9.540319e-01 9.522495e-01 9.541591e-01 9.565940e-01 9.550831e-01 9.583669e-01 9.586543e-01 9.556827e-01 9.572400e-01 9.565017e-01 9.579259e-01 9.506330e-01 9.527361e-01 9.581838e-01 9.522329e-01 9.526243e-01 9.626974e-01 9.572344e-01 9.474609e-01 9.439315e-01 9.438610e-01 9.407067e-01 9.357591e-01 9.439211e-01 9.546109e-01 9.482356e-01 9.328312e-01 9.362463e-01 9.434966e-01 9.428688e-01 9.390659e-01 9.320646e-01 9.268365e-01 9.390633e-01 9.439425e-01 9.344798e-01 9.216446e-01 9.279003e-01 9.319911e-01 9.403328e-01 9.406995e-01 9.360186e-01 9.350919e-01 9.387769e-01 9.410194e-01 9.363951e-01 9.378256e-01 9.329747e-01 9.319896e-01 9.337584e-01 9.303329e-01 9.320723e-01 9.281355e-01 9.207516e-01 9.229301e-01 9.296712e-01 9.280834e-01 9.297915e-01 9.372854e-01 9.306352e-01 9.397803e-01 9.469185e-01 9.493198e-01 9.511996e-01 9.506707e-01 9.528407e-01 9.503492e-01 9.559392e-01 9.643013e-01 9.598160e-01 9.569439e-01 9.642274e-01 9.714665e-01 9.713297e-01 9.667439e-01 9.638082e-01 9.742125e-01 9.868250e-01 9.888091e-01 9.872072e-01 9.910851e-01 9.935937e-01 9.915717e-01 9.884509e-01 9.953870e-01 9.921118e-01 9.850838e-01 9.799088e-01 9.833600e-01 9.917341e-01 9.977102e-01 1.000405e+00 1.006809e+00 1.013643e+00 1.021240e+00 1.024132e+00 1.020200e+00 1.009645e+00 1.017281e+00 1.035415e+00 1.035488e+00 1.017123e+00 1.009646e+00 1.012526e+00 1.018717e+00 1.024210e+00 1.027047e+00 1.030133e+00 1.027367e+00 1.017860e+00 1.024218e+00 1.039272e+00 1.043132e+00 1.040064e+00 1.038033e+00 1.029554e+00 1.019433e+00 1.020061e+00 1.020037e+00 1.016414e+00 1.010698e+00 1.012942e+00 1.017772e+00 1.021669e+00 1.024194e+00 1.027543e+00 1.023579e+00 1.019469e+00 1.008617e+00 9.988711e-01 9.970510e-01 9.869853e-01 9.784054e-01 9.864604e-01 9.936807e-01 9.891221e-01 9.802321e-01 9.751287e-01 9.702303e-01 9.716665e-01 9.676043e-01 9.685751e-01 9.676568e-01 9.637700e-01 9.597035e-01 9.563920e-01 9.505924e-01 9.607881e-01 9.643234e-01 9.593418e-01 9.619331e-01 9.633750e-01 9.534579e-01 9.530943e-01 9.611248e-01 9.583166e-01 9.530379e-01 9.390430e-01 9.419100e-01 9.456021e-01 9.410019e-01 9.417565e-01 9.470341e-01 9.529944e-01 9.608478e-01 9.561573e-01 9.537026e-01 9.542078e-01 9.560295e-01 9.584961e-01 9.533662e-01 9.537364e-01 9.542060e-01 9.665065e-01 9.745921e-01 9.747534e-01 9.694154e-01 9.643543e-01 9.666892e-01 9.684914e-01 9.659755e-01 9.672291e-01 9.695942e-01 9.675900e-01 9.656686e-01 9.652812e-01 9.627261e-01 9.577805e-01 9.586978e-01 9.605733e-01 9.612182e-01 9.573078e-01 9.552764e-01 9.502236e-01 9.426728e-01 9.364452e-01 9.352480e-01 9.373776e-01 9.370363e-01 9.352880e-01 9.308000e-01 9.272698e-01 9.231461e-01 9.257255e-01 9.191060e-01 9.137161e-01
1.012340e+00 1.011498e+00 1.015205e+00 1.002083e+00 9.941498e-01 9.812628e-01 9.682317e-01 9.594071e-01 9.590409e-01 9.594738e-01 9.616697e-01 9.666643e-01 9.724130e-01 9.754888e-01 9.741535e-01 9.713070e-01 9.740489e-01 9.780595e-01 9.745306e-01 9.758327e-01 9.801548e-01 9.775106e-01 9.802344e-01 9.810501e-01 9.856027e-01 9.880332e-01 9.801550e-01 9.729803e-01 9.665728e-01 9.665620e-01 9.727816e-01 9.730414e-01 9.731729e-01 9.707032e-01 9.564541e-01 9.483579e-01 9.504665e-01 9.558116e-01 9.480646e-01 9.444438e-01 9.487370e-01 9.403707e-01 9.327816e-01 9.428297e-01 9.481770e-01 9.517393e-01 9.545109e-01 9.538829e-01 9.511539e-01 9.466171e-01 9.481746e-01 9.530323e-01 9.571716e-01 9.591911e-01 9.566548e-01 9.612452e-01 9.606256e-01 9.579458e-01 9.646264e-01 9.610030e-01 9.602877e-01 9.530329e-01 9.578874e-01 9.530401e-01 9.477615e-01 9.577561e-01 9.701502e-01 9.662911e-01 9.524745e-01 9.441175e-01 9.452490e-01 9.478105e-01 9.467074e-01 9.460192e-01 9.514961e-01 9.478789e-01 9.319296e-01 9.340853e-01 9.427809e-01 9.435500e-01 9.437136e-01 9.374611e-01 9.375337e-01 9.439901e-01 9.397888e-01 9.321922e-01 9.190771e-01 9.263362e-01 9.375888e-01 9.405470e-01 9.283925e-01 9.267821e-01 9.268966e-01 9.284504e-01 9.274281e-01 9.247755e-01 9.348314e-01 9.283401e-01 9.222544e-01 9.265800e-01 9.260800e-01 9.331248e-01 9.384965e-01 9.366992e-01 9.400381e-01 9.378543e-01 9.335634e-01 9.343545e-01 9.453206e-01 9.541053e-01 9.668847e-01 9.735663e-01 9.718128e-01 9.704408e-01 9.625656e-01 9.530609e-01 9.657977e-01 9.873630e-01 9.866732e-01 9.718043e-01 9.724019e-01 9.824236e-01 9.886730e-01 9.828366e-01 9.735363e-01 9.686072e-01 9.823309e-01 9.930924e-01 1.000925e+00 9.940193e-01 9.956479e-01 1.002256e+00 1.007549e+00 1.006591e+00 1.005319e+00 1.000275e+00 9.993325e-01 1.000123e+00 1.000193e+00 9.952953e-01 9.993326e-01 1.006260e+00 1.015464e+00 1.027823e+00 1.031179e+00 1.029558e+00 1.025387e+00 1.025922e+00 1.030945e+00 1.038403e+00 1.041365e+00 1.035850e+00 1.026587e+00 1.020959e+00 1.030035e+00 1.038158e+00 1.038604e+00 1.042471e+00 1.036589e+00 1.027478e+00 1.033745e+00 1.043205e+00 1.044562e+00 1.040800e+00 1.039024e+00 1.032725e+00 1.025721e+00 1.026145e+00 1.025373e+00 1.022069e+00 1.023661e+00 1.030703e+00 1.029638e+00 1.027219e+00 1.022610e+00 1.022091e+00 1.024196e+00 1.020849e+00 1.015258e+00 1.009075e+00 1.001857e+00 9.961501e-01 9.914529e-01 9.968777e-01 9.975103e-01 9.971071e-01 9.932166e-01 9.828066e-01 9.773281e-01 9.867405e-01 9.843090e-01 9.712573e-01 9.714161e-01 9.756175e-01 9.777698e-01 9.725323e-01 9.655756e-01 9.750894e-01 9.730187e-01 9.695180e-01 9.777709e-01 9.808123e-01 9.701271e-01 9.576630e-01 9.624093e-01 9.678206e-01 9.576215e-01 9.436706e-01 9.443076e-01 9.408664e-01 9.438872e-01 9.489939e-01 9.510480e-01 9.484714e-01 9.580137e-01 9.586698e-01 9.576077e-01 9.502363e-01 9.481721e-01 9.543917e-01 9.457507e-01 9.442938e-01 9.482446e-01 9.533098e-01 9.592192e-01 9.566251e-01 9.588089e-01 9.603758e-01 9.642599e-01 9.585432e-01 9.541926e-01 9.569033e-01 9.578380e-01 9.550132e-01 9.548849e-01 9.579440e-01 9.565967e-01 9.516938e-01 9.555787e-01 9.568456e-01 9.555533e-01 9.529595e-01 9.484442e-01 9.415796e-01 9.334326e-01 9.292382e-01 9.304408e-01 9.321074e-01 9.316641e-01 9.306951e-01 9.303759e-01 9.298001e-01 9.240689e-01 9.237892e-01 9.150742e-01 9.043267e-01
1.011780e+00 1.010149e+00 1.013826e+00 9.997382e-01 9.927511e-01 9.787107e-01 9.676270e-01 9.606524e-01 9.620049e-01 9.645161e-01 9.649494e-01 9.704435e-01 9.786111e-01 9.810093e-01 9.750780e-01 9.726782e-01 9.783874e-01 9.787208e-01 9.750035e-01 9.768922e-01 9.786454e-01 9.770390e-01 9.785215e-01 9.809416e-01 9.859358e-01 9.911929e-01 9.909002e-01 9.869091e-01 9.806991e-01 9.782553e-01 9.785523e-01 9.785997e-01 9.804214e-01 9.697461e-01 9.588263e-01 9.620599e-01 9.599204e-01 9.495808e-01 9.465066e-01 9.483060e-01 9.481905e-01 9.440791e-01 9.466055e-01 9.579561e-01 9.511460e-01 9.439991e-01 9.483681e-01 9.532430e-01 9.463587e-01 9.382573e-01 9.473202e-01 9.532920e-01 9.588174e-01 9.549877e-01 9.582514e-01 9.644266e-01 9.640613e-01 9.609726e-01 9.668599e-01 9.580423e-01 9.575390e-01 9.658311e-01 9.744095e-01 9.631253e-01 9.569486e-01 9.595760e-01 9.601635e-01 9.650186e-01 9.563576e-01 9.498710e-01 9.498605e-01 9.544017e-01 9.568357e-01 9.509282e-01 9.505409e-01 9.523654e-01 9.431827e-01 9.376062e-01 9.418268e-01 9.501050e-01 9.563321e-01 9.508834e-01 9.464023e-01 9.455172e-01 9.395605e-01 9.326214e-01 9.324083e-01 9.418018e-01 9.474475e-01 9.359641e-01 9.199655e-01 9.230796e-01 9.317132e-01 9.337149e-01 9.299009e-01 9.328482e-01 9.417008e-01 9.358549e-01 9.285854e-01 9.348496e-01 9.398969e-01 9.427930e-01 9.459823e-01 9.511867e-01 9.540856e-01 9.543971e-01 9.599182e-01 9.651155e-01 9.700977e-01 9.824709e-01 9.834492e-01 9.859093e-01 9.880552e-01 9.898032e-01 9.848682e-01 9.791064e-01 9.827111e-01 9.964393e-01 9.925469e-01 9.822561e-01 9.793357e-01 9.846281e-01 9.932042e-01 9.981411e-01 9.928521e-01 9.843294e-01 9.908577e-01 1.009600e+00 1.021337e+00 1.017208e+00 1.013914e+00 1.009015e+00 1.017744e+00 1.011629e+00 1.008617e+00 1.005589e+00 1.005981e+00 1.004501e+00 1.006997e+00 1.004665e+00 1.004990e+00 1.012965e+00 1.027806e+00 1.036797e+00 1.034651e+00 1.029914e+00 1.028721e+00 1.032424e+00 1.031810e+00 1.036248e+00 1.039381e+00 1.043000e+00 1.037573e+00 1.030939e+00 1.031762e+00 1.039473e+00 1.041275e+00 1.040293e+00 1.038169e+00 1.035398e+00 1.036584e+00 1.037328e+00 1.034406e+00 1.032519e+00 1.037453e+00 1.032539e+00 1.030356e+00 1.027660e+00 1.026709e+00 1.025380e+00 1.033356e+00 1.035582e+00 1.035224e+00 1.030525e+00 1.020185e+00 1.011527e+00 1.016433e+00 1.017967e+00 1.020474e+00 1.010480e+00 9.998403e-01 9.968699e-01 9.971172e-01 9.983701e-01 1.001371e+00 1.001087e+00 9.961756e-01 9.919883e-01 9.922360e-01 9.902735e-01 9.803560e-01 9.710333e-01 9.770005e-01 9.880772e-01 9.926224e-01 9.833916e-01 9.754838e-01 9.754304e-01 9.717778e-01 9.717754e-01 9.843819e-01 9.822081e-01 9.701333e-01 9.564602e-01 9.611383e-01 9.628075e-01 9.597827e-01 9.645390e-01 9.547241e-01 9.448650e-01 9.502561e-01 9.521906e-01 9.506474e-01 9.448449e-01 9.449170e-01 9.453027e-01 9.449401e-01 9.391618e-01 9.369993e-01 9.482424e-01 9.461837e-01 9.367638e-01 9.431832e-01 9.429710e-01 9.480571e-01 9.466784e-01 9.443455e-01 9.479424e-01 9.505147e-01 9.386239e-01 9.329575e-01 9.383502e-01 9.399868e-01 9.370444e-01 9.444076e-01 9.470152e-01 9.444427e-01 9.419184e-01 9.442339e-01 9.465424e-01 9.420685e-01 9.415889e-01 9.385717e-01 9.332116e-01 9.224113e-01 9.182799e-01 9.204842e-01 9.251695e-01 9.260457e-01 9.269561e-01 9.278951e-01 9.289758e-01 9.253103e-01 9.241722e-01 9.154391e-01 9.022453e-01
1.015235e+00 1.012728e+00 1.015982e+00 1.000896e+00 9.935371e-01 9.799466e-01 9.705338e-01 9.643030e-01 9.678745e-01 9.714170e-01 9.727741e-01 9.769254e-01 9.826602e-01 9.841678e-01 9.807456e-01 9.838783e-01 9.894192e-01 9.889976e-01 9.863327e-01 9.793863e-01 9.683177e-01 9.665067e-01 9.788025e-01 9.879507e-01 9.978436e-01 9.955328e-01 9.912107e-01 9.852341e-01 9.829875e-01 9.799705e-01 9.767914e-01 9.797758e-01 9.744709e-01 9.582099e-01 9.509940e-01 9.648199e-01 9.606034e-01 9.524249e-01 9.558076e-01 9.595113e-01 9.514312e-01 9.440809e-01 9.524204e-01 9.585575e-01 9.512238e-01 9.451353e-01 9.526320e-01 9.556244e-01 9.561591e-01 9.512557e-01 9.485179e-01 9.481289e-01 9.522795e-01 9.495594e-01 9.567887e-01 9.596201e-01 9.605593e-01 9.523904e-01 9.611618e-01 9.552083e-01 9.555025e-01 9.640247e-01 9.719354e-01 9.714674e-01 9.643812e-01 9.587566e-01 9.580913e-01 9.661016e-01 9.649832e-01 9.548743e-01 9.478057e-01 9.546301e-01 9.598222e-01 9.540930e-01 9.592389e-01 9.661231e-01 9.550053e-01 9.398879e-01 9.384434e-01 9.497683e-01 9.541571e-01 9.534636e-01 9.474714e-01 9.388987e-01 9.408470e-01 9.399056e-01 9.473968e-01 9.510004e-01 9.448785e-01 9.348591e-01 9.294082e-01 9.341331e-01 9.401464e-01 9.387044e-01 9.394787e-01 9.536577e-01 9.564618e-01 9.475517e-01 9.452393e-01 9.473581e-01 9.528936e-01 9.508181e-01 9.512539e-01 9.547651e-01 9.573453e-01 9.646045e-01 9.740411e-01 9.809379e-01 9.830496e-01 9.867228e-01 9.866583e-01 9.907070e-01 9.969486e-01 1.003216e+00 9.971697e-01 9.953243e-01 9.969451e-01 9.988995e-01 9.995936e-01 9.923970e-01 9.876649e-01 9.929767e-01 1.003981e+00 1.009699e+00 1.005576e+00 1.002004e+00 1.009129e+00 1.025661e+00 1.037701e+00 1.037562e+00 1.029702e+00 1.015933e+00 1.017845e+00 1.013295e+00 1.009244e+00 1.008417e+00 1.006326e+00 1.001832e+00 1.005014e+00 1.012182e+00 1.018332e+00 1.024451e+00 1.029380e+00 1.033829e+00 1.029305e+00 1.028923e+00 1.029696e+00 1.028644e+00 1.025136e+00 1.031850e+00 1.041120e+00 1.048041e+00 1.042579e+00 1.039221e+00 1.039861e+00 1.039126e+00 1.037512e+00 1.036881e+00 1.037273e+00 1.041083e+00 1.039239e+00 1.034546e+00 1.031106e+00 1.030530e+00 1.036709e+00 1.037744e+00 1.035122e+00 1.031256e+00 1.030538e+00 1.030622e+00 1.030977e+00 1.028791e+00 1.035108e+00 1.031496e+00 1.024404e+00 1.020783e+00 1.020609e+00 1.020383e+00 1.014628e+00 1.001601e+00 9.994386e-01 1.003386e+00 1.004810e+00 1.007115e+00 1.005937e+00 1.000620e+00 1.000852e+00 9.985233e-01 9.926593e-01 9.849035e-01 9.763590e-01 9.769251e-01 9.843426e-01 9.905912e-01 9.934528e-01 9.858228e-01 9.763026e-01 9.725301e-01 9.698685e-01 9.672347e-01 9.765289e-01 9.712314e-01 9.574140e-01 9.533451e-01 9.630063e-01 9.618188e-01 9.603063e-01 9.633532e-01 9.551230e-01 9.545137e-01 9.594536e-01 9.540300e-01 9.435318e-01 9.383397e-01 9.351000e-01 9.397022e-01 9.452346e-01 9.434461e-01 9.482813e-01 9.499547e-01 9.430866e-01 9.390775e-01 9.386664e-01 9.341363e-01 9.402644e-01 9.442396e-01 9.449722e-01 9.506437e-01 9.490501e-01 9.374556e-01 9.307235e-01 9.276693e-01 9.283758e-01 9.302289e-01 9.427858e-01 9.465997e-01 9.424177e-01 9.417914e-01 9.413622e-01 9.410589e-01 9.336548e-01 9.302261e-01 9.260832e-01 9.234422e-01 9.142411e-01 9.082678e-01 9.146285e-01 9.211690e-01 9.221694e-01 9.244096e-01 9.269300e-01 9.272361e-01 9.252016e-01 9.230891e-01 9.166623e-01 9.018124e-01
1.020419e+00 1.017167e+00 1.018178e+00 1.003455e+00 9.961634e-01 9.872741e-01 9.791170e-01 9.750652e-01 9.781724e-01 9.813760e-01 9.824493e-01 9.849871e-01 9.891436e-01 9.914307e-01 9.944566e-01 9.979613e-01 1.001069e+00 9.956732e-01 9.891817e-01 9.798437e-01 9.662004e-01 9.678171e-01 9.818044e-01 9.972298e-01 1.008800e+00 1.002886e+00 9.932710e-01 9.807516e-01 9.738848e-01 9.744009e-01 9.654424e-01 9.697967e-01 9.625937e-01 9.518413e-01 9.508115e-01 9.591877e-01 9.615604e-01 9.603301e-01 9.569240e-01 9.561976e-01 9.476871e-01 9.401385e-01 9.471160e-01 9.540464e-01 9.555777e-01 9.582661e-01 9.581450e-01 9.548230e-01 9.644133e-01 9.555728e-01 9.456661e-01 9.415535e-01 9.438224e-01 9.455532e-01 9.485815e-01 9.561754e-01 9.572576e-01 9.486325e-01 9.518415e-01 9.571961e-01 9.582957e-01 9.549665e-01 9.618611e-01 9.661371e-01 9.607018e-01 9.571097e-01 9.628305e-01 9.659823e-01 9.571012e-01 9.471595e-01 9.444717e-01 9.554840e-01 9.562393e-01 9.517404e-01 9.520776e-01 9.587950e-01 9.552980e-01 9.416062e-01 9.380097e-01 9.440114e-01 9.450950e-01 9.453245e-01 9.474253e-01 9.420179e-01 9.411262e-01 9.485338e-01 9.519562e-01 9.539531e-01 9.487141e-01 9.420189e-01 9.407125e-01 9.429911e-01 9.444677e-01 9.413802e-01 9.481516e-01 9.506091e-01 9.460174e-01 9.482507e-01 9.543319e-01 9.554690e-01 9.552576e-01 9.540294e-01 9.554101e-01 9.573678e-01 9.636137e-01 9.718157e-01 9.785274e-01 9.872479e-01 9.948002e-01 9.971159e-01 9.934981e-01 9.991919e-01 1.003893e+00 1.008709e+00 1.009645e+00 1.010758e+00 1.008489e+00 1.007732e+00 1.008251e+00 1.003038e+00 1.001692e+00 1.011861e+00 1.021939e+00 1.020337e+00 1.017413e+00 1.020150e+00 1.019172e+00 1.024622e+00 1.038658e+00 1.040031e+00 1.030510e+00 1.024006e+00 1.012565e+00 1.006889e+00 1.013983e+00 1.012748e+00 1.006670e+00 1.004559e+00 1.011065e+00 1.023123e+00 1.029594e+00 1.033884e+00 1.029679e+00 1.021245e+00 1.024496e+00 1.033872e+00 1.033877e+00 1.033802e+00 1.030938e+00 1.034920e+00 1.043480e+00 1.051312e+00 1.047438e+00 1.047348e+00 1.045313e+00 1.039754e+00 1.037372e+00 1.041418e+00 1.042850e+00 1.040484e+00 1.038457e+00 1.040011e+00 1.038918e+00 1.037606e+00 1.041422e+00 1.044652e+00 1.040967e+00 1.035089e+00 1.032793e+00 1.032593e+00 1.023669e+00 1.019606e+00 1.028229e+00 1.032143e+00 1.028249e+00 1.022001e+00 1.017050e+00 1.019068e+00 1.008327e+00 1.003666e+00 1.011590e+00 1.011150e+00 1.005111e+00 1.007491e+00 1.007647e+00 9.999161e-01 9.994464e-01 9.941046e-01 9.883421e-01 9.886796e-01 9.865313e-01 9.816619e-01 9.841068e-01 9.846836e-01 9.881995e-01 9.873403e-01 9.823906e-01 9.743760e-01 9.663365e-01 9.629169e-01 9.607304e-01 9.555744e-01 9.491735e-01 9.528611e-01 9.618289e-01 9.714733e-01 9.663327e-01 9.584903e-01 9.571562e-01 9.576259e-01 9.593548e-01 9.487509e-01 9.380902e-01 9.362662e-01 9.353307e-01 9.433728e-01 9.480637e-01 9.506484e-01 9.557821e-01 9.547678e-01 9.441649e-01 9.430731e-01 9.395941e-01 9.302815e-01 9.305258e-01 9.331297e-01 9.389950e-01 9.484037e-01 9.539034e-01 9.501871e-01 9.441286e-01 9.342835e-01 9.342027e-01 9.392624e-01 9.517950e-01 9.540726e-01 9.465520e-01 9.385712e-01 9.384190e-01 9.374352e-01 9.344933e-01 9.303451e-01 9.288555e-01 9.245268e-01 9.160772e-01 9.091339e-01 9.159858e-01 9.194151e-01 9.212418e-01 9.240940e-01 9.276472e-01 9.258476e-01 9.238594e-01 9.232012e-01 9.176911e-01 9.022866e-01
1.026212e+00 1.021953e+00 1.021999e+00 1.008252e+00 1.001238e+00 9.940779e-01 9.894266e-01 9.877397e-01 9.903220e-01 9.928327e-01 9.909734e-01 9.930797e-01 9.960136e-01 1.000419e+00 1.005008e+00 1.008456e+00 1.007919e+00 1.003154e+00 9.984710e-01 9.877638e-01 9.803632e-01 9.822861e-01 9.869232e-01 1.002180e+00 1.016517e+00 1.009574e+00 9.905580e-01 9.748717e-01 9.653553e-01 9.618286e-01 9.571193e-01 9.668988e-01 9.679059e-01 9.619708e-01 9.632087e-01 9.676523e-01 9.707380e-01 9.679552e-01 9.573818e-01 9.508497e-01 9.523568e-01 9.544967e-01 9.508686e-01 9.474069e-01 9.522185e-01 9.623123e-01 9.630669e-01 9.589093e-01 9.638162e-01 9.519302e-01 9.453081e-01 9.426078e-01 9.495625e-01 9.501176e-01 9.493898e-01 9.538684e-01 9.472580e-01 9.434958e-01 9.485270e-01 9.576666e-01 9.595615e-01 9.598307e-01 9.623079e-01 9.556525e-01 9.495588e-01 9.554111e-01 9.652783e-01 9.647614e-01 9.550167e-01 9.466346e-01 9.434162e-01 9.516621e-01 9.484116e-01 9.405045e-01 9.432915e-01 9.486061e-01 9.432273e-01 9.369649e-01 9.443324e-01 9.467371e-01 9.455746e-01 9.449315e-01 9.505854e-01 9.476526e-01 9.476578e-01 9.521431e-01 9.600441e-01 9.539590e-01 9.498689e-01 9.470446e-01 9.433334e-01 9.454308e-01 9.459995e-01 9.453096e-01 9.529468e-01 9.550350e-01 9.512597e-01 9.532505e-01 9.621818e-01 9.652700e-01 9.652745e-01 9.605120e-01 9.607055e-01 9.677188e-01 9.788916e-01 9.871407e-01 9.880027e-01 1.003851e+00 1.011686e+00 1.006911e+00 1.003294e+00 1.009949e+00 1.014838e+00 1.012082e+00 1.020658e+00 1.023064e+00 1.016568e+00 1.006218e+00 1.010948e+00 1.004351e+00 1.003595e+00 1.023303e+00 1.035210e+00 1.028903e+00 1.028386e+00 1.021804e+00 1.017062e+00 1.019648e+00 1.035388e+00 1.032323e+00 1.030464e+00 1.031389e+00 1.019289e+00 1.009703e+00 1.017633e+00 1.022522e+00 1.020390e+00 1.016118e+00 1.018908e+00 1.024889e+00 1.032883e+00 1.029142e+00 1.023071e+00 1.015239e+00 1.030152e+00 1.045807e+00 1.047761e+00 1.043470e+00 1.039873e+00 1.036308e+00 1.044069e+00 1.052819e+00 1.051508e+00 1.048091e+00 1.041155e+00 1.040666e+00 1.043079e+00 1.043547e+00 1.039853e+00 1.037988e+00 1.036338e+00 1.037845e+00 1.040000e+00 1.046813e+00 1.053879e+00 1.048038e+00 1.041108e+00 1.037938e+00 1.038740e+00 1.036048e+00 1.025306e+00 1.020764e+00 1.028013e+00 1.032496e+00 1.028669e+00 1.027350e+00 1.023780e+00 1.017207e+00 1.002067e+00 1.004468e+00 1.019944e+00 1.017511e+00 1.000445e+00 9.924006e-01 9.995010e-01 9.964699e-01 9.893945e-01 9.878863e-01 9.854975e-01 9.863566e-01 9.852005e-01 9.825945e-01 9.831084e-01 9.805360e-01 9.820839e-01 9.841517e-01 9.827455e-01 9.767964e-01 9.655960e-01 9.596300e-01 9.569712e-01 9.581479e-01 9.603431e-01 9.615681e-01 9.680830e-01 9.799511e-01 9.731184e-01 9.620077e-01 9.644765e-01 9.646302e-01 9.636303e-01 9.540775e-01 9.451202e-01 9.401738e-01 9.396503e-01 9.390765e-01 9.432660e-01 9.533964e-01 9.597988e-01 9.536254e-01 9.449131e-01 9.380098e-01 9.399439e-01 9.377028e-01 9.285220e-01 9.287565e-01 9.349540e-01 9.470603e-01 9.557404e-01 9.587124e-01 9.492590e-01 9.399666e-01 9.382437e-01 9.469814e-01 9.588619e-01 9.622657e-01 9.510577e-01 9.433219e-01 9.393476e-01 9.381277e-01 9.365639e-01 9.295300e-01 9.308056e-01 9.286853e-01 9.231162e-01 9.160300e-01 9.175549e-01 9.226915e-01 9.231501e-01 9.273577e-01 9.298668e-01 9.265330e-01 9.224670e-01 9.210581e-01 9.156285e-01 9.010178e-01
1.031448e+00 1.027378e+00 1.027427e+00 1.014197e+00 1.008530e+00 1.001752e+00 9.971817e-01 9.945259e-01 9.998709e-01 1.002009e+00 1.001459e+00 1.002095e+00 1.005772e+00 1.009515e+00 1.007985e+00 1.006651e+00 1.006504e+00 1.008150e+00 1.006027e+00 9.963998e-01 9.918962e-01 9.917137e-01 9.963095e-01 1.003960e+00 1.010679e+00 9.965572e-01 9.782662e-01 9.693648e-01 9.640066e-01 9.590529e-01 9.642211e-01 9.751298e-01 9.792781e-01 9.717901e-01 9.680304e-01 9.708784e-01 9.740059e-01 9.753244e-01 9.589148e-01 9.520261e-01 9.574330e-01 9.650559e-01 9.566264e-01 9.516221e-01 9.553059e-01 9.671372e-01 9.727461e-01 9.670051e-01 9.632387e-01 9.554151e-01 9.548731e-01 9.551173e-01 9.517632e-01 9.457756e-01 9.487822e-01 9.550669e-01 9.509321e-01 9.458067e-01 9.505254e-01 9.530069e-01 9.557909e-01 9.588077e-01 9.620637e-01 9.573017e-01 9.494354e-01 9.519121e-01 9.606674e-01 9.612770e-01 9.584156e-01 9.492448e-01 9.458602e-01 9.442893e-01 9.452717e-01 9.354222e-01 9.328698e-01 9.371287e-01 9.412847e-01 9.470244e-01 9.558090e-01 9.517391e-01 9.477199e-01 9.512219e-01 9.540799e-01 9.555687e-01 9.550025e-01 9.591622e-01 9.693713e-01 9.630666e-01 9.525915e-01 9.517331e-01 9.549615e-01 9.562786e-01 9.553345e-01 9.573895e-01 9.618398e-01 9.646327e-01 9.662032e-01 9.670606e-01 9.773145e-01 9.776350e-01 9.807618e-01 9.723037e-01 9.636987e-01 9.757647e-01 9.831269e-01 9.865032e-01 9.948142e-01 1.007937e+00 1.009638e+00 1.005218e+00 1.004258e+00 1.012087e+00 1.018668e+00 1.019461e+00 1.031093e+00 1.026854e+00 1.022793e+00 1.017254e+00 1.021443e+00 1.017313e+00 1.012690e+00 1.023159e+00 1.035684e+00 1.030471e+00 1.024606e+00 1.016695e+00 1.014626e+00 1.026550e+00 1.037790e+00 1.030164e+00 1.031839e+00 1.035508e+00 1.037325e+00 1.032273e+00 1.031224e+00 1.027350e+00 1.020146e+00 1.015896e+00 1.018129e+00 1.022432e+00 1.029239e+00 1.031976e+00 1.030162e+00 1.027820e+00 1.042206e+00 1.054843e+00 1.053301e+00 1.046071e+00 1.036035e+00 1.036333e+00 1.039963e+00 1.048535e+00 1.049423e+00 1.040834e+00 1.037908e+00 1.041514e+00 1.040929e+00 1.038641e+00 1.036143e+00 1.040751e+00 1.035365e+00 1.030826e+00 1.032307e+00 1.042912e+00 1.052584e+00 1.048553e+00 1.041856e+00 1.038865e+00 1.041607e+00 1.035975e+00 1.031160e+00 1.025221e+00 1.027804e+00 1.028071e+00 1.025884e+00 1.032665e+00 1.030302e+00 1.009999e+00 1.008015e+00 1.014918e+00 1.023902e+00 1.019926e+00 1.003098e+00 9.901692e-01 1.001752e+00 1.005027e+00 9.937436e-01 9.835994e-01 9.867819e-01 9.872493e-01 9.844122e-01 9.802171e-01 9.800520e-01 9.750710e-01 9.763451e-01 9.731815e-01 9.793775e-01 9.810534e-01 9.735044e-01 9.713978e-01 9.725227e-01 9.785298e-01 9.819266e-01 9.726028e-01 9.757335e-01 9.811253e-01 9.794198e-01 9.722214e-01 9.742274e-01 9.651278e-01 9.644170e-01 9.662179e-01 9.636034e-01 9.583924e-01 9.521986e-01 9.448794e-01 9.466717e-01 9.505745e-01 9.596123e-01 9.518444e-01 9.474466e-01 9.439163e-01 9.407407e-01 9.382737e-01 9.375701e-01 9.415010e-01 9.427293e-01 9.505298e-01 9.559353e-01 9.546271e-01 9.553165e-01 9.525660e-01 9.492688e-01 9.563854e-01 9.630687e-01 9.620066e-01 9.583440e-01 9.571744e-01 9.541266e-01 9.453396e-01 9.411192e-01 9.361331e-01 9.334765e-01 9.325708e-01 9.250460e-01 9.202766e-01 9.242127e-01 9.243600e-01 9.244664e-01 9.279194e-01 9.309128e-01 9.266044e-01 9.216139e-01 9.187793e-01 9.138400e-01 8.989683e-01
1.035326e+00 1.033231e+00 1.032881e+00 1.020593e+00 1.014348e+00 1.007936e+00 1.001383e+00 9.984895e-01 1.005723e+00 1.009395e+00 1.010074e+00 1.013366e+00 1.019360e+00 1.019283e+00 1.008801e+00 1.002806e+00 1.001645e+00 1.004929e+00 1.004573e+00 9.994005e-01 9.983250e-01 9.994215e-01 9.933130e-01 9.890963e-01 9.887745e-01 9.814529e-01 9.798397e-01 9.763585e-01 9.675092e-01 9.643136e-01 9.631045e-01 9.699767e-01 9.759106e-01 9.689107e-01 9.641492e-01 9.639069e-01 9.732621e-01 9.805163e-01 9.778552e-01 9.673205e-01 9.681521e-01 9.659046e-01 9.578441e-01 9.511974e-01 9.536371e-01 9.672790e-01 9.753339e-01 9.701447e-01 9.627194e-01 9.585202e-01 9.623700e-01 9.593779e-01 9.480779e-01 9.367878e-01 9.428819e-01 9.528752e-01 9.549768e-01 9.506108e-01 9.504365e-01 9.504122e-01 9.594502e-01 9.596738e-01 9.625453e-01 9.611320e-01 9.566950e-01 9.602734e-01 9.562650e-01 9.536963e-01 9.550435e-01 9.516287e-01 9.490453e-01 9.421082e-01 9.422234e-01 9.419693e-01 9.391809e-01 9.360410e-01 9.436781e-01 9.491137e-01 9.499506e-01 9.479365e-01 9.516936e-01 9.533775e-01 9.524511e-01 9.584979e-01 9.616101e-01 9.684932e-01 9.714321e-01 9.650593e-01 9.577109e-01 9.543142e-01 9.565997e-01 9.590382e-01 9.581962e-01 9.620106e-01 9.678884e-01 9.675077e-01 9.720797e-01 9.746483e-01 9.766864e-01 9.761983e-01 9.820976e-01 9.858823e-01 9.786850e-01 9.793739e-01 9.938342e-01 1.007899e+00 1.016229e+00 1.013164e+00 1.005805e+00 9.994256e-01 1.002259e+00 1.015310e+00 1.019277e+00 1.022021e+00 1.027004e+00 1.026120e+00 1.023869e+00 1.026179e+00 1.031340e+00 1.031757e+00 1.026461e+00 1.026538e+00 1.031291e+00 1.031924e+00 1.030406e+00 1.025795e+00 1.028718e+00 1.041419e+00 1.042908e+00 1.037687e+00 1.039995e+00 1.040799e+00 1.042703e+00 1.042319e+00 1.039721e+00 1.038579e+00 1.024896e+00 1.019279e+00 1.021869e+00 1.025033e+00 1.033728e+00 1.044757e+00 1.046114e+00 1.044388e+00 1.050436e+00 1.053249e+00 1.045584e+00 1.035326e+00 1.028514e+00 1.036321e+00 1.043919e+00 1.049580e+00 1.046447e+00 1.036688e+00 1.036386e+00 1.038325e+00 1.034364e+00 1.031847e+00 1.037372e+00 1.042126e+00 1.038039e+00 1.030773e+00 1.024106e+00 1.028321e+00 1.041710e+00 1.047119e+00 1.041813e+00 1.037132e+00 1.037467e+00 1.036609e+00 1.036008e+00 1.035637e+00 1.033672e+00 1.028890e+00 1.024151e+00 1.021955e+00 1.025270e+00 1.018157e+00 1.019255e+00 1.016607e+00 1.021666e+00 1.022585e+00 1.016360e+00 1.007227e+00 1.012340e+00 1.009675e+00 9.986532e-01 9.880754e-01 9.943426e-01 1.001191e+00 9.986557e-01 9.921589e-01 9.881622e-01 9.820632e-01 9.760602e-01 9.707308e-01 9.766034e-01 9.778157e-01 9.753217e-01 9.781892e-01 9.921175e-01 9.898995e-01 9.815202e-01 9.773478e-01 9.815085e-01 9.871044e-01 9.868377e-01 9.842829e-01 9.846088e-01 9.728761e-01 9.649053e-01 9.714276e-01 9.837843e-01 9.781094e-01 9.711003e-01 9.642209e-01 9.566106e-01 9.535348e-01 9.528060e-01 9.538667e-01 9.587055e-01 9.612728e-01 9.519312e-01 9.492767e-01 9.522253e-01 9.581311e-01 9.575799e-01 9.610392e-01 9.581644e-01 9.519094e-01 9.552370e-01 9.616822e-01 9.612906e-01 9.677117e-01 9.659321e-01 9.637800e-01 9.652516e-01 9.657055e-01 9.674333e-01 9.608430e-01 9.510512e-01 9.425371e-01 9.379405e-01 9.368777e-01 9.254013e-01 9.199368e-01 9.257734e-01 9.321653e-01 9.293174e-01 9.294026e-01 9.276428e-01 9.252208e-01 9.222004e-01 9.197292e-01 9.150340e-01 9.013073e-01
1.039348e+00 1.038523e+00 1.037546e+00 1.027586e+00 1.020199e+00 1.009049e+00 1.002831e+00 1.003175e+00 1.008132e+00 1.014710e+00 1.017311e+00 1.015833e+00 1.020217e+00 1.014449e+00 1.003431e+00 1.002272e+00 1.009657e+00 1.008595e+00 1.004195e+00 1.001662e+00 1.003127e+00 9.973699e-01 9.855308e-01 9.740658e-01 9.737472e-01 9.738667e-01 9.730788e-01 9.744614e-01 9.693699e-01 9.640658e-01 9.520874e-01 9.586886e-01 9.680440e-01 9.667094e-01 9.588010e-01 9.609072e-01 9.643703e-01 9.702429e-01 9.711985e-01 9.685835e-01 9.703519e-01 9.614908e-01 9.541447e-01 9.491352e-01 9.521092e-01 9.608936e-01 9.678253e-01 9.618410e-01 9.603718e-01 9.610133e-01 9.579399e-01 9.553924e-01 9.476625e-01 9.395956e-01 9.460287e-01 9.557551e-01 9.581025e-01 9.511181e-01 9.453368e-01 9.553128e-01 9.617925e-01 9.637620e-01 9.634587e-01 9.646387e-01 9.631590e-01 9.582249e-01 9.556266e-01 9.540145e-01 9.575602e-01 9.617284e-01 9.531598e-01 9.434313e-01 9.455248e-01 9.487178e-01 9.419234e-01 9.439737e-01 9.501918e-01 9.511156e-01 9.486269e-01 9.502190e-01 9.470693e-01 9.448809e-01 9.505039e-01 9.576904e-01 9.679507e-01 9.689969e-01 9.670121e-01 9.623885e-01 9.502294e-01 9.500508e-01 9.564922e-01 9.625422e-01 9.653206e-01 9.664979e-01 9.712341e-01 9.729810e-01 9.805096e-01 9.912224e-01 9.878364e-01 9.790424e-01 9.896254e-01 9.922394e-01 9.863003e-01 9.896971e-01 1.008307e+00 1.015856e+00 1.020572e+00 1.015821e+00 1.007563e+00 1.008595e+00 1.004201e+00 1.013197e+00 1.019467e+00 1.023693e+00 1.018682e+00 1.021288e+00 1.028229e+00 1.030204e+00 1.030329e+00 1.036099e+00 1.037535e+00 1.033276e+00 1.033967e+00 1.033115e+00 1.037367e+00 1.040821e+00 1.046009e+00 1.048593e+00 1.046568e+00 1.043942e+00 1.049190e+00 1.048638e+00 1.045398e+00 1.047174e+00 1.049128e+00 1.046344e+00 1.035455e+00 1.028726e+00 1.033686e+00 1.040355e+00 1.045965e+00 1.049153e+00 1.048036e+00 1.049300e+00 1.049050e+00 1.049112e+00 1.039997e+00 1.031950e+00 1.036993e+00 1.040997e+00 1.049565e+00 1.048762e+00 1.039105e+00 1.032095e+00 1.035262e+00 1.041203e+00 1.040008e+00 1.035237e+00 1.036460e+00 1.040665e+00 1.043080e+00 1.039920e+00 1.032690e+00 1.024970e+00 1.034394e+00 1.042977e+00 1.040843e+00 1.037903e+00 1.040843e+00 1.038309e+00 1.037254e+00 1.038363e+00 1.036181e+00 1.028438e+00 1.023618e+00 1.017195e+00 1.021655e+00 1.026054e+00 1.030157e+00 1.024917e+00 1.025138e+00 1.028163e+00 1.025285e+00 1.012367e+00 1.007428e+00 1.005697e+00 1.002988e+00 9.965981e-01 1.001853e+00 1.010079e+00 1.010057e+00 1.003964e+00 9.949725e-01 9.901652e-01 9.831575e-01 9.766328e-01 9.768224e-01 9.771428e-01 9.811673e-01 9.853284e-01 9.892820e-01 9.873333e-01 9.845087e-01 9.848982e-01 9.945486e-01 9.971834e-01 9.963865e-01 9.928638e-01 9.846634e-01 9.762765e-01 9.701858e-01 9.743189e-01 9.894311e-01 9.889538e-01 9.859022e-01 9.777817e-01 9.647565e-01 9.574555e-01 9.569318e-01 9.571537e-01 9.671144e-01 9.724810e-01 9.669639e-01 9.592110e-01 9.682758e-01 9.753189e-01 9.732109e-01 9.640136e-01 9.540539e-01 9.563413e-01 9.618844e-01 9.702915e-01 9.695317e-01 9.757686e-01 9.759025e-01 9.709117e-01 9.709989e-01 9.730176e-01 9.753081e-01 9.751607e-01 9.607081e-01 9.501814e-01 9.428533e-01 9.446184e-01 9.322764e-01 9.230582e-01 9.318779e-01 9.401525e-01 9.353570e-01 9.298096e-01 9.255571e-01 9.220765e-01 9.206368e-01 9.196882e-01 9.156221e-01 9.056751e-01
1.041868e+00 1.040748e+00 1.039607e+00 1.032747e+00 1.023874e+00 1.012500e+00 1.007154e+00 1.006137e+00 1.012023e+00 1.018857e+00 1.017276e+00 1.013060e+00 1.013732e+00 1.006004e+00 9.999097e-01 1.010062e+00 1.018802e+00 1.007670e+00 1.002946e+00 1.003234e+00 1.004257e+00 9.957293e-01 9.817054e-01 9.729447e-01 9.721311e-01 9.729048e-01 9.743174e-01 9.755741e-01 9.714794e-01 9.580257e-01 9.517899e-01 9.551167e-01 9.587092e-01 9.542984e-01 9.541844e-01 9.547758e-01 9.527296e-01 9.525651e-01 9.531299e-01 9.654307e-01 9.659626e-01 9.551281e-01 9.486098e-01 9.516241e-01 9.560421e-01 9.538686e-01 9.523097e-01 9.545753e-01 9.554008e-01 9.574760e-01 9.543117e-01 9.516420e-01 9.468300e-01 9.514532e-01 9.603620e-01 9.619668e-01 9.558986e-01 9.520239e-01 9.491986e-01 9.682007e-01 9.695531e-01 9.650353e-01 9.647328e-01 9.671819e-01 9.686471e-01 9.528002e-01 9.514390e-01 9.565350e-01 9.601946e-01 9.617351e-01 9.567366e-01 9.547121e-01 9.538481e-01 9.501090e-01 9.451099e-01 9.526947e-01 9.604484e-01 9.620128e-01 9.548439e-01 9.498552e-01 9.404109e-01 9.385459e-01 9.468626e-01 9.551277e-01 9.698567e-01 9.698882e-01 9.639282e-01 9.674960e-01 9.601257e-01 9.513173e-01 9.630506e-01 9.690522e-01 9.714696e-01 9.704661e-01 9.788058e-01 9.842048e-01 9.892269e-01 9.936923e-01 9.963381e-01 9.926518e-01 9.968404e-01 1.000165e+00 9.975279e-01 9.994430e-01 1.012542e+00 1.013420e+00 1.012858e+00 1.011288e+00 1.014763e+00 1.022559e+00 1.017050e+00 1.016604e+00 1.024839e+00 1.024469e+00 1.020391e+00 1.016215e+00 1.025503e+00 1.035673e+00 1.033646e+00 1.038382e+00 1.041001e+00 1.041382e+00 1.035426e+00 1.032628e+00 1.042516e+00 1.051550e+00 1.052844e+00 1.045197e+00 1.041989e+00 1.046872e+00 1.054001e+00 1.049973e+00 1.048187e+00 1.048630e+00 1.054801e+00 1.054206e+00 1.042888e+00 1.037035e+00 1.042897e+00 1.049045e+00 1.049255e+00 1.043849e+00 1.044519e+00 1.048431e+00 1.050516e+00 1.044133e+00 1.036135e+00 1.033567e+00 1.041748e+00 1.045063e+00 1.045889e+00 1.041700e+00 1.031914e+00 1.028666e+00 1.035957e+00 1.042812e+00 1.042107e+00 1.038523e+00 1.035622e+00 1.038183e+00 1.042158e+00 1.041202e+00 1.033636e+00 1.028869e+00 1.030232e+00 1.037868e+00 1.036517e+00 1.035859e+00 1.038078e+00 1.037288e+00 1.033053e+00 1.028895e+00 1.024209e+00 1.021552e+00 1.020838e+00 1.022072e+00 1.027674e+00 1.024986e+00 1.022619e+00 1.025858e+00 1.026911e+00 1.030409e+00 1.025215e+00 1.012584e+00 1.004418e+00 1.004763e+00 1.001978e+00 9.972066e-01 9.990802e-01 1.005919e+00 1.009073e+00 1.008035e+00 9.972496e-01 9.906217e-01 9.934831e-01 9.845840e-01 9.813271e-01 9.816197e-01 9.840934e-01 9.823813e-01 9.789842e-01 9.863737e-01 9.880349e-01 9.879874e-01 9.918267e-01 9.914548e-01 9.884400e-01 9.795663e-01 9.723832e-01 9.709995e-01 9.662204e-01 9.734631e-01 9.791948e-01 9.777623e-01 9.831174e-01 9.803241e-01 9.694938e-01 9.622146e-01 9.608032e-01 9.613203e-01 9.684708e-01 9.776498e-01 9.780114e-01 9.715061e-01 9.780704e-01 9.881908e-01 9.794797e-01 9.676655e-01 9.612526e-01 9.661084e-01 9.701635e-01 9.746547e-01 9.738556e-01 9.774675e-01 9.790550e-01 9.736667e-01 9.777111e-01 9.719259e-01 9.742588e-01 9.782137e-01 9.629346e-01 9.569653e-01 9.472049e-01 9.426235e-01 9.379908e-01 9.281799e-01 9.349608e-01 9.460573e-01 9.408369e-01 9.320669e-01 9.243991e-01 9.199169e-01 9.163609e-01 9.164054e-01 9.146612e-01 9.074677e-01
1.041958e+00 1.040654e+00 1.040372e+00 1.032234e+00 1.022045e+00 1.013877e+00 1.010357e+00 1.009127e+00 1.013919e+00 1.016248e+00 1.011628e+00 1.007754e+00 1.007796e+00 9.999404e-01 9.967934e-01 1.007709e+00 1.009737e+00 9.949005e-01 9.875610e-01 9.914765e-01 9.914443e-01 9.855289e-01 9.751028e-01 9.673923e-01 9.694806e-01 9.705763e-01 9.751849e-01 9.736827e-01 9.621089e-01 9.474482e-01 9.456524e-01 9.438783e-01 9.412765e-01 9.461482e-01 9.508654e-01 9.461559e-01 9.400057e-01 9.477063e-01 9.530197e-01 9.631549e-01 9.621876e-01 9.487042e-01 9.484471e-01 9.548349e-01 9.506451e-01 9.407933e-01 9.469663e-01 9.551337e-01 9.600374e-01 9.607823e-01 9.542831e-01 9.512179e-01 9.535319e-01 9.557977e-01 9.646649e-01 9.618534e-01 9.574224e-01 9.542432e-01 9.571288e-01 9.716744e-01 9.754481e-01 9.666833e-01 9.665222e-01 9.704220e-01 9.701818e-01 9.589348e-01 9.539866e-01 9.599703e-01 9.587576e-01 9.597347e-01 9.624323e-01 9.638957e-01 9.608558e-01 9.575704e-01 9.522743e-01 9.528368e-01 9.557306e-01 9.620588e-01 9.582801e-01 9.512302e-01 9.513050e-01 9.491234e-01 9.488843e-01 9.534752e-01 9.605526e-01 9.654286e-01 9.687766e-01 9.803292e-01 9.789746e-01 9.650791e-01 9.690602e-01 9.799752e-01 9.834481e-01 9.793976e-01 9.891372e-01 9.895011e-01 9.856971e-01 9.848213e-01 9.965414e-01 1.002344e+00 1.008014e+00 1.008936e+00 9.987915e-01 1.003241e+00 1.011353e+00 1.014312e+00 1.012134e+00 1.017906e+00 1.023135e+00 1.030125e+00 1.024604e+00 1.015970e+00 1.020875e+00 1.017757e+00 1.021683e+00 1.026156e+00 1.039642e+00 1.044181e+00 1.040578e+00 1.038421e+00 1.046362e+00 1.045640e+00 1.037237e+00 1.037348e+00 1.048116e+00 1.054927e+00 1.053436e+00 1.044821e+00 1.044103e+00 1.048232e+00 1.051015e+00 1.051999e+00 1.050085e+00 1.048487e+00 1.052557e+00 1.057373e+00 1.047593e+00 1.039639e+00 1.044537e+00 1.048496e+00 1.043711e+00 1.040162e+00 1.042083e+00 1.040051e+00 1.040622e+00 1.039799e+00 1.034293e+00 1.035464e+00 1.039435e+00 1.042480e+00 1.034000e+00 1.028376e+00 1.027734e+00 1.035610e+00 1.039294e+00 1.039974e+00 1.038141e+00 1.035496e+00 1.026144e+00 1.024654e+00 1.032401e+00 1.037045e+00 1.035117e+00 1.027313e+00 1.021975e+00 1.027766e+00 1.028800e+00 1.026808e+00 1.026963e+00 1.029591e+00 1.026631e+00 1.022625e+00 1.019970e+00 1.016492e+00 1.019824e+00 1.022132e+00 1.022350e+00 1.019823e+00 1.020938e+00 1.024737e+00 1.030339e+00 1.026417e+00 1.021551e+00 1.015942e+00 1.014907e+00 1.013745e+00 1.000190e+00 9.865404e-01 9.880855e-01 9.986330e-01 1.001709e+00 1.001547e+00 9.956104e-01 9.927624e-01 9.931477e-01 9.852962e-01 9.847682e-01 9.822121e-01 9.789917e-01 9.770768e-01 9.827312e-01 9.929620e-01 9.910699e-01 9.873461e-01 9.816114e-01 9.810042e-01 9.801569e-01 9.707223e-01 9.647388e-01 9.674264e-01 9.670295e-01 9.725633e-01 9.775670e-01 9.707099e-01 9.807444e-01 9.898849e-01 9.802204e-01 9.657553e-01 9.607924e-01 9.588223e-01 9.602793e-01 9.771226e-01 9.809642e-01 9.786692e-01 9.809048e-01 9.883326e-01 9.787854e-01 9.703226e-01 9.713424e-01 9.781677e-01 9.777170e-01 9.724111e-01 9.785407e-01 9.802971e-01 9.787921e-01 9.785368e-01 9.781659e-01 9.646468e-01 9.650470e-01 9.721618e-01 9.627935e-01 9.538315e-01 9.467310e-01 9.398552e-01 9.371591e-01 9.349884e-01 9.397863e-01 9.532731e-01 9.532455e-01 9.392477e-01 9.249485e-01 9.194921e-01 9.135520e-01 9.138518e-01 9.124086e-01 9.093326e-01
1.042127e+00 1.041128e+00 1.040245e+00 1.029247e+00 1.019324e+00 1.012684e+00 1.010368e+00 1.009200e+00 1.010907e+00 1.012070e+00 1.009508e+00 1.006135e+00 1.002235e+00 9.996029e-01 9.984480e-01 1.001797e+00 1.001953e+00 9.913687e-01 9.818639e-01 9.813581e-01 9.854544e-01 9.794323e-01 9.750273e-01 9.655356e-01 9.677054e-01 9.691401e-01 9.742332e-01 9.710712e-01 9.522716e-01 9.398161e-01 9.418458e-01 9.416345e-01 9.455056e-01 9.498363e-01 9.519862e-01 9.469147e-01 9.329090e-01 9.406554e-01 9.440823e-01 9.472625e-01 9.507548e-01 9.500586e-01 9.512085e-01 9.557153e-01 9.444652e-01 9.373141e-01 9.429514e-01 9.525536e-01 9.663358e-01 9.657326e-01 9.608620e-01 9.634719e-01 9.606389e-01 9.523983e-01 9.581399e-01 9.677617e-01 9.649891e-01 9.595258e-01 9.596701e-01 9.647011e-01 9.688061e-01 9.650623e-01 9.667823e-01 9.650473e-01 9.645832e-01 9.592213e-01 9.629509e-01 9.652754e-01 9.645151e-01 9.649279e-01 9.675425e-01 9.614112e-01 9.617789e-01 9.615403e-01 9.511809e-01 9.438345e-01 9.502631e-01 9.591622e-01 9.603230e-01 9.640772e-01 9.668573e-01 9.606448e-01 9.597093e-01 9.596480e-01 9.559755e-01 9.617458e-01 9.753530e-01 9.958371e-01 9.959514e-01 9.801261e-01 9.743387e-01 9.883587e-01 9.910489e-01 9.916559e-01 9.966801e-01 9.949292e-01 9.888837e-01 9.844212e-01 9.928212e-01 1.008339e+00 1.015680e+00 1.015310e+00 1.001954e+00 1.003472e+00 1.005836e+00 1.009524e+00 1.015562e+00 1.025466e+00 1.027562e+00 1.031755e+00 1.026146e+00 1.012134e+00 1.016306e+00 1.022496e+00 1.028674e+00 1.037708e+00 1.045797e+00 1.046980e+00 1.045008e+00 1.045521e+00 1.047928e+00 1.042335e+00 1.038719e+00 1.045010e+00 1.049231e+00 1.050430e+00 1.046807e+00 1.044868e+00 1.048370e+00 1.047849e+00 1.046383e+00 1.049235e+00 1.046310e+00 1.044960e+00 1.051777e+00 1.054597e+00 1.049563e+00 1.046188e+00 1.047854e+00 1.046212e+00 1.041413e+00 1.041669e+00 1.039899e+00 1.034008e+00 1.038511e+00 1.045066e+00 1.042191e+00 1.039558e+00 1.035576e+00 1.034084e+00 1.024877e+00 1.020958e+00 1.027430e+00 1.038185e+00 1.037941e+00 1.031613e+00 1.030095e+00 1.024735e+00 1.017869e+00 1.017372e+00 1.019632e+00 1.029894e+00 1.037201e+00 1.028191e+00 1.021462e+00 1.019254e+00 1.021304e+00 1.022893e+00 1.020405e+00 1.021709e+00 1.021464e+00 1.020613e+00 1.020430e+00 1.011743e+00 1.006946e+00 1.015304e+00 1.016242e+00 1.014290e+00 1.019942e+00 1.025088e+00 1.026841e+00 1.022234e+00 1.016699e+00 1.013638e+00 1.018123e+00 1.015569e+00 1.002190e+00 9.829128e-01 9.777290e-01 9.890390e-01 9.986623e-01 1.003392e+00 1.002663e+00 9.985645e-01 9.892355e-01 9.801680e-01 9.808011e-01 9.752949e-01 9.676372e-01 9.713545e-01 9.801305e-01 9.868695e-01 9.879438e-01 9.852164e-01 9.819645e-01 9.916343e-01 9.912230e-01 9.743484e-01 9.631925e-01 9.679752e-01 9.740781e-01 9.774564e-01 9.725853e-01 9.657386e-01 9.794088e-01 9.908666e-01 9.852729e-01 9.752542e-01 9.663404e-01 9.609147e-01 9.615664e-01 9.677223e-01 9.779162e-01 9.833246e-01 9.865918e-01 9.862320e-01 9.764093e-01 9.716685e-01 9.790148e-01 9.776272e-01 9.689589e-01 9.632031e-01 9.742971e-01 9.820707e-01 9.817991e-01 9.855516e-01 9.778327e-01 9.623249e-01 9.599115e-01 9.674746e-01 9.659606e-01 9.546626e-01 9.482845e-01 9.455319e-01 9.395088e-01 9.377593e-01 9.431237e-01 9.577337e-01 9.587382e-01 9.458514e-01 9.325976e-01 9.232993e-01 9.148694e-01 9.123942e-01 9.102646e-01 9.099939e-01
1.041341e+00 1.041058e+00 1.040103e+00 1.030177e+00 1.020611e+00 1.014414e+00 1.009963e+00 1.007619e+00 1.007860e+00 1.014817e+00 1.011888e+00 1.008053e+00 1.006085e+00 1.003114e+00 1.002465e+00 1.000372e+00 9.996454e-01 9.886782e-01 9.821342e-01 9.820771e-01 9.856830e-01 9.707098e-01 9.613128e-01 9.637830e-01 9.652987e-01 9.688169e-01 9.706149e-01 9.638945e-01 9.435955e-01 9.317709e-01 9.361982e-01 9.483789e-01 9.562516e-01 9.596072e-01 9.539335e-01 9.411957e-01 9.331577e-01 9.392089e-01 9.417965e-01 9.398848e-01 9.415998e-01 9.491953e-01 9.516245e-01 9.607122e-01 9.554305e-01 9.470881e-01 9.470396e-01 9.555157e-01 9.699972e-01 9.681407e-01 9.695981e-01 9.689309e-01 9.633715e-01 9.530648e-01 9.604234e-01 9.716524e-01 9.735696e-01 9.680325e-01 9.661752e-01 9.636944e-01 9.631394e-01 9.634656e-01 9.635285e-01 9.543445e-01 9.548835e-01 9.576235e-01 9.650926e-01 9.714679e-01 9.784163e-01 9.760201e-01 9.676197e-01 9.622408e-01 9.678449e-01 9.683006e-01 9.591806e-01 9.547613e-01 9.626163e-01 9.631639e-01 9.653224e-01 9.719440e-01 9.695740e-01 9.651775e-01 9.671441e-01 9.722396e-01 9.632444e-01 9.643995e-01 9.852722e-01 1.004412e+00 1.003952e+00 9.910542e-01 9.813802e-01 9.917039e-01 9.971715e-01 9.909664e-01 9.921657e-01 9.975916e-01 9.977034e-01 9.963545e-01 9.972725e-01 1.011127e+00 1.021277e+00 1.019686e+00 1.012272e+00 1.007007e+00 1.004026e+00 1.009430e+00 1.017868e+00 1.025370e+00 1.028994e+00 1.032812e+00 1.022242e+00 1.017353e+00 1.027416e+00 1.028297e+00 1.026981e+00 1.038130e+00 1.046421e+00 1.044934e+00 1.043554e+00 1.046581e+00 1.046377e+00 1.040122e+00 1.044533e+00 1.051470e+00 1.050140e+00 1.046969e+00 1.047924e+00 1.050781e+00 1.050958e+00 1.048542e+00 1.048389e+00 1.049350e+00 1.043235e+00 1.042655e+00 1.049031e+00 1.052476e+00 1.052127e+00 1.048920e+00 1.050077e+00 1.045830e+00 1.043723e+00 1.048019e+00 1.047173e+00 1.040200e+00 1.044373e+00 1.051985e+00 1.047335e+00 1.034250e+00 1.029404e+00 1.035609e+00 1.031507e+00 1.022400e+00 1.027640e+00 1.031607e+00 1.026339e+00 1.024310e+00 1.023932e+00 1.018702e+00 1.015338e+00 1.013164e+00 1.014336e+00 1.025742e+00 1.034510e+00 1.033710e+00 1.031087e+00 1.023570e+00 1.023486e+00 1.027074e+00 1.022228e+00 1.022038e+00 1.020458e+00 1.017543e+00 1.014346e+00 1.009675e+00 1.007896e+00 1.009835e+00 1.010797e+00 1.014508e+00 1.013556e+00 1.008488e+00 1.009208e+00 1.013546e+00 1.008451e+00 1.004839e+00 1.008904e+00 1.013976e+00 1.000575e+00 9.807861e-01 9.716309e-01 9.821863e-01 9.930758e-01 9.974102e-01 1.002080e+00 9.920020e-01 9.829105e-01 9.787582e-01 9.763985e-01 9.694869e-01 9.683349e-01 9.724424e-01 9.783432e-01 9.746088e-01 9.779001e-01 9.796289e-01 9.812005e-01 9.902508e-01 9.900320e-01 9.805128e-01 9.712512e-01 9.773893e-01 9.781842e-01 9.761593e-01 9.737890e-01 9.706992e-01 9.746208e-01 9.832286e-01 9.822820e-01 9.799111e-01 9.711943e-01 9.665894e-01 9.640842e-01 9.658779e-01 9.744011e-01 9.899726e-01 9.933383e-01 9.878572e-01 9.791631e-01 9.740794e-01 9.743441e-01 9.732638e-01 9.717932e-01 9.695741e-01 9.720470e-01 9.744710e-01 9.810438e-01 9.868519e-01 9.783959e-01 9.631755e-01 9.608179e-01 9.666286e-01 9.700333e-01 9.584821e-01 9.507782e-01 9.478892e-01 9.418721e-01 9.399344e-01 9.520755e-01 9.627209e-01 9.584916e-01 9.455960e-01 9.362400e-01 9.271140e-01 9.162420e-01 9.096185e-01 9.069086e-01 9.071814e-01
1.040364e+00 1.040240e+00 1.039865e+00 1.029906e+00 1.021484e+00 1.015664e+00 1.013029e+00 1.011166e+00 1.012944e+00 1.019760e+00 1.020711e+00 1.012533e+00 1.007049e+00 1.004277e+00 1.000384e+00 9.961922e-01 9.968488e-01 9.891220e-01 9.804024e-01 9.758189e-01 9.720048e-01 9.552661e-01 9.483171e-01 9.557892e-01 9.613932e-01 9.596273e-01 9.548207e-01 9.494542e-01 9.339092e-01 9.237182e-01 9.308666e-01 9.445848e-01 9.555055e-01 9.621041e-01 9.503778e-01 9.384767e-01 9.320968e-01 9.381176e-01 9.428765e-01 9.426219e-01 9.474601e-01 9.499119e-01 9.557833e-01 9.647500e-01 9.653268e-01 9.554163e-01 9.509493e-01 9.556555e-01 9.687258e-01 9.729879e-01 9.748604e-01 9.755421e-01 9.674542e-01 9.593268e-01 9.620003e-01 9.690372e-01 9.707826e-01 9.690393e-01 9.699733e-01 9.662238e-01 9.631857e-01 9.673925e-01 9.602574e-01 9.489773e-01 9.504542e-01 9.640308e-01 9.795190e-01 9.900787e-01 9.901127e-01 9.803635e-01 9.714363e-01 9.630623e-01 9.663374e-01 9.694868e-01 9.654793e-01 9.710923e-01 9.687278e-01 9.714134e-01 9.765594e-01 9.754092e-01 9.646174e-01 9.630924e-01 9.737716e-01 9.831787e-01 9.751087e-01 9.756883e-01 9.913776e-01 9.978750e-01 1.002075e+00 9.994428e-01 9.901289e-01 9.918382e-01 9.947331e-01 9.891233e-01 9.915109e-01 9.990424e-01 9.989421e-01 1.000369e+00 1.005942e+00 1.014132e+00 1.019132e+00 1.017907e+00 1.009980e+00 1.007463e+00 1.001554e+00 1.006773e+00 1.023272e+00 1.033375e+00 1.031849e+00 1.025606e+00 1.015182e+00 1.023517e+00 1.030007e+00 1.026391e+00 1.027025e+00 1.037842e+00 1.044664e+00 1.041574e+00 1.039590e+00 1.042805e+00 1.048680e+00 1.044789e+00 1.047289e+00 1.051114e+00 1.048858e+00 1.046464e+00 1.049783e+00 1.050744e+00 1.050026e+00 1.049916e+00 1.050944e+00 1.050291e+00 1.040933e+00 1.039245e+00 1.043243e+00 1.050405e+00 1.050634e+00 1.046848e+00 1.042421e+00 1.041405e+00 1.040775e+00 1.046041e+00 1.048109e+00 1.042587e+00 1.042236e+00 1.047097e+00 1.040219e+00 1.029727e+00 1.027537e+00 1.035658e+00 1.041113e+00 1.033264e+00 1.031069e+00 1.030760e+00 1.022558e+00 1.021145e+00 1.024419e+00 1.014206e+00 1.010373e+00 1.014928e+00 1.016684e+00 1.018790e+00 1.024463e+00 1.030109e+00 1.027412e+00 1.021109e+00 1.016693e+00 1.025460e+00 1.025904e+00 1.021107e+00 1.013234e+00 1.011986e+00 1.007426e+00 9.974455e-01 1.001026e+00 1.002117e+00 1.006901e+00 1.014229e+00 1.008079e+00 9.889889e-01 9.876865e-01 9.989577e-01 9.969805e-01 9.948090e-01 9.999558e-01 1.004021e+00 9.921585e-01 9.852636e-01 9.766868e-01 9.795520e-01 9.804873e-01 9.858752e-01 9.840565e-01 9.795907e-01 9.743612e-01 9.753145e-01 9.765165e-01 9.734742e-01 9.760716e-01 9.759778e-01 9.747990e-01 9.759189e-01 9.742971e-01 9.754521e-01 9.726053e-01 9.740179e-01 9.735801e-01 9.714971e-01 9.758547e-01 9.829281e-01 9.816825e-01 9.809063e-01 9.780028e-01 9.706366e-01 9.734558e-01 9.759971e-01 9.779946e-01 9.752572e-01 9.750703e-01 9.721889e-01 9.661566e-01 9.607231e-01 9.725586e-01 9.890587e-01 9.968501e-01 9.947125e-01 9.874676e-01 9.733544e-01 9.625033e-01 9.650945e-01 9.746998e-01 9.755630e-01 9.706736e-01 9.685431e-01 9.761137e-01 9.819617e-01 9.707431e-01 9.651000e-01 9.624235e-01 9.654028e-01 9.681298e-01 9.624177e-01 9.520194e-01 9.424907e-01 9.421467e-01 9.390426e-01 9.488496e-01 9.614537e-01 9.570532e-01 9.423295e-01 9.327067e-01 9.263453e-01 9.159515e-01 9.069743e-01 9.036489e-01 9.059681e-01
1.040096e+00 1.037481e+00 1.037884e+00 1.023609e+00 1.017791e+00 1.015928e+00 1.017014e+00 1.015224e+00 1.014456e+00 1.021777e+00 1.023416e+00 1.013400e+00 1.005267e+00 1.004499e+00 1.001813e+00 9.935688e-01 9.918466e-01 9.865727e-01 9.720926e-01 9.696179e-01 9.686705e-01 9.563285e-01 9.578923e-01 9.567459e-01 9.548036e-01 9.431194e-01 9.404729e-01 9.495161e-01 9.368837e-01 9.188561e-01 9.232464e-01 9.371623e-01 9.528484e-01 9.592136e-01 9.465854e-01 9.365966e-01 9.331630e-01 9.352750e-01 9.423659e-01 9.483331e-01 9.491963e-01 9.470558e-01 9.516438e-01 9.615330e-01 9.638402e-01 9.650365e-01 9.562942e-01 9.608490e-01 9.656268e-01 9.730257e-01 9.759904e-01 9.808760e-01 9.743568e-01 9.707515e-01 9.652672e-01 9.639751e-01 9.695520e-01 9.726554e-01 9.756006e-01 9.721392e-01 9.700669e-01 9.649341e-01 9.633648e-01 9.661722e-01 9.683108e-01 9.783773e-01 9.889517e-01 9.879465e-01 9.820297e-01 9.778026e-01 9.767351e-01 9.659871e-01 9.594637e-01 9.619814e-01 9.605077e-01 9.666644e-01 9.686775e-01 9.773180e-01 9.853253e-01 9.822336e-01 9.703817e-01 9.732162e-01 9.769183e-01 9.852089e-01 9.826108e-01 9.836702e-01 9.901439e-01 9.964196e-01 9.998261e-01 9.966818e-01 9.905064e-01 9.932408e-01 1.000494e+00 1.001353e+00 1.001935e+00 1.002075e+00 1.002462e+00 1.007029e+00 1.012322e+00 1.012934e+00 1.014742e+00 1.012431e+00 1.009917e+00 1.005329e+00 1.001307e+00 1.014980e+00 1.025874e+00 1.030621e+00 1.029923e+00 1.028469e+00 1.027956e+00 1.030488e+00 1.030660e+00 1.032576e+00 1.035673e+00 1.036339e+00 1.040459e+00 1.035875e+00 1.033693e+00 1.041954e+00 1.045724e+00 1.041353e+00 1.041135e+00 1.045085e+00 1.043600e+00 1.041026e+00 1.044278e+00 1.047162e+00 1.046706e+00 1.046997e+00 1.047924e+00 1.045784e+00 1.041408e+00 1.036594e+00 1.041478e+00 1.046521e+00 1.048648e+00 1.042284e+00 1.035537e+00 1.033714e+00 1.035978e+00 1.038250e+00 1.036036e+00 1.034193e+00 1.035363e+00 1.039622e+00 1.032101e+00 1.024330e+00 1.022731e+00 1.029454e+00 1.034728e+00 1.034182e+00 1.031288e+00 1.029092e+00 1.027359e+00 1.024163e+00 1.022223e+00 1.012507e+00 1.006060e+00 1.006667e+00 1.012159e+00 1.008096e+00 1.010685e+00 1.013432e+00 1.012698e+00 1.014246e+00 1.016375e+00 1.024428e+00 1.026461e+00 1.015188e+00 1.000612e+00 9.989959e-01 1.000720e+00 9.939202e-01 9.896442e-01 9.931473e-01 1.005607e+00 1.003133e+00 9.869668e-01 9.785085e-01 9.861025e-01 9.993845e-01 9.963078e-01 9.924741e-01 9.909852e-01 9.897158e-01 9.809454e-01 9.807647e-01 9.809968e-01 9.786619e-01 9.771342e-01 9.774423e-01 9.716074e-01 9.713761e-01 9.698461e-01 9.740824e-01 9.810730e-01 9.822659e-01 9.749209e-01 9.726452e-01 9.718319e-01 9.723091e-01 9.724627e-01 9.716815e-01 9.660065e-01 9.662643e-01 9.660960e-01 9.678845e-01 9.811395e-01 9.826235e-01 9.792455e-01 9.728670e-01 9.727810e-01 9.663948e-01 9.692923e-01 9.718134e-01 9.688568e-01 9.705713e-01 9.765587e-01 9.779771e-01 9.706283e-01 9.671375e-01 9.762013e-01 9.831354e-01 9.878969e-01 9.892853e-01 9.858457e-01 9.698209e-01 9.625558e-01 9.716606e-01 9.765155e-01 9.796861e-01 9.717005e-01 9.682163e-01 9.759458e-01 9.739711e-01 9.617947e-01 9.614444e-01 9.614424e-01 9.642174e-01 9.665248e-01 9.615426e-01 9.444932e-01 9.395093e-01 9.445986e-01 9.335136e-01 9.322521e-01 9.477138e-01 9.468365e-01 9.372627e-01 9.273819e-01 9.207773e-01 9.145204e-01 9.048648e-01 9.060780e-01 9.051026e-01
1.041168e+00 1.037731e+00 1.038383e+00 1.019145e+00 1.016670e+00 1.017356e+00 1.018751e+00 1.014684e+00 1.018661e+00 1.021005e+00 1.011328e+00 1.000725e+00 1.003833e+00 1.006011e+00 1.001605e+00 9.969608e-01 9.915708e-01 9.789301e-01 9.658822e-01 9.683858e-01 9.741797e-01 9.703309e-01 9.650382e-01 9.497058e-01 9.395648e-01 9.331397e-01 9.468541e-01 9.519949e-01 9.335854e-01 9.214556e-01 9.287091e-01 9.340038e-01 9.412035e-01 9.433551e-01 9.427878e-01 9.387935e-01 9.363440e-01 9.379414e-01 9.511769e-01 9.535881e-01 9.470969e-01 9.453366e-01 9.423653e-01 9.516823e-01 9.669823e-01 9.720926e-01 9.659030e-01 9.653252e-01 9.638206e-01 9.681665e-01 9.742440e-01 9.786215e-01 9.758214e-01 9.711053e-01 9.625002e-01 9.560430e-01 9.636880e-01 9.774101e-01 9.784122e-01 9.762489e-01 9.691690e-01 9.583010e-01 9.659859e-01 9.762259e-01 9.729303e-01 9.776364e-01 9.871319e-01 9.825083e-01 9.718926e-01 9.749345e-01 9.727924e-01 9.651272e-01 9.635643e-01 9.635137e-01 9.630016e-01 9.664071e-01 9.702898e-01 9.780180e-01 9.820625e-01 9.844452e-01 9.850190e-01 9.826866e-01 9.766970e-01 9.783800e-01 9.828381e-01 9.852619e-01 9.841185e-01 9.875171e-01 9.837656e-01 9.790849e-01 9.871439e-01 9.967614e-01 1.009616e+00 1.011321e+00 1.008771e+00 1.009863e+00 1.011573e+00 1.008720e+00 1.013801e+00 1.016657e+00 1.015085e+00 1.012971e+00 1.009155e+00 1.010343e+00 1.014501e+00 1.019798e+00 1.022977e+00 1.026311e+00 1.026369e+00 1.032415e+00 1.034588e+00 1.033935e+00 1.032193e+00 1.042727e+00 1.044375e+00 1.039397e+00 1.034376e+00 1.025793e+00 1.031115e+00 1.037716e+00 1.039700e+00 1.037293e+00 1.041142e+00 1.042860e+00 1.042547e+00 1.040253e+00 1.038587e+00 1.040856e+00 1.040186e+00 1.042779e+00 1.046153e+00 1.045374e+00 1.041666e+00 1.042208e+00 1.043770e+00 1.044353e+00 1.045191e+00 1.039524e+00 1.038972e+00 1.037334e+00 1.033045e+00 1.029426e+00 1.029471e+00 1.034044e+00 1.037848e+00 1.037335e+00 1.028903e+00 1.026551e+00 1.024493e+00 1.026093e+00 1.027782e+00 1.025365e+00 1.018804e+00 1.021429e+00 1.029670e+00 1.031292e+00 1.029793e+00 1.020995e+00 1.015410e+00 1.007080e+00 1.002693e+00 9.996230e-01 9.976297e-01 1.001341e+00 1.012717e+00 1.014080e+00 1.016008e+00 1.017924e+00 1.016598e+00 1.008318e+00 9.978359e-01 9.910905e-01 9.950353e-01 9.928502e-01 9.871724e-01 9.896713e-01 9.882716e-01 9.763408e-01 9.694543e-01 9.811627e-01 9.956229e-01 1.002880e+00 9.993781e-01 9.921849e-01 9.856740e-01 9.784890e-01 9.699497e-01 9.766393e-01 9.806418e-01 9.734676e-01 9.683811e-01 9.707404e-01 9.711735e-01 9.651753e-01 9.627570e-01 9.685930e-01 9.779849e-01 9.717813e-01 9.701685e-01 9.648361e-01 9.593226e-01 9.624854e-01 9.696968e-01 9.715738e-01 9.667746e-01 9.687072e-01 9.629696e-01 9.637578e-01 9.731467e-01 9.717233e-01 9.678233e-01 9.651345e-01 9.693233e-01 9.728959e-01 9.704880e-01 9.620080e-01 9.621533e-01 9.674391e-01 9.718014e-01 9.776530e-01 9.791043e-01 9.787774e-01 9.762234e-01 9.749248e-01 9.708403e-01 9.760833e-01 9.756443e-01 9.645171e-01 9.727995e-01 9.853318e-01 9.875608e-01 9.862363e-01 9.757608e-01 9.709001e-01 9.772651e-01 9.689648e-01 9.611261e-01 9.613513e-01 9.661921e-01 9.700385e-01 9.681789e-01 9.573873e-01 9.387328e-01 9.404950e-01 9.397517e-01 9.276223e-01 9.189608e-01 9.341590e-01 9.359533e-01 9.308968e-01 9.232278e-01 9.157966e-01 9.094764e-01 9.039987e-01 9.050536e-01 9.020866e-01
1.042889e+00 1.038844e+00 1.035945e+00 1.021720e+00 1.021703e+00 1.018344e+00 1.011762e+00 1.011857e+00 1.013762e+00 1.008628e+00 9.951362e-01 9.898559e-01 1.000029e+00 1.005033e+00 1.008513e+00 1.005908e+00 9.972101e-01 9.847294e-01 9.756454e-01 9.778630e-01 9.778473e-01 9.758961e-01 9.659476e-01 9.485778e-01 9.308155e-01 9.272174e-01 9.404536e-01 9.405919e-01 9.275690e-01 9.201115e-01 9.237643e-01 9.311582e-01 9.365932e-01 9.327856e-01 9.399212e-01 9.437472e-01 9.414701e-01 9.375396e-01 9.445647e-01 9.465737e-01 9.418258e-01 9.440945e-01 9.411338e-01 9.467592e-01 9.647100e-01 9.703601e-01 9.680154e-01 9.686539e-01 9.665833e-01 9.696220e-01 9.674915e-01 9.611058e-01 9.637224e-01 9.649844e-01 9.611670e-01 9.540392e-01 9.552350e-01 9.693715e-01 9.762560e-01 9.808114e-01 9.715326e-01 9.606948e-01 9.712487e-01 9.760643e-01 9.700581e-01 9.716130e-01 9.829479e-01 9.813601e-01 9.677992e-01 9.682562e-01 9.672772e-01 9.685212e-01 9.709587e-01 9.654717e-01 9.667658e-01 9.721369e-01 9.717391e-01 9.660341e-01 9.744669e-01 9.827534e-01 9.872403e-01 9.854012e-01 9.803154e-01 9.743466e-01 9.833655e-01 9.910002e-01 9.875067e-01 9.841098e-01 9.739411e-01 9.792665e-01 9.920894e-01 1.004905e+00 1.011371e+00 1.013129e+00 1.012936e+00 1.014650e+00 1.013686e+00 1.003536e+00 1.004428e+00 1.015277e+00 1.015550e+00 1.016523e+00 1.011766e+00 1.017534e+00 1.018982e+00 1.017720e+00 1.015009e+00 1.018038e+00 1.023483e+00 1.036348e+00 1.036723e+00 1.036298e+00 1.034775e+00 1.038282e+00 1.041463e+00 1.034381e+00 1.029374e+00 1.028321e+00 1.031938e+00 1.036205e+00 1.037572e+00 1.040490e+00 1.047930e+00 1.052832e+00 1.046862e+00 1.040426e+00 1.038587e+00 1.040275e+00 1.043291e+00 1.044579e+00 1.048261e+00 1.046779e+00 1.046919e+00 1.047485e+00 1.047452e+00 1.045228e+00 1.041249e+00 1.035166e+00 1.042312e+00 1.041914e+00 1.032373e+00 1.028172e+00 1.030105e+00 1.032528e+00 1.035793e+00 1.034705e+00 1.024977e+00 1.021978e+00 1.027149e+00 1.032372e+00 1.030937e+00 1.024802e+00 1.014549e+00 1.014161e+00 1.023037e+00 1.033747e+00 1.031129e+00 1.025036e+00 1.020033e+00 1.010052e+00 9.985986e-01 9.930291e-01 9.993609e-01 1.003532e+00 1.008398e+00 1.011735e+00 1.004893e+00 9.987038e-01 9.922071e-01 9.902611e-01 9.914443e-01 9.923932e-01 9.926152e-01 9.870785e-01 9.802363e-01 9.728488e-01 9.634798e-01 9.488620e-01 9.573759e-01 9.822512e-01 1.000120e+00 1.005097e+00 9.963948e-01 9.821424e-01 9.709155e-01 9.656296e-01 9.654412e-01 9.712080e-01 9.745819e-01 9.663569e-01 9.592862e-01 9.621111e-01 9.642169e-01 9.586784e-01 9.577718e-01 9.645264e-01 9.647955e-01 9.561149e-01 9.562719e-01 9.608024e-01 9.563650e-01 9.612508e-01 9.694173e-01 9.689269e-01 9.638352e-01 9.637350e-01 9.597454e-01 9.607319e-01 9.612139e-01 9.558396e-01 9.493577e-01 9.561098e-01 9.688049e-01 9.803680e-01 9.766874e-01 9.675150e-01 9.605796e-01 9.620402e-01 9.627343e-01 9.684342e-01 9.819908e-01 9.858209e-01 9.756126e-01 9.663231e-01 9.649557e-01 9.649987e-01 9.659405e-01 9.628794e-01 9.753735e-01 9.901859e-01 9.897208e-01 9.857823e-01 9.831586e-01 9.865908e-01 9.839596e-01 9.755844e-01 9.658526e-01 9.621549e-01 9.659653e-01 9.764248e-01 9.740895e-01 9.555628e-01 9.452174e-01 9.357067e-01 9.263651e-01 9.208584e-01 9.154128e-01 9.288443e-01 9.407324e-01 9.341087e-01 9.239391e-01 9.154032e-01 9.041635e-01 9.000658e-01 9.055976e-01 9.023216e-01
1.045103e+00 1.038894e+00 1.033674e+00 1.023018e+00 1.021215e+00 1.009329e+00 1.001505e+00 1.007991e+00 1.006193e+00 9.985539e-01 9.871230e-01 9.793928e-01 9.891787e-01 9.974648e-01 1.004672e+00 1.004469e+00 9.949040e-01 9.844893e-01 9.756320e-01 9.724474e-01 9.745048e-01 9.737883e-01 9.670167e-01 9.539407e-01 9.419074e-01 9.307001e-01 9.349406e-01 9.345812e-01 9.238096e-01 9.167359e-01 9.178248e-01 9.313999e-01 9.385822e-01 9.379150e-01 9.354046e-01 9.373928e-01 9.403431e-01 9.370901e-01 9.438218e-01 9.489325e-01 9.513063e-01 9.530141e-01 9.486476e-01 9.487216e-01 9.615086e-01 9.656456e-01 9.692938e-01 9.718223e-01 9.760605e-01 9.780474e-01 9.684163e-01 9.573808e-01 9.587547e-01 9.677435e-01 9.686818e-01 9.627919e-01 9.548154e-01 9.536674e-01 9.692276e-01 9.820685e-01 9.734126e-01 9.675673e-01 9.728718e-01 9.708908e-01 9.641528e-01 9.629592e-01 9.656436e-01 9.684261e-01 9.689115e-01 9.672300e-01 9.698521e-01 9.709136e-01 9.675418e-01 9.650611e-01 9.727784e-01 9.813857e-01 9.741297e-01 9.648272e-01 9.664084e-01 9.677303e-01 9.746771e-01 9.876028e-01 9.821337e-01 9.789212e-01 9.794670e-01 9.895405e-01 9.942439e-01 9.860431e-01 9.776566e-01 9.829956e-01 9.983482e-01 1.010630e+00 1.011013e+00 1.005773e+00 1.006191e+00 1.004829e+00 1.006827e+00 1.001201e+00 1.004156e+00 1.015528e+00 1.020970e+00 1.019680e+00 1.022313e+00 1.019146e+00 1.016987e+00 1.018744e+00 1.018083e+00 1.018677e+00 1.024789e+00 1.033808e+00 1.031621e+00 1.029204e+00 1.031112e+00 1.035812e+00 1.038642e+00 1.032655e+00 1.033601e+00 1.042239e+00 1.035775e+00 1.034950e+00 1.035094e+00 1.039837e+00 1.051232e+00 1.059699e+00 1.049276e+00 1.042137e+00 1.039484e+00 1.041128e+00 1.045314e+00 1.047857e+00 1.046402e+00 1.045343e+00 1.047421e+00 1.049619e+00 1.047701e+00 1.042182e+00 1.032712e+00 1.027181e+00 1.030126e+00 1.033120e+00 1.032325e+00 1.036281e+00 1.034808e+00 1.029025e+00 1.027033e+00 1.028428e+00 1.022357e+00 1.019368e+00 1.031322e+00 1.034132e+00 1.030829e+00 1.017907e+00 1.007243e+00 1.013951e+00 1.019178e+00 1.025444e+00 1.022088e+00 1.018215e+00 1.014485e+00 1.009194e+00 9.917281e-01 9.849052e-01 9.973436e-01 1.003421e+00 1.005551e+00 9.977821e-01 9.799588e-01 9.681819e-01 9.624251e-01 9.737429e-01 9.769111e-01 9.832299e-01 9.821871e-01 9.725977e-01 9.767567e-01 9.719894e-01 9.558957e-01 9.521056e-01 9.562775e-01 9.711024e-01 9.875741e-01 9.946924e-01 9.851658e-01 9.768842e-01 9.757255e-01 9.630065e-01 9.605736e-01 9.587930e-01 9.669721e-01 9.639863e-01 9.622554e-01 9.620473e-01 9.597530e-01 9.503358e-01 9.544103e-01 9.556171e-01 9.582200e-01 9.559247e-01 9.476477e-01 9.485858e-01 9.464861e-01 9.526368e-01 9.644907e-01 9.615650e-01 9.512810e-01 9.501881e-01 9.553047e-01 9.522796e-01 9.579167e-01 9.618102e-01 9.522640e-01 9.550570e-01 9.702290e-01 9.762778e-01 9.743931e-01 9.665839e-01 9.560882e-01 9.596401e-01 9.612595e-01 9.693950e-01 9.809881e-01 9.853963e-01 9.775000e-01 9.654866e-01 9.662931e-01 9.641834e-01 9.691703e-01 9.739438e-01 9.813379e-01 9.926816e-01 9.876473e-01 9.797816e-01 9.835906e-01 9.980761e-01 9.949929e-01 9.889365e-01 9.768528e-01 9.649976e-01 9.675207e-01 9.757431e-01 9.701394e-01 9.554011e-01 9.505932e-01 9.368256e-01 9.216315e-01 9.178709e-01 9.188564e-01 9.389503e-01 9.469248e-01 9.428950e-01 9.320324e-01 9.157185e-01 9.018785e-01 8.970848e-01 9.038936e-01 9.049002e-01
1.049387e+00 1.044238e+00 1.040766e+00 1.029121e+00 1.017504e+00 1.002133e+00 1.004049e+00 1.011716e+00 1.003650e+00 9.956515e-01 9.885560e-01 9.851717e-01 9.913290e-01 9.964049e-01 9.965655e-01 9.924414e-01 9.889732e-01 9.840965e-01 9.714209e-01 9.579330e-01 9.568788e-01 9.583061e-01 9.559863e-01 9.471324e-01 9.361959e-01 9.239115e-01 9.238586e-01 9.311525e-01 9.296955e-01 9.232782e-01 9.246544e-01 9.359042e-01 9.411770e-01 9.496461e-01 9.392728e-01 9.397479e-01 9.405732e-01 9.440102e-01 9.480138e-01 9.525973e-01 9.564937e-01 9.581083e-01 9.543984e-01 9.519635e-01 9.564918e-01 9.622549e-01 9.679422e-01 9.776634e-01 9.802610e-01 9.774433e-01 9.709017e-01 9.693226e-01 9.649180e-01 9.697581e-01 9.740455e-01 9.690316e-01 9.537274e-01 9.527724e-01 9.694573e-01 9.824751e-01 9.745922e-01 9.671706e-01 9.690757e-01 9.670229e-01 9.597956e-01 9.575872e-01 9.592870e-01 9.658960e-01 9.663424e-01 9.653686e-01 9.673779e-01 9.739680e-01 9.709418e-01 9.722025e-01 9.750059e-01 9.786358e-01 9.725386e-01 9.642873e-01 9.600683e-01 9.606888e-01 9.724478e-01 9.876345e-01 9.810075e-01 9.809880e-01 9.803149e-01 9.882140e-01 9.914470e-01 9.935670e-01 9.931892e-01 9.910239e-01 9.991067e-01 1.003807e+00 1.002598e+00 1.006135e+00 1.007921e+00 1.006137e+00 1.005559e+00 1.003630e+00 1.002741e+00 1.010472e+00 1.016694e+00 1.019126e+00 1.024404e+00 1.019976e+00 1.020755e+00 1.025658e+00 1.025310e+00 1.022602e+00 1.023388e+00 1.028422e+00 1.025556e+00 1.018576e+00 1.018027e+00 1.027768e+00 1.031484e+00 1.031090e+00 1.034587e+00 1.044818e+00 1.040432e+00 1.039020e+00 1.037946e+00 1.033376e+00 1.044649e+00 1.054885e+00 1.052755e+00 1.041439e+00 1.038938e+00 1.037443e+00 1.038775e+00 1.040895e+00 1.043251e+00 1.043419e+00 1.043089e+00 1.045495e+00 1.042297e+00 1.035290e+00 1.029613e+00 1.030053e+00 1.028313e+00 1.027502e+00 1.030252e+00 1.035451e+00 1.039884e+00 1.036332e+00 1.030262e+00 1.028252e+00 1.024268e+00 1.021929e+00 1.027560e+00 1.024797e+00 1.022764e+00 1.017006e+00 1.011097e+00 1.009602e+00 1.012116e+00 1.011176e+00 1.014454e+00 1.013305e+00 1.013051e+00 1.002594e+00 9.912273e-01 9.857149e-01 9.911394e-01 9.932005e-01 9.946785e-01 9.848532e-01 9.688459e-01 9.615235e-01 9.612384e-01 9.658056e-01 9.680328e-01 9.687630e-01 9.650598e-01 9.647754e-01 9.629998e-01 9.609476e-01 9.581236e-01 9.581197e-01 9.534993e-01 9.571239e-01 9.710174e-01 9.796917e-01 9.777436e-01 9.744908e-01 9.742059e-01 9.646811e-01 9.570538e-01 9.548163e-01 9.629864e-01 9.653957e-01 9.665884e-01 9.632553e-01 9.597861e-01 9.578584e-01 9.510198e-01 9.475655e-01 9.537122e-01 9.522993e-01 9.493133e-01 9.395732e-01 9.330117e-01 9.364343e-01 9.440771e-01 9.428328e-01 9.417158e-01 9.416829e-01 9.460905e-01 9.494396e-01 9.540588e-01 9.570634e-01 9.506840e-01 9.588039e-01 9.681329e-01 9.625827e-01 9.578531e-01 9.508933e-01 9.508060e-01 9.613016e-01 9.675239e-01 9.705693e-01 9.746031e-01 9.743587e-01 9.707863e-01 9.697340e-01 9.709476e-01 9.691557e-01 9.740327e-01 9.831644e-01 9.875554e-01 9.913539e-01 9.824911e-01 9.760686e-01 9.798920e-01 9.913496e-01 9.929046e-01 9.890392e-01 9.818732e-01 9.772118e-01 9.774968e-01 9.726926e-01 9.667614e-01 9.611185e-01 9.577487e-01 9.421802e-01 9.264125e-01 9.262477e-01 9.315487e-01 9.444891e-01 9.442097e-01 9.430987e-01 9.345295e-01 9.214376e-01 9.075498e-01 9.006495e-01 9.047484e-01 9.083300e-01
1.049261e+00 1.046274e+00 1.049016e+00 1.034921e+00 1.020120e+00 1.005337e+00 1.010386e+00 1.011863e+00 1.005532e+00 9.960610e-01 9.941741e-01 9.935355e-01 1.002299e+00 1.003731e+00 9.950454e-01 9.883795e-01 9.810527e-01 9.754723e-01 9.691606e-01 9.624950e-01 9.566654e-01 9.603376e-01 9.537571e-01 9.376779e-01 9.303083e-01 9.251304e-01 9.249575e-01 9.280182e-01 9.301711e-01 9.245299e-01 9.310065e-01 9.405901e-01 9.499304e-01 9.561973e-01 9.508803e-01 9.408092e-01 9.474164e-01 9.559520e-01 9.568714e-01 9.519245e-01 9.464496e-01 9.523858e-01 9.530325e-01 9.552517e-01 9.606018e-01 9.618984e-01 9.706804e-01 9.811067e-01 9.771164e-01 9.728316e-01 9.698181e-01 9.667222e-01 9.677566e-01 9.720793e-01 9.842458e-01 9.816132e-01 9.655325e-01 9.609635e-01 9.726402e-01 9.742049e-01 9.719892e-01 9.680050e-01 9.703650e-01 9.646881e-01 9.650057e-01 9.669204e-01 9.662573e-01 9.708415e-01 9.722263e-01 9.659945e-01 9.631044e-01 9.683250e-01 9.687356e-01 9.632941e-01 9.635592e-01 9.656833e-01 9.656528e-01 9.591561e-01 9.550402e-01 9.581285e-01 9.727493e-01 9.825900e-01 9.858556e-01 9.917171e-01 9.882822e-01 9.874170e-01 9.960985e-01 1.007466e+00 1.009479e+00 1.002541e+00 1.000986e+00 9.969590e-01 1.002230e+00 1.009770e+00 1.006421e+00 1.012954e+00 1.005933e+00 1.005537e+00 1.004621e+00 1.007351e+00 1.011302e+00 1.014526e+00 1.016773e+00 1.017028e+00 1.016711e+00 1.022999e+00 1.030590e+00 1.029284e+00 1.024663e+00 1.027558e+00 1.023430e+00 1.015605e+00 1.016228e+00 1.028598e+00 1.031316e+00 1.033288e+00 1.031348e+00 1.036889e+00 1.039017e+00 1.039636e+00 1.040787e+00 1.038998e+00 1.041745e+00 1.047055e+00 1.050376e+00 1.044330e+00 1.040278e+00 1.036608e+00 1.025481e+00 1.028061e+00 1.035105e+00 1.041974e+00 1.043370e+00 1.043403e+00 1.043244e+00 1.038375e+00 1.040317e+00 1.038303e+00 1.028534e+00 1.023488e+00 1.029547e+00 1.039175e+00 1.045482e+00 1.042055e+00 1.040524e+00 1.036892e+00 1.032650e+00 1.020638e+00 1.019253e+00 1.018471e+00 1.019675e+00 1.020992e+00 1.017884e+00 1.012956e+00 1.007680e+00 1.004624e+00 1.011861e+00 1.015121e+00 1.010044e+00 9.942946e-01 9.893866e-01 9.867281e-01 9.801273e-01 9.788186e-01 9.785295e-01 9.772567e-01 9.724831e-01 9.738424e-01 9.739770e-01 9.685604e-01 9.623950e-01 9.558765e-01 9.490468e-01 9.532174e-01 9.495507e-01 9.482316e-01 9.573733e-01 9.659075e-01 9.582816e-01 9.539846e-01 9.611741e-01 9.746059e-01 9.805103e-01 9.769176e-01 9.691718e-01 9.629576e-01 9.574593e-01 9.564331e-01 9.568796e-01 9.621055e-01 9.629668e-01 9.623740e-01 9.521480e-01 9.509502e-01 9.455543e-01 9.461502e-01 9.498026e-01 9.532033e-01 9.467449e-01 9.370984e-01 9.339535e-01 9.376372e-01 9.402227e-01 9.356999e-01 9.354079e-01 9.346810e-01 9.376966e-01 9.403279e-01 9.354960e-01 9.332715e-01 9.406163e-01 9.481138e-01 9.533886e-01 9.495041e-01 9.441721e-01 9.457178e-01 9.505232e-01 9.636872e-01 9.731430e-01 9.743797e-01 9.783163e-01 9.710005e-01 9.710805e-01 9.742877e-01 9.749154e-01 9.738356e-01 9.826500e-01 9.883406e-01 9.949387e-01 9.935744e-01 9.791746e-01 9.812792e-01 9.919353e-01 9.960985e-01 9.886412e-01 9.874964e-01 9.830899e-01 9.863553e-01 9.871703e-01 9.799160e-01 9.692030e-01 9.600700e-01 9.560476e-01 9.486127e-01 9.330181e-01 9.293392e-01 9.348485e-01 9.394173e-01 9.417727e-01 9.449891e-01 9.341624e-01 9.173793e-01 9.056854e-01 9.014208e-01 9.105508e-01 9.121741e-01
1.045598e+00 1.045679e+00 1.049777e+00 1.036733e+00 1.027026e+00 1.011531e+00 1.007544e+00 1.009807e+00 1.002896e+00 9.932699e-01 9.937738e-01 9.972612e-01 1.006724e+00 1.007789e+00 9.955015e-01 9.824497e-01 9.730923e-01 9.668604e-01 9.694152e-01 9.689624e-01 9.609671e-01 9.591376e-01 9.456578e-01 9.300452e-01 9.350602e-01 9.457413e-01 9.421784e-01 9.350798e-01 9.342669e-01 9.376830e-01 9.448445e-01 9.457911e-01 9.470769e-01 9.564607e-01 9.567407e-01 9.485503e-01 9.560949e-01 9.642122e-01 9.611132e-01 9.502634e-01 9.454171e-01 9.462529e-01 9.509519e-01 9.584045e-01 9.614061e-01 9.627507e-01 9.684947e-01 9.719244e-01 9.675660e-01 9.680005e-01 9.666700e-01 9.721942e-01 9.789398e-01 9.812176e-01 9.829892e-01 9.835761e-01 9.737433e-01 9.637111e-01 9.620034e-01 9.612600e-01 9.660224e-01 9.685756e-01 9.712173e-01 9.614953e-01 9.558880e-01 9.653331e-01 9.704298e-01 9.735844e-01 9.745844e-01 9.679151e-01 9.616254e-01 9.617536e-01 9.626143e-01 9.557111e-01 9.562102e-01 9.588815e-01 9.652829e-01 9.605441e-01 9.579694e-01 9.600636e-01 9.650961e-01 9.748241e-01 9.880927e-01 9.972433e-01 9.925002e-01 9.923828e-01 9.995860e-01 1.008489e+00 1.011934e+00 1.010642e+00 1.003861e+00 9.967268e-01 1.002125e+00 1.010657e+00 1.010436e+00 1.015449e+00 1.010310e+00 1.009376e+00 1.012183e+00 1.012239e+00 1.012989e+00 1.016633e+00 1.013898e+00 1.010794e+00 1.004279e+00 1.015794e+00 1.029952e+00 1.029055e+00 1.023574e+00 1.022597e+00 1.021985e+00 1.021562e+00 1.023286e+00 1.035376e+00 1.033928e+00 1.032162e+00 1.026790e+00 1.029857e+00 1.039356e+00 1.040656e+00 1.043445e+00 1.044855e+00 1.042352e+00 1.046492e+00 1.047912e+00 1.048481e+00 1.046256e+00 1.037954e+00 1.027453e+00 1.024807e+00 1.033627e+00 1.042824e+00 1.045225e+00 1.039461e+00 1.037730e+00 1.039284e+00 1.042863e+00 1.041174e+00 1.028492e+00 1.018767e+00 1.021188e+00 1.033670e+00 1.045991e+00 1.041569e+00 1.039803e+00 1.034590e+00 1.028022e+00 1.015850e+00 1.012314e+00 1.014395e+00 1.018727e+00 1.021608e+00 1.018633e+00 1.012262e+00 1.004144e+00 1.010372e+00 1.020212e+00 1.020036e+00 1.007001e+00 9.931856e-01 9.843906e-01 9.859194e-01 9.809999e-01 9.742944e-01 9.698668e-01 9.706057e-01 9.825243e-01 9.828299e-01 9.763185e-01 9.672980e-01 9.511675e-01 9.401393e-01 9.355778e-01 9.407959e-01 9.398390e-01 9.443381e-01 9.545332e-01 9.624122e-01 9.657521e-01 9.594042e-01 9.602742e-01 9.727139e-01 9.752393e-01 9.641699e-01 9.574474e-01 9.572847e-01 9.548126e-01 9.525562e-01 9.534071e-01 9.527587e-01 9.565852e-01 9.575214e-01 9.414088e-01 9.335642e-01 9.361053e-01 9.396011e-01 9.427287e-01 9.487616e-01 9.460258e-01 9.407206e-01 9.428965e-01 9.444907e-01 9.445439e-01 9.329066e-01 9.309435e-01 9.372417e-01 9.395750e-01 9.399946e-01 9.286734e-01 9.290588e-01 9.443959e-01 9.453469e-01 9.451287e-01 9.450769e-01 9.434679e-01 9.509645e-01 9.543161e-01 9.592265e-01 9.673514e-01 9.765467e-01 9.793207e-01 9.752238e-01 9.786081e-01 9.811400e-01 9.808781e-01 9.821588e-01 9.915881e-01 9.920634e-01 9.958299e-01 9.981663e-01 9.909237e-01 9.936665e-01 1.006284e+00 1.007328e+00 9.993991e-01 9.910173e-01 9.886785e-01 9.917992e-01 9.909132e-01 9.838426e-01 9.730949e-01 9.645746e-01 9.627663e-01 9.486985e-01 9.321570e-01 9.313104e-01 9.378675e-01 9.421861e-01 9.454252e-01 9.397508e-01 9.254246e-01 9.106203e-01 9.012147e-01 8.994834e-01 9.108089e-01 9.121227e-01
1.044298e+00 1.044259e+00 1.045585e+00 1.033087e+00 1.026383e+00 1.010852e+00 1.008220e+00 1.007698e+00 1.000317e+00 9.930401e-01 9.955996e-01 9.972652e-01 1.005643e+00 1.011161e+00 9.977813e-01 9.802341e-01 9.719077e-01 9.679425e-01 9.680700e-01 9.669578e-01 9.659695e-01 9.577107e-01 9.423527e-01 9.336420e-01 9.407942e-01 9.510403e-01 9.526794e-01 9.431465e-01 9.419937e-01 9.462459e-01 9.444998e-01 9.466626e-01 9.444206e-01 9.474714e-01 9.553204e-01 9.549016e-01 9.575428e-01 9.608552e-01 9.575154e-01 9.509837e-01 9.503931e-01 9.478067e-01 9.537094e-01 9.590696e-01 9.601954e-01 9.672177e-01 9.715007e-01 9.728270e-01 9.667645e-01 9.626472e-01 9.664491e-01 9.788042e-01 9.840605e-01 9.763650e-01 9.735054e-01 9.833941e-01 9.759832e-01 9.600664e-01 9.501914e-01 9.544517e-01 9.670969e-01 9.735476e-01 9.766343e-01 9.686409e-01 9.616659e-01 9.622986e-01 9.662370e-01 9.668853e-01 9.678060e-01 9.624670e-01 9.506261e-01 9.491159e-01 9.556560e-01 9.641788e-01 9.631092e-01 9.582202e-01 9.702065e-01 9.744955e-01 9.714540e-01 9.662713e-01 9.626768e-01 9.725155e-01 9.844230e-01 9.933792e-01 9.938527e-01 9.965764e-01 1.001379e+00 1.000824e+00 1.007148e+00 1.008562e+00 1.003651e+00 1.000488e+00 1.002599e+00 1.004627e+00 1.013545e+00 1.021197e+00 1.022009e+00 1.021861e+00 1.019541e+00 1.015015e+00 1.012668e+00 1.014820e+00 1.011636e+00 1.003317e+00 9.983368e-01 1.013322e+00 1.027326e+00 1.031531e+00 1.026878e+00 1.022033e+00 1.021394e+00 1.026059e+00 1.023554e+00 1.032602e+00 1.032526e+00 1.027666e+00 1.028450e+00 1.032593e+00 1.040189e+00 1.043955e+00 1.048269e+00 1.045968e+00 1.042498e+00 1.046532e+00 1.045590e+00 1.046276e+00 1.047617e+00 1.045146e+00 1.039062e+00 1.033246e+00 1.038465e+00 1.042467e+00 1.039030e+00 1.033440e+00 1.035491e+00 1.035717e+00 1.039274e+00 1.036487e+00 1.030290e+00 1.017384e+00 1.015985e+00 1.029992e+00 1.043109e+00 1.041475e+00 1.040325e+00 1.034294e+00 1.030459e+00 1.019659e+00 1.009059e+00 1.010555e+00 1.022151e+00 1.024122e+00 1.016835e+00 1.011618e+00 1.007695e+00 1.016620e+00 1.021151e+00 1.019579e+00 1.008605e+00 1.003267e+00 9.995582e-01 9.910744e-01 9.914460e-01 9.819946e-01 9.788592e-01 9.781634e-01 9.806617e-01 9.724888e-01 9.651848e-01 9.570033e-01 9.471939e-01 9.412649e-01 9.422417e-01 9.426281e-01 9.392542e-01 9.464099e-01 9.485624e-01 9.484317e-01 9.539306e-01 9.633443e-01 9.663576e-01 9.710064e-01 9.658172e-01 9.516326e-01 9.444259e-01 9.448705e-01 9.534214e-01 9.557906e-01 9.570107e-01 9.594749e-01 9.642967e-01 9.562079e-01 9.407794e-01 9.313254e-01 9.375501e-01 9.365463e-01 9.416125e-01 9.484515e-01 9.477141e-01 9.478241e-01 9.490201e-01 9.445693e-01 9.378511e-01 9.345092e-01 9.311187e-01 9.339628e-01 9.322800e-01 9.303426e-01 9.225436e-01 9.278429e-01 9.457853e-01 9.526874e-01 9.524589e-01 9.526634e-01 9.537662e-01 9.559708e-01 9.558257e-01 9.623979e-01 9.688500e-01 9.792822e-01 9.831942e-01 9.813523e-01 9.840017e-01 9.860401e-01 9.857393e-01 9.912056e-01 9.995878e-01 9.990927e-01 9.961724e-01 9.999535e-01 9.979061e-01 9.971278e-01 1.009964e+00 1.015776e+00 1.008143e+00 9.959981e-01 9.958392e-01 9.983496e-01 9.939021e-01 9.835472e-01 9.751080e-01 9.707602e-01 9.607806e-01 9.473768e-01 9.439790e-01 9.435494e-01 9.380701e-01 9.382552e-01 9.381706e-01 9.286237e-01 9.147833e-01 9.045274e-01 8.965326e-01 8.994271e-01 9.090654e-01 9.119743e-01
1.049920e+00 1.046671e+00 1.040461e+00 1.028069e+00 1.022269e+00 1.011018e+00 1.006089e+00 1.002876e+00 1.001570e+00 9.964826e-01 9.950008e-01 9.904892e-01 9.957361e-01 1.009345e+00 1.002801e+00 9.867170e-01 9.784936e-01 9.702750e-01 9.626341e-01 9.553670e-01 9.655290e-01 9.587997e-01 9.467507e-01 9.464093e-01 9.451728e-01 9.498828e-01 9.536183e-01 9.519629e-01 9.403586e-01 9.398490e-01 9.417962e-01 9.444415e-01 9.473238e-01 9.500142e-01 9.610320e-01 9.598195e-01 9.544743e-01 9.534548e-01 9.560395e-01 9.559481e-01 9.541647e-01 9.582796e-01 9.634829e-01 9.679176e-01 9.644414e-01 9.660922e-01 9.770197e-01 9.832403e-01 9.818745e-01 9.762281e-01 9.781988e-01 9.825293e-01 9.824347e-01 9.667903e-01 9.636565e-01 9.666573e-01 9.635575e-01 9.595209e-01 9.601815e-01 9.616350e-01 9.673947e-01 9.744088e-01 9.768429e-01 9.722859e-01 9.636554e-01 9.584100e-01 9.541951e-01 9.602591e-01 9.552931e-01 9.416497e-01 9.368663e-01 9.379682e-01 9.471571e-01 9.607170e-01 9.597999e-01 9.571211e-01 9.696292e-01 9.749434e-01 9.618168e-01 9.666093e-01 9.664236e-01 9.703472e-01 9.827909e-01 9.969589e-01 1.003127e+00 1.004932e+00 1.002009e+00 9.968386e-01 1.007022e+00 1.008381e+00 1.007085e+00 1.007756e+00 1.004891e+00 1.000022e+00 1.012314e+00 1.018906e+00 1.020991e+00 1.020115e+00 1.019492e+00 1.015788e+00 1.011017e+00 1.008471e+00 1.011690e+00 1.007732e+00 1.009760e+00 1.017873e+00 1.021451e+00 1.019730e+00 1.020934e+00 1.022523e+00 1.022067e+00 1.023095e+00 1.025017e+00 1.031810e+00 1.033145e+00 1.032572e+00 1.031522e+00 1.030564e+00 1.038547e+00 1.051054e+00 1.052597e+00 1.048741e+00 1.042198e+00 1.039697e+00 1.038809e+00 1.036020e+00 1.041173e+00 1.042396e+00 1.038189e+00 1.035637e+00 1.040062e+00 1.036047e+00 1.027833e+00 1.033847e+00 1.034944e+00 1.033918e+00 1.035888e+00 1.032426e+00 1.032471e+00 1.025091e+00 1.021301e+00 1.028905e+00 1.036502e+00 1.034676e+00 1.040414e+00 1.038550e+00 1.033885e+00 1.022815e+00 1.010035e+00 1.013350e+00 1.024989e+00 1.024966e+00 1.012941e+00 1.009737e+00 1.009725e+00 1.018282e+00 1.016149e+00 1.013376e+00 1.004444e+00 1.002439e+00 1.006030e+00 9.993709e-01 9.996743e-01 9.954155e-01 9.908273e-01 9.868037e-01 9.804108e-01 9.765987e-01 9.720090e-01 9.665789e-01 9.598085e-01 9.574204e-01 9.521170e-01 9.462267e-01 9.419603e-01 9.462478e-01 9.440401e-01 9.474891e-01 9.480584e-01 9.575978e-01 9.713354e-01 9.745164e-01 9.640917e-01 9.570031e-01 9.434547e-01 9.422969e-01 9.562272e-01 9.612685e-01 9.625139e-01 9.645437e-01 9.588217e-01 9.491900e-01 9.397564e-01 9.354007e-01 9.426860e-01 9.483721e-01 9.529456e-01 9.631938e-01 9.571678e-01 9.555616e-01 9.525301e-01 9.368665e-01 9.304906e-01 9.325625e-01 9.339546e-01 9.271342e-01 9.235970e-01 9.180628e-01 9.138194e-01 9.194569e-01 9.375440e-01 9.522536e-01 9.565248e-01 9.522988e-01 9.500727e-01 9.527937e-01 9.619618e-01 9.682838e-01 9.697915e-01 9.755239e-01 9.826310e-01 9.816691e-01 9.859124e-01 9.835550e-01 9.824306e-01 9.892804e-01 1.000778e+00 1.000253e+00 9.983501e-01 9.987666e-01 9.934873e-01 9.939873e-01 1.010618e+00 1.018876e+00 1.015670e+00 1.010805e+00 1.013357e+00 1.010798e+00 9.962940e-01 9.811615e-01 9.722947e-01 9.676996e-01 9.586935e-01 9.510750e-01 9.563884e-01 9.493233e-01 9.333676e-01 9.330013e-01 9.382367e-01 9.241682e-01 9.128256e-01 9.071618e-01 8.975068e-01 9.027470e-01 9.074855e-01 9.140158e-01
1.053091e+00 1.049808e+00 1.037069e+00 1.024099e+00 1.025187e+00 1.020595e+00 1.010554e+00 9.985202e-01 9.986379e-01 9.962866e-01 9.913648e-01 9.909969e-01 9.956013e-01 1.003140e+00 9.998726e-01 9.829834e-01 9.767355e-01 9.664322e-01 9.599468e-01 9.515536e-01 9.571250e-01 9.512661e-01 9.473464e-01 9.504899e-01 9.478699e-01 9.525238e-01 9.624439e-01 9.620713e-01 9.465533e-01 9.453034e-01 9.505907e-01 9.504299e-01 9.454919e-01 9.443871e-01 9.567119e-01 9.645388e-01 9.619116e-01 9.576469e-01 9.547087e-01 9.600760e-01 9.591150e-01 9.623215e-01 9.713460e-01 9.737396e-01 9.670313e-01 9.737431e-01 9.773564e-01 9.851516e-01 9.845045e-01 9.809686e-01 9.811086e-01 9.817374e-01 9.696683e-01 9.591995e-01 9.558471e-01 9.573709e-01 9.579996e-01 9.630495e-01 9.681887e-01 9.628892e-01 9.599800e-01 9.652678e-01 9.683958e-01 9.713691e-01 9.626221e-01 9.484247e-01 9.484097e-01 9.573557e-01 9.532964e-01 9.438573e-01 9.382755e-01 9.398768e-01 9.504521e-01 9.617636e-01 9.527531e-01 9.519844e-01 9.618810e-01 9.632169e-01 9.507341e-01 9.638687e-01 9.722223e-01 9.769018e-01 9.848492e-01 9.986711e-01 1.002975e+00 1.002656e+00 9.980887e-01 9.990970e-01 1.004680e+00 1.008576e+00 1.008472e+00 1.012234e+00 1.008189e+00 1.006579e+00 1.007911e+00 1.012970e+00 1.018718e+00 1.017036e+00 1.019516e+00 1.015527e+00 1.004820e+00 1.008030e+00 1.011669e+00 1.014427e+00 1.025749e+00 1.027972e+00 1.021630e+00 1.014643e+00 1.017536e+00 1.020665e+00 1.020862e+00 1.017690e+00 1.020332e+00 1.025968e+00 1.029664e+00 1.034616e+00 1.038749e+00 1.026757e+00 1.031596e+00 1.046542e+00 1.052081e+00 1.053398e+00 1.043288e+00 1.034109e+00 1.031300e+00 1.032194e+00 1.034199e+00 1.036152e+00 1.033612e+00 1.035486e+00 1.036603e+00 1.032106e+00 1.028814e+00 1.038170e+00 1.038800e+00 1.035641e+00 1.032553e+00 1.029066e+00 1.031201e+00 1.028558e+00 1.028023e+00 1.029249e+00 1.029861e+00 1.027319e+00 1.036617e+00 1.038226e+00 1.029647e+00 1.023094e+00 1.017852e+00 1.014829e+00 1.021457e+00 1.022912e+00 1.008864e+00 1.002693e+00 1.009542e+00 1.019539e+00 1.014311e+00 1.005267e+00 9.971994e-01 9.988774e-01 1.003056e+00 1.003099e+00 1.004008e+00 1.007525e+00 1.003431e+00 9.962987e-01 9.884906e-01 9.788735e-01 9.758325e-01 9.726852e-01 9.730284e-01 9.636996e-01 9.531035e-01 9.434218e-01 9.416763e-01 9.477179e-01 9.552342e-01 9.587098e-01 9.576697e-01 9.666896e-01 9.788441e-01 9.781806e-01 9.649531e-01 9.588776e-01 9.576803e-01 9.550306e-01 9.596160e-01 9.608312e-01 9.656458e-01 9.623784e-01 9.522609e-01 9.460371e-01 9.433314e-01 9.392365e-01 9.419343e-01 9.428516e-01 9.550252e-01 9.647781e-01 9.585590e-01 9.572618e-01 9.521551e-01 9.352283e-01 9.368970e-01 9.434524e-01 9.372364e-01 9.253551e-01 9.249303e-01 9.237536e-01 9.260795e-01 9.271308e-01 9.432668e-01 9.553660e-01 9.571272e-01 9.523925e-01 9.466623e-01 9.529911e-01 9.640746e-01 9.627674e-01 9.631555e-01 9.665634e-01 9.771881e-01 9.797809e-01 9.760293e-01 9.757453e-01 9.799331e-01 9.847718e-01 9.928214e-01 9.938080e-01 9.928080e-01 9.946506e-01 9.885696e-01 9.901325e-01 9.991065e-01 1.004533e+00 1.014871e+00 1.018487e+00 1.018527e+00 1.009708e+00 9.938817e-01 9.782432e-01 9.792541e-01 9.731936e-01 9.666221e-01 9.547958e-01 9.546381e-01 9.467334e-01 9.287298e-01 9.305800e-01 9.367402e-01 9.256911e-01 9.136536e-01 9.049065e-01 8.931001e-01 8.995112e-01 9.043346e-01 9.119048e-01
1.052037e+00 1.049510e+00 1.041994e+00 1.029695e+00 1.026772e+00 1.020545e+00 1.012782e+00 1.000530e+00 9.974514e-01 9.900370e-01 9.888442e-01 9.940399e-01 1.000172e+00 9.983550e-01 9.950756e-01 9.797363e-01 9.773101e-01 9.736024e-01 9.636757e-01 9.537919e-01 9.528930e-01 9.465803e-01 9.431134e-01 9.436967e-01 9.465516e-01 9.522637e-01 9.615955e-01 9.608279e-01 9.580058e-01 9.532753e-01 9.521416e-01 9.482762e-01 9.499509e-01 9.435777e-01 9.611208e-01 9.740185e-01 9.653946e-01 9.566675e-01 9.511314e-01 9.612010e-01 9.644396e-01 9.695232e-01 9.720753e-01 9.740877e-01 9.728864e-01 9.795955e-01 9.836023e-01 9.839996e-01 9.818345e-01 9.762158e-01 9.740223e-01 9.724370e-01 9.633571e-01 9.556963e-01 9.522204e-01 9.563641e-01 9.603417e-01 9.581648e-01 9.699945e-01 9.740467e-01 9.636011e-01 9.554826e-01 9.579123e-01 9.700457e-01 9.714156e-01 9.591188e-01 9.531043e-01 9.529587e-01 9.489778e-01 9.437523e-01 9.394608e-01 9.382372e-01 9.490812e-01 9.532912e-01 9.453174e-01 9.514964e-01 9.569075e-01 9.583498e-01 9.521763e-01 9.617422e-01 9.768901e-01 9.845259e-01 9.836162e-01 9.939532e-01 1.004479e+00 1.008525e+00 1.005249e+00 1.002173e+00 1.004231e+00 1.008839e+00 1.008498e+00 1.007986e+00 1.000437e+00 1.004217e+00 1.009160e+00 1.014252e+00 1.016980e+00 1.011706e+00 1.015538e+00 1.014560e+00 1.005389e+00 1.016528e+00 1.024255e+00 1.023723e+00 1.024733e+00 1.024908e+00 1.022969e+00 1.022411e+00 1.024448e+00 1.026419e+00 1.021523e+00 1.016266e+00 1.019754e+00 1.024227e+00 1.029225e+00 1.031602e+00 1.035867e+00 1.029247e+00 1.029710e+00 1.041510e+00 1.046484e+00 1.046876e+00 1.037550e+00 1.032291e+00 1.028551e+00 1.028404e+00 1.028738e+00 1.034600e+00 1.035278e+00 1.029598e+00 1.028800e+00 1.031093e+00 1.034879e+00 1.041312e+00 1.038137e+00 1.028460e+00 1.028809e+00 1.027449e+00 1.031151e+00 1.027521e+00 1.028880e+00 1.032425e+00 1.028834e+00 1.023206e+00 1.032802e+00 1.033295e+00 1.025700e+00 1.022819e+00 1.026488e+00 1.019594e+00 1.018930e+00 1.014101e+00 1.002369e+00 1.000682e+00 1.008879e+00 1.014066e+00 1.007291e+00 9.940010e-01 9.937128e-01 9.947618e-01 1.003565e+00 1.001437e+00 9.987109e-01 1.001244e+00 1.001447e+00 9.959295e-01 9.881666e-01 9.718663e-01 9.698815e-01 9.688219e-01 9.638230e-01 9.522460e-01 9.547998e-01 9.492838e-01 9.473258e-01 9.477559e-01 9.584723e-01 9.651110e-01 9.621226e-01 9.610037e-01 9.649487e-01 9.696404e-01 9.613432e-01 9.593544e-01 9.620422e-01 9.657620e-01 9.613171e-01 9.602650e-01 9.704772e-01 9.613616e-01 9.478973e-01 9.468082e-01 9.502668e-01 9.415429e-01 9.412844e-01 9.475198e-01 9.510867e-01 9.518915e-01 9.536168e-01 9.517674e-01 9.450310e-01 9.463685e-01 9.433522e-01 9.342512e-01 9.275044e-01 9.320927e-01 9.365081e-01 9.392461e-01 9.379933e-01 9.448735e-01 9.552686e-01 9.546885e-01 9.508709e-01 9.524295e-01 9.471450e-01 9.471113e-01 9.567769e-01 9.604074e-01 9.588638e-01 9.559587e-01 9.647848e-01 9.691377e-01 9.746335e-01 9.781948e-01 9.865603e-01 9.927492e-01 9.934292e-01 9.947466e-01 9.999143e-01 9.989669e-01 9.952135e-01 9.919505e-01 9.898028e-01 9.988818e-01 1.012653e+00 1.021278e+00 1.022238e+00 1.016445e+00 1.002909e+00 9.852504e-01 9.841220e-01 9.830817e-01 9.716366e-01 9.624180e-01 9.567662e-01 9.429436e-01 9.244149e-01 9.335966e-01 9.374555e-01 9.271771e-01 9.160280e-01 9.030444e-01 8.966584e-01 9.069761e-01 9.126674e-01 9.143720e-01
1.047850e+00 1.046697e+00 1.043135e+00 1.035060e+00 1.032746e+00 1.022462e+00 1.011405e+00 1.002412e+00 9.955467e-01 9.843076e-01 9.816591e-01 9.916331e-01 9.946619e-01 9.964144e-01 9.942757e-01 9.873833e-01 9.762905e-01 9.711528e-01 9.677488e-01 9.577780e-01 9.576638e-01 9.491420e-01 9.393646e-01 9.354503e-01 9.404929e-01 9.463282e-01 9.511522e-01 9.534810e-01 9.497738e-01 9.475358e-01 9.434530e-01 9.428149e-01 9.514377e-01 9.539739e-01 9.642227e-01 9.733539e-01 9.628862e-01 9.585416e-01 9.575565e-01 9.629487e-01 9.680152e-01 9.722824e-01 9.722096e-01 9.764097e-01 9.832770e-01 9.874988e-01 9.861502e-01 9.811153e-01 9.789453e-01 9.719847e-01 9.708106e-01 9.683781e-01 9.666087e-01 9.603929e-01 9.550273e-01 9.553343e-01 9.594714e-01 9.599858e-01 9.688566e-01 9.773527e-01 9.719889e-01 9.531619e-01 9.522252e-01 9.635851e-01 9.672406e-01 9.685672e-01 9.580906e-01 9.489604e-01 9.452143e-01 9.456807e-01 9.395005e-01 9.299171e-01 9.353138e-01 9.431807e-01 9.473085e-01 9.471223e-01 9.493799e-01 9.511093e-01 9.548212e-01 9.664510e-01 9.811264e-01 9.875260e-01 9.833881e-01 9.906560e-01 1.000429e+00 1.004998e+00 1.000911e+00 9.977185e-01 9.975395e-01 1.001356e+00 1.010918e+00 1.005691e+00 9.997161e-01 1.007418e+00 1.016868e+00 1.020210e+00 1.018880e+00 1.009188e+00 1.009252e+00 1.010510e+00 1.009351e+00 1.019048e+00 1.027201e+00 1.027289e+00 1.024253e+00 1.023947e+00 1.024976e+00 1.023258e+00 1.026677e+00 1.025310e+00 1.025445e+00 1.030354e+00 1.025908e+00 1.019918e+00 1.021148e+00 1.022538e+00 1.025570e+00 1.026737e+00 1.025464e+00 1.031076e+00 1.032727e+00 1.028903e+00 1.027255e+00 1.027661e+00 1.022713e+00 1.018240e+00 1.027469e+00 1.037363e+00 1.036678e+00 1.026634e+00 1.022896e+00 1.026078e+00 1.028512e+00 1.033361e+00 1.034090e+00 1.024547e+00 1.023582e+00 1.019457e+00 1.019028e+00 1.023028e+00 1.024723e+00 1.030957e+00 1.029001e+00 1.022588e+00 1.031431e+00 1.027526e+00 1.024238e+00 1.023902e+00 1.030249e+00 1.029614e+00 1.020785e+00 1.010756e+00 9.990853e-01 1.000212e+00 1.006215e+00 1.006228e+00 1.002213e+00 9.929059e-01 9.931985e-01 9.930862e-01 9.960485e-01 9.970569e-01 9.921287e-01 9.894484e-01 9.889141e-01 9.829887e-01 9.791037e-01 9.706007e-01 9.692761e-01 9.661414e-01 9.540348e-01 9.423562e-01 9.501129e-01 9.564854e-01 9.465449e-01 9.511554e-01 9.653359e-01 9.721173e-01 9.636328e-01 9.474803e-01 9.528239e-01 9.571193e-01 9.584354e-01 9.597749e-01 9.621766e-01 9.632971e-01 9.596002e-01 9.615570e-01 9.690875e-01 9.559172e-01 9.524568e-01 9.566373e-01 9.626435e-01 9.568093e-01 9.492148e-01 9.498368e-01 9.533659e-01 9.513942e-01 9.543109e-01 9.515122e-01 9.567520e-01 9.549692e-01 9.408149e-01 9.320664e-01 9.360923e-01 9.412485e-01 9.487703e-01 9.487352e-01 9.452602e-01 9.513574e-01 9.574908e-01 9.553751e-01 9.539055e-01 9.496015e-01 9.438664e-01 9.473525e-01 9.532956e-01 9.573044e-01 9.612820e-01 9.607525e-01 9.633432e-01 9.648957e-01 9.784792e-01 9.883426e-01 9.959425e-01 9.983114e-01 9.962866e-01 9.997891e-01 1.008487e+00 1.008711e+00 1.005891e+00 9.957408e-01 9.960418e-01 1.011035e+00 1.017273e+00 1.020282e+00 1.023174e+00 1.020122e+00 1.011224e+00 9.993903e-01 9.981276e-01 9.922711e-01 9.752649e-01 9.612944e-01 9.507772e-01 9.416186e-01 9.271045e-01 9.363312e-01 9.359149e-01 9.295814e-01 9.194487e-01 9.022231e-01 8.972555e-01 9.116990e-01 9.203692e-01 9.181756e-01
1.041006e+00 1.038480e+00 1.042215e+00 1.040881e+00 1.036247e+00 1.018448e+00 1.003429e+00 9.997425e-01 9.957346e-01 9.852046e-01 9.907188e-01 9.986659e-01 9.867640e-01 9.860179e-01 9.863809e-01 9.870033e-01 9.729766e-01 9.647709e-01 9.589077e-01 9.528397e-01 9.468510e-01 9.406305e-01 9.347529e-01 9.355559e-01 9.401940e-01 9.382805e-01 9.428394e-01 9.438111e-01 9.408922e-01 9.432474e-01 9.448214e-01 9.429496e-01 9.535190e-01 9.623806e-01 9.631393e-01 9.631530e-01 9.599399e-01 9.575035e-01 9.612917e-01 9.612530e-01 9.645644e-01 9.725964e-01 9.776254e-01 9.784471e-01 9.860210e-01 9.885200e-01 9.809920e-01 9.706644e-01 9.637204e-01 9.608357e-01 9.658355e-01 9.657691e-01 9.588263e-01 9.543772e-01 9.558738e-01 9.518141e-01 9.543647e-01 9.611322e-01 9.621378e-01 9.681081e-01 9.665793e-01 9.571143e-01 9.539413e-01 9.511411e-01 9.489039e-01 9.617602e-01 9.559258e-01 9.430519e-01 9.411865e-01 9.445006e-01 9.354762e-01 9.307485e-01 9.397916e-01 9.454847e-01 9.501031e-01 9.473876e-01 9.437134e-01 9.467148e-01 9.558450e-01 9.710984e-01 9.797807e-01 9.801262e-01 9.803399e-01 9.835126e-01 9.838647e-01 9.943417e-01 9.997298e-01 9.989513e-01 9.951044e-01 9.987560e-01 1.005777e+00 1.006411e+00 1.007814e+00 1.010172e+00 1.018508e+00 1.013294e+00 1.009755e+00 1.008799e+00 1.013115e+00 1.015780e+00 1.014379e+00 1.020943e+00 1.020726e+00 1.020537e+00 1.025129e+00 1.030005e+00 1.028640e+00 1.027554e+00 1.021725e+00 1.015856e+00 1.021749e+00 1.029855e+00 1.032510e+00 1.021352e+00 1.017891e+00 1.015524e+00 1.020771e+00 1.023758e+00 1.019239e+00 1.018354e+00 1.017498e+00 1.018728e+00 1.029600e+00 1.031612e+00 1.023865e+00 1.022352e+00 1.028586e+00 1.031678e+00 1.030068e+00 1.023476e+00 1.021778e+00 1.029532e+00 1.032709e+00 1.030183e+00 1.030414e+00 1.023542e+00 1.016022e+00 1.012521e+00 1.013598e+00 1.013796e+00 1.019725e+00 1.019627e+00 1.021400e+00 1.016351e+00 1.024187e+00 1.022651e+00 1.019584e+00 1.024207e+00 1.026152e+00 1.025068e+00 1.018848e+00 1.005493e+00 9.953238e-01 1.009793e+00 1.015937e+00 1.008127e+00 1.002239e+00 9.965948e-01 9.888604e-01 9.951823e-01 9.972135e-01 9.944921e-01 9.927565e-01 9.821600e-01 9.810895e-01 9.735180e-01 9.681675e-01 9.709930e-01 9.723248e-01 9.669498e-01 9.569336e-01 9.500247e-01 9.506931e-01 9.598129e-01 9.526336e-01 9.589686e-01 9.696529e-01 9.706004e-01 9.624962e-01 9.457169e-01 9.489247e-01 9.512088e-01 9.611951e-01 9.597790e-01 9.611687e-01 9.575503e-01 9.549289e-01 9.660744e-01 9.652990e-01 9.584222e-01 9.574631e-01 9.621286e-01 9.675530e-01 9.677077e-01 9.529021e-01 9.501408e-01 9.575879e-01 9.586314e-01 9.596838e-01 9.624462e-01 9.664411e-01 9.540970e-01 9.399435e-01 9.397950e-01 9.551327e-01 9.522942e-01 9.606088e-01 9.515901e-01 9.415282e-01 9.420569e-01 9.509233e-01 9.598346e-01 9.601949e-01 9.456677e-01 9.438097e-01 9.512635e-01 9.545272e-01 9.534702e-01 9.569654e-01 9.634358e-01 9.732083e-01 9.756824e-01 9.896845e-01 9.927659e-01 9.948986e-01 9.916078e-01 9.942589e-01 9.995250e-01 1.009538e+00 1.012022e+00 1.007988e+00 1.004390e+00 1.011170e+00 1.019158e+00 1.020200e+00 1.019029e+00 1.019766e+00 1.016211e+00 1.004762e+00 9.978260e-01 1.000634e+00 9.897221e-01 9.718305e-01 9.634134e-01 9.466201e-01 9.372552e-01 9.425531e-01 9.512210e-01 9.452111e-01 9.306695e-01 9.141318e-01 9.006662e-01 8.989779e-01 9.136423e-01 9.245763e-01 9.195776e-01
1.042509e+00 1.036009e+00 1.039121e+00 1.036340e+00 1.033198e+00 1.018503e+00 1.005826e+00 9.980324e-01 9.902164e-01 9.812679e-01 9.834825e-01 9.956422e-01 9.941146e-01 9.889150e-01 9.831817e-01 9.797766e-01 9.722689e-01 9.586114e-01 9.533386e-01 9.424747e-01 9.369705e-01 9.364212e-01 9.378251e-01 9.365967e-01 9.354402e-01 9.342022e-01 9.370385e-01 9.440337e-01 9.495038e-01 9.603724e-01 9.585594e-01 9.455702e-01 9.558461e-01 9.640432e-01 9.636994e-01 9.577366e-01 9.594960e-01 9.589318e-01 9.665879e-01 9.664451e-01 9.687380e-01 9.732154e-01 9.829127e-01 9.836027e-01 9.860608e-01 9.915196e-01 9.799900e-01 9.746535e-01 9.664252e-01 9.555622e-01 9.559356e-01 9.603721e-01 9.520294e-01 9.477435e-01 9.465173e-01 9.458446e-01 9.534463e-01 9.600652e-01 9.619907e-01 9.610270e-01 9.534293e-01 9.495649e-01 9.482949e-01 9.428358e-01 9.394235e-01 9.520127e-01 9.535977e-01 9.421669e-01 9.372980e-01 9.363790e-01 9.424087e-01 9.420319e-01 9.408988e-01 9.422204e-01 9.536444e-01 9.501565e-01 9.444020e-01 9.469583e-01 9.534935e-01 9.626161e-01 9.665971e-01 9.699998e-01 9.781347e-01 9.829516e-01 9.824710e-01 9.821524e-01 9.910523e-01 9.960678e-01 9.986131e-01 1.008607e+00 1.013411e+00 1.010921e+00 1.013853e+00 1.012389e+00 1.017529e+00 1.015185e+00 1.008908e+00 1.007681e+00 1.015364e+00 1.024473e+00 1.025021e+00 1.018011e+00 1.017558e+00 1.017077e+00 1.021593e+00 1.031501e+00 1.030702e+00 1.022254e+00 1.012936e+00 1.009024e+00 1.013814e+00 1.025513e+00 1.029090e+00 1.018644e+00 1.014238e+00 1.013356e+00 1.022628e+00 1.028236e+00 1.023150e+00 1.015143e+00 1.008036e+00 1.014690e+00 1.028055e+00 1.032888e+00 1.027452e+00 1.022593e+00 1.016120e+00 1.020146e+00 1.021715e+00 1.019152e+00 1.023005e+00 1.029615e+00 1.034457e+00 1.033016e+00 1.027593e+00 1.018943e+00 1.016406e+00 1.020222e+00 1.014696e+00 1.008215e+00 1.015502e+00 1.014217e+00 1.016733e+00 1.015614e+00 1.015036e+00 1.012531e+00 1.010849e+00 1.016828e+00 1.017368e+00 1.019936e+00 1.020903e+00 1.009416e+00 9.971842e-01 1.014282e+00 1.022596e+00 1.012260e+00 1.003677e+00 9.929891e-01 9.873815e-01 9.946877e-01 9.968555e-01 9.951031e-01 9.952945e-01 9.881063e-01 9.813141e-01 9.654436e-01 9.627579e-01 9.684218e-01 9.740397e-01 9.773493e-01 9.692438e-01 9.601535e-01 9.582866e-01 9.618044e-01 9.585744e-01 9.643170e-01 9.697472e-01 9.659674e-01 9.548985e-01 9.403886e-01 9.365825e-01 9.447367e-01 9.543035e-01 9.556878e-01 9.600901e-01 9.640279e-01 9.665921e-01 9.750051e-01 9.736799e-01 9.676955e-01 9.650440e-01 9.667202e-01 9.632360e-01 9.610185e-01 9.549484e-01 9.543995e-01 9.594057e-01 9.655203e-01 9.614573e-01 9.652122e-01 9.591821e-01 9.513233e-01 9.467750e-01 9.491295e-01 9.590000e-01 9.593986e-01 9.599300e-01 9.439558e-01 9.289907e-01 9.284322e-01 9.451163e-01 9.626245e-01 9.670950e-01 9.496347e-01 9.444844e-01 9.468942e-01 9.486343e-01 9.519351e-01 9.581605e-01 9.728466e-01 9.812496e-01 9.832922e-01 9.909565e-01 9.922935e-01 9.913514e-01 9.905440e-01 9.945431e-01 9.972679e-01 1.006280e+00 1.015275e+00 1.018753e+00 1.016534e+00 1.017042e+00 1.020169e+00 1.019534e+00 1.016011e+00 1.014849e+00 1.010747e+00 1.001658e+00 9.959324e-01 9.946898e-01 9.901291e-01 9.714957e-01 9.641202e-01 9.571319e-01 9.521790e-01 9.539745e-01 9.589631e-01 9.445114e-01 9.252394e-01 9.055938e-01 8.975119e-01 8.939480e-01 9.076086e-01 9.229534e-01 9.182793e-01
1.049094e+00 1.039129e+00 1.039388e+00 1.030302e+00 1.028453e+00 1.020547e+00 1.011568e+00 9.982837e-01 9.868202e-01 9.820430e-01 9.800935e-01 9.921140e-01 9.982454e-01 9.937301e-01 9.802938e-01 9.735354e-01 9.732637e-01 9.648485e-01 9.537804e-01 9.425551e-01 9.335299e-01 9.337776e-01 9.466973e-01 9.478594e-01 9.434556e-01 9.362066e-01 9.378475e-01 9.459313e-01 9.618266e-01 9.723515e-01 9.629503e-01 9.516026e-01 9.537389e-01 9.517282e-01 9.573954e-01 9.623128e-01 9.698306e-01 9.663844e-01 9.710189e-01 9.724469e-01 9.633170e-01 9.693322e-01 9.772127e-01 9.845605e-01 9.874277e-01 9.855745e-01 9.762051e-01 9.704419e-01 9.571767e-01 9.439906e-01 9.484559e-01 9.600569e-01 9.560062e-01 9.589580e-01 9.589670e-01 9.531805e-01 9.529659e-01 9.611509e-01 9.650822e-01 9.596719e-01 9.521701e-01 9.496061e-01 9.457374e-01 9.390092e-01 9.395649e-01 9.509467e-01 9.543160e-01 9.479024e-01 9.384370e-01 9.287426e-01 9.322715e-01 9.354624e-01 9.329029e-01 9.459056e-01 9.588295e-01 9.508044e-01 9.426377e-01 9.503850e-01 9.567115e-01 9.559424e-01 9.552589e-01 9.688582e-01 9.763131e-01 9.848750e-01 9.880091e-01 9.904422e-01 9.968814e-01 9.964646e-01 9.951150e-01 9.990766e-01 1.014114e+00 1.015262e+00 1.014434e+00 1.012644e+00 1.018336e+00 1.019330e+00 1.016852e+00 1.014345e+00 1.024033e+00 1.029230e+00 1.026326e+00 1.018437e+00 1.014910e+00 1.016469e+00 1.023943e+00 1.028740e+00 1.025571e+00 1.015441e+00 1.006994e+00 1.007169e+00 1.013291e+00 1.023653e+00 1.024950e+00 1.015269e+00 1.013958e+00 1.018699e+00 1.022967e+00 1.028705e+00 1.029160e+00 1.021663e+00 1.015811e+00 1.017884e+00 1.027592e+00 1.031264e+00 1.021717e+00 1.011780e+00 1.003557e+00 1.009694e+00 1.021846e+00 1.023173e+00 1.019992e+00 1.018318e+00 1.019492e+00 1.027179e+00 1.021464e+00 1.015838e+00 1.015354e+00 1.019202e+00 1.009891e+00 1.008057e+00 1.013389e+00 1.009746e+00 1.014438e+00 1.014420e+00 1.010341e+00 1.010585e+00 1.010406e+00 1.014958e+00 1.016762e+00 1.019809e+00 1.019529e+00 1.009957e+00 1.003593e+00 1.009172e+00 1.010938e+00 1.002473e+00 9.984834e-01 9.942315e-01 9.960334e-01 9.999310e-01 9.988199e-01 9.901164e-01 9.897702e-01 9.841723e-01 9.718038e-01 9.625008e-01 9.636286e-01 9.755734e-01 9.867682e-01 9.866598e-01 9.730068e-01 9.598373e-01 9.614865e-01 9.664762e-01 9.646844e-01 9.655648e-01 9.786001e-01 9.753914e-01 9.591108e-01 9.475691e-01 9.453244e-01 9.501250e-01 9.579118e-01 9.606965e-01 9.706547e-01 9.804440e-01 9.817981e-01 9.726211e-01 9.731644e-01 9.668105e-01 9.634404e-01 9.650512e-01 9.633728e-01 9.577007e-01 9.594888e-01 9.639608e-01 9.683067e-01 9.694457e-01 9.676207e-01 9.619351e-01 9.631191e-01 9.658310e-01 9.666699e-01 9.631295e-01 9.691932e-01 9.704419e-01 9.564695e-01 9.458222e-01 9.405243e-01 9.368030e-01 9.467802e-01 9.560813e-01 9.609792e-01 9.567732e-01 9.522630e-01 9.503399e-01 9.470936e-01 9.470220e-01 9.573712e-01 9.707280e-01 9.804763e-01 9.872670e-01 9.907053e-01 9.943784e-01 9.911325e-01 9.920830e-01 9.942828e-01 9.970062e-01 1.008815e+00 1.016433e+00 1.014939e+00 1.011992e+00 1.012049e+00 1.015055e+00 1.017774e+00 1.018034e+00 1.017655e+00 1.013517e+00 1.005430e+00 9.955416e-01 9.912105e-01 9.870672e-01 9.758705e-01 9.668441e-01 9.603955e-01 9.546784e-01 9.580792e-01 9.610451e-01 9.442797e-01 9.238566e-01 9.104856e-01 8.975866e-01 8.904045e-01 9.034463e-01 9.190786e-01 9.237359e-01
1.050376e+00 1.042566e+00 1.039205e+00 1.029149e+00 1.027711e+00 1.024386e+00 1.012185e+00 1.006292e+00 9.999537e-01 9.913393e-01 9.921175e-01 9.954084e-01 1.000863e+00 9.904298e-01 9.725678e-01 9.607333e-01 9.687240e-01 9.671978e-01 9.510472e-01 9.352438e-01 9.329289e-01 9.428453e-01 9.539093e-01 9.552906e-01 9.428838e-01 9.338951e-01 9.360098e-01 9.571337e-01 9.714349e-01 9.706005e-01 9.593860e-01 9.574448e-01 9.499477e-01 9.411504e-01 9.511674e-01 9.714884e-01 9.809974e-01 9.701167e-01 9.694354e-01 9.701040e-01 9.567855e-01 9.586574e-01 9.681177e-01 9.857374e-01 9.891896e-01 9.724470e-01 9.589854e-01 9.559399e-01 9.425836e-01 9.304074e-01 9.461043e-01 9.593819e-01 9.660694e-01 9.650161e-01 9.595655e-01 9.559468e-01 9.483618e-01 9.494426e-01 9.540945e-01 9.520773e-01 9.494817e-01 9.528106e-01 9.524793e-01 9.455807e-01 9.442780e-01 9.475783e-01 9.540890e-01 9.542277e-01 9.415541e-01 9.264181e-01 9.282168e-01 9.327639e-01 9.272140e-01 9.400695e-01 9.499110e-01 9.434858e-01 9.469420e-01 9.574947e-01 9.551092e-01 9.493331e-01 9.539478e-01 9.711996e-01 9.761043e-01 9.784073e-01 9.890549e-01 9.949031e-01 9.983141e-01 9.961212e-01 9.888389e-01 9.898049e-01 1.002338e+00 1.008497e+00 1.011376e+00 1.012037e+00 1.015784e+00 1.022283e+00 1.023227e+00 1.019407e+00 1.021009e+00 1.028580e+00 1.028264e+00 1.015403e+00 1.014138e+00 1.020101e+00 1.025256e+00 1.020839e+00 1.019207e+00 1.015386e+00 1.016490e+00 1.014952e+00 1.016319e+00 1.023532e+00 1.024189e+00 1.016436e+00 1.021158e+00 1.024636e+00 1.023792e+00 1.031457e+00 1.033414e+00 1.021570e+00 1.020926e+00 1.024603e+00 1.026619e+00 1.030018e+00 1.018835e+00 1.010455e+00 1.004941e+00 1.002126e+00 1.011211e+00 1.015011e+00 1.009088e+00 1.006326e+00 1.006950e+00 1.011842e+00 1.009794e+00 1.010054e+00 1.009284e+00 1.007788e+00 1.006842e+00 1.003286e+00 1.006674e+00 1.010688e+00 1.010022e+00 1.007941e+00 1.009410e+00 1.002789e+00 1.003419e+00 1.012920e+00 1.017073e+00 1.015458e+00 1.014894e+00 1.010792e+00 1.003669e+00 9.995978e-01 1.000626e+00 9.971482e-01 9.937733e-01 9.962853e-01 1.005948e+00 1.008810e+00 9.991548e-01 9.912261e-01 9.881570e-01 9.859785e-01 9.804471e-01 9.725741e-01 9.710284e-01 9.801139e-01 9.889047e-01 9.812473e-01 9.661557e-01 9.628289e-01 9.697902e-01 9.734847e-01 9.716327e-01 9.782826e-01 9.912096e-01 9.866278e-01 9.683820e-01 9.632632e-01 9.624907e-01 9.684849e-01 9.694589e-01 9.750543e-01 9.867895e-01 9.944891e-01 9.898034e-01 9.753209e-01 9.684615e-01 9.627624e-01 9.650584e-01 9.748270e-01 9.680187e-01 9.660754e-01 9.681532e-01 9.665080e-01 9.708742e-01 9.728411e-01 9.768039e-01 9.697908e-01 9.747316e-01 9.738544e-01 9.700663e-01 9.633868e-01 9.748219e-01 9.781309e-01 9.632816e-01 9.518615e-01 9.538146e-01 9.592100e-01 9.621985e-01 9.600670e-01 9.634898e-01 9.603158e-01 9.604682e-01 9.625027e-01 9.584854e-01 9.544114e-01 9.578974e-01 9.643301e-01 9.730729e-01 9.859667e-01 9.867589e-01 9.842961e-01 9.854614e-01 9.958833e-01 1.002623e+00 9.996397e-01 1.007592e+00 1.012964e+00 1.006775e+00 1.003199e+00 1.008036e+00 1.014911e+00 1.015796e+00 1.019401e+00 1.020297e+00 1.017664e+00 1.011480e+00 1.001183e+00 9.886882e-01 9.799763e-01 9.739544e-01 9.685442e-01 9.570048e-01 9.461958e-01 9.502971e-01 9.526366e-01 9.381920e-01 9.257234e-01 9.111325e-01 8.961472e-01 8.861591e-01 9.047489e-01 9.127657e-01 9.261591e-01
1.049468e+00 1.042135e+00 1.036000e+00 1.028581e+00 1.029790e+00 1.024183e+00 1.010309e+00 1.005974e+00 1.002722e+00 1.003370e+00 9.938506e-01 9.871882e-01 9.877019e-01 9.805344e-01 9.745860e-01 9.722309e-01 9.732928e-01 9.681014e-01 9.502760e-01 9.354206e-01 9.359113e-01 9.507504e-01 9.670217e-01 9.621710e-01 9.478125e-01 9.395794e-01 9.428324e-01 9.615275e-01 9.670269e-01 9.646325e-01 9.613675e-01 9.536703e-01 9.527553e-01 9.530420e-01 9.591427e-01 9.752456e-01 9.765266e-01 9.633013e-01 9.619161e-01 9.673837e-01 9.606557e-01 9.568364e-01 9.632696e-01 9.742922e-01 9.727669e-01 9.516604e-01 9.368070e-01 9.383182e-01 9.353734e-01 9.329429e-01 9.522393e-01 9.647525e-01 9.677346e-01 9.641523e-01 9.626752e-01 9.567333e-01 9.545471e-01 9.550345e-01 9.522922e-01 9.487786e-01 9.455962e-01 9.530079e-01 9.530656e-01 9.497299e-01 9.449787e-01 9.399627e-01 9.432502e-01 9.458373e-01 9.366438e-01 9.296146e-01 9.300461e-01 9.259068e-01 9.248985e-01 9.316263e-01 9.282088e-01 9.377003e-01 9.435531e-01 9.487703e-01 9.502943e-01 9.487469e-01 9.585481e-01 9.699095e-01 9.726279e-01 9.759751e-01 9.818541e-01 9.832768e-01 9.875230e-01 9.933370e-01 9.904881e-01 9.920921e-01 9.992731e-01 1.006079e+00 1.010070e+00 1.010247e+00 1.013770e+00 1.023107e+00 1.018805e+00 1.014443e+00 1.014431e+00 1.024081e+00 1.020671e+00 1.011576e+00 1.012493e+00 1.022660e+00 1.025861e+00 1.016037e+00 1.014648e+00 1.024311e+00 1.025713e+00 1.020421e+00 1.015954e+00 1.020262e+00 1.020177e+00 1.021870e+00 1.029046e+00 1.030517e+00 1.025166e+00 1.029132e+00 1.029474e+00 1.020306e+00 1.016446e+00 1.019668e+00 1.019275e+00 1.024366e+00 1.024714e+00 1.017565e+00 1.007773e+00 1.007187e+00 1.004817e+00 1.001589e+00 9.933925e-01 9.969971e-01 1.003989e+00 1.009217e+00 1.013519e+00 1.009636e+00 1.007045e+00 1.003982e+00 1.006974e+00 9.958504e-01 9.986110e-01 1.006972e+00 1.008691e+00 1.006951e+00 1.005877e+00 9.983935e-01 9.981892e-01 1.014864e+00 1.015357e+00 1.011059e+00 1.013011e+00 1.009446e+00 1.001716e+00 1.000048e+00 9.990514e-01 1.000624e+00 9.965153e-01 9.949178e-01 1.002377e+00 1.000391e+00 9.939874e-01 9.959996e-01 9.936320e-01 9.934204e-01 9.914120e-01 9.827488e-01 9.833534e-01 9.797459e-01 9.813252e-01 9.756785e-01 9.717515e-01 9.737788e-01 9.786797e-01 9.789010e-01 9.795316e-01 9.817873e-01 9.831546e-01 9.805413e-01 9.736589e-01 9.704626e-01 9.670523e-01 9.690753e-01 9.783763e-01 9.809715e-01 9.907734e-01 1.000386e+00 9.921563e-01 9.806026e-01 9.680895e-01 9.734433e-01 9.806274e-01 9.854198e-01 9.854273e-01 9.789221e-01 9.754227e-01 9.728930e-01 9.758332e-01 9.791593e-01 9.862145e-01 9.821089e-01 9.790925e-01 9.689871e-01 9.682713e-01 9.656798e-01 9.747069e-01 9.828228e-01 9.653597e-01 9.552283e-01 9.594572e-01 9.666258e-01 9.704657e-01 9.733657e-01 9.761142e-01 9.686366e-01 9.686599e-01 9.635883e-01 9.621679e-01 9.601257e-01 9.581264e-01 9.631083e-01 9.743584e-01 9.866039e-01 9.853215e-01 9.780380e-01 9.821862e-01 9.972360e-01 1.005619e+00 1.007653e+00 1.009144e+00 1.011526e+00 1.008091e+00 1.003689e+00 9.991981e-01 1.003679e+00 1.009318e+00 1.016704e+00 1.020105e+00 1.016310e+00 1.009680e+00 1.001757e+00 9.912707e-01 9.774185e-01 9.734992e-01 9.641690e-01 9.439605e-01 9.357658e-01 9.425666e-01 9.460651e-01 9.332341e-01 9.220731e-01 9.035369e-01 8.938795e-01 8.889779e-01 9.034875e-01 9.138556e-01 9.270245e-01
1.045997e+00 1.036735e+00 1.032767e+00 1.025897e+00 1.029091e+00 1.021320e+00 1.008180e+00 1.002108e+00 1.004646e+00 1.009712e+00 9.999571e-01 9.839360e-01 9.742659e-01 9.699419e-01 9.730387e-01 9.774430e-01 9.755698e-01 9.712036e-01 9.612071e-01 9.500080e-01 9.455674e-01 9.570649e-01 9.682874e-01 9.610826e-01 9.566072e-01 9.627534e-01 9.675776e-01 9.614015e-01 9.579293e-01 9.671219e-01 9.623534e-01 9.522796e-01 9.581423e-01 9.669833e-01 9.728199e-01 9.747040e-01 9.670731e-01 9.635666e-01 9.656717e-01 9.658020e-01 9.650844e-01 9.600942e-01 9.592641e-01 9.630285e-01 9.590685e-01 9.412625e-01 9.287467e-01 9.325476e-01 9.385989e-01 9.459831e-01 9.504454e-01 9.605415e-01 9.713882e-01 9.661766e-01 9.717267e-01 9.684612e-01 9.697755e-01 9.683787e-01 9.621331e-01 9.563698e-01 9.591455e-01 9.579751e-01 9.509214e-01 9.438260e-01 9.367575e-01 9.306545e-01 9.274015e-01 9.293752e-01 9.254968e-01 9.308670e-01 9.301351e-01 9.171138e-01 9.210604e-01 9.267522e-01 9.204031e-01 9.341656e-01 9.411700e-01 9.447734e-01 9.472178e-01 9.550610e-01 9.620678e-01 9.611480e-01 9.677936e-01 9.731216e-01 9.718925e-01 9.750754e-01 9.836776e-01 9.853593e-01 9.869571e-01 9.972603e-01 1.001083e+00 1.001742e+00 1.012856e+00 1.010668e+00 1.013556e+00 1.020489e+00 1.015543e+00 1.012677e+00 1.020991e+00 1.022251e+00 1.013061e+00 1.007432e+00 1.012378e+00 1.024305e+00 1.023539e+00 1.016724e+00 1.020127e+00 1.030179e+00 1.032426e+00 1.028219e+00 1.022022e+00 1.018438e+00 1.018459e+00 1.021374e+00 1.025311e+00 1.025734e+00 1.026297e+00 1.025887e+00 1.026048e+00 1.017985e+00 1.011332e+00 1.011221e+00 1.011666e+00 1.014420e+00 1.019215e+00 1.011273e+00 1.006064e+00 1.009833e+00 1.000507e+00 9.943651e-01 9.928691e-01 9.964770e-01 1.002711e+00 1.009045e+00 1.013532e+00 1.008516e+00 1.006039e+00 1.005541e+00 1.003211e+00 9.933658e-01 9.945651e-01 1.000991e+00 1.006335e+00 1.010201e+00 1.008514e+00 1.001022e+00 1.001023e+00 1.010393e+00 1.008175e+00 1.009655e+00 1.014922e+00 1.012280e+00 1.002258e+00 9.960455e-01 9.971984e-01 1.006170e+00 9.983595e-01 9.920502e-01 9.977328e-01 9.950923e-01 9.913970e-01 9.949143e-01 1.000907e+00 9.995723e-01 9.988961e-01 9.924684e-01 9.918211e-01 9.828304e-01 9.816698e-01 9.809869e-01 9.843963e-01 9.852259e-01 9.827242e-01 9.828163e-01 9.795876e-01 9.772500e-01 9.754182e-01 9.750486e-01 9.754571e-01 9.728430e-01 9.676962e-01 9.663255e-01 9.772655e-01 9.797635e-01 9.886182e-01 9.983934e-01 9.910697e-01 9.844562e-01 9.822791e-01 9.869764e-01 9.894990e-01 9.958965e-01 9.961920e-01 9.972612e-01 9.995772e-01 9.914333e-01 9.883516e-01 9.866423e-01 9.965436e-01 1.000275e+00 9.835884e-01 9.781235e-01 9.846394e-01 9.815187e-01 9.825323e-01 9.861581e-01 9.779674e-01 9.698966e-01 9.685962e-01 9.736183e-01 9.777949e-01 9.819930e-01 9.840271e-01 9.723577e-01 9.656957e-01 9.542550e-01 9.531184e-01 9.540312e-01 9.507085e-01 9.599242e-01 9.771544e-01 9.900978e-01 9.899810e-01 9.811718e-01 9.841438e-01 9.968305e-01 9.997236e-01 1.004242e+00 1.009235e+00 1.011276e+00 1.008559e+00 1.000379e+00 9.932835e-01 9.980457e-01 1.005563e+00 1.013579e+00 1.019187e+00 1.013271e+00 1.002573e+00 1.000828e+00 9.990124e-01 9.859501e-01 9.745184e-01 9.668213e-01 9.483375e-01 9.404188e-01 9.401612e-01 9.403647e-01 9.310020e-01 9.259123e-01 9.077520e-01 8.994873e-01 8.956152e-01 9.037745e-01 9.169455e-01 9.283904e-01
1.046273e+00 1.038946e+00 1.033364e+00 1.024579e+00 1.024781e+00 1.021384e+00 1.008595e+00 1.001653e+00 1.004438e+00 1.001294e+00 9.955341e-01 9.840167e-01 9.795547e-01 9.697106e-01 9.623337e-01 9.652491e-01 9.630713e-01 9.595021e-01 9.551165e-01 9.543229e-01 9.521989e-01 9.572885e-01 9.616393e-01 9.557713e-01 9.563605e-01 9.648520e-01 9.639435e-01 9.592815e-01 9.593858e-01 9.678929e-01 9.582052e-01 9.533272e-01 9.600976e-01 9.674198e-01 9.778292e-01 9.734010e-01 9.663299e-01 9.621066e-01 9.634864e-01 9.613410e-01 9.564707e-01 9.555543e-01 9.587138e-01 9.594873e-01 9.555718e-01 9.430926e-01 9.349592e-01 9.359928e-01 9.393037e-01 9.472863e-01 9.481928e-01 9.574386e-01 9.639991e-01 9.685276e-01 9.764085e-01 9.810005e-01 9.801592e-01 9.655395e-01 9.531006e-01 9.526517e-01 9.618418e-01 9.563541e-01 9.520745e-01 9.476523e-01 9.397938e-01 9.378008e-01 9.276122e-01 9.252445e-01 9.306195e-01 9.396093e-01 9.291897e-01 9.217847e-01 9.278510e-01 9.203923e-01 9.156401e-01 9.268188e-01 9.381384e-01 9.474339e-01 9.536089e-01 9.573829e-01 9.535601e-01 9.462107e-01 9.520187e-01 9.591316e-01 9.641151e-01 9.710021e-01 9.813197e-01 9.762413e-01 9.855009e-01 9.980354e-01 1.003708e+00 1.005959e+00 1.007488e+00 1.002888e+00 1.009071e+00 1.015240e+00 1.012813e+00 1.015923e+00 1.023552e+00 1.020194e+00 1.016517e+00 1.009944e+00 1.011130e+00 1.022382e+00 1.023938e+00 1.023062e+00 1.029618e+00 1.032395e+00 1.031541e+00 1.023202e+00 1.017014e+00 1.009342e+00 1.010509e+00 1.015819e+00 1.023985e+00 1.026118e+00 1.023518e+00 1.019969e+00 1.021905e+00 1.010472e+00 9.976372e-01 9.988339e-01 1.000612e+00 1.007445e+00 1.013237e+00 1.005142e+00 9.974717e-01 1.000029e+00 9.949456e-01 9.939218e-01 9.968989e-01 9.984230e-01 1.003006e+00 1.002124e+00 1.000403e+00 9.967691e-01 9.991187e-01 1.000545e+00 9.916555e-01 9.900501e-01 9.974568e-01 1.002039e+00 1.007950e+00 1.013568e+00 1.005095e+00 9.991246e-01 1.004171e+00 1.009313e+00 1.007730e+00 1.009752e+00 1.008155e+00 1.009611e+00 1.002631e+00 9.977964e-01 1.002089e+00 1.012288e+00 1.004011e+00 9.954210e-01 9.998393e-01 9.946448e-01 9.858556e-01 9.883273e-01 1.000495e+00 1.004677e+00 1.003042e+00 1.002680e+00 1.002162e+00 9.882531e-01 9.841732e-01 9.919937e-01 9.973148e-01 9.883461e-01 9.833419e-01 9.817654e-01 9.768656e-01 9.800298e-01 9.813581e-01 9.795140e-01 9.814771e-01 9.837071e-01 9.836713e-01 9.822619e-01 9.781589e-01 9.789947e-01 9.887308e-01 9.927247e-01 9.849011e-01 9.788764e-01 9.896645e-01 9.927496e-01 9.916430e-01 9.973128e-01 9.993482e-01 1.005610e+00 1.009200e+00 1.000762e+00 9.914845e-01 9.896249e-01 1.000663e+00 1.000149e+00 9.954581e-01 9.979624e-01 9.921693e-01 9.809908e-01 9.799092e-01 9.833109e-01 9.851161e-01 9.741629e-01 9.737511e-01 9.770890e-01 9.787533e-01 9.867392e-01 9.857122e-01 9.724212e-01 9.593877e-01 9.517149e-01 9.473935e-01 9.455391e-01 9.539794e-01 9.666625e-01 9.778363e-01 9.895602e-01 9.951602e-01 9.921989e-01 9.882813e-01 9.917590e-01 9.915700e-01 9.943073e-01 1.005162e+00 1.014753e+00 1.004845e+00 9.943399e-01 9.924772e-01 1.001835e+00 1.010881e+00 1.016651e+00 1.016985e+00 1.010643e+00 9.987629e-01 9.985997e-01 9.976591e-01 9.879360e-01 9.769139e-01 9.654551e-01 9.476119e-01 9.370959e-01 9.375319e-01 9.454083e-01 9.439188e-01 9.372415e-01 9.242967e-01 9.182995e-01 9.099227e-01 9.144017e-01 9.266121e-01 9.382589e-01
1.050480e+00 1.041266e+00 1.038306e+00 1.025393e+00 1.024654e+00 1.017062e+00 1.002128e+00 9.962545e-01 9.965714e-01 9.926620e-01 9.902670e-01 9.891592e-01 9.888933e-01 9.788466e-01 9.658515e-01 9.614877e-01 9.558767e-01 9.494457e-01 9.502223e-01 9.529332e-01 9.518593e-01 9.555340e-01 9.599999e-01 9.587781e-01 9.543727e-01 9.581612e-01 9.623280e-01 9.606080e-01 9.611989e-01 9.598034e-01 9.571066e-01 9.586695e-01 9.594588e-01 9.651900e-01 9.744833e-01 9.707937e-01 9.660644e-01 9.640259e-01 9.549502e-01 9.570447e-01 9.498602e-01 9.475260e-01 9.578618e-01 9.645663e-01 9.607799e-01 9.556890e-01 9.477892e-01 9.423186e-01 9.460220e-01 9.550839e-01 9.620274e-01 9.633232e-01 9.657679e-01 9.701903e-01 9.684216e-01 9.709635e-01 9.620935e-01 9.481071e-01 9.446886e-01 9.483022e-01 9.516896e-01 9.453163e-01 9.459897e-01 9.420484e-01 9.347582e-01 9.382970e-01 9.271607e-01 9.159130e-01 9.274575e-01 9.363468e-01 9.280558e-01 9.188874e-01 9.199290e-01 9.167101e-01 9.157165e-01 9.303332e-01 9.369450e-01 9.440463e-01 9.532294e-01 9.551411e-01 9.556463e-01 9.465591e-01 9.519463e-01 9.631045e-01 9.709457e-01 9.725173e-01 9.738199e-01 9.733035e-01 9.867284e-01 9.943973e-01 9.989414e-01 1.004358e+00 1.002049e+00 1.001314e+00 1.003584e+00 1.009021e+00 1.010762e+00 1.011855e+00 1.018771e+00 1.019828e+00 1.019946e+00 1.014543e+00 1.014997e+00 1.018536e+00 1.018205e+00 1.021383e+00 1.026344e+00 1.023478e+00 1.018469e+00 1.015352e+00 1.011298e+00 9.961700e-01 9.973211e-01 1.009462e+00 1.023851e+00 1.024074e+00 1.019163e+00 1.015729e+00 1.012873e+00 9.999554e-01 9.936823e-01 9.953913e-01 9.974626e-01 1.003049e+00 1.005233e+00 1.002748e+00 1.002116e+00 1.003968e+00 1.000428e+00 9.957852e-01 9.931585e-01 9.927863e-01 9.926248e-01 9.832396e-01 9.817398e-01 9.868045e-01 9.919611e-01 9.896639e-01 9.814346e-01 9.858709e-01 9.963856e-01 1.000608e+00 1.008265e+00 1.008685e+00 9.936599e-01 9.898514e-01 9.996828e-01 1.009005e+00 1.009780e+00 1.010242e+00 1.005306e+00 1.005802e+00 1.002110e+00 1.007529e+00 1.014364e+00 1.019262e+00 1.012296e+00 1.002231e+00 1.004190e+00 9.942329e-01 9.807855e-01 9.810606e-01 9.941595e-01 1.008569e+00 1.004668e+00 1.002291e+00 1.001935e+00 9.915162e-01 9.895637e-01 9.958970e-01 9.959358e-01 9.871517e-01 9.798687e-01 9.743770e-01 9.733597e-01 9.815745e-01 9.840469e-01 9.812922e-01 9.777511e-01 9.834517e-01 9.887769e-01 9.898650e-01 9.863104e-01 9.878303e-01 9.980269e-01 9.970279e-01 9.792680e-01 9.731061e-01 9.863058e-01 9.897220e-01 9.931991e-01 9.972649e-01 1.001460e+00 1.010944e+00 1.012985e+00 9.988575e-01 9.918634e-01 9.924167e-01 9.964302e-01 9.991191e-01 1.003898e+00 1.007437e+00 9.904959e-01 9.808703e-01 9.838071e-01 9.923839e-01 9.912632e-01 9.794040e-01 9.822109e-01 9.799691e-01 9.798895e-01 9.786674e-01 9.770996e-01 9.676650e-01 9.598673e-01 9.600666e-01 9.564309e-01 9.575276e-01 9.680937e-01 9.778675e-01 9.814613e-01 9.882544e-01 9.936478e-01 9.973330e-01 9.941613e-01 9.938696e-01 9.905069e-01 9.913473e-01 1.005181e+00 1.009055e+00 1.000840e+00 9.919914e-01 9.984087e-01 1.004344e+00 1.010048e+00 1.015836e+00 1.016936e+00 1.013251e+00 1.008996e+00 1.007048e+00 1.003778e+00 9.976193e-01 9.799795e-01 9.593706e-01 9.458475e-01 9.424023e-01 9.478365e-01 9.545048e-01 9.501884e-01 9.385028e-01 9.308484e-01 9.271581e-01 9.178416e-01 9.146765e-01 9.263182e-01 9.409171e-01
1.048579e+00 1.038289e+00 1.035147e+00 1.024092e+00 1.027738e+00 1.016353e+00 1.003207e+00 9.928560e-01 9.856341e-01 9.922696e-01 9.971042e-01 9.951307e-01 9.935718e-01 9.850025e-01 9.737131e-01 9.674926e-01 9.641075e-01 9.634250e-01 9.646009e-01 9.686916e-01 9.616123e-01 9.566047e-01 9.602415e-01 9.609949e-01 9.593517e-01 9.576443e-01 9.604833e-01 9.660103e-01 9.650305e-01 9.565601e-01 9.597511e-01 9.648461e-01 9.671667e-01 9.644243e-01 9.642889e-01 9.639506e-01 9.590766e-01 9.576805e-01 9.518195e-01 9.517274e-01 9.457827e-01 9.485815e-01 9.638436e-01 9.743814e-01 9.666486e-01 9.591874e-01 9.569072e-01 9.616277e-01 9.673691e-01 9.725482e-01 9.703519e-01 9.656761e-01 9.662285e-01 9.622607e-01 9.580604e-01 9.489131e-01 9.421425e-01 9.428744e-01 9.483779e-01 9.491285e-01 9.431346e-01 9.397997e-01 9.389645e-01 9.368104e-01 9.332719e-01 9.302525e-01 9.272940e-01 9.156015e-01 9.282310e-01 9.334186e-01 9.254742e-01 9.137124e-01 9.144880e-01 9.169478e-01 9.181381e-01 9.254872e-01 9.311038e-01 9.400603e-01 9.548810e-01 9.524118e-01 9.482383e-01 9.486884e-01 9.555689e-01 9.668746e-01 9.771178e-01 9.762331e-01 9.821188e-01 9.840038e-01 9.944324e-01 9.952044e-01 9.920823e-01 1.008819e+00 1.013438e+00 1.007005e+00 1.003190e+00 1.001153e+00 1.006984e+00 1.009731e+00 1.013741e+00 1.016442e+00 1.014092e+00 1.014495e+00 1.016884e+00 1.013830e+00 1.010796e+00 1.011486e+00 1.015972e+00 1.014772e+00 1.014167e+00 1.011051e+00 1.007963e+00 1.002583e+00 1.000392e+00 1.011561e+00 1.019867e+00 1.014855e+00 1.009875e+00 1.008317e+00 1.001389e+00 9.945875e-01 1.001569e+00 1.001069e+00 9.943285e-01 9.964758e-01 9.977377e-01 1.000257e+00 1.003296e+00 1.005961e+00 1.000802e+00 9.998081e-01 9.973984e-01 9.920518e-01 9.825433e-01 9.722748e-01 9.731174e-01 9.810922e-01 9.801241e-01 9.761136e-01 9.802907e-01 9.844150e-01 9.901735e-01 9.923946e-01 9.966541e-01 9.993241e-01 9.929400e-01 9.907701e-01 9.957796e-01 1.005017e+00 1.005446e+00 9.995167e-01 9.956792e-01 1.006945e+00 1.013037e+00 1.018117e+00 1.016233e+00 1.010705e+00 1.007986e+00 1.002390e+00 1.004295e+00 9.986158e-01 9.823035e-01 9.855725e-01 9.971629e-01 1.002944e+00 9.967192e-01 9.987250e-01 9.973018e-01 9.893287e-01 9.882484e-01 9.883230e-01 9.894838e-01 9.885746e-01 9.734311e-01 9.706121e-01 9.782187e-01 9.817548e-01 9.783887e-01 9.747865e-01 9.751766e-01 9.809800e-01 9.871671e-01 9.890502e-01 9.914931e-01 9.981453e-01 1.006087e+00 1.004466e+00 9.891940e-01 9.796348e-01 9.844837e-01 9.902734e-01 9.955274e-01 1.005939e+00 1.007210e+00 1.007088e+00 1.009420e+00 1.003113e+00 9.957590e-01 9.974171e-01 9.958694e-01 9.960299e-01 1.001911e+00 1.004919e+00 9.975678e-01 9.927082e-01 9.942456e-01 1.002530e+00 9.953735e-01 9.885048e-01 9.919325e-01 9.895473e-01 9.843412e-01 9.804095e-01 9.786075e-01 9.715864e-01 9.673052e-01 9.762636e-01 9.728228e-01 9.753839e-01 9.810700e-01 9.894312e-01 9.922467e-01 9.924045e-01 9.923570e-01 9.962397e-01 1.000409e+00 1.002096e+00 9.989042e-01 9.928795e-01 9.979654e-01 9.968639e-01 9.938716e-01 9.942961e-01 9.986718e-01 1.002430e+00 1.005131e+00 1.014662e+00 1.019648e+00 1.018945e+00 1.014418e+00 1.011817e+00 1.006572e+00 1.003493e+00 9.861734e-01 9.609719e-01 9.450935e-01 9.409566e-01 9.450058e-01 9.493386e-01 9.470976e-01 9.377047e-01 9.313880e-01 9.259917e-01 9.219252e-01 9.164097e-01 9.276406e-01 9.419845e-01
1.046550e+00 1.040517e+00 1.029922e+00 1.016559e+00 1.021490e+00 1.015482e+00 1.005828e+00 9.950159e-01 9.863776e-01 9.953236e-01 1.002512e+00 9.928214e-01 9.863951e-01 9.850940e-01 9.833620e-01 9.710354e-01 9.696104e-01 9.716769e-01 9.725590e-01 9.709454e-01 9.625272e-01 9.578316e-01 9.589069e-01 9.644644e-01 9.730726e-01 9.665982e-01 9.602261e-01 9.602214e-01 9.629483e-01 9.596223e-01 9.616564e-01 9.650197e-01 9.741644e-01 9.686247e-01 9.559035e-01 9.544498e-01 9.552097e-01 9.521743e-01 9.582167e-01 9.590455e-01 9.575608e-01 9.611137e-01 9.656196e-01 9.721448e-01 9.719989e-01 9.653645e-01 9.684812e-01 9.770439e-01 9.757487e-01 9.725579e-01 9.643595e-01 9.549299e-01 9.566972e-01 9.578310e-01 9.499475e-01 9.381360e-01 9.351087e-01 9.474814e-01 9.535803e-01 9.480081e-01 9.417801e-01 9.404674e-01 9.373963e-01 9.377643e-01 9.387385e-01 9.314190e-01 9.297199e-01 9.212751e-01 9.343575e-01 9.367549e-01 9.301592e-01 9.191985e-01 9.250809e-01 9.248343e-01 9.246878e-01 9.360623e-01 9.419802e-01 9.450565e-01 9.539441e-01 9.450412e-01 9.457434e-01 9.510807e-01 9.525107e-01 9.519565e-01 9.608183e-01 9.741243e-01 9.943403e-01 9.968910e-01 1.001104e+00 9.993058e-01 9.966768e-01 1.009403e+00 1.014129e+00 1.010383e+00 1.005646e+00 1.000955e+00 1.005892e+00 1.011517e+00 1.014269e+00 1.015476e+00 1.008881e+00 1.012547e+00 1.014184e+00 1.010993e+00 1.005241e+00 1.007555e+00 1.016839e+00 1.012546e+00 1.011329e+00 1.010351e+00 1.014332e+00 1.013523e+00 1.007056e+00 1.004484e+00 1.007640e+00 1.008810e+00 1.008384e+00 1.007806e+00 1.001998e+00 9.991691e-01 1.006475e+00 1.007908e+00 9.952396e-01 9.883752e-01 9.864374e-01 9.939369e-01 1.001546e+00 9.992692e-01 9.960651e-01 9.989017e-01 1.001446e+00 9.911862e-01 9.821581e-01 9.755399e-01 9.715211e-01 9.799742e-01 9.843343e-01 9.797655e-01 9.862872e-01 9.827973e-01 9.832957e-01 9.845482e-01 9.742692e-01 9.832442e-01 9.966125e-01 1.000897e+00 9.996035e-01 1.003988e+00 9.990730e-01 9.912348e-01 9.893894e-01 1.006648e+00 1.015125e+00 1.008698e+00 1.002099e+00 9.950702e-01 9.958121e-01 9.945961e-01 9.973550e-01 9.959782e-01 9.948468e-01 1.005691e+00 1.005244e+00 9.925963e-01 9.907282e-01 9.949901e-01 1.000021e+00 9.975917e-01 9.980728e-01 9.928873e-01 9.934385e-01 9.851550e-01 9.731428e-01 9.716642e-01 9.833454e-01 9.868577e-01 9.743221e-01 9.737452e-01 9.831553e-01 9.928142e-01 9.956636e-01 9.939860e-01 9.956151e-01 1.000983e+00 1.004555e+00 1.005823e+00 9.986045e-01 9.888447e-01 9.909457e-01 1.002045e+00 1.004764e+00 1.012711e+00 1.011881e+00 1.010897e+00 1.009339e+00 9.999692e-01 9.943687e-01 9.967693e-01 9.935896e-01 9.987976e-01 1.005619e+00 1.009519e+00 1.007727e+00 1.002578e+00 9.998518e-01 1.002148e+00 9.980580e-01 9.926885e-01 9.898655e-01 9.897335e-01 9.865963e-01 9.878063e-01 9.820666e-01 9.777301e-01 9.799078e-01 9.799353e-01 9.818865e-01 9.843803e-01 9.872155e-01 9.958919e-01 9.980555e-01 9.915286e-01 9.914971e-01 9.985790e-01 1.005312e+00 1.006644e+00 1.002725e+00 9.965445e-01 9.937084e-01 9.936461e-01 9.953033e-01 9.978472e-01 1.000275e+00 9.962048e-01 9.997801e-01 1.015024e+00 1.021218e+00 1.023151e+00 1.020278e+00 1.015286e+00 1.007655e+00 9.993478e-01 9.801535e-01 9.582535e-01 9.538522e-01 9.479392e-01 9.387892e-01 9.351991e-01 9.394949e-01 9.368232e-01 9.262831e-01 9.219512e-01 9.232607e-01 9.192193e-01 9.319395e-01 9.399548e-01
1.048318e+00 1.039843e+00 1.026886e+00 1.016241e+00 1.015908e+00 1.017773e+00 1.013763e+00 1.003770e+00 9.950007e-01 9.970343e-01 9.928317e-01 9.847784e-01 9.822824e-01 9.837537e-01 9.754674e-01 9.644803e-01 9.657710e-01 9.675608e-01 9.602824e-01 9.549035e-01 9.518341e-01 9.519724e-01 9.582339e-01 9.628924e-01 9.655184e-01 9.613906e-01 9.565319e-01 9.549103e-01 9.569234e-01 9.546373e-01 9.558247e-01 9.608982e-01 9.702869e-01 9.656587e-01 9.545867e-01 9.535004e-01 9.599751e-01 9.594950e-01 9.635484e-01 9.685583e-01 9.652525e-01 9.655445e-01 9.697412e-01 9.667453e-01 9.645397e-01 9.654836e-01 9.673839e-01 9.727070e-01 9.698171e-01 9.613420e-01 9.496250e-01 9.533268e-01 9.604847e-01 9.674497e-01 9.625162e-01 9.533325e-01 9.566880e-01 9.556542e-01 9.577473e-01 9.579864e-01 9.532539e-01 9.539853e-01 9.504198e-01 9.499913e-01 9.546193e-01 9.480308e-01 9.393585e-01 9.256999e-01 9.285146e-01 9.314770e-01 9.239554e-01 9.209231e-01 9.202037e-01 9.216642e-01 9.282364e-01 9.385716e-01 9.440399e-01 9.425926e-01 9.331307e-01 9.292275e-01 9.405735e-01 9.461508e-01 9.481930e-01 9.405181e-01 9.485227e-01 9.621615e-01 9.833689e-01 9.874567e-01 9.930534e-01 9.946545e-01 9.901032e-01 9.980692e-01 1.009301e+00 1.007247e+00 1.006256e+00 1.006933e+00 1.014207e+00 1.017611e+00 1.018905e+00 1.014840e+00 1.005772e+00 1.002522e+00 1.009140e+00 1.008605e+00 1.001738e+00 1.009616e+00 1.014738e+00 1.009643e+00 1.011159e+00 1.018982e+00 1.020863e+00 1.012054e+00 1.006584e+00 9.951355e-01 9.917467e-01 1.008665e+00 1.013674e+00 1.012263e+00 1.008905e+00 1.000336e+00 1.001417e+00 1.005369e+00 9.961407e-01 9.914586e-01 9.868060e-01 9.891773e-01 9.934263e-01 9.925126e-01 9.906880e-01 9.920710e-01 9.957662e-01 9.924644e-01 9.871033e-01 9.743326e-01 9.724382e-01 9.818516e-01 9.820029e-01 9.789297e-01 9.784861e-01 9.812882e-01 9.836854e-01 9.797577e-01 9.704891e-01 9.838985e-01 9.980984e-01 9.976485e-01 9.959198e-01 9.971742e-01 9.933931e-01 9.889362e-01 9.903916e-01 9.992388e-01 1.002746e+00 9.928495e-01 9.903259e-01 9.921302e-01 9.914327e-01 9.936905e-01 9.889134e-01 9.891124e-01 9.995745e-01 1.010404e+00 1.004354e+00 9.869306e-01 9.985620e-01 1.003528e+00 1.003138e+00 1.001720e+00 1.008011e+00 1.008327e+00 1.003662e+00 9.861773e-01 9.741204e-01 9.697409e-01 9.792191e-01 9.862434e-01 9.814267e-01 9.869203e-01 9.951181e-01 9.961371e-01 9.959979e-01 9.972637e-01 9.989238e-01 9.997436e-01 1.005836e+00 1.008697e+00 1.005663e+00 9.972311e-01 9.984620e-01 1.006842e+00 1.009412e+00 1.010373e+00 1.009848e+00 1.010654e+00 1.008618e+00 9.953912e-01 9.911454e-01 9.899792e-01 9.915588e-01 9.967475e-01 1.003450e+00 1.011540e+00 1.008937e+00 1.004617e+00 1.003292e+00 1.005996e+00 1.003861e+00 9.970256e-01 9.911718e-01 9.848384e-01 9.830725e-01 9.801586e-01 9.764850e-01 9.829702e-01 9.848926e-01 9.786134e-01 9.779851e-01 9.816412e-01 9.903175e-01 9.990691e-01 9.969930e-01 9.890671e-01 9.845247e-01 9.869435e-01 9.944999e-01 1.004603e+00 1.003181e+00 9.947610e-01 9.957220e-01 1.001288e+00 9.996213e-01 1.000223e+00 1.004370e+00 9.949412e-01 1.000208e+00 1.016090e+00 1.022114e+00 1.023607e+00 1.024363e+00 1.011702e+00 1.006333e+00 9.949397e-01 9.714204e-01 9.529136e-01 9.499072e-01 9.410121e-01 9.253874e-01 9.276400e-01 9.390312e-01 9.459587e-01 9.357133e-01 9.293467e-01 9.244441e-01 9.245593e-01 9.341428e-01 9.440553e-01
1.043527e+00 1.037692e+00 1.027458e+00 1.018770e+00 1.014568e+00 1.019358e+00 1.020006e+00 1.011494e+00 1.003089e+00 9.971260e-01 9.849321e-01 9.769543e-01 9.778057e-01 9.771164e-01 9.725868e-01 9.655628e-01 9.628692e-01 9.565611e-01 9.452567e-01 9.391237e-01 9.437025e-01 9.476027e-01 9.607298e-01 9.578971e-01 9.486918e-01 9.473388e-01 9.518856e-01 9.583852e-01 9.584910e-01 9.528800e-01 9.561101e-01 9.688323e-01 9.681156e-01 9.651347e-01 9.657485e-01 9.648843e-01 9.626914e-01 9.560126e-01 9.633594e-01 9.741488e-01 9.737356e-01 9.708973e-01 9.645818e-01 9.629993e-01 9.691715e-01 9.676188e-01 9.632419e-01 9.606924e-01 9.633666e-01 9.614288e-01 9.526634e-01 9.566814e-01 9.668441e-01 9.760132e-01 9.821714e-01 9.747660e-01 9.630621e-01 9.560941e-01 9.651929e-01 9.688929e-01 9.699062e-01 9.707878e-01 9.707981e-01 9.635594e-01 9.670364e-01 9.642541e-01 9.538734e-01 9.335076e-01 9.277868e-01 9.173884e-01 9.165221e-01 9.215991e-01 9.195220e-01 9.223477e-01 9.286842e-01 9.389374e-01 9.421725e-01 9.373490e-01 9.273465e-01 9.283618e-01 9.362980e-01 9.447066e-01 9.419294e-01 9.441047e-01 9.579943e-01 9.590257e-01 9.671015e-01 9.780637e-01 9.826133e-01 9.891199e-01 9.935970e-01 9.949614e-01 1.002985e+00 1.001715e+00 1.004088e+00 1.009251e+00 1.017272e+00 1.017829e+00 1.015919e+00 1.012819e+00 1.006062e+00 9.974943e-01 1.006979e+00 1.007929e+00 1.005114e+00 1.012921e+00 1.011254e+00 1.006587e+00 1.009623e+00 1.020929e+00 1.020768e+00 1.009551e+00 1.001888e+00 9.947655e-01 9.929738e-01 1.012952e+00 1.024058e+00 1.017981e+00 1.007551e+00 9.966687e-01 9.980322e-01 1.000640e+00 9.957193e-01 9.947946e-01 9.886686e-01 9.841191e-01 9.823615e-01 9.868865e-01 9.914233e-01 9.952703e-01 9.980865e-01 9.981916e-01 9.870641e-01 9.765887e-01 9.731477e-01 9.739550e-01 9.693866e-01 9.600890e-01 9.652487e-01 9.779623e-01 9.830998e-01 9.782775e-01 9.777091e-01 9.850461e-01 9.839956e-01 9.841025e-01 9.924151e-01 9.978918e-01 9.954199e-01 9.908764e-01 9.905472e-01 9.926622e-01 9.949206e-01 9.891809e-01 9.886687e-01 9.974353e-01 1.001177e+00 1.002798e+00 9.848086e-01 9.770859e-01 9.944122e-01 1.007746e+00 9.959344e-01 9.867362e-01 1.000890e+00 1.010651e+00 1.004694e+00 1.001148e+00 1.002821e+00 9.972150e-01 9.964829e-01 9.898506e-01 9.780031e-01 9.676281e-01 9.723240e-01 9.810300e-01 9.810979e-01 9.854629e-01 9.949489e-01 9.888811e-01 9.867945e-01 9.974563e-01 1.006383e+00 1.002593e+00 1.002554e+00 1.011012e+00 1.009392e+00 9.928083e-01 9.951342e-01 1.003394e+00 1.007108e+00 1.009365e+00 1.010558e+00 1.002511e+00 1.000936e+00 9.893984e-01 9.819789e-01 9.839795e-01 9.945353e-01 1.000571e+00 1.003294e+00 1.011722e+00 1.008922e+00 1.013470e+00 1.014920e+00 1.014104e+00 1.004177e+00 9.954773e-01 9.974020e-01 9.931853e-01 9.869938e-01 9.794587e-01 9.793321e-01 9.822314e-01 9.844865e-01 9.842959e-01 9.863729e-01 9.891106e-01 9.933112e-01 9.946961e-01 9.902508e-01 9.842904e-01 9.769322e-01 9.807000e-01 9.910886e-01 9.997972e-01 1.001126e+00 9.965203e-01 9.974235e-01 1.002768e+00 1.003440e+00 9.981232e-01 1.003526e+00 1.000002e+00 1.004457e+00 1.018369e+00 1.024074e+00 1.022223e+00 1.015834e+00 9.970956e-01 9.880866e-01 9.857768e-01 9.651265e-01 9.501660e-01 9.444540e-01 9.397717e-01 9.253072e-01 9.280428e-01 9.428990e-01 9.499838e-01 9.414912e-01 9.299127e-01 9.311652e-01 9.270638e-01 9.364341e-01 9.494216e-01
1.032981e+00 1.031417e+00 1.023124e+00 1.015778e+00 1.014905e+00 1.017614e+00 1.015690e+00 1.011958e+00 1.003906e+00 9.950160e-01 9.832638e-01 9.723319e-01 9.730046e-01 9.720711e-01 9.692124e-01 9.667572e-01 9.612568e-01 9.537708e-01 9.422275e-01 9.395618e-01 9.448455e-01 9.484214e-01 9.526919e-01 9.547765e-01 9.512228e-01 9.500290e-01 9.614949e-01 9.704250e-01 9.663236e-01 9.529880e-01 9.575840e-01 9.671486e-01 9.723432e-01 9.698177e-01 9.730055e-01 9.662039e-01 9.500322e-01 9.382354e-01 9.481394e-01 9.683543e-01 9.738249e-01 9.708039e-01 9.613587e-01 9.572821e-01 9.688134e-01 9.720913e-01 9.631012e-01 9.651468e-01 9.679273e-01 9.686752e-01 9.677757e-01 9.680117e-01 9.703606e-01 9.775696e-01 9.854372e-01 9.794431e-01 9.670426e-01 9.661885e-01 9.627051e-01 9.610380e-01 9.631046e-01 9.662280e-01 9.721564e-01 9.672775e-01 9.660724e-01 9.630643e-01 9.553387e-01 9.385926e-01 9.297680e-01 9.224580e-01 9.278951e-01 9.363494e-01 9.370254e-01 9.328555e-01 9.301163e-01 9.412886e-01 9.461457e-01 9.475967e-01 9.450332e-01 9.465517e-01 9.492050e-01 9.448707e-01 9.451299e-01 9.541891e-01 9.626637e-01 9.621712e-01 9.653757e-01 9.815395e-01 9.827253e-01 9.849588e-01 9.914234e-01 9.931870e-01 9.971234e-01 1.003213e+00 9.990323e-01 9.993675e-01 1.003780e+00 1.010268e+00 1.007970e+00 1.008043e+00 1.005557e+00 1.001409e+00 1.008662e+00 1.008742e+00 1.005388e+00 1.010903e+00 1.008884e+00 1.000064e+00 1.000699e+00 1.009287e+00 1.006780e+00 1.006518e+00 9.989923e-01 9.963915e-01 1.000496e+00 1.012831e+00 1.017449e+00 1.014050e+00 1.003029e+00 1.001391e+00 9.995641e-01 9.907357e-01 9.835528e-01 9.836369e-01 9.788076e-01 9.712771e-01 9.794462e-01 9.876708e-01 9.938517e-01 9.947777e-01 9.911520e-01 9.871790e-01 9.792333e-01 9.744546e-01 9.757606e-01 9.709201e-01 9.600281e-01 9.590567e-01 9.665384e-01 9.721983e-01 9.710683e-01 9.625247e-01 9.676122e-01 9.705569e-01 9.649030e-01 9.733638e-01 9.908820e-01 9.971408e-01 1.001482e+00 9.953883e-01 9.897341e-01 9.973699e-01 9.986970e-01 9.904819e-01 9.858509e-01 9.936367e-01 1.000561e+00 1.000454e+00 9.780342e-01 9.681075e-01 9.859247e-01 9.957026e-01 9.847984e-01 9.829460e-01 9.960060e-01 1.003111e+00 1.001259e+00 1.005074e+00 1.000153e+00 9.882802e-01 9.804772e-01 9.800575e-01 9.740239e-01 9.675624e-01 9.779677e-01 9.838594e-01 9.798520e-01 9.831141e-01 9.848124e-01 9.814216e-01 9.872566e-01 1.000136e+00 1.007762e+00 1.000895e+00 9.956003e-01 9.989296e-01 9.943895e-01 9.872662e-01 9.854929e-01 9.966705e-01 1.005625e+00 1.008886e+00 1.001950e+00 9.971902e-01 9.939122e-01 9.916938e-01 9.863090e-01 9.842436e-01 9.948739e-01 9.957552e-01 9.986637e-01 1.009809e+00 1.012115e+00 1.016531e+00 1.019559e+00 1.018151e+00 1.009455e+00 1.000957e+00 9.986026e-01 9.937649e-01 9.912817e-01 9.909526e-01 9.877293e-01 9.845610e-01 9.852498e-01 9.943441e-01 9.984459e-01 9.953468e-01 9.927599e-01 9.920323e-01 9.898906e-01 9.844651e-01 9.716884e-01 9.788083e-01 9.895102e-01 9.966474e-01 9.967853e-01 9.963048e-01 9.935361e-01 9.968306e-01 9.985690e-01 9.975780e-01 9.961687e-01 1.001938e+00 1.011317e+00 1.016269e+00 1.018992e+00 1.018708e+00 1.009457e+00 9.904131e-01 9.828570e-01 9.838527e-01 9.661669e-01 9.493984e-01 9.437203e-01 9.465792e-01 9.354292e-01 9.308192e-01 9.440558e-01 9.553093e-01 9.426900e-01 9.330027e-01 9.357576e-01 9.285594e-01 9.377045e-01 9.504551e-01
1.027350e+00 1.026132e+00 1.015491e+00 1.006423e+00 1.011825e+00 1.011623e+00 1.011607e+00 1.010734e+00 9.991287e-01 9.925931e-01 9.858456e-01 9.769130e-01 9.774755e-01 9.713619e-01 9.663446e-01 9.696192e-01 9.628863e-01 9.525247e-01 9.487722e-01 9.555837e-01 9.542856e-01 9.474003e-01 9.517909e-01 9.546729e-01 9.540243e-01 9.519120e-01 9.618685e-01 9.704667e-01 9.665905e-01 9.566537e-01 9.537267e-01 9.562650e-01 9.609092e-01 9.631050e-01 9.643837e-01 9.587647e-01 9.491741e-01 9.463076e-01 9.481837e-01 9.494007e-01 9.521741e-01 9.533520e-01 9.536078e-01 9.507378e-01 9.625407e-01 9.697673e-01 9.622264e-01 9.683893e-01 9.691781e-01 9.748073e-01 9.769899e-01 9.802414e-01 9.801345e-01 9.816988e-01 9.832779e-01 9.768034e-01 9.684872e-01 9.619378e-01 9.569411e-01 9.534028e-01 9.553342e-01 9.620011e-01 9.624065e-01 9.564126e-01 9.568172e-01 9.535860e-01 9.455840e-01 9.319210e-01 9.277418e-01 9.306678e-01 9.362912e-01 9.444546e-01 9.424286e-01 9.374226e-01 9.309098e-01 9.425218e-01 9.517604e-01 9.592119e-01 9.625720e-01 9.649465e-01 9.608855e-01 9.532316e-01 9.556050e-01 9.712303e-01 9.763202e-01 9.800175e-01 9.843332e-01 9.939129e-01 9.871503e-01 9.802293e-01 9.889436e-01 9.959228e-01 9.950433e-01 9.929023e-01 9.935011e-01 9.992769e-01 9.941133e-01 9.938392e-01 1.000656e+00 1.004704e+00 1.001654e+00 9.979987e-01 1.001739e+00 1.001243e+00 1.001301e+00 1.009144e+00 1.009164e+00 1.002286e+00 1.002761e+00 1.007744e+00 1.002608e+00 1.001950e+00 9.961752e-01 9.889508e-01 9.972609e-01 1.005235e+00 1.003328e+00 1.002614e+00 1.008857e+00 1.006149e+00 9.994467e-01 9.889306e-01 9.863050e-01 9.826882e-01 9.711422e-01 9.694641e-01 9.766911e-01 9.819161e-01 9.907885e-01 9.960596e-01 9.956886e-01 9.870868e-01 9.735751e-01 9.707387e-01 9.709210e-01 9.713520e-01 9.700065e-01 9.674072e-01 9.690232e-01 9.718361e-01 9.619595e-01 9.553514e-01 9.557453e-01 9.616230e-01 9.668067e-01 9.709813e-01 9.847282e-01 9.902909e-01 9.965181e-01 9.998636e-01 9.971378e-01 1.000272e+00 1.000221e+00 9.919226e-01 9.796075e-01 9.818220e-01 9.858570e-01 9.880038e-01 9.746210e-01 9.641841e-01 9.781509e-01 9.848098e-01 9.894977e-01 9.952710e-01 9.983665e-01 9.951736e-01 9.980254e-01 1.004132e+00 1.001682e+00 9.947222e-01 9.830632e-01 9.763857e-01 9.741231e-01 9.734205e-01 9.820521e-01 9.860439e-01 9.868854e-01 9.908087e-01 9.885091e-01 9.862187e-01 9.895875e-01 9.972053e-01 9.946487e-01 9.934710e-01 9.911703e-01 9.932976e-01 9.918209e-01 9.900201e-01 9.836439e-01 9.921864e-01 1.004208e+00 9.992626e-01 9.889392e-01 9.908403e-01 9.975269e-01 9.978731e-01 9.978095e-01 9.925532e-01 9.918767e-01 9.906693e-01 9.950885e-01 1.002458e+00 1.007977e+00 1.016678e+00 1.018234e+00 1.017003e+00 1.014392e+00 1.004506e+00 9.960865e-01 9.958614e-01 1.002296e+00 1.000737e+00 9.948279e-01 9.886917e-01 9.887154e-01 9.943695e-01 9.932540e-01 9.935777e-01 9.916962e-01 9.965699e-01 9.945835e-01 9.883136e-01 9.801239e-01 9.838054e-01 9.909035e-01 9.949569e-01 9.923792e-01 9.936820e-01 9.942368e-01 9.908180e-01 9.972897e-01 9.986066e-01 9.963729e-01 1.002282e+00 1.010110e+00 1.013560e+00 1.011179e+00 1.014962e+00 1.006317e+00 9.946104e-01 9.894456e-01 9.854770e-01 9.805940e-01 9.631907e-01 9.475659e-01 9.438645e-01 9.374719e-01 9.359602e-01 9.486247e-01 9.513858e-01 9.321554e-01 9.258088e-01 9.316936e-01 9.253418e-01 9.346823e-01 9.463497e-01
1.033395e+00 1.026170e+00 1.017751e+00 1.004649e+00 1.011636e+00 1.011116e+00 1.009386e+00 1.006882e+00 9.957061e-01 9.890321e-01 9.867375e-01 9.844580e-01 9.830860e-01 9.711658e-01 9.659057e-01 9.689266e-01 9.662135e-01 9.563460e-01 9.588705e-01 9.626195e-01 9.625307e-01 9.560748e-01 9.573140e-01 9.529445e-01 9.469574e-01 9.411358e-01 9.476818e-01 9.531412e-01 9.549112e-01 9.565839e-01 9.513897e-01 9.520353e-01 9.609280e-01 9.583080e-01 9.548121e-01 9.553078e-01 9.545255e-01 9.611837e-01 9.531763e-01 9.486980e-01 9.468253e-01 9.511439e-01 9.587291e-01 9.512558e-01 9.624425e-01 9.744776e-01 9.749333e-01 9.720511e-01 9.758912e-01 9.771538e-01 9.852086e-01 9.859722e-01 9.852002e-01 9.818478e-01 9.760343e-01 9.699473e-01 9.641830e-01 9.582191e-01 9.588625e-01 9.536055e-01 9.491087e-01 9.602013e-01 9.579616e-01 9.473709e-01 9.543496e-01 9.566966e-01 9.414949e-01 9.322236e-01 9.363844e-01 9.370837e-01 9.323597e-01 9.374827e-01 9.341062e-01 9.285595e-01 9.337955e-01 9.431131e-01 9.524567e-01 9.623632e-01 9.665588e-01 9.619161e-01 9.577016e-01 9.604862e-01 9.671674e-01 9.795449e-01 9.840527e-01 9.883337e-01 9.885189e-01 9.852537e-01 9.852186e-01 9.850546e-01 9.904666e-01 9.941028e-01 9.900548e-01 9.843326e-01 9.911002e-01 9.975094e-01 9.911664e-01 9.899067e-01 1.000395e+00 1.003528e+00 9.966114e-01 9.930885e-01 9.992357e-01 9.961329e-01 9.960801e-01 1.001462e+00 1.002447e+00 1.002281e+00 1.006266e+00 1.007241e+00 9.987260e-01 9.932996e-01 9.956430e-01 9.967406e-01 9.956512e-01 9.977708e-01 9.983737e-01 1.000977e+00 1.007572e+00 1.001116e+00 9.871721e-01 9.807334e-01 9.812350e-01 9.784464e-01 9.702283e-01 9.716654e-01 9.704401e-01 9.745007e-01 9.886504e-01 9.980801e-01 9.845246e-01 9.740343e-01 9.679541e-01 9.698089e-01 9.691586e-01 9.733447e-01 9.793684e-01 9.730355e-01 9.612947e-01 9.587448e-01 9.518721e-01 9.618285e-01 9.652824e-01 9.595628e-01 9.614093e-01 9.682770e-01 9.780983e-01 9.824937e-01 9.828176e-01 9.926420e-01 9.967374e-01 9.947267e-01 9.949562e-01 9.843435e-01 9.743772e-01 9.817382e-01 9.887975e-01 9.850364e-01 9.716342e-01 9.702191e-01 9.719598e-01 9.765284e-01 9.936783e-01 1.002553e+00 1.000234e+00 9.951601e-01 9.972491e-01 1.004072e+00 1.006631e+00 1.000803e+00 9.902039e-01 9.804425e-01 9.798506e-01 9.787744e-01 9.701670e-01 9.773864e-01 9.917356e-01 1.001026e+00 1.000061e+00 9.898920e-01 9.846220e-01 9.830865e-01 9.829445e-01 9.828256e-01 9.815232e-01 9.899606e-01 1.000713e+00 9.984307e-01 9.930612e-01 9.976737e-01 1.003981e+00 9.936249e-01 9.838313e-01 9.884238e-01 9.975686e-01 1.005595e+00 1.002806e+00 9.899197e-01 9.847679e-01 9.890720e-01 9.920267e-01 9.931912e-01 1.002588e+00 1.010426e+00 1.012409e+00 1.012366e+00 1.008719e+00 1.003986e+00 1.001428e+00 1.008250e+00 1.014325e+00 1.014387e+00 1.005188e+00 9.874603e-01 9.857172e-01 9.866893e-01 9.793856e-01 9.804845e-01 9.889786e-01 1.001558e+00 1.002347e+00 9.969747e-01 9.893977e-01 9.868219e-01 9.895521e-01 9.934523e-01 9.958262e-01 9.999100e-01 1.000065e+00 9.938610e-01 9.916084e-01 9.944730e-01 9.950526e-01 9.977819e-01 1.003864e+00 1.005406e+00 1.002549e+00 1.002010e+00 9.992699e-01 9.978802e-01 9.934958e-01 9.898371e-01 9.871873e-01 9.718027e-01 9.458122e-01 9.310795e-01 9.256938e-01 9.390424e-01 9.541091e-01 9.529489e-01 9.379435e-01 9.265528e-01 9.352639e-01 9.357358e-01 9.409087e-01 9.447812e-01
1.037508e+00 1.028561e+00 1.022550e+00 1.008405e+00 1.011972e+00 1.014459e+00 1.012612e+00 1.008063e+00 1.007377e+00 1.002468e+00 9.913137e-01 9.782820e-01 9.747050e-01 9.642493e-01 9.577584e-01 9.613354e-01 9.681595e-01 9.585701e-01 9.554508e-01 9.552694e-01 9.579739e-01 9.613838e-01 9.608376e-01 9.516366e-01 9.498499e-01 9.475381e-01 9.444911e-01 9.464682e-01 9.559762e-01 9.634760e-01 9.642538e-01 9.630909e-01 9.712380e-01 9.699111e-01 9.648046e-01 9.657010e-01 9.666868e-01 9.686588e-01 9.648991e-01 9.549985e-01 9.627333e-01 9.778867e-01 9.777845e-01 9.708434e-01 9.757341e-01 9.809869e-01 9.865918e-01 9.812866e-01 9.839324e-01 9.821895e-01 9.856023e-01 9.823501e-01 9.812553e-01 9.765748e-01 9.726397e-01 9.657345e-01 9.648168e-01 9.605115e-01 9.598786e-01 9.502527e-01 9.469724e-01 9.607273e-01 9.551620e-01 9.461749e-01 9.536922e-01 9.550166e-01 9.427083e-01 9.385345e-01 9.439352e-01 9.383580e-01 9.270387e-01 9.344390e-01 9.395527e-01 9.402413e-01 9.455469e-01 9.560790e-01 9.551122e-01 9.578789e-01 9.649291e-01 9.609687e-01 9.605359e-01 9.761705e-01 9.764334e-01 9.762270e-01 9.836006e-01 9.845373e-01 9.783090e-01 9.739782e-01 9.862607e-01 9.947837e-01 9.987679e-01 9.928815e-01 9.849644e-01 9.880010e-01 9.982329e-01 9.966419e-01 9.941263e-01 9.908356e-01 9.983873e-01 1.003196e+00 1.000669e+00 9.999409e-01 1.003192e+00 9.987504e-01 9.991783e-01 9.979362e-01 9.972725e-01 9.956198e-01 9.969116e-01 1.002027e+00 9.998109e-01 1.001793e+00 1.008228e+00 1.003216e+00 9.939336e-01 9.893555e-01 9.930833e-01 9.970971e-01 9.993927e-01 9.952829e-01 9.837664e-01 9.775618e-01 9.767643e-01 9.799549e-01 9.800004e-01 9.769719e-01 9.775008e-01 9.789289e-01 9.872267e-01 9.920146e-01 9.837537e-01 9.782818e-01 9.812209e-01 9.782152e-01 9.765262e-01 9.703988e-01 9.748240e-01 9.727320e-01 9.645879e-01 9.624026e-01 9.553462e-01 9.612321e-01 9.597905e-01 9.512953e-01 9.556662e-01 9.758095e-01 9.822326e-01 9.817880e-01 9.812730e-01 9.851140e-01 9.907454e-01 9.882582e-01 9.786955e-01 9.761670e-01 9.723539e-01 9.795985e-01 9.889673e-01 9.908162e-01 9.877155e-01 9.806249e-01 9.740964e-01 9.758497e-01 9.857012e-01 1.001226e+00 1.003565e+00 1.002180e+00 9.976678e-01 9.968064e-01 9.969636e-01 9.946066e-01 9.935930e-01 9.877219e-01 9.869378e-01 9.832158e-01 9.747950e-01 9.798921e-01 9.919684e-01 1.003206e+00 1.002891e+00 9.878840e-01 9.789242e-01 9.763935e-01 9.736363e-01 9.794042e-01 9.872137e-01 9.883337e-01 9.996236e-01 1.002162e+00 1.003565e+00 1.003182e+00 1.003528e+00 9.942750e-01 9.838759e-01 9.820690e-01 9.923533e-01 1.004916e+00 1.003480e+00 9.927620e-01 9.901074e-01 9.981731e-01 9.924412e-01 9.841014e-01 9.882501e-01 9.968274e-01 1.007524e+00 1.014413e+00 1.011934e+00 1.008148e+00 1.009367e+00 1.013717e+00 1.013354e+00 1.017732e+00 1.009833e+00 9.944880e-01 9.858682e-01 9.818850e-01 9.780654e-01 9.789799e-01 9.902768e-01 1.003278e+00 1.011371e+00 1.005694e+00 9.963158e-01 9.872728e-01 9.870863e-01 9.927216e-01 9.957091e-01 9.953893e-01 9.970696e-01 9.945056e-01 9.931624e-01 9.991215e-01 9.971465e-01 9.959995e-01 9.955436e-01 9.936610e-01 9.928311e-01 9.885859e-01 9.839067e-01 9.899709e-01 9.889217e-01 9.826061e-01 9.789868e-01 9.710392e-01 9.446153e-01 9.215252e-01 9.223970e-01 9.439529e-01 9.550284e-01 9.544790e-01 9.399291e-01 9.336294e-01 9.410215e-01 9.442436e-01 9.509358e-01 9.478707e-01
1.040493e+00 1.032506e+00 1.028035e+00 1.019416e+00 1.021503e+00 1.019094e+00 1.013998e+00 1.008773e+00 1.010320e+00 1.010822e+00 9.997812e-01 9.771994e-01 9.738929e-01 9.691995e-01 9.603349e-01 9.597986e-01 9.689119e-01 9.658707e-01 9.559832e-01 9.567824e-01 9.626168e-01 9.635588e-01 9.631237e-01 9.653916e-01 9.653392e-01 9.631124e-01 9.564516e-01 9.590704e-01 9.656882e-01 9.743600e-01 9.786466e-01 9.680442e-01 9.661677e-01 9.726553e-01 9.749708e-01 9.784162e-01 9.816526e-01 9.817898e-01 9.779179e-01 9.703724e-01 9.669217e-01 9.789478e-01 9.842814e-01 9.751153e-01 9.761246e-01 9.792929e-01 9.843971e-01 9.854469e-01 9.876358e-01 9.806209e-01 9.821041e-01 9.794326e-01 9.790213e-01 9.746382e-01 9.707584e-01 9.628879e-01 9.653180e-01 9.702792e-01 9.691981e-01 9.588333e-01 9.593267e-01 9.625503e-01 9.475179e-01 9.483613e-01 9.492666e-01 9.496582e-01 9.448881e-01 9.461835e-01 9.462509e-01 9.362816e-01 9.236891e-01 9.345551e-01 9.581310e-01 9.615188e-01 9.628009e-01 9.629813e-01 9.629062e-01 9.612051e-01 9.685063e-01 9.672262e-01 9.718268e-01 9.851045e-01 9.822587e-01 9.803082e-01 9.853659e-01 9.837150e-01 9.736186e-01 9.792652e-01 9.898059e-01 9.976616e-01 9.942455e-01 9.871713e-01 9.750668e-01 9.860247e-01 1.000458e+00 9.993316e-01 9.944524e-01 9.972287e-01 1.002712e+00 1.008284e+00 1.004598e+00 9.943413e-01 9.933832e-01 9.934517e-01 9.936554e-01 9.898828e-01 9.901758e-01 9.891047e-01 9.881307e-01 9.905391e-01 9.946982e-01 1.002928e+00 1.005153e+00 9.966848e-01 9.962418e-01 9.936223e-01 9.852310e-01 9.857200e-01 9.914721e-01 9.946861e-01 9.867638e-01 9.756390e-01 9.721613e-01 9.739863e-01 9.746474e-01 9.761335e-01 9.776987e-01 9.861668e-01 9.880314e-01 9.762691e-01 9.662047e-01 9.774090e-01 9.912845e-01 9.928378e-01 9.866835e-01 9.791206e-01 9.741533e-01 9.784968e-01 9.858997e-01 9.805294e-01 9.702258e-01 9.666212e-01 9.568064e-01 9.426026e-01 9.533648e-01 9.748368e-01 9.793864e-01 9.850212e-01 9.843647e-01 9.813401e-01 9.798664e-01 9.786640e-01 9.754832e-01 9.739987e-01 9.720745e-01 9.754432e-01 9.811323e-01 9.925177e-01 9.950207e-01 9.855467e-01 9.812762e-01 9.812201e-01 9.826121e-01 9.925519e-01 1.004876e+00 1.007820e+00 9.936393e-01 9.828454e-01 9.863734e-01 9.916850e-01 9.955367e-01 9.921677e-01 9.868513e-01 9.893996e-01 9.868802e-01 9.790595e-01 9.907588e-01 1.003837e+00 1.005567e+00 9.908499e-01 9.806612e-01 9.790059e-01 9.801530e-01 9.862621e-01 9.882913e-01 9.895607e-01 9.915439e-01 1.000666e+00 1.002468e+00 9.993874e-01 1.000969e+00 9.945521e-01 9.803947e-01 9.788018e-01 9.845786e-01 1.000393e+00 1.003803e+00 1.000121e+00 1.001024e+00 1.010620e+00 1.008052e+00 9.970698e-01 9.870363e-01 9.968324e-01 1.009548e+00 1.013826e+00 1.014806e+00 1.010547e+00 1.011519e+00 1.007998e+00 1.008516e+00 1.008890e+00 1.007258e+00 1.000949e+00 9.951484e-01 9.938397e-01 9.917165e-01 9.923450e-01 1.000413e+00 1.013013e+00 1.013540e+00 1.009023e+00 1.002015e+00 9.905894e-01 9.874961e-01 9.897614e-01 9.890056e-01 9.875489e-01 9.940794e-01 9.959691e-01 1.001074e+00 1.001602e+00 9.941716e-01 9.918593e-01 9.880195e-01 9.913744e-01 1.000359e+00 9.939575e-01 9.923898e-01 9.968417e-01 9.860072e-01 9.704020e-01 9.610099e-01 9.609144e-01 9.427565e-01 9.247987e-01 9.299290e-01 9.372366e-01 9.460146e-01 9.441375e-01 9.314755e-01 9.371266e-01 9.477578e-01 9.484378e-01 9.525058e-01 9.531826e-01
1.046173e+00 1.036546e+00 1.033004e+00 1.030681e+00 1.027848e+00 1.016330e+00 1.008602e+00 1.006233e+00 1.003427e+00 1.007254e+00 1.002215e+00 9.855325e-01 9.791357e-01 9.734388e-01 9.706260e-01 9.736857e-01 9.770951e-01 9.700027e-01 9.556677e-01 9.545521e-01 9.566150e-01 9.599959e-01 9.658623e-01 9.669428e-01 9.549038e-01 9.548980e-01 9.646078e-01 9.648576e-01 9.704278e-01 9.737453e-01 9.789698e-01 9.750643e-01 9.688452e-01 9.698923e-01 9.761336e-01 9.749717e-01 9.773126e-01 9.800082e-01 9.723221e-01 9.642126e-01 9.670439e-01 9.712732e-01 9.690656e-01 9.677361e-01 9.771068e-01 9.819343e-01 9.882320e-01 9.906682e-01 9.888998e-01 9.856997e-01 9.771377e-01 9.762090e-01 9.817026e-01 9.782991e-01 9.767025e-01 9.721605e-01 9.747108e-01 9.835863e-01 9.787672e-01 9.751384e-01 9.731587e-01 9.736628e-01 9.589798e-01 9.482602e-01 9.499353e-01 9.553594e-01 9.533224e-01 9.614207e-01 9.614881e-01 9.456700e-01 9.366523e-01 9.466635e-01 9.674301e-01 9.735847e-01 9.779671e-01 9.735599e-01 9.673442e-01 9.608531e-01 9.648207e-01 9.696249e-01 9.797252e-01 9.863272e-01 9.837087e-01 9.883186e-01 9.894865e-01 9.824582e-01 9.771535e-01 9.864507e-01 9.886993e-01 9.907045e-01 9.953313e-01 9.883782e-01 9.784793e-01 9.829040e-01 9.943905e-01 1.001949e+00 9.992527e-01 1.002728e+00 1.007418e+00 1.012795e+00 1.002095e+00 9.861401e-01 9.843647e-01 9.873002e-01 9.779595e-01 9.749612e-01 9.833663e-01 9.877362e-01 9.846138e-01 9.858383e-01 9.909294e-01 9.922085e-01 9.866473e-01 9.868736e-01 1.000838e+00 9.990282e-01 9.813181e-01 9.816343e-01 9.807221e-01 9.847466e-01 9.925258e-01 9.778090e-01 9.705532e-01 9.683363e-01 9.708754e-01 9.720892e-01 9.769103e-01 9.837186e-01 9.829112e-01 9.720520e-01 9.640642e-01 9.679621e-01 9.794582e-01 9.899511e-01 9.891937e-01 9.906201e-01 9.849874e-01 9.821276e-01 9.823285e-01 9.810513e-01 9.789062e-01 9.722269e-01 9.623462e-01 9.417318e-01 9.411607e-01 9.634229e-01 9.717367e-01 9.765640e-01 9.910595e-01 9.883331e-01 9.830893e-01 9.817247e-01 9.847491e-01 9.795473e-01 9.764559e-01 9.795042e-01 9.813843e-01 9.949090e-01 9.971770e-01 9.901813e-01 9.898540e-01 9.943480e-01 9.863109e-01 9.775059e-01 9.884295e-01 9.977728e-01 9.901837e-01 9.859592e-01 9.890638e-01 9.940860e-01 9.941911e-01 9.879483e-01 9.848927e-01 9.920993e-01 9.873822e-01 9.729220e-01 9.849017e-01 1.002917e+00 1.002048e+00 9.896175e-01 9.818486e-01 9.864975e-01 9.934534e-01 9.927170e-01 9.866219e-01 9.898494e-01 9.927131e-01 9.947166e-01 9.928187e-01 9.900533e-01 9.939069e-01 9.898798e-01 9.816898e-01 9.880739e-01 9.899395e-01 9.989858e-01 9.984038e-01 9.976485e-01 1.004129e+00 1.014970e+00 1.017141e+00 1.008479e+00 1.000034e+00 1.004639e+00 1.012579e+00 1.011442e+00 1.014635e+00 1.013018e+00 1.009553e+00 1.001173e+00 1.004494e+00 1.004235e+00 1.005954e+00 1.010540e+00 1.010564e+00 1.003119e+00 1.001139e+00 9.980751e-01 1.000888e+00 1.008986e+00 1.013268e+00 1.011767e+00 1.009113e+00 9.995798e-01 9.909983e-01 9.884672e-01 9.855884e-01 9.879742e-01 9.905512e-01 9.954340e-01 1.000284e+00 9.979298e-01 9.945171e-01 9.896109e-01 9.824436e-01 9.843512e-01 9.985782e-01 1.003281e+00 1.001412e+00 9.937935e-01 9.829295e-01 9.608929e-01 9.537575e-01 9.525317e-01 9.405316e-01 9.327290e-01 9.362607e-01 9.326628e-01 9.358183e-01 9.371570e-01 9.320913e-01 9.348773e-01 9.455689e-01 9.452626e-01 9.475091e-01 9.508455e-01
1.049099e+00 1.037238e+00 1.036594e+00 1.035264e+00 1.025700e+00 1.015789e+00 1.008034e+00 1.003596e+00 9.997549e-01 9.998119e-01 1.007033e+00 1.002838e+00 9.862835e-01 9.737161e-01 9.643623e-01 9.734374e-01 9.790618e-01 9.668170e-01 9.565551e-01 9.477288e-01 9.498981e-01 9.557446e-01 9.650033e-01 9.615867e-01 9.515156e-01 9.488747e-01 9.671425e-01 9.696354e-01 9.678891e-01 9.673322e-01 9.740487e-01 9.783036e-01 9.724764e-01 9.669449e-01 9.690410e-01 9.692309e-01 9.668858e-01 9.604914e-01 9.535521e-01 9.501526e-01 9.610142e-01 9.619809e-01 9.597323e-01 9.590209e-01 9.727160e-01 9.846417e-01 9.879162e-01 9.938329e-01 9.945378e-01 9.923089e-01 9.845734e-01 9.810222e-01 9.858158e-01 9.867178e-01 9.836147e-01 9.873263e-01 9.852566e-01 9.852757e-01 9.821821e-01 9.845787e-01 9.837800e-01 9.746537e-01 9.648516e-01 9.569111e-01 9.523821e-01 9.520844e-01 9.528458e-01 9.691742e-01 9.701641e-01 9.547265e-01 9.557847e-01 9.650924e-01 9.646828e-01 9.684467e-01 9.718001e-01 9.747173e-01 9.638380e-01 9.502060e-01 9.553964e-01 9.732373e-01 9.781923e-01 9.736379e-01 9.731902e-01 9.816067e-01 9.933371e-01 9.987374e-01 9.887388e-01 9.867913e-01 9.868438e-01 9.926190e-01 1.000506e+00 9.900125e-01 9.779589e-01 9.752278e-01 9.854656e-01 9.939642e-01 9.931659e-01 9.987813e-01 1.004171e+00 1.007561e+00 9.996771e-01 9.874740e-01 9.856802e-01 9.835314e-01 9.769475e-01 9.805629e-01 9.837678e-01 9.849251e-01 9.842784e-01 9.887493e-01 9.899103e-01 9.883572e-01 9.858132e-01 9.859160e-01 9.986565e-01 9.929389e-01 9.813893e-01 9.800853e-01 9.789371e-01 9.789190e-01 9.883829e-01 9.866586e-01 9.822395e-01 9.754644e-01 9.737554e-01 9.825053e-01 9.828247e-01 9.897316e-01 9.907603e-01 9.711140e-01 9.696268e-01 9.716474e-01 9.820976e-01 9.967439e-01 1.002604e+00 9.955945e-01 9.862362e-01 9.767799e-01 9.612925e-01 9.646545e-01 9.709402e-01 9.670997e-01 9.578025e-01 9.470608e-01 9.435703e-01 9.629735e-01 9.702181e-01 9.838811e-01 9.941186e-01 9.866100e-01 9.780570e-01 9.754639e-01 9.804880e-01 9.795280e-01 9.812299e-01 9.803067e-01 9.816309e-01 9.881963e-01 9.858924e-01 9.871877e-01 9.895360e-01 9.905733e-01 9.910340e-01 9.781883e-01 9.766362e-01 9.839153e-01 9.916373e-01 9.943070e-01 9.957852e-01 9.883947e-01 9.899637e-01 9.907360e-01 9.965822e-01 1.000757e+00 9.918539e-01 9.770572e-01 9.798895e-01 9.937328e-01 9.940897e-01 9.916030e-01 9.913197e-01 9.951083e-01 9.978699e-01 9.885576e-01 9.803570e-01 9.859332e-01 9.912423e-01 9.908857e-01 9.902857e-01 9.883888e-01 9.910364e-01 9.905323e-01 9.876785e-01 9.970168e-01 1.005361e+00 1.005132e+00 1.002311e+00 9.971278e-01 1.003058e+00 1.011515e+00 1.016561e+00 1.009236e+00 1.004526e+00 1.003886e+00 1.006423e+00 1.003908e+00 1.009996e+00 1.009010e+00 1.005700e+00 1.002303e+00 1.005495e+00 1.009506e+00 1.009347e+00 1.014889e+00 1.012587e+00 1.008365e+00 1.005404e+00 9.966766e-01 9.919642e-01 9.984732e-01 1.007433e+00 1.008964e+00 1.006063e+00 9.998212e-01 9.911755e-01 9.861007e-01 9.814470e-01 9.902682e-01 9.942888e-01 9.983045e-01 9.979545e-01 9.937642e-01 9.937424e-01 9.871974e-01 9.822563e-01 9.891621e-01 9.948664e-01 9.967691e-01 9.934387e-01 9.847799e-01 9.751461e-01 9.631510e-01 9.574637e-01 9.546549e-01 9.366133e-01 9.191531e-01 9.238300e-01 9.322505e-01 9.361919e-01 9.310789e-01 9.311956e-01 9.371321e-01 9.434332e-01 9.405205e-01 9.427580e-01 9.430447e-01
1.047506e+00 1.037461e+00 1.035165e+00 1.030562e+00 1.024203e+00 1.018234e+00 1.011070e+00 1.003588e+00 1.000003e+00 9.970675e-01 1.003369e+00 1.003646e+00 9.901855e-01 9.788755e-01 9.697853e-01 9.737369e-01 9.801203e-01 9.672197e-01 9.585187e-01 9.549700e-01 9.571822e-01 9.540917e-01 9.635606e-01 9.591733e-01 9.569477e-01 9.483093e-01 9.608338e-01 9.695523e-01 9.654673e-01 9.667674e-01 9.726103e-01 9.736296e-01 9.657156e-01 9.620899e-01 9.667336e-01 9.718733e-01 9.693408e-01 9.533408e-01 9.490868e-01 9.536641e-01 9.635005e-01 9.630362e-01 9.617107e-01 9.587715e-01 9.772091e-01 9.938410e-01 9.885974e-01 9.950866e-01 9.961201e-01 9.918320e-01 9.937586e-01 9.915500e-01 9.935837e-01 9.934964e-01 9.955931e-01 1.000192e+00 9.887018e-01 9.806627e-01 9.855255e-01 9.949187e-01 9.893648e-01 9.751717e-01 9.666025e-01 9.604862e-01 9.509427e-01 9.465542e-01 9.459456e-01 9.591586e-01 9.658021e-01 9.602202e-01 9.643596e-01 9.712421e-01 9.662302e-01 9.560814e-01 9.530713e-01 9.609454e-01 9.593157e-01 9.524652e-01 9.570525e-01 9.749247e-01 9.817640e-01 9.729835e-01 9.757636e-01 9.853940e-01 9.885117e-01 9.978979e-01 9.964035e-01 9.938970e-01 9.945636e-01 1.002885e+00 1.002040e+00 9.897649e-01 9.861201e-01 9.851716e-01 9.799158e-01 9.820650e-01 9.839029e-01 9.916725e-01 1.002081e+00 1.000497e+00 9.973720e-01 9.903573e-01 9.845592e-01 9.796785e-01 9.810334e-01 9.814894e-01 9.831114e-01 9.848431e-01 9.833707e-01 9.828766e-01 9.824908e-01 9.857393e-01 9.870052e-01 9.874622e-01 9.878760e-01 9.798040e-01 9.819221e-01 9.849634e-01 9.814013e-01 9.851171e-01 9.964315e-01 9.985542e-01 9.823556e-01 9.686765e-01 9.637377e-01 9.738311e-01 9.804253e-01 9.910749e-01 9.868893e-01 9.743289e-01 9.726270e-01 9.681643e-01 9.747005e-01 9.874581e-01 9.940842e-01 9.903842e-01 9.825172e-01 9.710506e-01 9.583425e-01 9.527208e-01 9.554594e-01 9.569010e-01 9.579794e-01 9.649286e-01 9.599639e-01 9.662627e-01 9.697661e-01 9.903051e-01 9.955439e-01 9.831899e-01 9.780883e-01 9.793246e-01 9.716192e-01 9.700396e-01 9.787261e-01 9.899696e-01 9.924778e-01 9.812284e-01 9.752328e-01 9.773108e-01 9.786674e-01 9.806121e-01 9.895430e-01 9.835588e-01 9.786355e-01 9.888165e-01 1.001307e+00 1.003450e+00 9.940670e-01 9.827894e-01 9.840170e-01 9.959139e-01 1.007952e+00 1.005425e+00 9.954938e-01 9.761573e-01 9.653784e-01 9.801701e-01 9.893366e-01 9.937920e-01 9.910771e-01 9.892451e-01 9.894217e-01 9.826490e-01 9.735982e-01 9.836414e-01 9.894252e-01 9.849409e-01 9.934262e-01 1.000506e+00 1.001285e+00 9.911715e-01 9.902387e-01 1.001050e+00 1.005893e+00 1.011062e+00 1.012509e+00 1.004783e+00 1.010617e+00 1.017989e+00 1.021231e+00 1.015126e+00 1.002205e+00 9.998611e-01 1.010274e+00 1.018511e+00 1.024353e+00 1.018448e+00 1.012220e+00 1.005659e+00 1.007120e+00 1.012819e+00 1.013607e+00 1.013999e+00 1.011899e+00 1.002999e+00 9.984542e-01 9.958459e-01 9.934283e-01 9.971035e-01 1.005679e+00 1.010368e+00 1.006447e+00 9.988168e-01 9.954754e-01 9.915183e-01 9.894730e-01 9.943323e-01 9.940283e-01 9.920214e-01 9.923850e-01 9.986388e-01 1.000658e+00 9.942162e-01 9.922295e-01 9.964082e-01 9.973410e-01 9.916704e-01 9.784936e-01 9.721984e-01 9.715477e-01 9.666939e-01 9.702878e-01 9.682513e-01 9.402907e-01 9.158568e-01 9.211516e-01 9.412887e-01 9.438419e-01 9.410350e-01 9.373496e-01 9.342760e-01 9.388887e-01 9.394740e-01 9.449223e-01 9.398225e-01
1.040643e+00 1.036165e+00 1.031201e+00 1.020169e+00 1.020395e+00 1.018591e+00 1.015127e+00 1.002764e+00 9.878781e-01 9.888713e-01 9.960505e-01 1.005257e+00 1.003072e+00 9.884541e-01 9.780093e-01 9.732220e-01 9.755147e-01 9.621131e-01 9.539531e-01 9.596917e-01 9.620290e-01 9.550707e-01 9.468383e-01 9.485605e-01 9.506301e-01 9.502143e-01 9.576126e-01 9.647753e-01 9.613667e-01 9.625077e-01 9.630951e-01 9.610597e-01 9.560510e-01 9.589099e-01 9.673837e-01 9.761243e-01 9.717336e-01 9.530690e-01 9.478474e-01 9.546721e-01 9.720101e-01 9.784465e-01 9.785023e-01 9.763411e-01 9.909410e-01 1.000240e+00 9.982449e-01 9.990392e-01 9.988238e-01 9.953903e-01 1.000401e+00 9.992191e-01 9.981206e-01 9.939067e-01 9.944583e-01 9.932045e-01 9.874699e-01 9.810101e-01 9.872670e-01 1.000385e+00 1.004089e+00 9.890109e-01 9.735327e-01 9.629174e-01 9.484777e-01 9.472885e-01 9.479666e-01 9.573019e-01 9.634285e-01 9.628882e-01 9.664019e-01 9.739330e-01 9.682306e-01 9.560200e-01 9.519301e-01 9.597399e-01 9.585371e-01 9.561405e-01 9.649791e-01 9.731119e-01 9.735916e-01 9.752319e-01 9.823753e-01 9.968440e-01 9.940895e-01 9.948176e-01 9.968640e-01 9.955349e-01 1.000777e+00 1.003654e+00 1.000096e+00 9.966370e-01 9.964477e-01 9.906768e-01 9.798000e-01 9.828331e-01 9.839969e-01 9.870774e-01 9.975056e-01 9.988235e-01 9.951068e-01 9.896950e-01 9.839010e-01 9.779291e-01 9.783363e-01 9.783522e-01 9.847212e-01 9.918572e-01 9.909489e-01 9.840444e-01 9.816157e-01 9.806858e-01 9.864472e-01 9.932364e-01 9.887545e-01 9.769468e-01 9.809368e-01 9.833201e-01 9.758807e-01 9.762595e-01 9.880766e-01 9.912261e-01 9.704675e-01 9.551060e-01 9.513297e-01 9.458987e-01 9.432169e-01 9.593958e-01 9.652203e-01 9.698024e-01 9.687983e-01 9.601468e-01 9.519277e-01 9.580890e-01 9.586776e-01 9.606073e-01 9.701114e-01 9.737074e-01 9.659629e-01 9.616586e-01 9.547520e-01 9.511798e-01 9.545178e-01 9.556157e-01 9.610271e-01 9.736133e-01 9.852804e-01 9.942350e-01 9.975650e-01 9.898066e-01 9.921196e-01 9.840002e-01 9.702434e-01 9.718167e-01 9.883479e-01 1.000152e+00 9.956013e-01 9.810302e-01 9.726304e-01 9.797036e-01 9.809482e-01 9.808911e-01 9.879034e-01 9.883065e-01 9.900488e-01 1.002693e+00 1.005511e+00 1.005684e+00 9.996331e-01 9.871919e-01 9.790500e-01 9.834505e-01 9.968902e-01 9.997560e-01 9.890733e-01 9.754479e-01 9.647920e-01 9.728892e-01 9.844465e-01 9.848276e-01 9.840379e-01 9.871951e-01 9.872847e-01 9.827130e-01 9.764674e-01 9.808031e-01 9.878485e-01 9.858124e-01 9.959610e-01 1.005023e+00 1.001626e+00 9.953504e-01 9.873306e-01 9.906750e-01 1.003958e+00 1.012644e+00 1.011343e+00 1.008424e+00 1.017608e+00 1.030797e+00 1.022089e+00 1.011893e+00 9.979409e-01 1.001053e+00 1.019094e+00 1.027417e+00 1.036866e+00 1.031062e+00 1.019214e+00 1.008592e+00 1.008420e+00 1.008881e+00 1.012087e+00 1.014402e+00 1.007999e+00 9.957941e-01 9.935201e-01 9.959396e-01 9.973287e-01 1.000175e+00 1.009025e+00 1.009271e+00 9.958385e-01 9.908053e-01 9.909291e-01 9.953719e-01 9.977332e-01 9.977923e-01 9.882693e-01 9.855270e-01 9.947087e-01 1.001293e+00 9.976694e-01 9.945788e-01 9.969844e-01 1.005852e+00 1.003725e+00 9.872925e-01 9.743988e-01 9.687952e-01 9.601576e-01 9.582597e-01 9.656554e-01 9.611655e-01 9.338979e-01 9.131386e-01 9.217794e-01 9.412930e-01 9.484344e-01 9.500839e-01 9.419643e-01 9.350402e-01 9.427205e-01 9.408814e-01 9.451318e-01 9.456430e-01
1.034112e+00 1.030697e+00 1.029861e+00 1.017898e+00 1.018178e+00 1.020880e+00 1.014252e+00 9.983130e-01 9.879990e-01 9.886675e-01 9.982734e-01 1.007671e+00 1.001780e+00 9.870524e-01 9.805599e-01 9.756524e-01 9.685813e-01 9.572787e-01 9.545470e-01 9.657878e-01 9.632280e-01 9.537762e-01 9.508929e-01 9.492884e-01 9.486719e-01 9.531467e-01 9.599316e-01 9.641821e-01 9.592484e-01 9.617903e-01 9.605071e-01 9.588381e-01 9.595776e-01 9.611059e-01 9.662821e-01 9.736567e-01 9.711929e-01 9.579940e-01 9.572976e-01 9.612554e-01 9.714191e-01 9.839948e-01 9.886521e-01 9.932373e-01 9.984090e-01 9.969227e-01 9.939753e-01 9.917234e-01 9.909587e-01 9.918541e-01 9.975824e-01 1.003175e+00 9.953303e-01 9.900256e-01 9.890139e-01 9.914111e-01 9.919075e-01 9.838921e-01 9.818720e-01 9.923100e-01 9.949137e-01 9.810260e-01 9.692674e-01 9.655740e-01 9.568241e-01 9.619356e-01 9.612644e-01 9.636148e-01 9.648235e-01 9.595970e-01 9.611363e-01 9.727353e-01 9.750465e-01 9.703565e-01 9.708338e-01 9.727738e-01 9.672726e-01 9.614510e-01 9.678285e-01 9.754367e-01 9.777616e-01 9.853317e-01 9.943676e-01 9.997534e-01 9.980122e-01 9.978927e-01 1.003072e+00 1.002800e+00 9.998091e-01 9.964514e-01 9.944834e-01 9.973547e-01 1.001383e+00 9.986838e-01 9.934096e-01 9.895841e-01 9.893737e-01 9.916071e-01 9.973517e-01 1.000376e+00 1.000791e+00 9.953884e-01 9.923391e-01 9.862655e-01 9.767486e-01 9.716687e-01 9.824053e-01 9.913584e-01 1.000838e+00 9.954101e-01 9.826785e-01 9.775586e-01 9.829857e-01 9.825565e-01 9.710592e-01 9.724000e-01 9.886308e-01 9.828649e-01 9.663128e-01 9.638014e-01 9.667529e-01 9.715769e-01 9.798376e-01 9.782898e-01 9.672762e-01 9.516661e-01 9.434817e-01 9.525370e-01 9.728103e-01 9.815529e-01 9.721962e-01 9.643637e-01 9.576486e-01 9.568859e-01 9.545959e-01 9.548151e-01 9.625336e-01 9.819420e-01 9.835164e-01 9.776517e-01 9.652646e-01 9.599260e-01 9.574477e-01 9.616296e-01 9.645013e-01 9.662725e-01 9.653342e-01 9.688207e-01 9.790486e-01 9.801704e-01 9.965709e-01 9.990804e-01 9.790474e-01 9.806991e-01 9.960083e-01 9.998174e-01 9.932536e-01 9.799633e-01 9.697804e-01 9.823394e-01 9.901707e-01 9.862335e-01 9.905434e-01 9.907535e-01 9.940239e-01 1.001049e+00 1.003366e+00 9.999899e-01 9.971155e-01 9.952224e-01 9.872106e-01 9.753206e-01 9.810204e-01 9.851434e-01 9.830342e-01 9.780656e-01 9.639997e-01 9.665395e-01 9.866335e-01 9.863049e-01 9.840542e-01 9.840949e-01 9.804654e-01 9.773571e-01 9.715461e-01 9.793874e-01 9.926347e-01 9.899276e-01 9.922350e-01 1.004884e+00 1.000904e+00 9.942964e-01 9.845566e-01 9.911361e-01 1.004658e+00 1.009389e+00 1.007880e+00 1.005921e+00 1.011940e+00 1.019168e+00 1.012413e+00 1.005196e+00 9.997056e-01 1.008692e+00 1.019991e+00 1.022877e+00 1.029950e+00 1.024892e+00 1.016893e+00 1.009419e+00 1.011640e+00 1.010493e+00 1.018452e+00 1.023629e+00 1.012501e+00 9.945796e-01 9.840217e-01 9.895096e-01 9.960482e-01 1.000082e+00 1.001600e+00 1.003962e+00 9.976970e-01 9.883261e-01 9.875875e-01 9.917998e-01 9.987503e-01 1.001556e+00 9.917071e-01 9.925258e-01 1.001706e+00 1.004201e+00 1.002865e+00 1.001575e+00 1.006717e+00 1.012549e+00 1.000771e+00 9.833189e-01 9.722593e-01 9.679699e-01 9.579349e-01 9.510910e-01 9.579704e-01 9.563277e-01 9.342089e-01 9.191254e-01 9.244062e-01 9.367852e-01 9.421104e-01 9.483796e-01 9.450197e-01 9.420822e-01 9.452667e-01 9.431121e-01 9.416245e-01 9.521878e-01
1.034947e+00 1.029195e+00 1.029854e+00 1.024591e+00 1.023453e+00 1.020200e+00 1.009422e+00 9.966276e-01 9.949667e-01 9.947342e-01 9.979503e-01 1.001846e+00 1.000588e+00 9.902721e-01 9.818741e-01 9.859098e-01 9.732686e-01 9.576315e-01 9.597733e-01 9.713925e-01 9.657050e-01 9.552701e-01 9.576253e-01 9.587616e-01 9.583510e-01 9.616845e-01 9.655486e-01 9.676523e-01 9.682254e-01 9.702074e-01 9.693451e-01 9.660930e-01 9.605495e-01 9.645276e-01 9.717295e-01 9.748735e-01 9.707260e-01 9.663942e-01 9.704890e-01 9.675130e-01 9.671945e-01 9.782833e-01 9.820742e-01 9.921282e-01 9.952334e-01 9.882079e-01 9.826394e-01 9.812955e-01 9.876637e-01 9.965496e-01 9.953310e-01 9.942559e-01 9.890015e-01 9.868324e-01 9.890366e-01 9.943161e-01 9.948730e-01 9.916010e-01 9.847364e-01 9.765547e-01 9.753870e-01 9.766259e-01 9.701257e-01 9.635898e-01 9.627308e-01 9.693754e-01 9.720941e-01 9.689078e-01 9.682949e-01 9.625825e-01 9.640165e-01 9.749823e-01 9.784994e-01 9.791554e-01 9.795492e-01 9.758443e-01 9.719651e-01 9.741249e-01 9.753378e-01 9.795243e-01 9.853390e-01 9.985555e-01 1.006689e+00 1.003475e+00 1.006771e+00 1.009146e+00 1.004983e+00 9.964353e-01 9.905384e-01 9.933808e-01 1.000227e+00 1.006324e+00 1.007929e+00 1.004166e+00 9.932758e-01 9.862649e-01 9.943469e-01 1.000137e+00 9.945782e-01 9.990355e-01 9.987117e-01 9.944090e-01 9.973223e-01 9.913552e-01 9.742095e-01 9.655594e-01 9.753199e-01 9.841623e-01 1.003874e+00 1.000286e+00 9.782111e-01 9.630238e-01 9.768662e-01 9.735172e-01 9.584935e-01 9.727038e-01 9.933339e-01 9.921325e-01 9.753096e-01 9.710119e-01 9.591715e-01 9.624453e-01 9.749404e-01 9.859134e-01 9.811756e-01 9.744148e-01 9.732320e-01 9.738563e-01 9.831861e-01 9.865051e-01 9.766676e-01 9.691970e-01 9.657342e-01 9.576664e-01 9.494833e-01 9.541462e-01 9.525043e-01 9.643984e-01 9.824704e-01 9.752883e-01 9.631892e-01 9.571654e-01 9.615411e-01 9.720163e-01 9.753802e-01 9.655526e-01 9.498654e-01 9.412108e-01 9.468167e-01 9.585602e-01 9.891269e-01 1.004719e+00 9.991060e-01 9.919882e-01 9.935300e-01 9.983769e-01 9.997391e-01 9.931495e-01 9.864541e-01 9.984139e-01 9.983573e-01 9.923505e-01 9.842373e-01 9.837324e-01 9.925814e-01 9.945672e-01 9.917723e-01 9.875563e-01 9.859743e-01 9.873235e-01 9.835714e-01 9.770796e-01 9.756005e-01 9.789754e-01 9.807572e-01 9.666516e-01 9.562734e-01 9.596016e-01 9.802566e-01 9.878832e-01 9.830254e-01 9.756834e-01 9.646004e-01 9.594048e-01 9.644932e-01 9.854503e-01 1.000165e+00 9.945423e-01 9.987457e-01 1.012213e+00 1.006025e+00 9.890007e-01 9.891162e-01 9.995863e-01 1.005821e+00 1.001051e+00 1.001781e+00 1.003848e+00 9.929799e-01 9.977305e-01 9.999776e-01 1.004317e+00 1.009176e+00 1.018013e+00 1.026282e+00 1.022199e+00 1.026682e+00 1.030762e+00 1.027178e+00 1.022791e+00 1.023004e+00 1.017483e+00 1.021683e+00 1.021851e+00 1.013324e+00 9.942473e-01 9.812070e-01 9.828137e-01 9.956431e-01 9.946351e-01 9.897752e-01 9.942364e-01 1.000973e+00 9.965698e-01 9.945161e-01 9.952773e-01 1.000349e+00 1.005352e+00 1.003015e+00 1.005124e+00 1.003806e+00 9.990873e-01 1.000543e+00 1.003837e+00 1.005033e+00 1.008046e+00 9.994494e-01 9.824988e-01 9.725230e-01 9.720025e-01 9.698225e-01 9.561673e-01 9.516327e-01 9.474872e-01 9.346934e-01 9.226419e-01 9.254326e-01 9.270815e-01 9.292483e-01 9.411482e-01 9.414597e-01 9.390542e-01 9.374377e-01 9.345702e-01 9.359123e-01 9.487610e-01
1.037637e+00 1.031613e+00 1.031057e+00 1.028903e+00 1.026723e+00 1.018030e+00 9.995012e-01 9.875209e-01 9.872397e-01 9.912506e-01 1.000503e+00 1.002549e+00 1.009135e+00 1.005708e+00 9.917369e-01 9.915759e-01 9.760870e-01 9.649517e-01 9.640855e-01 9.643546e-01 9.549190e-01 9.604381e-01 9.655342e-01 9.640742e-01 9.620664e-01 9.619746e-01 9.612941e-01 9.627309e-01 9.669039e-01 9.707859e-01 9.752554e-01 9.769301e-01 9.708656e-01 9.720398e-01 9.760841e-01 9.736068e-01 9.763291e-01 9.752456e-01 9.748671e-01 9.779627e-01 9.725666e-01 9.744928e-01 9.805413e-01 9.873900e-01 9.931238e-01 9.974163e-01 9.894699e-01 9.799811e-01 9.909697e-01 1.000411e+00 9.982299e-01 1.000138e+00 1.002198e+00 1.000317e+00 1.000994e+00 9.989143e-01 9.949947e-01 9.915825e-01 9.870868e-01 9.773137e-01 9.740403e-01 9.778763e-01 9.789507e-01 9.728148e-01 9.725233e-01 9.729946e-01 9.772968e-01 9.712778e-01 9.696152e-01 9.766095e-01 9.767522e-01 9.782758e-01 9.787248e-01 9.799489e-01 9.817867e-01 9.765441e-01 9.721511e-01 9.753014e-01 9.755667e-01 9.812310e-01 9.916720e-01 9.975128e-01 1.000541e+00 9.979765e-01 1.003527e+00 1.008876e+00 1.002346e+00 9.869280e-01 9.788533e-01 9.942456e-01 1.002226e+00 1.004393e+00 1.002546e+00 1.000677e+00 9.943632e-01 9.931114e-01 9.977190e-01 9.980118e-01 9.976553e-01 1.003672e+00 9.933498e-01 9.805019e-01 9.972756e-01 1.001991e+00 9.808607e-01 9.729804e-01 9.698202e-01 9.763150e-01 9.847881e-01 9.841095e-01 9.645010e-01 9.545615e-01 9.699355e-01 9.705051e-01 9.616517e-01 9.778351e-01 9.873723e-01 9.854704e-01 9.752378e-01 9.724938e-01 9.643464e-01 9.714739e-01 9.813076e-01 9.808905e-01 9.700609e-01 9.540439e-01 9.348812e-01 9.362230e-01 9.520122e-01 9.658519e-01 9.678988e-01 9.667871e-01 9.558457e-01 9.446999e-01 9.417136e-01 9.350241e-01 9.346586e-01 9.582438e-01 9.807094e-01 9.801806e-01 9.722369e-01 9.631054e-01 9.657583e-01 9.680262e-01 9.693536e-01 9.657860e-01 9.569137e-01 9.471061e-01 9.418603e-01 9.596754e-01 9.838057e-01 9.869594e-01 9.756219e-01 9.744641e-01 9.742282e-01 9.900598e-01 9.968737e-01 1.000693e+00 1.005989e+00 1.007123e+00 1.000769e+00 9.895838e-01 9.765208e-01 9.726917e-01 9.884269e-01 9.882073e-01 9.836719e-01 9.798726e-01 9.784411e-01 9.700934e-01 9.691378e-01 9.765864e-01 9.739106e-01 9.739816e-01 9.750146e-01 9.619257e-01 9.580293e-01 9.614663e-01 9.789308e-01 9.789829e-01 9.758236e-01 9.724783e-01 9.631353e-01 9.561970e-01 9.639242e-01 9.860486e-01 9.953596e-01 9.928734e-01 1.000183e+00 1.011522e+00 1.009871e+00 9.965733e-01 9.990408e-01 1.002561e+00 9.932185e-01 9.897720e-01 9.945267e-01 9.917579e-01 9.874719e-01 9.931811e-01 1.005816e+00 1.016768e+00 1.018770e+00 1.023046e+00 1.033702e+00 1.037943e+00 1.034965e+00 1.032539e+00 1.031077e+00 1.030947e+00 1.029328e+00 1.024742e+00 1.026056e+00 1.019534e+00 1.015524e+00 1.006470e+00 9.985589e-01 9.915886e-01 9.953996e-01 9.922379e-01 9.869718e-01 9.937006e-01 1.000581e+00 1.004452e+00 1.000436e+00 1.001888e+00 1.006565e+00 1.013274e+00 1.010616e+00 1.011095e+00 1.003250e+00 9.968703e-01 9.992979e-01 1.004404e+00 1.006741e+00 1.006960e+00 9.996040e-01 9.830890e-01 9.741300e-01 9.740171e-01 9.700594e-01 9.532613e-01 9.402215e-01 9.298696e-01 9.197523e-01 9.108306e-01 9.139048e-01 9.155802e-01 9.186646e-01 9.297335e-01 9.340171e-01 9.320833e-01 9.373742e-01 9.334131e-01 9.339751e-01 9.345846e-01
1.037572e+00 1.033599e+00 1.029156e+00 1.031063e+00 1.021750e+00 1.008846e+00 9.946750e-01 9.853114e-01 9.861595e-01 9.878767e-01 9.975271e-01 1.006929e+00 1.010037e+00 1.003695e+00 9.949955e-01 9.863801e-01 9.700124e-01 9.581134e-01 9.540847e-01 9.500465e-01 9.443254e-01 9.599280e-01 9.679812e-01 9.586166e-01 9.489036e-01 9.433123e-01 9.500918e-01 9.570670e-01 9.583743e-01 9.569355e-01 9.680076e-01 9.774789e-01 9.784514e-01 9.764840e-01 9.745901e-01 9.730998e-01 9.778342e-01 9.753287e-01 9.757618e-01 9.766519e-01 9.809148e-01 9.767461e-01 9.791085e-01 9.824665e-01 9.988321e-01 1.012122e+00 1.002325e+00 9.963429e-01 9.978020e-01 1.000637e+00 9.998415e-01 9.972045e-01 1.008513e+00 1.007390e+00 1.002555e+00 9.981832e-01 9.998209e-01 9.975986e-01 9.914098e-01 9.841191e-01 9.821135e-01 9.905882e-01 9.947403e-01 9.888438e-01 9.773666e-01 9.707090e-01 9.741250e-01 9.812761e-01 9.763099e-01 9.825072e-01 9.852645e-01 9.851038e-01 9.722523e-01 9.729446e-01 9.769983e-01 9.791747e-01 9.808074e-01 9.805655e-01 9.813256e-01 9.876469e-01 9.933470e-01 9.925928e-01 9.910871e-01 9.941868e-01 9.985224e-01 9.991019e-01 9.982584e-01 1.000289e+00 9.916928e-01 9.960514e-01 9.972968e-01 9.983616e-01 1.002186e+00 9.999717e-01 9.960498e-01 9.986961e-01 9.985875e-01 9.961823e-01 1.002884e+00 1.003665e+00 9.845973e-01 9.715882e-01 9.834472e-01 9.898856e-01 9.826506e-01 9.813403e-01 9.794368e-01 9.735139e-01 9.680645e-01 9.623945e-01 9.624923e-01 9.596123e-01 9.731587e-01 9.789467e-01 9.813507e-01 9.799355e-01 9.822029e-01 9.855214e-01 9.766336e-01 9.693190e-01 9.680539e-01 9.745768e-01 9.743714e-01 9.632241e-01 9.524471e-01 9.422458e-01 9.264134e-01 9.374617e-01 9.526927e-01 9.660721e-01 9.746836e-01 9.727953e-01 9.638853e-01 9.574628e-01 9.520035e-01 9.503077e-01 9.482686e-01 9.651762e-01 9.880645e-01 9.842455e-01 9.669831e-01 9.606983e-01 9.623060e-01 9.629021e-01 9.654199e-01 9.572324e-01 9.422115e-01 9.418049e-01 9.640610e-01 9.679754e-01 9.742873e-01 9.683768e-01 9.520378e-01 9.631198e-01 9.606230e-01 9.610735e-01 9.681046e-01 9.996796e-01 1.009967e+00 1.000568e+00 9.999315e-01 9.961663e-01 9.842830e-01 9.780622e-01 9.818680e-01 9.792528e-01 9.742449e-01 9.703696e-01 9.685057e-01 9.683752e-01 9.700165e-01 9.740572e-01 9.719129e-01 9.725017e-01 9.696502e-01 9.672234e-01 9.734346e-01 9.780143e-01 9.842517e-01 9.741290e-01 9.663560e-01 9.655694e-01 9.613761e-01 9.649749e-01 9.695116e-01 9.769742e-01 9.813343e-01 9.887013e-01 9.931701e-01 9.986627e-01 1.007499e+00 1.000403e+00 9.969556e-01 1.001616e+00 9.892393e-01 9.845887e-01 9.940433e-01 1.002790e+00 1.005478e+00 1.004405e+00 1.014360e+00 1.020742e+00 1.023431e+00 1.027918e+00 1.034308e+00 1.037021e+00 1.042795e+00 1.039089e+00 1.036058e+00 1.027878e+00 1.025248e+00 1.021442e+00 1.019564e+00 1.019651e+00 1.014722e+00 1.006477e+00 1.008079e+00 1.004990e+00 9.965124e-01 9.990485e-01 1.003410e+00 1.003942e+00 1.003414e+00 1.002897e+00 9.976593e-01 1.004885e+00 1.016060e+00 1.017753e+00 1.018833e+00 1.015961e+00 9.996198e-01 9.924976e-01 9.913654e-01 9.941999e-01 1.004215e+00 1.009973e+00 1.004601e+00 9.871194e-01 9.729507e-01 9.688420e-01 9.615204e-01 9.445803e-01 9.366807e-01 9.232069e-01 9.114026e-01 9.016566e-01 9.034015e-01 9.093096e-01 9.147789e-01 9.182195e-01 9.235342e-01 9.269575e-01 9.387411e-01 9.344399e-01 9.411495e-01 9.357807e-01
1.035498e+00 1.032640e+00 1.022184e+00 1.026257e+00 1.019315e+00 1.008581e+00 9.971410e-01 9.898414e-01 1.001368e+00 1.007032e+00 1.006023e+00 1.003703e+00 9.969699e-01 9.933483e-01 9.939222e-01 9.865518e-01 9.693428e-01 9.526051e-01 9.444814e-01 9.468465e-01 9.379355e-01 9.432666e-01 9.550502e-01 9.586531e-01 9.525825e-01 9.560088e-01 9.610562e-01 9.608099e-01 9.572477e-01 9.605285e-01 9.659685e-01 9.684078e-01 9.635904e-01 9.599816e-01 9.657921e-01 9.709330e-01 9.713072e-01 9.725909e-01 9.751432e-01 9.780049e-01 9.847589e-01 9.767445e-01 9.784877e-01 9.886758e-01 1.006331e+00 1.015193e+00 1.009335e+00 1.008405e+00 1.007257e+00 1.002600e+00 1.005713e+00 1.004358e+00 1.011147e+00 1.011992e+00 1.004551e+00 9.984877e-01 1.005966e+00 1.008486e+00 1.004745e+00 9.950093e-01 9.886492e-01 9.946342e-01 1.001896e+00 9.970921e-01 9.752294e-01 9.662277e-01 9.741123e-01 9.912047e-01 9.800006e-01 9.745575e-01 9.836482e-01 9.884777e-01 9.727539e-01 9.666610e-01 9.716312e-01 9.770421e-01 9.797122e-01 9.839120e-01 9.867229e-01 9.939865e-01 9.952709e-01 9.913357e-01 9.920179e-01 9.973938e-01 9.943621e-01 9.884992e-01 9.898435e-01 1.007185e+00 1.005779e+00 9.982263e-01 9.921089e-01 9.912608e-01 9.986039e-01 9.981073e-01 9.996513e-01 9.980461e-01 9.924331e-01 9.892936e-01 9.934286e-01 9.992217e-01 9.842710e-01 9.618173e-01 9.699780e-01 9.916480e-01 1.006124e+00 9.841124e-01 9.689708e-01 9.661667e-01 9.706629e-01 9.705825e-01 9.673595e-01 9.629042e-01 9.710242e-01 9.855713e-01 9.883745e-01 9.891311e-01 9.902486e-01 9.777325e-01 9.623717e-01 9.642264e-01 9.575765e-01 9.590995e-01 9.693997e-01 9.670839e-01 9.614331e-01 9.658349e-01 9.737976e-01 9.701536e-01 9.718762e-01 9.790196e-01 9.809084e-01 9.775708e-01 9.699139e-01 9.669678e-01 9.705539e-01 9.663104e-01 9.619523e-01 9.721999e-01 9.768638e-01 9.507841e-01 9.305469e-01 9.408311e-01 9.402082e-01 9.507346e-01 9.639841e-01 9.624243e-01 9.491017e-01 9.477330e-01 9.652923e-01 9.682554e-01 9.824699e-01 9.792302e-01 9.674187e-01 9.860831e-01 9.794571e-01 9.608470e-01 9.581357e-01 9.889197e-01 9.949567e-01 9.868019e-01 9.923716e-01 1.001873e+00 1.002572e+00 9.940511e-01 9.777347e-01 9.719722e-01 9.719570e-01 9.769423e-01 9.805961e-01 9.820233e-01 9.788293e-01 9.739878e-01 9.731871e-01 9.734482e-01 9.763754e-01 9.743257e-01 9.821934e-01 9.835632e-01 9.778929e-01 9.727214e-01 9.680867e-01 9.685063e-01 9.724880e-01 9.763795e-01 9.752226e-01 9.720345e-01 9.778820e-01 9.805780e-01 9.823667e-01 9.920580e-01 1.002376e+00 1.001036e+00 1.002474e+00 1.005424e+00 9.975811e-01 9.947276e-01 1.005305e+00 1.012195e+00 1.014182e+00 1.015720e+00 1.015637e+00 1.016541e+00 1.020514e+00 1.027311e+00 1.032402e+00 1.040989e+00 1.047679e+00 1.045165e+00 1.042435e+00 1.033548e+00 1.025722e+00 1.018911e+00 1.017377e+00 1.015836e+00 1.003320e+00 9.944255e-01 1.006038e+00 1.012400e+00 1.005072e+00 1.004168e+00 1.010881e+00 1.007837e+00 1.004501e+00 1.002152e+00 9.979181e-01 1.003376e+00 1.017916e+00 1.017977e+00 1.016031e+00 1.006503e+00 9.963956e-01 9.868157e-01 9.829714e-01 9.895209e-01 1.003398e+00 1.006520e+00 1.001575e+00 9.849989e-01 9.694346e-01 9.627547e-01 9.489775e-01 9.355930e-01 9.275061e-01 9.197369e-01 9.117517e-01 9.022174e-01 9.040821e-01 9.073645e-01 9.118893e-01 9.155611e-01 9.234589e-01 9.317910e-01 9.386666e-01 9.374647e-01 9.417147e-01 9.424428e-01
1.034995e+00 1.027548e+00 1.009384e+00 1.019607e+00 1.015792e+00 1.006883e+00 1.000746e+00 9.963335e-01 1.010717e+00 1.018465e+00 1.011718e+00 1.003284e+00 9.981943e-01 9.911718e-01 9.910257e-01 9.930831e-01 9.735775e-01 9.542959e-01 9.503369e-01 9.483577e-01 9.327866e-01 9.333928e-01 9.447308e-01 9.641886e-01 9.659883e-01 9.729457e-01 9.704766e-01 9.556642e-01 9.494643e-01 9.612249e-01 9.613346e-01 9.560607e-01 9.472674e-01 9.478459e-01 9.598240e-01 9.631892e-01 9.622778e-01 9.627702e-01 9.701633e-01 9.787961e-01 9.881925e-01 9.803182e-01 9.775242e-01 9.859464e-01 9.926694e-01 1.008527e+00 1.012974e+00 1.015686e+00 1.015665e+00 1.010777e+00 1.008650e+00 1.011538e+00 1.017317e+00 1.015230e+00 1.005355e+00 1.006014e+00 1.013007e+00 1.014114e+00 1.010685e+00 9.987485e-01 9.898038e-01 9.946166e-01 1.004340e+00 1.003732e+00 9.867594e-01 9.758404e-01 9.781656e-01 9.871662e-01 9.807657e-01 9.761329e-01 9.798256e-01 9.853910e-01 9.749706e-01 9.663735e-01 9.694773e-01 9.751197e-01 9.750700e-01 9.791418e-01 9.855332e-01 9.884717e-01 9.948974e-01 9.938168e-01 9.900720e-01 9.927480e-01 9.973670e-01 9.889984e-01 9.894496e-01 1.008157e+00 1.015974e+00 1.002827e+00 9.945987e-01 9.993035e-01 9.995053e-01 9.953436e-01 9.961557e-01 9.926950e-01 9.779462e-01 9.730286e-01 9.823583e-01 9.895491e-01 9.827431e-01 9.804444e-01 9.883756e-01 9.965377e-01 1.002583e+00 9.854372e-01 9.867815e-01 9.771562e-01 9.822679e-01 9.921049e-01 9.739330e-01 9.507760e-01 9.530696e-01 9.609448e-01 9.720578e-01 9.816113e-01 9.829779e-01 9.691107e-01 9.610465e-01 9.668517e-01 9.698097e-01 9.714890e-01 9.789690e-01 9.750168e-01 9.700865e-01 9.714001e-01 9.773999e-01 9.700227e-01 9.629483e-01 9.603937e-01 9.590592e-01 9.565780e-01 9.521897e-01 9.519414e-01 9.549334e-01 9.582288e-01 9.582538e-01 9.513839e-01 9.380417e-01 9.132614e-01 8.946529e-01 9.005662e-01 9.069498e-01 9.236451e-01 9.358268e-01 9.308854e-01 9.219934e-01 9.304513e-01 9.645198e-01 9.883727e-01 9.954487e-01 9.912379e-01 9.672557e-01 9.739234e-01 9.780133e-01 9.744171e-01 9.730886e-01 9.843281e-01 9.865820e-01 9.746744e-01 9.583251e-01 9.713311e-01 9.967338e-01 1.003115e+00 9.964889e-01 9.745012e-01 9.671465e-01 9.866751e-01 1.003910e+00 9.991081e-01 9.888326e-01 9.778668e-01 9.789013e-01 9.748057e-01 9.775473e-01 9.727895e-01 9.732891e-01 9.712344e-01 9.692578e-01 9.659553e-01 9.704361e-01 9.724857e-01 9.809138e-01 9.874649e-01 9.866072e-01 9.803417e-01 9.831417e-01 9.795333e-01 9.783264e-01 9.901093e-01 1.000498e+00 1.003499e+00 1.011648e+00 1.013546e+00 1.005926e+00 1.010763e+00 1.017170e+00 1.018502e+00 1.025013e+00 1.022820e+00 1.009361e+00 1.009438e+00 1.024393e+00 1.028653e+00 1.030902e+00 1.040376e+00 1.043380e+00 1.036237e+00 1.032172e+00 1.028543e+00 1.023005e+00 1.018538e+00 1.017496e+00 1.016208e+00 1.009349e+00 1.002790e+00 1.000144e+00 1.007001e+00 1.008239e+00 1.008666e+00 1.011010e+00 1.010476e+00 1.007388e+00 1.010066e+00 1.004056e+00 1.006491e+00 1.013570e+00 1.013757e+00 1.005203e+00 9.958014e-01 9.964070e-01 9.862517e-01 9.818246e-01 9.896681e-01 1.000409e+00 1.000146e+00 9.936442e-01 9.821368e-01 9.738218e-01 9.652314e-01 9.484544e-01 9.296501e-01 9.235345e-01 9.252094e-01 9.136071e-01 9.052494e-01 9.081258e-01 9.103867e-01 9.079862e-01 9.193250e-01 9.340481e-01 9.394241e-01 9.411530e-01 9.392616e-01 9.370404e-01 9.452441e-01
1.032924e+00 1.025028e+00 1.009768e+00 1.014534e+00 1.012590e+00 1.005183e+00 1.001611e+00 9.985347e-01 1.005105e+00 1.018884e+00 1.011145e+00 9.949855e-01 9.840933e-01 9.779689e-01 9.832376e-01 9.870986e-01 9.795215e-01 9.667643e-01 9.557033e-01 9.505095e-01 9.377209e-01 9.397693e-01 9.469817e-01 9.535815e-01 9.691203e-01 9.822160e-01 9.712050e-01 9.532959e-01 9.502526e-01 9.573014e-01 9.527592e-01 9.494149e-01 9.480426e-01 9.480941e-01 9.608830e-01 9.746494e-01 9.690740e-01 9.652728e-01 9.733474e-01 9.850789e-01 9.926147e-01 9.915320e-01 9.888831e-01 9.886754e-01 9.837770e-01 9.947634e-01 1.011212e+00 1.014230e+00 1.014302e+00 1.009846e+00 1.008055e+00 1.008535e+00 1.013845e+00 1.010611e+00 1.002058e+00 1.007543e+00 1.016652e+00 1.020405e+00 1.013110e+00 1.003662e+00 9.929121e-01 9.849460e-01 9.929519e-01 9.955723e-01 9.914151e-01 9.870666e-01 9.820856e-01 9.776719e-01 9.798266e-01 9.824180e-01 9.814395e-01 9.778390e-01 9.730027e-01 9.664545e-01 9.780441e-01 9.806337e-01 9.877380e-01 9.938376e-01 9.896994e-01 9.889467e-01 9.955857e-01 9.950098e-01 9.876158e-01 9.886901e-01 9.998865e-01 9.961013e-01 9.992302e-01 1.006062e+00 1.008391e+00 1.001314e+00 9.929316e-01 1.000487e+00 1.000253e+00 9.948154e-01 9.940190e-01 9.879339e-01 9.720745e-01 9.697654e-01 9.930921e-01 9.960738e-01 9.962984e-01 9.935379e-01 9.890694e-01 9.963949e-01 1.001690e+00 9.981645e-01 9.989100e-01 9.860352e-01 9.730192e-01 9.873434e-01 9.784221e-01 9.480479e-01 9.394203e-01 9.644102e-01 9.695670e-01 9.653352e-01 9.596905e-01 9.533780e-01 9.698845e-01 9.784378e-01 9.651713e-01 9.631311e-01 9.697818e-01 9.736059e-01 9.725195e-01 9.772473e-01 9.750724e-01 9.708605e-01 9.637132e-01 9.604440e-01 9.544051e-01 9.461330e-01 9.405010e-01 9.440575e-01 9.441847e-01 9.440401e-01 9.479737e-01 9.411570e-01 9.208885e-01 9.051077e-01 8.889638e-01 8.920209e-01 9.134421e-01 9.241943e-01 9.355609e-01 9.277490e-01 9.388489e-01 9.438522e-01 9.672499e-01 9.878622e-01 9.940804e-01 9.752824e-01 9.590378e-01 9.620448e-01 9.725531e-01 9.714791e-01 9.803314e-01 9.851195e-01 9.744585e-01 9.636014e-01 9.416679e-01 9.662026e-01 9.993023e-01 9.999942e-01 9.878458e-01 9.754338e-01 9.661924e-01 9.944800e-01 1.010270e+00 1.002669e+00 1.000449e+00 9.976733e-01 9.887092e-01 9.784720e-01 9.746248e-01 9.725196e-01 9.741992e-01 9.665522e-01 9.728764e-01 9.748295e-01 9.752693e-01 9.801249e-01 9.842062e-01 9.907402e-01 9.934726e-01 9.867495e-01 9.838838e-01 9.936144e-01 9.876611e-01 9.881310e-01 9.924017e-01 9.975376e-01 1.010628e+00 1.011253e+00 1.011657e+00 1.019082e+00 1.022996e+00 1.023379e+00 1.028223e+00 1.022087e+00 1.013386e+00 1.019167e+00 1.030490e+00 1.029431e+00 1.033768e+00 1.036881e+00 1.031796e+00 1.023310e+00 1.017153e+00 1.014207e+00 1.012558e+00 1.015132e+00 1.014042e+00 1.012712e+00 1.014326e+00 1.010498e+00 1.000506e+00 1.000597e+00 1.005992e+00 1.007624e+00 1.005725e+00 1.006307e+00 1.012731e+00 1.010873e+00 1.008659e+00 1.006396e+00 1.009969e+00 1.010559e+00 1.007039e+00 1.007647e+00 1.005066e+00 9.971942e-01 9.950524e-01 9.975576e-01 1.000802e+00 1.001307e+00 9.942269e-01 9.800646e-01 9.679038e-01 9.579328e-01 9.501505e-01 9.393817e-01 9.370739e-01 9.344338e-01 9.217428e-01 9.063210e-01 9.083502e-01 9.110699e-01 9.051178e-01 9.197630e-01 9.334264e-01 9.411181e-01 9.433923e-01 9.386881e-01 9.389414e-01 9.507074e-01
1.030094e+00 1.026748e+00 1.019770e+00 1.015946e+00 1.013868e+00 1.006329e+00 9.954284e-01 9.884579e-01 9.969759e-01 1.014875e+00 1.006431e+00 9.836732e-01 9.810683e-01 9.800244e-01 9.762328e-01 9.640081e-01 9.570161e-01 9.593670e-01 9.575177e-01 9.492583e-01 9.437382e-01 9.470822e-01 9.461533e-01 9.465747e-01 9.662283e-01 9.793804e-01 9.743838e-01 9.599320e-01 9.564120e-01 9.616984e-01 9.607603e-01 9.536992e-01 9.554955e-01 9.574328e-01 9.607272e-01 9.773130e-01 9.802589e-01 9.708613e-01 9.710695e-01 9.884897e-01 9.996762e-01 1.000489e+00 9.964848e-01 1.002337e+00 9.998748e-01 1.001371e+00 1.013677e+00 1.015554e+00 1.016919e+00 1.012097e+00 1.007381e+00 1.006982e+00 1.011179e+00 1.011711e+00 1.005867e+00 1.003821e+00 1.012919e+00 1.017977e+00 1.010429e+00 1.001639e+00 9.892336e-01 9.838547e-01 9.831456e-01 9.860398e-01 9.928541e-01 9.927406e-01 9.898393e-01 9.862620e-01 9.896687e-01 9.920732e-01 9.936084e-01 9.831567e-01 9.684135e-01 9.620255e-01 9.754716e-01 9.822074e-01 9.886531e-01 1.000433e+00 1.000524e+00 9.981064e-01 1.002881e+00 9.994749e-01 9.950132e-01 1.002982e+00 1.005435e+00 1.005541e+00 1.005524e+00 9.980536e-01 9.900909e-01 9.900729e-01 9.913388e-01 9.939734e-01 9.851793e-01 9.835904e-01 9.919919e-01 9.964120e-01 9.782280e-01 9.667066e-01 9.799128e-01 9.890493e-01 9.949931e-01 1.001502e+00 9.914958e-01 9.972860e-01 1.006423e+00 9.916388e-01 9.862992e-01 9.834793e-01 9.729337e-01 9.735556e-01 9.729998e-01 9.542158e-01 9.502563e-01 9.716468e-01 9.762141e-01 9.601552e-01 9.467739e-01 9.559460e-01 9.758481e-01 9.747435e-01 9.626088e-01 9.601008e-01 9.686012e-01 9.822469e-01 9.806175e-01 9.739577e-01 9.675435e-01 9.661105e-01 9.602882e-01 9.527136e-01 9.469573e-01 9.391357e-01 9.326899e-01 9.359086e-01 9.395227e-01 9.363788e-01 9.459672e-01 9.414674e-01 9.244136e-01 9.178514e-01 9.032745e-01 9.044790e-01 9.163221e-01 9.252199e-01 9.334544e-01 9.370162e-01 9.616749e-01 9.470104e-01 9.503645e-01 9.603150e-01 9.646145e-01 9.620805e-01 9.621499e-01 9.598472e-01 9.721360e-01 9.837044e-01 9.952737e-01 9.878126e-01 9.747313e-01 9.541122e-01 9.521158e-01 9.791672e-01 9.903201e-01 9.899362e-01 9.743921e-01 9.787821e-01 9.849100e-01 9.996928e-01 9.993761e-01 9.956608e-01 9.984106e-01 9.941999e-01 9.881328e-01 9.860919e-01 9.836221e-01 9.818680e-01 9.784076e-01 9.746777e-01 9.806933e-01 9.838927e-01 9.868351e-01 9.932100e-01 9.892874e-01 9.914637e-01 9.900573e-01 9.823233e-01 9.840620e-01 1.003991e+00 1.005087e+00 9.926776e-01 9.916081e-01 1.004436e+00 1.012369e+00 1.008016e+00 1.006911e+00 1.012548e+00 1.018838e+00 1.027343e+00 1.029646e+00 1.022012e+00 1.020323e+00 1.023117e+00 1.029478e+00 1.029445e+00 1.031028e+00 1.026244e+00 1.017714e+00 1.014123e+00 1.014188e+00 1.010772e+00 1.008538e+00 1.008511e+00 1.008129e+00 1.011536e+00 1.013444e+00 1.010734e+00 9.977888e-01 9.942113e-01 1.004596e+00 1.011859e+00 1.003415e+00 9.950069e-01 9.993055e-01 9.984973e-01 1.000252e+00 1.004649e+00 1.006508e+00 1.002783e+00 1.008687e+00 1.011687e+00 1.009175e+00 1.002654e+00 9.958103e-01 9.963932e-01 9.962322e-01 9.926788e-01 9.886740e-01 9.785429e-01 9.661320e-01 9.547750e-01 9.484664e-01 9.512061e-01 9.425346e-01 9.332297e-01 9.257808e-01 9.123734e-01 9.149251e-01 9.134668e-01 9.105664e-01 9.235674e-01 9.330994e-01 9.346547e-01 9.422878e-01 9.428664e-01 9.467632e-01 9.500173e-01
1.032357e+00 1.030417e+00 1.027930e+00 1.020455e+00 1.011820e+00 1.009704e+00 9.922094e-01 9.833120e-01 9.890988e-01 1.009716e+00 1.002296e+00 9.857365e-01 9.840544e-01 9.790321e-01 9.654298e-01 9.467462e-01 9.444683e-01 9.517722e-01 9.514627e-01 9.448935e-01 9.423631e-01 9.500788e-01 9.489846e-01 9.428384e-01 9.535381e-01 9.702378e-01 9.702538e-01 9.630242e-01 9.593888e-01 9.590077e-01 9.649796e-01 9.620199e-01 9.617895e-01 9.702252e-01 9.756628e-01 9.844964e-01 9.793038e-01 9.744753e-01 9.772555e-01 9.951134e-01 1.009424e+00 1.009375e+00 1.009006e+00 1.009099e+00 1.006788e+00 1.002199e+00 1.009475e+00 1.016367e+00 1.018912e+00 1.011929e+00 1.011619e+00 1.015094e+00 1.019058e+00 1.017648e+00 1.015086e+00 1.011222e+00 1.009475e+00 1.007272e+00 1.004475e+00 9.960281e-01 9.872724e-01 9.839637e-01 9.839483e-01 9.872397e-01 9.940125e-01 9.946981e-01 9.951037e-01 9.950940e-01 9.892334e-01 9.902642e-01 9.983470e-01 9.896162e-01 9.759795e-01 9.659110e-01 9.701000e-01 9.721091e-01 9.785110e-01 9.950790e-01 1.003676e+00 1.008619e+00 1.016578e+00 1.017081e+00 1.011598e+00 1.006743e+00 1.000693e+00 1.006315e+00 1.003378e+00 9.946949e-01 9.797979e-01 9.633275e-01 9.670537e-01 9.739499e-01 9.795666e-01 9.819955e-01 9.984444e-01 9.994212e-01 9.921217e-01 9.790538e-01 9.790265e-01 9.901987e-01 1.002987e+00 1.010311e+00 9.916087e-01 9.898500e-01 9.830350e-01 9.621153e-01 9.658279e-01 9.814349e-01 9.831946e-01 9.765589e-01 9.774782e-01 9.653871e-01 9.596599e-01 9.556742e-01 9.572748e-01 9.574739e-01 9.541945e-01 9.590708e-01 9.618105e-01 9.597512e-01 9.515589e-01 9.588051e-01 9.646288e-01 9.661159e-01 9.526765e-01 9.441335e-01 9.507459e-01 9.556745e-01 9.577342e-01 9.588165e-01 9.518762e-01 9.405910e-01 9.420633e-01 9.458247e-01 9.442328e-01 9.427202e-01 9.488132e-01 9.423676e-01 9.373281e-01 9.321490e-01 9.197649e-01 9.177415e-01 9.279270e-01 9.265555e-01 9.222960e-01 9.295917e-01 9.440128e-01 9.409788e-01 9.339395e-01 9.404002e-01 9.658704e-01 9.823827e-01 9.719322e-01 9.587256e-01 9.685621e-01 9.798163e-01 9.845977e-01 9.832304e-01 9.830849e-01 9.700826e-01 9.698214e-01 9.653860e-01 9.714948e-01 9.736790e-01 9.742398e-01 9.859131e-01 9.961051e-01 9.983634e-01 9.926822e-01 9.946710e-01 9.930592e-01 9.839670e-01 9.819497e-01 9.866242e-01 9.917444e-01 9.880748e-01 9.858316e-01 9.916974e-01 9.897779e-01 9.900552e-01 9.992647e-01 9.962120e-01 9.888509e-01 9.888372e-01 9.884613e-01 9.838361e-01 9.901840e-01 1.007542e+00 1.006092e+00 9.948862e-01 1.000374e+00 1.012727e+00 1.018417e+00 1.010559e+00 1.007321e+00 1.009787e+00 1.015746e+00 1.022945e+00 1.022516e+00 1.020053e+00 1.024103e+00 1.025330e+00 1.017933e+00 1.021195e+00 1.023114e+00 1.018467e+00 1.016291e+00 1.016412e+00 1.018717e+00 1.016791e+00 1.013463e+00 1.013307e+00 1.007126e+00 1.006941e+00 1.010750e+00 1.009531e+00 1.001585e+00 1.000055e+00 1.004673e+00 1.008403e+00 9.982922e-01 9.931773e-01 9.947441e-01 9.968030e-01 1.002443e+00 1.004296e+00 9.989659e-01 9.985940e-01 1.005337e+00 1.014329e+00 1.008094e+00 9.960048e-01 9.838822e-01 9.851132e-01 9.877344e-01 9.870854e-01 9.797233e-01 9.685776e-01 9.582874e-01 9.571741e-01 9.553170e-01 9.516192e-01 9.356441e-01 9.211966e-01 9.183772e-01 9.095027e-01 9.125087e-01 9.077174e-01 9.118339e-01 9.232206e-01 9.277172e-01 9.266362e-01 9.384603e-01 9.411066e-01 9.330324e-01 9.335244e-01
1.029896e+00 1.030935e+00 1.031477e+00 1.022542e+00 1.011399e+00 1.008136e+00 9.936584e-01 9.765188e-01 9.821339e-01 9.988341e-01 9.952705e-01 9.828482e-01 9.878303e-01 9.783547e-01 9.624776e-01 9.459910e-01 9.463935e-01 9.450403e-01 9.480991e-01 9.476731e-01 9.403439e-01 9.511491e-01 9.553936e-01 9.545246e-01 9.592140e-01 9.613565e-01 9.642848e-01 9.656931e-01 9.650383e-01 9.563381e-01 9.551313e-01 9.573611e-01 9.590390e-01 9.707818e-01 9.843361e-01 9.872427e-01 9.830301e-01 9.766652e-01 9.862023e-01 9.995645e-01 1.008592e+00 1.012159e+00 1.019761e+00 1.017300e+00 1.010796e+00 1.008427e+00 1.011997e+00 1.018103e+00 1.021511e+00 1.022318e+00 1.018278e+00 1.024332e+00 1.027386e+00 1.023494e+00 1.021322e+00 1.020857e+00 1.017161e+00 1.013441e+00 1.006608e+00 1.000533e+00 9.900387e-01 9.855589e-01 9.885332e-01 9.922019e-01 9.930571e-01 9.938781e-01 1.000487e+00 9.976676e-01 9.870961e-01 9.883711e-01 1.000195e+00 9.962698e-01 9.856761e-01 9.776468e-01 9.759296e-01 9.706488e-01 9.808471e-01 1.000588e+00 1.004802e+00 1.015089e+00 1.022913e+00 1.021974e+00 1.005725e+00 9.913378e-01 9.765102e-01 9.876720e-01 9.831131e-01 9.792992e-01 9.751952e-01 9.570913e-01 9.469565e-01 9.652548e-01 9.769253e-01 9.790393e-01 9.864163e-01 9.825727e-01 9.891455e-01 9.896535e-01 9.940959e-01 1.003614e+00 9.986177e-01 9.926645e-01 9.719223e-01 9.554968e-01 9.546394e-01 9.489765e-01 9.461176e-01 9.520875e-01 9.662785e-01 9.744244e-01 9.789943e-01 9.718525e-01 9.616091e-01 9.495503e-01 9.568177e-01 9.629489e-01 9.647195e-01 9.668167e-01 9.645154e-01 9.608973e-01 9.522669e-01 9.519019e-01 9.483045e-01 9.414728e-01 9.297645e-01 9.252701e-01 9.457896e-01 9.552807e-01 9.551607e-01 9.506538e-01 9.444800e-01 9.309107e-01 9.381292e-01 9.408101e-01 9.361011e-01 9.333489e-01 9.403729e-01 9.340974e-01 9.338470e-01 9.280351e-01 9.179732e-01 9.228440e-01 9.283224e-01 9.215283e-01 9.163486e-01 9.185362e-01 9.345329e-01 9.453140e-01 9.388953e-01 9.550096e-01 9.754105e-01 9.840014e-01 9.748467e-01 9.653992e-01 9.671782e-01 9.717847e-01 9.852127e-01 9.872939e-01 9.810198e-01 9.802814e-01 9.812078e-01 9.684283e-01 9.738446e-01 9.798162e-01 9.819643e-01 9.857578e-01 9.926028e-01 9.902936e-01 9.826561e-01 9.930995e-01 9.914901e-01 9.908515e-01 9.838620e-01 9.829723e-01 9.924396e-01 9.888331e-01 9.909679e-01 1.001889e+00 9.952735e-01 9.972224e-01 1.002440e+00 9.998385e-01 9.945389e-01 9.835919e-01 9.812373e-01 9.811090e-01 9.914907e-01 9.990383e-01 1.001295e+00 9.962845e-01 1.004257e+00 1.012232e+00 1.018441e+00 1.009088e+00 1.003992e+00 1.007693e+00 1.014327e+00 1.018430e+00 1.027451e+00 1.024468e+00 1.023297e+00 1.019626e+00 1.013413e+00 1.016265e+00 1.016659e+00 1.016643e+00 1.017850e+00 1.017892e+00 1.018871e+00 1.021642e+00 1.022294e+00 1.020566e+00 1.008393e+00 1.005309e+00 1.009152e+00 1.006712e+00 1.004851e+00 1.003513e+00 1.001427e+00 1.001820e+00 9.963017e-01 9.872329e-01 9.832268e-01 9.908479e-01 1.008032e+00 1.008597e+00 1.001318e+00 9.959636e-01 1.004799e+00 1.011450e+00 1.007666e+00 9.887757e-01 9.786832e-01 9.783961e-01 9.819674e-01 9.866881e-01 9.793817e-01 9.653193e-01 9.526511e-01 9.503947e-01 9.473552e-01 9.375765e-01 9.235641e-01 9.208425e-01 9.144419e-01 9.056538e-01 9.066846e-01 9.008617e-01 9.052202e-01 9.223973e-01 9.228765e-01 9.224082e-01 9.422860e-01 9.362513e-01 9.310449e-01 9.350360e-01
1.028868e+00 1.032119e+00 1.035079e+00 1.023169e+00 1.014763e+00 1.014356e+00 9.959419e-01 9.774329e-01 9.743668e-01 9.805380e-01 9.870348e-01 9.865052e-01 9.840181e-01 9.731909e-01 9.728686e-01 9.629535e-01 9.508381e-01 9.477898e-01 9.498527e-01 9.513808e-01 9.507800e-01 9.565169e-01 9.622730e-01 9.657252e-01 9.682474e-01 9.689614e-01 9.650537e-01 9.650750e-01 9.747286e-01 9.714913e-01 9.592446e-01 9.527048e-01 9.573820e-01 9.699314e-01 9.850186e-01 9.876549e-01 9.833062e-01 9.762079e-01 9.866835e-01 9.936832e-01 1.003716e+00 1.014056e+00 1.023061e+00 1.016674e+00 1.011716e+00 1.013035e+00 1.014186e+00 1.020479e+00 1.026922e+00 1.029058e+00 1.027981e+00 1.033871e+00 1.033675e+00 1.028062e+00 1.024137e+00 1.024791e+00 1.026827e+00 1.022327e+00 1.012767e+00 1.005831e+00 9.964013e-01 9.915032e-01 9.930925e-01 1.002140e+00 1.002574e+00 1.001778e+00 1.001622e+00 9.959195e-01 9.942052e-01 9.979734e-01 9.998177e-01 9.981311e-01 9.891495e-01 9.831547e-01 9.857941e-01 9.836563e-01 9.930470e-01 1.003566e+00 1.002276e+00 1.012457e+00 1.022281e+00 1.005156e+00 9.878723e-01 9.745629e-01 9.697514e-01 9.675108e-01 9.584066e-01 9.623160e-01 9.782141e-01 9.705724e-01 9.671885e-01 9.815338e-01 1.002211e+00 9.927180e-01 9.864300e-01 9.914456e-01 1.005165e+00 1.000574e+00 9.927157e-01 9.854596e-01 9.747494e-01 9.711583e-01 9.592748e-01 9.528278e-01 9.539253e-01 9.526777e-01 9.471811e-01 9.376181e-01 9.538263e-01 9.659089e-01 9.673530e-01 9.655463e-01 9.551852e-01 9.361209e-01 9.479342e-01 9.637412e-01 9.753875e-01 9.738343e-01 9.526727e-01 9.478850e-01 9.456239e-01 9.376247e-01 9.325020e-01 9.301139e-01 9.397725e-01 9.434934e-01 9.518315e-01 9.529803e-01 9.471445e-01 9.385829e-01 9.276575e-01 9.207067e-01 9.336722e-01 9.392488e-01 9.335304e-01 9.305827e-01 9.363595e-01 9.299781e-01 9.246856e-01 9.212025e-01 9.219554e-01 9.237623e-01 9.315148e-01 9.369550e-01 9.291202e-01 9.267120e-01 9.350075e-01 9.388707e-01 9.441829e-01 9.595103e-01 9.651010e-01 9.576533e-01 9.703361e-01 9.727765e-01 9.828344e-01 9.867905e-01 9.955230e-01 9.818801e-01 9.785861e-01 9.773667e-01 9.778900e-01 9.776759e-01 9.859527e-01 9.973279e-01 9.839140e-01 9.667965e-01 9.738621e-01 9.812466e-01 9.790016e-01 9.777594e-01 9.791652e-01 9.905766e-01 1.005788e+00 1.001101e+00 9.894354e-01 9.879568e-01 9.949585e-01 1.000971e+00 9.980288e-01 9.976315e-01 1.002077e+00 1.004783e+00 1.001392e+00 9.863620e-01 9.823723e-01 9.919601e-01 1.003294e+00 1.005515e+00 1.005839e+00 1.002719e+00 1.008048e+00 1.015587e+00 1.016710e+00 1.006734e+00 1.006591e+00 1.010866e+00 1.010164e+00 1.017465e+00 1.029574e+00 1.027391e+00 1.023870e+00 1.021072e+00 1.017161e+00 1.016120e+00 1.014881e+00 1.016899e+00 1.021102e+00 1.020301e+00 1.018814e+00 1.018381e+00 1.022190e+00 1.018685e+00 1.006228e+00 1.005599e+00 1.006274e+00 1.003445e+00 1.002652e+00 1.006884e+00 1.008242e+00 9.992614e-01 9.877791e-01 9.807806e-01 9.784347e-01 9.867435e-01 9.999778e-01 1.004555e+00 1.003445e+00 1.003496e+00 1.006177e+00 1.008209e+00 1.004060e+00 9.906332e-01 9.843450e-01 9.837625e-01 9.835711e-01 9.877330e-01 9.865453e-01 9.695649e-01 9.577932e-01 9.371566e-01 9.251928e-01 9.201325e-01 9.136388e-01 9.178559e-01 9.145259e-01 9.027613e-01 9.061637e-01 9.019167e-01 9.062998e-01 9.258094e-01 9.242570e-01 9.249749e-01 9.367149e-01 9.365198e-01 9.386214e-01 9.367945e-01
1.028053e+00 1.028805e+00 1.032855e+00 1.026587e+00 1.019488e+00 1.017222e+00 9.996305e-01 9.785450e-01 9.658713e-01 9.658169e-01 9.786759e-01 9.854528e-01 9.806264e-01 9.696129e-01 9.730775e-01 9.673276e-01 9.563782e-01 9.497592e-01 9.504715e-01 9.515446e-01 9.584632e-01 9.615310e-01 9.601925e-01 9.637090e-01 9.726957e-01 9.721454e-01 9.627418e-01 9.603429e-01 9.734597e-01 9.777864e-01 9.632393e-01 9.601479e-01 9.620253e-01 9.648817e-01 9.791691e-01 9.814533e-01 9.782743e-01 9.736618e-01 9.807897e-01 9.864079e-01 9.994039e-01 1.010458e+00 1.015505e+00 1.011977e+00 1.019246e+00 1.025263e+00 1.016643e+00 1.019185e+00 1.027537e+00 1.029524e+00 1.028402e+00 1.032117e+00 1.028004e+00 1.031604e+00 1.032629e+00 1.029722e+00 1.031769e+00 1.026753e+00 1.019974e+00 1.012367e+00 1.001179e+00 9.948907e-01 9.976734e-01 1.006036e+00 1.008691e+00 1.008190e+00 1.001873e+00 9.954216e-01 9.996657e-01 1.001500e+00 9.998489e-01 9.980685e-01 9.902982e-01 9.818099e-01 9.886079e-01 9.974537e-01 9.961941e-01 9.998605e-01 9.971454e-01 1.006104e+00 1.013392e+00 9.920799e-01 9.716519e-01 9.617149e-01 9.707775e-01 9.774514e-01 9.604012e-01 9.598802e-01 9.648669e-01 9.751591e-01 9.778422e-01 9.873267e-01 1.009012e+00 1.003970e+00 9.944705e-01 1.000366e+00 9.958215e-01 9.925959e-01 9.852809e-01 9.731802e-01 9.592756e-01 9.610062e-01 9.573218e-01 9.659879e-01 9.692908e-01 9.589977e-01 9.541532e-01 9.386576e-01 9.472691e-01 9.568470e-01 9.530956e-01 9.476807e-01 9.464762e-01 9.359848e-01 9.368556e-01 9.492980e-01 9.621214e-01 9.624559e-01 9.510426e-01 9.517860e-01 9.502604e-01 9.349818e-01 9.266247e-01 9.310475e-01 9.363480e-01 9.432888e-01 9.483674e-01 9.466054e-01 9.393591e-01 9.258659e-01 9.259602e-01 9.342989e-01 9.397681e-01 9.428320e-01 9.339741e-01 9.279108e-01 9.286601e-01 9.279556e-01 9.248770e-01 9.305613e-01 9.382361e-01 9.311661e-01 9.290353e-01 9.350919e-01 9.325954e-01 9.289271e-01 9.253268e-01 9.311447e-01 9.456433e-01 9.477069e-01 9.465911e-01 9.580460e-01 9.617379e-01 9.697493e-01 9.839891e-01 9.958542e-01 9.959697e-01 9.879799e-01 9.898700e-01 9.887879e-01 9.868120e-01 9.914943e-01 9.924568e-01 9.884892e-01 9.865988e-01 9.608721e-01 9.624351e-01 9.667894e-01 9.774296e-01 9.811389e-01 9.788836e-01 9.933339e-01 1.011647e+00 1.010358e+00 9.887770e-01 9.832286e-01 9.967631e-01 1.004280e+00 1.002944e+00 1.001245e+00 1.006667e+00 1.007705e+00 1.001477e+00 9.989614e-01 1.002108e+00 1.007475e+00 1.010489e+00 1.007926e+00 1.006574e+00 1.005090e+00 1.008321e+00 1.014589e+00 1.008665e+00 1.004228e+00 1.007953e+00 1.015293e+00 1.016212e+00 1.021891e+00 1.027071e+00 1.026030e+00 1.023810e+00 1.021849e+00 1.018054e+00 1.015502e+00 1.019244e+00 1.027432e+00 1.031541e+00 1.025050e+00 1.016960e+00 1.017756e+00 1.017458e+00 1.017149e+00 1.013876e+00 1.013715e+00 1.009184e+00 1.004250e+00 1.009390e+00 1.015389e+00 1.008649e+00 9.966138e-01 9.850361e-01 9.759917e-01 9.703671e-01 9.801651e-01 9.875766e-01 9.954212e-01 9.974673e-01 1.001530e+00 9.987267e-01 9.948196e-01 9.957167e-01 9.951750e-01 9.941134e-01 9.874837e-01 9.848689e-01 9.887703e-01 9.925371e-01 9.824294e-01 9.639096e-01 9.408382e-01 9.235916e-01 9.133005e-01 9.073727e-01 9.124189e-01 9.188371e-01 9.044260e-01 8.994840e-01 9.012638e-01 9.088852e-01 9.171079e-01 9.207240e-01 9.244587e-01 9.306881e-01 9.347354e-01 9.360240e-01 9.256231e-01
1.021340e+00 1.023319e+00 1.030380e+00 1.023777e+00 1.011901e+00 1.008002e+00 9.951163e-01 9.706790e-01 9.568698e-01 9.580968e-01 9.691726e-01 9.762352e-01 9.784964e-01 9.737386e-01 9.662183e-01 9.621034e-01 9.540642e-01 9.538713e-01 9.543062e-01 9.536386e-01 9.598534e-01 9.606700e-01 9.551052e-01 9.568686e-01 9.638340e-01 9.696647e-01 9.571077e-01 9.517959e-01 9.678069e-01 9.747229e-01 9.701670e-01 9.684292e-01 9.667320e-01 9.666066e-01 9.745221e-01 9.698558e-01 9.722039e-01 9.763164e-01 9.817892e-01 9.862602e-01 9.971686e-01 1.007329e+00 1.008560e+00 1.018059e+00 1.024748e+00 1.028787e+00 1.018047e+00 1.016969e+00 1.026163e+00 1.027242e+00 1.024298e+00 1.024458e+00 1.018349e+00 1.024479e+00 1.030245e+00 1.026312e+00 1.024185e+00 1.024701e+00 1.025169e+00 1.021016e+00 1.010770e+00 1.003194e+00 1.004787e+00 1.011904e+00 1.016196e+00 1.015689e+00 1.003470e+00 9.937885e-01 9.988524e-01 1.007170e+00 1.004073e+00 1.009238e+00 9.977453e-01 9.805685e-01 9.782600e-01 9.886504e-01 9.827202e-01 9.892554e-01 1.001329e+00 1.006125e+00 1.005353e+00 9.850692e-01 9.675086e-01 9.739705e-01 9.862763e-01 9.981668e-01 9.905646e-01 9.909663e-01 9.865608e-01 9.904272e-01 9.823971e-01 9.847141e-01 1.009834e+00 1.007496e+00 9.899367e-01 9.874311e-01 9.821994e-01 9.886388e-01 9.853090e-01 9.622247e-01 9.487486e-01 9.480927e-01 9.533777e-01 9.625413e-01 9.587904e-01 9.504352e-01 9.433163e-01 9.390981e-01 9.470096e-01 9.557291e-01 9.411086e-01 9.375913e-01 9.414856e-01 9.413969e-01 9.423147e-01 9.419175e-01 9.498108e-01 9.459745e-01 9.473445e-01 9.474890e-01 9.435695e-01 9.281017e-01 9.275462e-01 9.334631e-01 9.353216e-01 9.406457e-01 9.391584e-01 9.367906e-01 9.303045e-01 9.294487e-01 9.354597e-01 9.341469e-01 9.364468e-01 9.451724e-01 9.377695e-01 9.270734e-01 9.264629e-01 9.186162e-01 9.189799e-01 9.309812e-01 9.370420e-01 9.251705e-01 9.260350e-01 9.384128e-01 9.363999e-01 9.306364e-01 9.242885e-01 9.299915e-01 9.399625e-01 9.446634e-01 9.552673e-01 9.639623e-01 9.664747e-01 9.769806e-01 9.808003e-01 9.723004e-01 9.805467e-01 9.856506e-01 9.988933e-01 1.006453e+00 9.926126e-01 9.863514e-01 9.749618e-01 9.707589e-01 9.709158e-01 9.554470e-01 9.747360e-01 9.771172e-01 9.880731e-01 9.943654e-01 9.790484e-01 9.826859e-01 1.003540e+00 1.001414e+00 9.839455e-01 9.771002e-01 9.899651e-01 1.000670e+00 1.001528e+00 1.000742e+00 1.006816e+00 1.004563e+00 9.997846e-01 1.007855e+00 1.009683e+00 1.010977e+00 1.007723e+00 1.003436e+00 9.991893e-01 9.931974e-01 1.000974e+00 1.009052e+00 1.012097e+00 1.007095e+00 1.002247e+00 1.010093e+00 1.019217e+00 1.023832e+00 1.026767e+00 1.027853e+00 1.029138e+00 1.024955e+00 1.016794e+00 1.015080e+00 1.027641e+00 1.036173e+00 1.033310e+00 1.022925e+00 1.016356e+00 1.013273e+00 1.014972e+00 1.017658e+00 1.018832e+00 1.015525e+00 1.010139e+00 1.003178e+00 1.005168e+00 1.009286e+00 9.986212e-01 9.898096e-01 9.847963e-01 9.701442e-01 9.645773e-01 9.723328e-01 9.772522e-01 9.775428e-01 9.844018e-01 9.940202e-01 9.915668e-01 9.882276e-01 9.949443e-01 1.002098e+00 9.963326e-01 9.809742e-01 9.740363e-01 9.887351e-01 9.947219e-01 9.824267e-01 9.671868e-01 9.513189e-01 9.324166e-01 9.225235e-01 9.135851e-01 9.143168e-01 9.098346e-01 8.954771e-01 8.943585e-01 9.049522e-01 9.115761e-01 9.085381e-01 9.118443e-01 9.208508e-01 9.289047e-01 9.305048e-01 9.295018e-01 9.133966e-01
1.017079e+00 1.019346e+00 1.025935e+00 1.021199e+00 1.005163e+00 9.931846e-01 9.774729e-01 9.617547e-01 9.493884e-01 9.557828e-01 9.601307e-01 9.646274e-01 9.679143e-01 9.701360e-01 9.681340e-01 9.627923e-01 9.501973e-01 9.454281e-01 9.480064e-01 9.504734e-01 9.546149e-01 9.557928e-01 9.538072e-01 9.556910e-01 9.523704e-01 9.529305e-01 9.471379e-01 9.467337e-01 9.575562e-01 9.653694e-01 9.719320e-01 9.752353e-01 9.708583e-01 9.672057e-01 9.715893e-01 9.660478e-01 9.698660e-01 9.730293e-01 9.799930e-01 9.889166e-01 9.991266e-01 1.012635e+00 1.012851e+00 1.021459e+00 1.023835e+00 1.023524e+00 1.014154e+00 1.014373e+00 1.019999e+00 1.021369e+00 1.025538e+00 1.025780e+00 1.020705e+00 1.023907e+00 1.024259e+00 1.021046e+00 1.017008e+00 1.017380e+00 1.028323e+00 1.033099e+00 1.024558e+00 1.013851e+00 1.011622e+00 1.009260e+00 1.003975e+00 1.001558e+00 9.946994e-01 9.880683e-01 9.983004e-01 1.006115e+00 1.002375e+00 1.006673e+00 1.001631e+00 9.854307e-01 9.720433e-01 9.765304e-01 9.789145e-01 9.837238e-01 9.999692e-01 9.983650e-01 9.981997e-01 9.857925e-01 9.764261e-01 9.928265e-01 1.007026e+00 1.015116e+00 1.007953e+00 1.000628e+00 9.872138e-01 9.881307e-01 9.917226e-01 9.966947e-01 1.003554e+00 9.795212e-01 9.689338e-01 9.686746e-01 9.832782e-01 9.908082e-01 9.824238e-01 9.636010e-01 9.515207e-01 9.486961e-01 9.482641e-01 9.487908e-01 9.522483e-01 9.392594e-01 9.292190e-01 9.379362e-01 9.469190e-01 9.536318e-01 9.498895e-01 9.364087e-01 9.333292e-01 9.357165e-01 9.411356e-01 9.416709e-01 9.414052e-01 9.410634e-01 9.396145e-01 9.365488e-01 9.346917e-01 9.288375e-01 9.286141e-01 9.314077e-01 9.373175e-01 9.341533e-01 9.235210e-01 9.218033e-01 9.245370e-01 9.365148e-01 9.374304e-01 9.235300e-01 9.256926e-01 9.307100e-01 9.362952e-01 9.286104e-01 9.237303e-01 9.165391e-01 9.132721e-01 9.205493e-01 9.316403e-01 9.375752e-01 9.300768e-01 9.326107e-01 9.328471e-01 9.349545e-01 9.311677e-01 9.331726e-01 9.380502e-01 9.492530e-01 9.611077e-01 9.624242e-01 9.591143e-01 9.689612e-01 9.605556e-01 9.342998e-01 9.558299e-01 9.746661e-01 9.873161e-01 1.007396e+00 1.008117e+00 9.957791e-01 9.781818e-01 9.685010e-01 9.711119e-01 9.558448e-01 9.586079e-01 9.653818e-01 9.852633e-01 9.933206e-01 9.796652e-01 9.697119e-01 9.892321e-01 9.907365e-01 9.878696e-01 9.972169e-01 1.009468e+00 1.008488e+00 1.000294e+00 9.991344e-01 9.975350e-01 9.971576e-01 1.002946e+00 1.007928e+00 1.015866e+00 1.018935e+00 1.009178e+00 9.950088e-01 9.870570e-01 9.844248e-01 9.916338e-01 1.004672e+00 1.009053e+00 1.010722e+00 1.011229e+00 1.011835e+00 1.016129e+00 1.023391e+00 1.024190e+00 1.027099e+00 1.030586e+00 1.027851e+00 1.019284e+00 1.019592e+00 1.028663e+00 1.034572e+00 1.031118e+00 1.019677e+00 1.013647e+00 1.010943e+00 1.008734e+00 1.010474e+00 1.014148e+00 1.014479e+00 1.009196e+00 9.980729e-01 9.947592e-01 9.943852e-01 9.883922e-01 9.849731e-01 9.819372e-01 9.716721e-01 9.713659e-01 9.716907e-01 9.745393e-01 9.732479e-01 9.775403e-01 9.870628e-01 9.845654e-01 9.897695e-01 9.990497e-01 1.004414e+00 9.968411e-01 9.795479e-01 9.700094e-01 9.766780e-01 9.884233e-01 9.784359e-01 9.647226e-01 9.493068e-01 9.300215e-01 9.168999e-01 9.095684e-01 9.053881e-01 8.975853e-01 8.901153e-01 8.953227e-01 9.100904e-01 9.164701e-01 9.104325e-01 9.149667e-01 9.339421e-01 9.330773e-01 9.337283e-01 9.326651e-01 9.237319e-01
1.017590e+00 1.023515e+00 1.021571e+00 1.022552e+00 1.005316e+00 9.884224e-01 9.702092e-01 9.492111e-01 9.439157e-01 9.560500e-01 9.578787e-01 9.604338e-01 9.598102e-01 9.647124e-01 9.694856e-01 9.593419e-01 9.484083e-01 9.402019e-01 9.420176e-01 9.509427e-01 9.583118e-01 9.624578e-01 9.596025e-01 9.602587e-01 9.568888e-01 9.544706e-01 9.533222e-01 9.558505e-01 9.643369e-01 9.718009e-01 9.707140e-01 9.620183e-01 9.635711e-01 9.638342e-01 9.613317e-01 9.645518e-01 9.772220e-01 9.828679e-01 9.840730e-01 9.937257e-01 1.000694e+00 1.014388e+00 1.017741e+00 1.018334e+00 1.019422e+00 1.016015e+00 1.011440e+00 1.012220e+00 1.013238e+00 1.016546e+00 1.018555e+00 1.022114e+00 1.025388e+00 1.027338e+00 1.026055e+00 1.022729e+00 1.016428e+00 1.018362e+00 1.030285e+00 1.033912e+00 1.028597e+00 1.022556e+00 1.012362e+00 1.002717e+00 9.919291e-01 9.938824e-01 9.947420e-01 9.926947e-01 9.992136e-01 1.005185e+00 1.004850e+00 9.985010e-01 9.933007e-01 9.857724e-01 9.833599e-01 9.753264e-01 9.685860e-01 9.786182e-01 9.960940e-01 9.885879e-01 9.838969e-01 9.817266e-01 9.926564e-01 1.003901e+00 1.013776e+00 1.018064e+00 1.006888e+00 9.826692e-01 9.760951e-01 9.869348e-01 9.930317e-01 9.776494e-01 9.791300e-01 9.595527e-01 9.558951e-01 9.538410e-01 9.769316e-01 9.901488e-01 9.891357e-01 9.720261e-01 9.570758e-01 9.515841e-01 9.446488e-01 9.427006e-01 9.392516e-01 9.348532e-01 9.284470e-01 9.363539e-01 9.379991e-01 9.411837e-01 9.414446e-01 9.305415e-01 9.262161e-01 9.301695e-01 9.340681e-01 9.363130e-01 9.375567e-01 9.380869e-01 9.358100e-01 9.300395e-01 9.309875e-01 9.370202e-01 9.307485e-01 9.341546e-01 9.274972e-01 9.150991e-01 9.062881e-01 9.112821e-01 9.217247e-01 9.326957e-01 9.288338e-01 9.178049e-01 9.192994e-01 9.235419e-01 9.275869e-01 9.260966e-01 9.225096e-01 9.180241e-01 9.148751e-01 9.208987e-01 9.257433e-01 9.351621e-01 9.263040e-01 9.253966e-01 9.373338e-01 9.390255e-01 9.332176e-01 9.314563e-01 9.357819e-01 9.465452e-01 9.616339e-01 9.656937e-01 9.601337e-01 9.575425e-01 9.547361e-01 9.395415e-01 9.466479e-01 9.681277e-01 9.746731e-01 9.873626e-01 9.989786e-01 9.973385e-01 9.866511e-01 9.862501e-01 9.876633e-01 9.729857e-01 9.579530e-01 9.677657e-01 9.745902e-01 9.793103e-01 9.677516e-01 9.662604e-01 9.829239e-01 9.965804e-01 9.972126e-01 1.007293e+00 1.017639e+00 1.018050e+00 1.004315e+00 9.951218e-01 9.837338e-01 9.875097e-01 9.977174e-01 1.007360e+00 1.022168e+00 1.023473e+00 1.007328e+00 9.930782e-01 9.902101e-01 9.905668e-01 9.998040e-01 1.004213e+00 1.006295e+00 1.015407e+00 1.021767e+00 1.016832e+00 1.012257e+00 1.019952e+00 1.024215e+00 1.030620e+00 1.031319e+00 1.023419e+00 1.020830e+00 1.025469e+00 1.019378e+00 1.018280e+00 1.021272e+00 1.020135e+00 1.014212e+00 1.009825e+00 1.008484e+00 1.003843e+00 1.004177e+00 1.006293e+00 9.985167e-01 9.905703e-01 9.946092e-01 9.893567e-01 9.800767e-01 9.830526e-01 9.912207e-01 9.876498e-01 9.762086e-01 9.791106e-01 9.843082e-01 9.840703e-01 9.818056e-01 9.821773e-01 9.884192e-01 9.942038e-01 9.934831e-01 9.955190e-01 9.942024e-01 9.814581e-01 9.718593e-01 9.729886e-01 9.836997e-01 9.767966e-01 9.587722e-01 9.356917e-01 9.203779e-01 9.162390e-01 9.072230e-01 8.999497e-01 8.933488e-01 8.893106e-01 8.950065e-01 9.106075e-01 9.166117e-01 9.123135e-01 9.157805e-01 9.299698e-01 9.366996e-01 9.393116e-01 9.333577e-01 9.230545e-01
1.018812e+00 1.016570e+00 1.012898e+00 1.014843e+00 1.005466e+00 9.882581e-01 9.705378e-01 9.441327e-01 9.405884e-01 9.464303e-01 9.513184e-01 9.480898e-01 9.466501e-01 9.523064e-01 9.581133e-01 9.489611e-01 9.438333e-01 9.473608e-01 9.517426e-01 9.548850e-01 9.589530e-01 9.618067e-01 9.647468e-01 9.668015e-01 9.655929e-01 9.671036e-01 9.632550e-01 9.643216e-01 9.745464e-01 9.686943e-01 9.534166e-01 9.513471e-01 9.592938e-01 9.584955e-01 9.657867e-01 9.758661e-01 9.841536e-01 9.852301e-01 9.898232e-01 9.956633e-01 1.000756e+00 1.004190e+00 1.009483e+00 1.014387e+00 1.021131e+00 1.013584e+00 1.009566e+00 1.015250e+00 1.020687e+00 1.021325e+00 1.018097e+00 1.023878e+00 1.033924e+00 1.034211e+00 1.032000e+00 1.026524e+00 1.020478e+00 1.023169e+00 1.026596e+00 1.023090e+00 1.020998e+00 1.015323e+00 1.010645e+00 1.004262e+00 9.990790e-01 9.974192e-01 9.993268e-01 9.979286e-01 9.965357e-01 9.995932e-01 1.001111e+00 9.892164e-01 9.820416e-01 9.846308e-01 9.902822e-01 9.786037e-01 9.660511e-01 9.727269e-01 9.842232e-01 9.818629e-01 9.814385e-01 9.850195e-01 9.881059e-01 9.954777e-01 1.000325e+00 9.931882e-01 9.859846e-01 9.778510e-01 9.863509e-01 9.889882e-01 1.000452e+00 9.797587e-01 9.655915e-01 9.582250e-01 9.620981e-01 9.639646e-01 9.760501e-01 9.762693e-01 9.771984e-01 9.690017e-01 9.612250e-01 9.512723e-01 9.506450e-01 9.482392e-01 9.446849e-01 9.374502e-01 9.308988e-01 9.272835e-01 9.276711e-01 9.283215e-01 9.277315e-01 9.251326e-01 9.250472e-01 9.358688e-01 9.307556e-01 9.255746e-01 9.303531e-01 9.331204e-01 9.336045e-01 9.296451e-01 9.308661e-01 9.279765e-01 9.188654e-01 9.221955e-01 9.155805e-01 9.091466e-01 9.096782e-01 9.161308e-01 9.206387e-01 9.176671e-01 9.196481e-01 9.154032e-01 9.174338e-01 9.261644e-01 9.309616e-01 9.304330e-01 9.275066e-01 9.220648e-01 9.182473e-01 9.214157e-01 9.247060e-01 9.267296e-01 9.213412e-01 9.215297e-01 9.319469e-01 9.350847e-01 9.306295e-01 9.246847e-01 9.328225e-01 9.383224e-01 9.504155e-01 9.571463e-01 9.566097e-01 9.499183e-01 9.510790e-01 9.494396e-01 9.541635e-01 9.660305e-01 9.654341e-01 9.658419e-01 9.773839e-01 9.764987e-01 9.716445e-01 9.804412e-01 9.908238e-01 9.837828e-01 9.670086e-01 9.560742e-01 9.617211e-01 9.641538e-01 9.705905e-01 9.755417e-01 9.795569e-01 9.835292e-01 9.938217e-01 9.989291e-01 9.979564e-01 1.003629e+00 1.004276e+00 9.932989e-01 9.849194e-01 9.936255e-01 1.002491e+00 1.015892e+00 1.023127e+00 1.018670e+00 9.982225e-01 9.898489e-01 9.958051e-01 1.002369e+00 1.008273e+00 1.009143e+00 1.013730e+00 1.019474e+00 1.022570e+00 1.019633e+00 1.016030e+00 1.012802e+00 1.017986e+00 1.030848e+00 1.030923e+00 1.022417e+00 1.020664e+00 1.016055e+00 1.003429e+00 1.002188e+00 1.014654e+00 1.015797e+00 1.015518e+00 1.016070e+00 1.011350e+00 1.001114e+00 9.989613e-01 9.970025e-01 9.859718e-01 9.855024e-01 9.894843e-01 9.860807e-01 9.756292e-01 9.802847e-01 9.895128e-01 9.884586e-01 9.870595e-01 9.874659e-01 9.905501e-01 9.914753e-01 9.874836e-01 9.892564e-01 9.948582e-01 9.935234e-01 9.876239e-01 9.833291e-01 9.841723e-01 9.826806e-01 9.817063e-01 9.840853e-01 9.909203e-01 9.860601e-01 9.626229e-01 9.451824e-01 9.280649e-01 9.165547e-01 9.123043e-01 9.122405e-01 9.042763e-01 8.930720e-01 8.961299e-01 9.075518e-01 9.109509e-01 9.083962e-01 9.115130e-01 9.188480e-01 9.319925e-01 9.368116e-01 9.310648e-01 9.244967e-01
1.009905e+00 9.988111e-01 1.001360e+00 1.008538e+00 9.978863e-01 9.869230e-01 9.688641e-01 9.318887e-01 9.237655e-01 9.303671e-01 9.413198e-01 9.389939e-01 9.423486e-01 9.552732e-01 9.565083e-01 9.489451e-01 9.480594e-01 9.554033e-01 9.582122e-01 9.581236e-01 9.544873e-01 9.563488e-01 9.639034e-01 9.732844e-01 9.709505e-01 9.687953e-01 9.664437e-01 9.683449e-01 9.698324e-01 9.595811e-01 9.520100e-01 9.519811e-01 9.583956e-01 9.667989e-01 9.857023e-01 9.985105e-01 9.951123e-01 9.847366e-01 9.862542e-01 9.926124e-01 9.975023e-01 9.965129e-01 1.000939e+00 1.013739e+00 1.024684e+00 1.017833e+00 1.017383e+00 1.025372e+00 1.032579e+00 1.033937e+00 1.027703e+00 1.034827e+00 1.041490e+00 1.041687e+00 1.039685e+00 1.034155e+00 1.025022e+00 1.017016e+00 1.009711e+00 1.012500e+00 1.013566e+00 1.013095e+00 1.011993e+00 1.005376e+00 1.001541e+00 1.001834e+00 1.000914e+00 9.984538e-01 1.001656e+00 1.001858e+00 9.923802e-01 9.875151e-01 9.889383e-01 9.910743e-01 9.919176e-01 9.827182e-01 9.756156e-01 9.724547e-01 9.701855e-01 9.768096e-01 9.855814e-01 9.913549e-01 9.901507e-01 9.872254e-01 9.781406e-01 9.738784e-01 9.663692e-01 9.619648e-01 9.749745e-01 9.783405e-01 9.706855e-01 9.744872e-01 9.698182e-01 9.660739e-01 9.722516e-01 9.678021e-01 9.673082e-01 9.617069e-01 9.697898e-01 9.647164e-01 9.561568e-01 9.393088e-01 9.431291e-01 9.380085e-01 9.406163e-01 9.295752e-01 9.188019e-01 9.213140e-01 9.305412e-01 9.283985e-01 9.261494e-01 9.265149e-01 9.327731e-01 9.381724e-01 9.269941e-01 9.197285e-01 9.254599e-01 9.313176e-01 9.195287e-01 9.110179e-01 9.174986e-01 9.220024e-01 9.175839e-01 9.163378e-01 9.105231e-01 9.091157e-01 9.185854e-01 9.236525e-01 9.236847e-01 9.191418e-01 9.202661e-01 9.145603e-01 9.123862e-01 9.289964e-01 9.380823e-01 9.371216e-01 9.343191e-01 9.271110e-01 9.153577e-01 9.150924e-01 9.194319e-01 9.245245e-01 9.251399e-01 9.257202e-01 9.304672e-01 9.282308e-01 9.219056e-01 9.265552e-01 9.342987e-01 9.344730e-01 9.400237e-01 9.459872e-01 9.487077e-01 9.504994e-01 9.443064e-01 9.465476e-01 9.495995e-01 9.538375e-01 9.526768e-01 9.458322e-01 9.609703e-01 9.642618e-01 9.579694e-01 9.631928e-01 9.808899e-01 9.893032e-01 9.822358e-01 9.503463e-01 9.568299e-01 9.784595e-01 9.757149e-01 9.692806e-01 9.759780e-01 9.804202e-01 9.930810e-01 9.936817e-01 9.858139e-01 9.900054e-01 9.949877e-01 9.867207e-01 9.878911e-01 1.000230e+00 1.006634e+00 1.015820e+00 1.018546e+00 1.012829e+00 9.985697e-01 9.965101e-01 1.007793e+00 1.014703e+00 1.007628e+00 1.006459e+00 1.014920e+00 1.015968e+00 1.020995e+00 1.024504e+00 1.023564e+00 1.010264e+00 1.011652e+00 1.024351e+00 1.026069e+00 1.016038e+00 1.010685e+00 1.001420e+00 9.994693e-01 1.002253e+00 1.009680e+00 1.011269e+00 1.019922e+00 1.018107e+00 1.004660e+00 9.944056e-01 9.960964e-01 9.965988e-01 9.899014e-01 9.859590e-01 9.919378e-01 9.910396e-01 9.820497e-01 9.791220e-01 9.858928e-01 9.882828e-01 9.922449e-01 9.891843e-01 9.869514e-01 9.895613e-01 9.880179e-01 9.921591e-01 9.968967e-01 9.947301e-01 9.931663e-01 9.914821e-01 9.849719e-01 9.854962e-01 9.871635e-01 9.896243e-01 9.950776e-01 9.921447e-01 9.733704e-01 9.500818e-01 9.391882e-01 9.255608e-01 9.192622e-01 9.224048e-01 9.142876e-01 8.930146e-01 8.911462e-01 9.035951e-01 9.079256e-01 8.999879e-01 9.030036e-01 9.169601e-01 9.329138e-01 9.307374e-01 9.305949e-01 9.270727e-01
1.000608e+00 9.980003e-01 1.002242e+00 1.001005e+00 9.863138e-01 9.807579e-01 9.585629e-01 9.201370e-01 9.179593e-01 9.312968e-01 9.425725e-01 9.502778e-01 9.603336e-01 9.663562e-01 9.626525e-01 9.565589e-01 9.540011e-01 9.568123e-01 9.604455e-01 9.616917e-01 9.537657e-01 9.546536e-01 9.587292e-01 9.643831e-01 9.592164e-01 9.607218e-01 9.696830e-01 9.699054e-01 9.663371e-01 9.592953e-01 9.598972e-01 9.605660e-01 9.579007e-01 9.656370e-01 9.833295e-01 9.931971e-01 9.905682e-01 9.771275e-01 9.767262e-01 9.869180e-01 9.987497e-01 1.000404e+00 1.008369e+00 1.022520e+00 1.032675e+00 1.031630e+00 1.027830e+00 1.030381e+00 1.035166e+00 1.037969e+00 1.032362e+00 1.034236e+00 1.036363e+00 1.035176e+00 1.037070e+00 1.036399e+00 1.023564e+00 1.012444e+00 1.011263e+00 1.015032e+00 1.014746e+00 1.014574e+00 1.013183e+00 1.012048e+00 1.007957e+00 1.003470e+00 9.987532e-01 9.951789e-01 1.002932e+00 9.986095e-01 9.868600e-01 9.923583e-01 9.932005e-01 9.897654e-01 9.889216e-01 9.932438e-01 9.907823e-01 9.850201e-01 9.759744e-01 9.788112e-01 9.907810e-01 9.907542e-01 9.792289e-01 9.733760e-01 9.672326e-01 9.697559e-01 9.626116e-01 9.465532e-01 9.578354e-01 9.618319e-01 9.534537e-01 9.557447e-01 9.608543e-01 9.571857e-01 9.577618e-01 9.588272e-01 9.525666e-01 9.576260e-01 9.667973e-01 9.596524e-01 9.486956e-01 9.306077e-01 9.316389e-01 9.356380e-01 9.316730e-01 9.197453e-01 9.202395e-01 9.289737e-01 9.268198e-01 9.255145e-01 9.244567e-01 9.285876e-01 9.287286e-01 9.221158e-01 9.124078e-01 9.098672e-01 9.179957e-01 9.244699e-01 9.150813e-01 8.985495e-01 9.024447e-01 9.165033e-01 9.113982e-01 9.070082e-01 9.056685e-01 9.111543e-01 9.226637e-01 9.351117e-01 9.329481e-01 9.271781e-01 9.200940e-01 9.139644e-01 9.124919e-01 9.264314e-01 9.394736e-01 9.404868e-01 9.417049e-01 9.347593e-01 9.193833e-01 9.097418e-01 9.173127e-01 9.266782e-01 9.266314e-01 9.248750e-01 9.252477e-01 9.202053e-01 9.156123e-01 9.286613e-01 9.328730e-01 9.266546e-01 9.316764e-01 9.347237e-01 9.340447e-01 9.366113e-01 9.403472e-01 9.440476e-01 9.438920e-01 9.427691e-01 9.415645e-01 9.462732e-01 9.634879e-01 9.686903e-01 9.710436e-01 9.673177e-01 9.726802e-01 9.864398e-01 9.879599e-01 9.652017e-01 9.638336e-01 9.802601e-01 9.729778e-01 9.663725e-01 9.761189e-01 9.781205e-01 9.968771e-01 9.985524e-01 9.808816e-01 9.770275e-01 9.647550e-01 9.834095e-01 9.931053e-01 1.008383e+00 1.011058e+00 1.015293e+00 1.014003e+00 1.014627e+00 1.014457e+00 1.014098e+00 1.019038e+00 1.020954e+00 1.018574e+00 1.015906e+00 1.017146e+00 1.012599e+00 1.013671e+00 1.021004e+00 1.020601e+00 1.012428e+00 1.009220e+00 1.015453e+00 1.011819e+00 1.006600e+00 1.008316e+00 1.002685e+00 1.000932e+00 1.005604e+00 1.007737e+00 1.006839e+00 1.014705e+00 1.016602e+00 1.005673e+00 9.933006e-01 9.929403e-01 9.998027e-01 9.986222e-01 9.947448e-01 1.000014e+00 9.991370e-01 9.865909e-01 9.766980e-01 9.780354e-01 9.838808e-01 9.886244e-01 9.870296e-01 9.813082e-01 9.810612e-01 9.811710e-01 9.899545e-01 1.001493e+00 9.984870e-01 9.973234e-01 9.964912e-01 9.908975e-01 9.929917e-01 9.909371e-01 9.882425e-01 9.796058e-01 9.746878e-01 9.686645e-01 9.542009e-01 9.421193e-01 9.283102e-01 9.148812e-01 9.143537e-01 9.076226e-01 8.873828e-01 8.841109e-01 8.983014e-01 9.021080e-01 8.976616e-01 9.035008e-01 9.239799e-01 9.421648e-01 9.347212e-01 9.404355e-01 9.351389e-01
9.917428e-01 9.952728e-01 9.948286e-01 9.905565e-01 9.757760e-01 9.697421e-01 9.497432e-01 9.128130e-01 9.088473e-01 9.257919e-01 9.413326e-01 9.538102e-01 9.645064e-01 9.559156e-01 9.517096e-01 9.579431e-01 9.538580e-01 9.519390e-01 9.598418e-01 9.612615e-01 9.527486e-01 9.524214e-01 9.567530e-01 9.552460e-01 9.527001e-01 9.547273e-01 9.621869e-01 9.650703e-01 9.618468e-01 9.616024e-01 9.703349e-01 9.677630e-01 9.658197e-01 9.657267e-01 9.715348e-01 9.778174e-01 9.791415e-01 9.700065e-01 9.752616e-01 9.907534e-01 1.000609e+00 1.013853e+00 1.025350e+00 1.032052e+00 1.034366e+00 1.033604e+00 1.029536e+00 1.027140e+00 1.032527e+00 1.033153e+00 1.029008e+00 1.023738e+00 1.025682e+00 1.026556e+00 1.031564e+00 1.038027e+00 1.032989e+00 1.022810e+00 1.016131e+00 1.011257e+00 1.014781e+00 1.015941e+00 1.013108e+00 1.010762e+00 1.012184e+00 1.004199e+00 9.980800e-01 9.989251e-01 9.966507e-01 9.866960e-01 9.859725e-01 9.900175e-01 9.802836e-01 9.765153e-01 9.788253e-01 9.813849e-01 9.765168e-01 9.881054e-01 9.991129e-01 9.932910e-01 9.957894e-01 9.880241e-01 9.647319e-01 9.665424e-01 9.779021e-01 9.764811e-01 9.560914e-01 9.493488e-01 9.649282e-01 9.680098e-01 9.656014e-01 9.404630e-01 9.413228e-01 9.486721e-01 9.525034e-01 9.459405e-01 9.447356e-01 9.498606e-01 9.549258e-01 9.547545e-01 9.439260e-01 9.306731e-01 9.235833e-01 9.341507e-01 9.290341e-01 9.196059e-01 9.245184e-01 9.370719e-01 9.268743e-01 9.240455e-01 9.262177e-01 9.231405e-01 9.148137e-01 9.049025e-01 9.006778e-01 9.094654e-01 9.201131e-01 9.221395e-01 9.167004e-01 9.023244e-01 9.018155e-01 9.081805e-01 9.078135e-01 9.086612e-01 9.131104e-01 9.239399e-01 9.336848e-01 9.386097e-01 9.328759e-01 9.240478e-01 9.162961e-01 9.134077e-01 9.110622e-01 9.198827e-01 9.299978e-01 9.343242e-01 9.411408e-01 9.388111e-01 9.310671e-01 9.275612e-01 9.267856e-01 9.243889e-01 9.197545e-01 9.228956e-01 9.235836e-01 9.195144e-01 9.170281e-01 9.246798e-01 9.346842e-01 9.362570e-01 9.348167e-01 9.367630e-01 9.380907e-01 9.337782e-01 9.325285e-01 9.321309e-01 9.287426e-01 9.342542e-01 9.440932e-01 9.530970e-01 9.635597e-01 9.784899e-01 9.814314e-01 9.696330e-01 9.620997e-01 9.710576e-01 9.864038e-01 9.812405e-01 9.704431e-01 9.758176e-01 9.715564e-01 9.679197e-01 9.814602e-01 9.737713e-01 9.727917e-01 9.822773e-01 9.613130e-01 9.518239e-01 9.536310e-01 9.806784e-01 9.982290e-01 9.878709e-01 1.002809e+00 1.022226e+00 1.020459e+00 1.011296e+00 1.018746e+00 1.030834e+00 1.031694e+00 1.024981e+00 1.023202e+00 1.025379e+00 1.025180e+00 1.019617e+00 1.017334e+00 1.018793e+00 1.017929e+00 1.011064e+00 1.009657e+00 1.005013e+00 1.002990e+00 1.006623e+00 1.013449e+00 1.006619e+00 1.003390e+00 1.010269e+00 1.013545e+00 1.008433e+00 1.011163e+00 1.014566e+00 1.009195e+00 9.965771e-01 9.901488e-01 9.922531e-01 9.946517e-01 9.917129e-01 9.967180e-01 9.953228e-01 9.828588e-01 9.747709e-01 9.766468e-01 9.750743e-01 9.757708e-01 9.752240e-01 9.774337e-01 9.809127e-01 9.842799e-01 9.896436e-01 1.001165e+00 1.001382e+00 9.976481e-01 9.947146e-01 9.912923e-01 9.939263e-01 9.905123e-01 9.797321e-01 9.649820e-01 9.629796e-01 9.594435e-01 9.464445e-01 9.392690e-01 9.304584e-01 9.142264e-01 9.092302e-01 9.037731e-01 8.837770e-01 8.809329e-01 8.884420e-01 8.915937e-01 8.935125e-01 9.060904e-01 9.227291e-01 9.396256e-01 9.479883e-01 9.521873e-01 9.458975e-01
9.834100e-01 9.847137e-01 9.848408e-01 9.789237e-01 9.773483e-01 9.768161e-01 9.537526e-01 9.170665e-01 9.076542e-01 9.186587e-01 9.324150e-01 9.489762e-01 9.551429e-01 9.479209e-01 9.522130e-01 9.569474e-01 9.523585e-01 9.480486e-01 9.540662e-01 9.567440e-01 9.521345e-01 9.507421e-01 9.551384e-01 9.518704e-01 9.532483e-01 9.520578e-01 9.565001e-01 9.607235e-01 9.587947e-01 9.648696e-01 9.758927e-01 9.698399e-01 9.640485e-01 9.647584e-01 9.681115e-01 9.702169e-01 9.736413e-01 9.702959e-01 9.892249e-01 9.971202e-01 1.005354e+00 1.019059e+00 1.031097e+00 1.032554e+00 1.028694e+00 1.024860e+00 1.023507e+00 1.024021e+00 1.027041e+00 1.029177e+00 1.028465e+00 1.027444e+00 1.028497e+00 1.028339e+00 1.032978e+00 1.037207e+00 1.039466e+00 1.032576e+00 1.018325e+00 1.012697e+00 1.016900e+00 1.016847e+00 1.012548e+00 1.011985e+00 1.016309e+00 1.010065e+00 1.004537e+00 1.000692e+00 9.917066e-01 9.880487e-01 9.878365e-01 9.830568e-01 9.760179e-01 9.677396e-01 9.653277e-01 9.500130e-01 9.483039e-01 9.741638e-01 1.004601e+00 1.012352e+00 1.001712e+00 9.767347e-01 9.426278e-01 9.429146e-01 9.557895e-01 9.539129e-01 9.512196e-01 9.487450e-01 9.528443e-01 9.580865e-01 9.476482e-01 9.355175e-01 9.387252e-01 9.494597e-01 9.630309e-01 9.563115e-01 9.508184e-01 9.462474e-01 9.412418e-01 9.417458e-01 9.431923e-01 9.303820e-01 9.253022e-01 9.269202e-01 9.242760e-01 9.244085e-01 9.286004e-01 9.374778e-01 9.322527e-01 9.239158e-01 9.155441e-01 9.065979e-01 9.006355e-01 8.955500e-01 8.998555e-01 9.112895e-01 9.184634e-01 9.135481e-01 9.093532e-01 9.033062e-01 9.009863e-01 8.991618e-01 9.019635e-01 9.106029e-01 9.176099e-01 9.257939e-01 9.337202e-01 9.331720e-01 9.288358e-01 9.184583e-01 9.147197e-01 9.143436e-01 9.110939e-01 9.182082e-01 9.268464e-01 9.366804e-01 9.383292e-01 9.348012e-01 9.379560e-01 9.374496e-01 9.272893e-01 9.167499e-01 9.185326e-01 9.230729e-01 9.278144e-01 9.304401e-01 9.302733e-01 9.372683e-01 9.427252e-01 9.417865e-01 9.403720e-01 9.439742e-01 9.488828e-01 9.413261e-01 9.345049e-01 9.266210e-01 9.221250e-01 9.336157e-01 9.574732e-01 9.597561e-01 9.574701e-01 9.670230e-01 9.716622e-01 9.658124e-01 9.493999e-01 9.555367e-01 9.761397e-01 9.637119e-01 9.504871e-01 9.675244e-01 9.677211e-01 9.669864e-01 9.679984e-01 9.672636e-01 9.623997e-01 9.792188e-01 9.632237e-01 9.466056e-01 9.441183e-01 9.632055e-01 9.735724e-01 9.767171e-01 9.906312e-01 1.018252e+00 1.020044e+00 1.013710e+00 1.025068e+00 1.036850e+00 1.031260e+00 1.018095e+00 1.018364e+00 1.017214e+00 1.024906e+00 1.026536e+00 1.024992e+00 1.021171e+00 1.013136e+00 1.005192e+00 1.003205e+00 9.953356e-01 1.000831e+00 1.010856e+00 1.013991e+00 1.009786e+00 1.009139e+00 1.013691e+00 1.018189e+00 1.010303e+00 1.007981e+00 1.011708e+00 1.009269e+00 9.993574e-01 9.923197e-01 9.953476e-01 9.968520e-01 9.900119e-01 9.880202e-01 9.920424e-01 9.876559e-01 9.772593e-01 9.716976e-01 9.679825e-01 9.658923e-01 9.737039e-01 9.825841e-01 9.833475e-01 9.808760e-01 9.856076e-01 9.985200e-01 1.000476e+00 9.916971e-01 9.853202e-01 9.845940e-01 9.883140e-01 9.869412e-01 9.706374e-01 9.598677e-01 9.612200e-01 9.594660e-01 9.491625e-01 9.405382e-01 9.278867e-01 9.171039e-01 9.121271e-01 8.994628e-01 8.848022e-01 8.830291e-01 8.864815e-01 8.894488e-01 8.954047e-01 9.043531e-01 9.158270e-01 9.360321e-01 9.535438e-01 9.486629e-01 9.425505e-01
9.858520e-01 9.832804e-01 9.834459e-01 9.867806e-01 9.854441e-01 9.818854e-01 9.585123e-01 9.213908e-01 9.105359e-01 9.150457e-01 9.248919e-01 9.353810e-01 9.482514e-01 9.542711e-01 9.555812e-01 9.575096e-01 9.527724e-01 9.455458e-01 9.457640e-01 9.506108e-01 9.539489e-01 9.506357e-01 9.504982e-01 9.502262e-01 9.532845e-01 9.568608e-01 9.655766e-01 9.630896e-01 9.573240e-01 9.631843e-01 9.717294e-01 9.694956e-01 9.667345e-01 9.627506e-01 9.619831e-01 9.666879e-01 9.675675e-01 9.714685e-01 9.871817e-01 9.960448e-01 1.006963e+00 1.016623e+00 1.026485e+00 1.026930e+00 1.024793e+00 1.018375e+00 1.021599e+00 1.030600e+00 1.031603e+00 1.030463e+00 1.030059e+00 1.029214e+00 1.030782e+00 1.032376e+00 1.032396e+00 1.032166e+00 1.037485e+00 1.034552e+00 1.026384e+00 1.024399e+00 1.023360e+00 1.020135e+00 1.019411e+00 1.014601e+00 1.010349e+00 1.009354e+00 1.006088e+00 9.961872e-01 9.884360e-01 9.828370e-01 9.801014e-01 9.784877e-01 9.816221e-01 9.760818e-01 9.577842e-01 9.391254e-01 9.567957e-01 9.789809e-01 9.964455e-01 1.001563e+00 9.904461e-01 9.633518e-01 9.299415e-01 9.282331e-01 9.250725e-01 9.358590e-01 9.647253e-01 9.643328e-01 9.403409e-01 9.402215e-01 9.340703e-01 9.360720e-01 9.428447e-01 9.522232e-01 9.620205e-01 9.636455e-01 9.569178e-01 9.453655e-01 9.369475e-01 9.351375e-01 9.400992e-01 9.252868e-01 9.181315e-01 9.244708e-01 9.325639e-01 9.334697e-01 9.281414e-01 9.300755e-01 9.245431e-01 9.163951e-01 8.971073e-01 8.886310e-01 8.941531e-01 8.928235e-01 8.955992e-01 8.997020e-01 9.005655e-01 8.959278e-01 8.916694e-01 8.959028e-01 8.956292e-01 8.940016e-01 8.987210e-01 9.113963e-01 9.140294e-01 9.177662e-01 9.210358e-01 9.226286e-01 9.259995e-01 9.179578e-01 9.058268e-01 9.096634e-01 9.168989e-01 9.183221e-01 9.282807e-01 9.405983e-01 9.367626e-01 9.333191e-01 9.332700e-01 9.299898e-01 9.210688e-01 9.153903e-01 9.216077e-01 9.213463e-01 9.279214e-01 9.397611e-01 9.417647e-01 9.408395e-01 9.470228e-01 9.416483e-01 9.331887e-01 9.361010e-01 9.423562e-01 9.395916e-01 9.428423e-01 9.407362e-01 9.332245e-01 9.400790e-01 9.571384e-01 9.660569e-01 9.644002e-01 9.610650e-01 9.620460e-01 9.557337e-01 9.436225e-01 9.472808e-01 9.563364e-01 9.614124e-01 9.639937e-01 9.615219e-01 9.490914e-01 9.558663e-01 9.667920e-01 9.628162e-01 9.758099e-01 9.982796e-01 9.782171e-01 9.474066e-01 9.431000e-01 9.593835e-01 9.653957e-01 9.676087e-01 9.817060e-01 1.005856e+00 1.014202e+00 1.022272e+00 1.024515e+00 1.022785e+00 1.020798e+00 1.018903e+00 1.017623e+00 1.015113e+00 1.022175e+00 1.023455e+00 1.025569e+00 1.017711e+00 1.005519e+00 9.983330e-01 1.001188e+00 1.000912e+00 1.003356e+00 1.007631e+00 1.009117e+00 1.012490e+00 1.014817e+00 1.015628e+00 1.014652e+00 1.006980e+00 1.006747e+00 1.010033e+00 1.010401e+00 1.005362e+00 9.991921e-01 9.992608e-01 9.995922e-01 9.850798e-01 9.818939e-01 9.905186e-01 9.912497e-01 9.765451e-01 9.639645e-01 9.611043e-01 9.645375e-01 9.766165e-01 9.785720e-01 9.711160e-01 9.631953e-01 9.716475e-01 9.902231e-01 9.954426e-01 9.916747e-01 9.918478e-01 9.902851e-01 9.886586e-01 9.745300e-01 9.650001e-01 9.653905e-01 9.609684e-01 9.604833e-01 9.519842e-01 9.409169e-01 9.322799e-01 9.213628e-01 9.121990e-01 9.010713e-01 8.872206e-01 8.927572e-01 8.995886e-01 8.963271e-01 8.997681e-01 9.034321e-01 9.122241e-01 9.248931e-01 9.393662e-01 9.383818e-01 9.353727e-01
9.897875e-01 9.897674e-01 9.940510e-01 1.001748e+00 9.904807e-01 9.703302e-01 9.455824e-01 9.202533e-01 9.116108e-01 9.086536e-01 9.135749e-01 9.234635e-01 9.402208e-01 9.484245e-01 9.435492e-01 9.439067e-01 9.442231e-01 9.386128e-01 9.466404e-01 9.590819e-01 9.626868e-01 9.609293e-01 9.491501e-01 9.493134e-01 9.517944e-01 9.569908e-01 9.640557e-01 9.622750e-01 9.594178e-01 9.593909e-01 9.608299e-01 9.632913e-01 9.644642e-01 9.576664e-01 9.527049e-01 9.556074e-01 9.583380e-01 9.669353e-01 9.798020e-01 9.915023e-01 9.991251e-01 1.007531e+00 1.015674e+00 1.023610e+00 1.021352e+00 1.010940e+00 1.015030e+00 1.031031e+00 1.038366e+00 1.036678e+00 1.035561e+00 1.031448e+00 1.032231e+00 1.031023e+00 1.031520e+00 1.032211e+00 1.034444e+00 1.027132e+00 1.028918e+00 1.032134e+00 1.024233e+00 1.008035e+00 1.006614e+00 1.001391e+00 1.000421e+00 1.000618e+00 9.963725e-01 9.936849e-01 9.959764e-01 9.906734e-01 9.724583e-01 9.801972e-01 9.918437e-01 9.788463e-01 9.543675e-01 9.585187e-01 9.767121e-01 9.775230e-01 9.776570e-01 9.887259e-01 9.788488e-01 9.528343e-01 9.326646e-01 9.208777e-01 9.188885e-01 9.402210e-01 9.599196e-01 9.630405e-01 9.500808e-01 9.415479e-01 9.415112e-01 9.445279e-01 9.498627e-01 9.539543e-01 9.609618e-01 9.625737e-01 9.579372e-01 9.564010e-01 9.421042e-01 9.309886e-01 9.294426e-01 9.216057e-01 9.189323e-01 9.254796e-01 9.334300e-01 9.366570e-01 9.289063e-01 9.185631e-01 9.073483e-01 9.019341e-01 8.958467e-01 8.883044e-01 8.933398e-01 8.968022e-01 8.931698e-01 8.888823e-01 8.875615e-01 8.897524e-01 8.890202e-01 8.904243e-01 8.944541e-01 9.025722e-01 9.032075e-01 9.050919e-01 9.106500e-01 9.191833e-01 9.183819e-01 9.171107e-01 9.132441e-01 9.139407e-01 9.060583e-01 9.015825e-01 9.109836e-01 9.176371e-01 9.265618e-01 9.301595e-01 9.234309e-01 9.212707e-01 9.283082e-01 9.286434e-01 9.301739e-01 9.241351e-01 9.164553e-01 9.196591e-01 9.280392e-01 9.382491e-01 9.406309e-01 9.400454e-01 9.553077e-01 9.479679e-01 9.385422e-01 9.268579e-01 9.318519e-01 9.351119e-01 9.417478e-01 9.510202e-01 9.478248e-01 9.390611e-01 9.463714e-01 9.526975e-01 9.565651e-01 9.591172e-01 9.573728e-01 9.520322e-01 9.380221e-01 9.448133e-01 9.493860e-01 9.644309e-01 9.671847e-01 9.478710e-01 9.325065e-01 9.448057e-01 9.695797e-01 9.617048e-01 9.657226e-01 9.998671e-01 9.922723e-01 9.682759e-01 9.569204e-01 9.685410e-01 9.734387e-01 9.652601e-01 9.778145e-01 1.000068e+00 1.012249e+00 1.017706e+00 1.016912e+00 1.014484e+00 1.009482e+00 1.015508e+00 1.023692e+00 1.024715e+00 1.023997e+00 1.021302e+00 1.021551e+00 1.012020e+00 1.004847e+00 1.005326e+00 1.008470e+00 1.006719e+00 1.008178e+00 1.007699e+00 1.002885e+00 1.007670e+00 1.011970e+00 1.009598e+00 1.010713e+00 1.010504e+00 1.010451e+00 1.011095e+00 1.010445e+00 1.006541e+00 9.968249e-01 9.933243e-01 9.884950e-01 9.779094e-01 9.770131e-01 9.898822e-01 9.998812e-01 9.822721e-01 9.615415e-01 9.566205e-01 9.711125e-01 9.774636e-01 9.720404e-01 9.592828e-01 9.518785e-01 9.644899e-01 9.854000e-01 9.902184e-01 9.941946e-01 9.933924e-01 9.958851e-01 9.853863e-01 9.662873e-01 9.677507e-01 9.697253e-01 9.656874e-01 9.585006e-01 9.483929e-01 9.413750e-01 9.394565e-01 9.240409e-01 9.087377e-01 8.981665e-01 8.924321e-01 9.065999e-01 9.100927e-01 9.004324e-01 8.951596e-01 8.951060e-01 8.996493e-01 9.083394e-01 9.214062e-01 9.320368e-01 9.238426e-01
9.908867e-01 9.941257e-01 1.003576e+00 1.003365e+00 9.817755e-01 9.558008e-01 9.342811e-01 9.174357e-01 9.097849e-01 9.064125e-01 9.110502e-01 9.229318e-01 9.352946e-01 9.329185e-01 9.284346e-01 9.321140e-01 9.368494e-01 9.383278e-01 9.496053e-01 9.617980e-01 9.670188e-01 9.612995e-01 9.486831e-01 9.511188e-01 9.593160e-01 9.565212e-01 9.539306e-01 9.574466e-01 9.579036e-01 9.506730e-01 9.521281e-01 9.585096e-01 9.629309e-01 9.573418e-01 9.514899e-01 9.471609e-01 9.581707e-01 9.698138e-01 9.835073e-01 9.911168e-01 9.925421e-01 9.930167e-01 1.002794e+00 1.016824e+00 1.016112e+00 1.014623e+00 1.017711e+00 1.029267e+00 1.036338e+00 1.038121e+00 1.037763e+00 1.035397e+00 1.030618e+00 1.035233e+00 1.042117e+00 1.042848e+00 1.037657e+00 1.033893e+00 1.035968e+00 1.033349e+00 1.018598e+00 1.002483e+00 9.999301e-01 1.003982e+00 9.970123e-01 9.953241e-01 9.973022e-01 1.004099e+00 1.001873e+00 9.946002e-01 9.881186e-01 9.893227e-01 9.839005e-01 9.658481e-01 9.566923e-01 9.672064e-01 9.719798e-01 9.674028e-01 9.630783e-01 9.689678e-01 9.552699e-01 9.421722e-01 9.413288e-01 9.377306e-01 9.503396e-01 9.448261e-01 9.323216e-01 9.428020e-01 9.548553e-01 9.569207e-01 9.578283e-01 9.579302e-01 9.555467e-01 9.588819e-01 9.655684e-01 9.607093e-01 9.583828e-01 9.659637e-01 9.586123e-01 9.373385e-01 9.265711e-01 9.289739e-01 9.267783e-01 9.251046e-01 9.218284e-01 9.239352e-01 9.266282e-01 9.116404e-01 8.944545e-01 8.913866e-01 8.991125e-01 8.923122e-01 8.907036e-01 8.976318e-01 8.927647e-01 8.877880e-01 8.821851e-01 8.859464e-01 8.894970e-01 8.886493e-01 8.929128e-01 9.001951e-01 8.986111e-01 8.945374e-01 8.983836e-01 9.108067e-01 9.179227e-01 9.121966e-01 9.049911e-01 9.148804e-01 9.106582e-01 8.997719e-01 9.009836e-01 9.146802e-01 9.215100e-01 9.157888e-01 9.074660e-01 9.122763e-01 9.236971e-01 9.303539e-01 9.341477e-01 9.299294e-01 9.184332e-01 9.160777e-01 9.273933e-01 9.282112e-01 9.228098e-01 9.316805e-01 9.484538e-01 9.495350e-01 9.451029e-01 9.299837e-01 9.268472e-01 9.282593e-01 9.334283e-01 9.387063e-01 9.358583e-01 9.281816e-01 9.379348e-01 9.453008e-01 9.428434e-01 9.519154e-01 9.459687e-01 9.338396e-01 9.304311e-01 9.441577e-01 9.483690e-01 9.486709e-01 9.482035e-01 9.398842e-01 9.383563e-01 9.427013e-01 9.511900e-01 9.597867e-01 9.651061e-01 9.869179e-01 1.015872e+00 9.982407e-01 9.797913e-01 9.852215e-01 9.762494e-01 9.597091e-01 9.713944e-01 1.001523e+00 1.006219e+00 9.994779e-01 1.008728e+00 1.020150e+00 1.013580e+00 1.014883e+00 1.025625e+00 1.026569e+00 1.028060e+00 1.017189e+00 1.015761e+00 1.002935e+00 1.000778e+00 1.009283e+00 1.008919e+00 1.009467e+00 1.014012e+00 1.005396e+00 9.921800e-01 9.978993e-01 1.002755e+00 1.002007e+00 1.006540e+00 1.010962e+00 1.010069e+00 1.011147e+00 1.009266e+00 9.941791e-01 9.893464e-01 9.911357e-01 9.917700e-01 9.853044e-01 9.871938e-01 9.936485e-01 1.003069e+00 9.916137e-01 9.761630e-01 9.738613e-01 9.706178e-01 9.709346e-01 9.683087e-01 9.645995e-01 9.592929e-01 9.694959e-01 9.833356e-01 9.848702e-01 9.877823e-01 9.887745e-01 9.913098e-01 9.859275e-01 9.755558e-01 9.748080e-01 9.732722e-01 9.702228e-01 9.597764e-01 9.444042e-01 9.337888e-01 9.277785e-01 9.182462e-01 9.093395e-01 9.031849e-01 8.974644e-01 9.104554e-01 9.098616e-01 9.040790e-01 9.057108e-01 8.964660e-01 8.918668e-01 9.011393e-01 9.134826e-01 9.219968e-01 9.203894e-01
9.839032e-01 9.887906e-01 9.998838e-01 9.944867e-01 9.675901e-01 9.454361e-01 9.287804e-01 9.206129e-01 9.115140e-01 9.117358e-01 9.212686e-01 9.307728e-01 9.339744e-01 9.245989e-01 9.245768e-01 9.331784e-01 9.403224e-01 9.424577e-01 9.458384e-01 9.527312e-01 9.549110e-01 9.478315e-01 9.468474e-01 9.559945e-01 9.648414e-01 9.554136e-01 9.456272e-01 9.503562e-01 9.528347e-01 9.487065e-01 9.538664e-01 9.597344e-01 9.594665e-01 9.564267e-01 9.579530e-01 9.570888e-01 9.686682e-01 9.810094e-01 9.887105e-01 9.942592e-01 9.902233e-01 9.934635e-01 1.009005e+00 1.022007e+00 1.024535e+00 1.028532e+00 1.029508e+00 1.030094e+00 1.032141e+00 1.035679e+00 1.037792e+00 1.035920e+00 1.034419e+00 1.037509e+00 1.039397e+00 1.040046e+00 1.042811e+00 1.041721e+00 1.035939e+00 1.028741e+00 1.013805e+00 1.006043e+00 1.005286e+00 1.005588e+00 1.004099e+00 1.002875e+00 1.002902e+00 1.007916e+00 9.930114e-01 9.840600e-01 9.927127e-01 9.955531e-01 9.750275e-01 9.579544e-01 9.562822e-01 9.450112e-01 9.504995e-01 9.585717e-01 9.778572e-01 9.674059e-01 9.605960e-01 9.400753e-01 9.561970e-01 9.601808e-01 9.537783e-01 9.376161e-01 9.298054e-01 9.388494e-01 9.554648e-01 9.588203e-01 9.614817e-01 9.569995e-01 9.487102e-01 9.586587e-01 9.673386e-01 9.641808e-01 9.582103e-01 9.640005e-01 9.540745e-01 9.353348e-01 9.258898e-01 9.215721e-01 9.200334e-01 9.173887e-01 9.101326e-01 9.104099e-01 9.179201e-01 9.045934e-01 8.886827e-01 8.836889e-01 8.882774e-01 8.850455e-01 8.843775e-01 8.926865e-01 8.921824e-01 8.889627e-01 8.844794e-01 8.792561e-01 8.783264e-01 8.803180e-01 8.825989e-01 8.919213e-01 8.920919e-01 8.850371e-01 8.894823e-01 9.077042e-01 9.154410e-01 9.025239e-01 8.975534e-01 9.214506e-01 9.168478e-01 9.039311e-01 9.100025e-01 9.201776e-01 9.212550e-01 9.186831e-01 9.157801e-01 9.131731e-01 9.147077e-01 9.226360e-01 9.235201e-01 9.182304e-01 9.226120e-01 9.283617e-01 9.339432e-01 9.290802e-01 9.162375e-01 9.187313e-01 9.246731e-01 9.322474e-01 9.406349e-01 9.350598e-01 9.257246e-01 9.229368e-01 9.255933e-01 9.216837e-01 9.187628e-01 9.264711e-01 9.424777e-01 9.509488e-01 9.443427e-01 9.499821e-01 9.391779e-01 9.296731e-01 9.252752e-01 9.289864e-01 9.368580e-01 9.371250e-01 9.448683e-01 9.544005e-01 9.530964e-01 9.444738e-01 9.409631e-01 9.459881e-01 9.603708e-01 9.832073e-01 1.006758e+00 1.012088e+00 9.888988e-01 9.795036e-01 9.634262e-01 9.720561e-01 9.779969e-01 1.003218e+00 1.007176e+00 9.927208e-01 1.003235e+00 1.026337e+00 1.022268e+00 1.020874e+00 1.030795e+00 1.029356e+00 1.029863e+00 1.015550e+00 1.009369e+00 9.977311e-01 9.929302e-01 1.000495e+00 9.970689e-01 1.001326e+00 1.008016e+00 9.922909e-01 9.854188e-01 1.000493e+00 1.003050e+00 9.967600e-01 1.005962e+00 1.009544e+00 1.010240e+00 1.008952e+00 1.002891e+00 9.911981e-01 9.891509e-01 9.944328e-01 9.951136e-01 9.925644e-01 9.929525e-01 9.914052e-01 9.948360e-01 9.905162e-01 9.894825e-01 9.863185e-01 9.752799e-01 9.686707e-01 9.678843e-01 9.747360e-01 9.799531e-01 9.860425e-01 9.824724e-01 9.737238e-01 9.844593e-01 9.908601e-01 9.852853e-01 9.878659e-01 9.792919e-01 9.702053e-01 9.676960e-01 9.646599e-01 9.499067e-01 9.433639e-01 9.243480e-01 9.185419e-01 9.208232e-01 9.169650e-01 9.005143e-01 8.975089e-01 9.036524e-01 9.034095e-01 9.061337e-01 9.152641e-01 9.065073e-01 8.960481e-01 9.087923e-01 9.183353e-01 9.219718e-01 9.224235e-01
9.794099e-01 9.796788e-01 9.905540e-01 9.768829e-01 9.581363e-01 9.465398e-01 9.326393e-01 9.239470e-01 9.151680e-01 9.176524e-01 9.239719e-01 9.258325e-01 9.255967e-01 9.174446e-01 9.222074e-01 9.265029e-01 9.269172e-01 9.314798e-01 9.420297e-01 9.496725e-01 9.488219e-01 9.457989e-01 9.497412e-01 9.598644e-01 9.653140e-01 9.521743e-01 9.433270e-01 9.452176e-01 9.500011e-01 9.491753e-01 9.535203e-01 9.580931e-01 9.559221e-01 9.531451e-01 9.529575e-01 9.574236e-01 9.671677e-01 9.885001e-01 9.956672e-01 1.004744e+00 1.001398e+00 1.006265e+00 1.017401e+00 1.020780e+00 1.024538e+00 1.031922e+00 1.029838e+00 1.027224e+00 1.029973e+00 1.032034e+00 1.037967e+00 1.042059e+00 1.042449e+00 1.038576e+00 1.033180e+00 1.027163e+00 1.035654e+00 1.036534e+00 1.029743e+00 1.024165e+00 1.016638e+00 1.011854e+00 1.007960e+00 1.005753e+00 1.001138e+00 1.002056e+00 1.004185e+00 9.965881e-01 9.813176e-01 9.711523e-01 9.766039e-01 9.856384e-01 9.778232e-01 9.782614e-01 9.552701e-01 9.419160e-01 9.628369e-01 9.902612e-01 9.860766e-01 9.666595e-01 9.586036e-01 9.559569e-01 9.646780e-01 9.537610e-01 9.410977e-01 9.378042e-01 9.362553e-01 9.439428e-01 9.579769e-01 9.694096e-01 9.655997e-01 9.574581e-01 9.533818e-01 9.577746e-01 9.651558e-01 9.572347e-01 9.563438e-01 9.545301e-01 9.397734e-01 9.259931e-01 9.230421e-01 9.181304e-01 9.197341e-01 9.181427e-01 9.048632e-01 8.979064e-01 9.036911e-01 9.000647e-01 8.847283e-01 8.797087e-01 8.837258e-01 8.835914e-01 8.809232e-01 8.848960e-01 8.892304e-01 8.855013e-01 8.806237e-01 8.720467e-01 8.731714e-01 8.791742e-01 8.823709e-01 8.874894e-01 8.915217e-01 8.843988e-01 8.817533e-01 9.003696e-01 9.094082e-01 8.960761e-01 8.990765e-01 9.211318e-01 9.135263e-01 9.103752e-01 9.216714e-01 9.238243e-01 9.203276e-01 9.345770e-01 9.386568e-01 9.240462e-01 9.112688e-01 9.193813e-01 9.197695e-01 9.102051e-01 9.112684e-01 9.245135e-01 9.343082e-01 9.367519e-01 9.224981e-01 9.142444e-01 9.128988e-01 9.278188e-01 9.354051e-01 9.301888e-01 9.193513e-01 9.194255e-01 9.276710e-01 9.228527e-01 9.120474e-01 9.255857e-01 9.410045e-01 9.491236e-01 9.530651e-01 9.495853e-01 9.469082e-01 9.453292e-01 9.386746e-01 9.345726e-01 9.376646e-01 9.353273e-01 9.471576e-01 9.547297e-01 9.553584e-01 9.549153e-01 9.535339e-01 9.509507e-01 9.639806e-01 9.806623e-01 9.955797e-01 1.017538e+00 1.029856e+00 9.998316e-01 9.653029e-01 9.707943e-01 9.701447e-01 9.760939e-01 9.996597e-01 1.003744e+00 1.011462e+00 1.018671e+00 1.014907e+00 1.023679e+00 1.030079e+00 1.018195e+00 1.009380e+00 1.006005e+00 1.003111e+00 9.961897e-01 9.935984e-01 9.911907e-01 9.908397e-01 9.959269e-01 9.934426e-01 9.815491e-01 9.861773e-01 1.000544e+00 9.958161e-01 9.929074e-01 1.003690e+00 1.003432e+00 1.004808e+00 1.006885e+00 1.007971e+00 1.003968e+00 9.955410e-01 9.971309e-01 9.910588e-01 9.865515e-01 9.901909e-01 9.917345e-01 9.893278e-01 9.851582e-01 9.873725e-01 9.915191e-01 9.854821e-01 9.777297e-01 9.731503e-01 9.772956e-01 9.902158e-01 9.976351e-01 9.842622e-01 9.719307e-01 9.778121e-01 9.803659e-01 9.774464e-01 9.797972e-01 9.709746e-01 9.645300e-01 9.644865e-01 9.539044e-01 9.399264e-01 9.369845e-01 9.260698e-01 9.235668e-01 9.206542e-01 9.137715e-01 8.998094e-01 8.990253e-01 9.035549e-01 9.090765e-01 9.177245e-01 9.280798e-01 9.165859e-01 9.096780e-01 9.143687e-01 9.227059e-01 9.297847e-01 9.367629e-01
9.858966e-01 9.872773e-01 9.840127e-01 9.688281e-01 9.587941e-01 9.562666e-01 9.412298e-01 9.196219e-01 9.162185e-01 9.164912e-01 9.124296e-01 9.171513e-01 9.179354e-01 9.165310e-01 9.181150e-01 9.169605e-01 9.146879e-01 9.232925e-01 9.413571e-01 9.521126e-01 9.492110e-01 9.457981e-01 9.519246e-01 9.549524e-01 9.541151e-01 9.462229e-01 9.443122e-01 9.499273e-01 9.507416e-01 9.499622e-01 9.528241e-01 9.555036e-01 9.524825e-01 9.518744e-01 9.490594e-01 9.597886e-01 9.673084e-01 9.880149e-01 1.002281e+00 1.004929e+00 1.003550e+00 1.010251e+00 1.019811e+00 1.020507e+00 1.021066e+00 1.023849e+00 1.023093e+00 1.024023e+00 1.021758e+00 1.022397e+00 1.033486e+00 1.042039e+00 1.045370e+00 1.037237e+00 1.028512e+00 1.025820e+00 1.028219e+00 1.026566e+00 1.025063e+00 1.024952e+00 1.020782e+00 1.017733e+00 1.014923e+00 1.006649e+00 1.003602e+00 1.005276e+00 1.004286e+00 9.879874e-01 9.754626e-01 9.604796e-01 9.721077e-01 9.966941e-01 1.008702e+00 9.997571e-01 9.606104e-01 9.431111e-01 9.803843e-01 1.009708e+00 9.899312e-01 9.607470e-01 9.406660e-01 9.421604e-01 9.515945e-01 9.410378e-01 9.350483e-01 9.347718e-01 9.419852e-01 9.541820e-01 9.644372e-01 9.705377e-01 9.621365e-01 9.542929e-01 9.545033e-01 9.616061e-01 9.652869e-01 9.592566e-01 9.523544e-01 9.496403e-01 9.369780e-01 9.239365e-01 9.232120e-01 9.228808e-01 9.254943e-01 9.158169e-01 8.961776e-01 8.951055e-01 9.022274e-01 8.962226e-01 8.844534e-01 8.833761e-01 8.832904e-01 8.841747e-01 8.821347e-01 8.872683e-01 8.884524e-01 8.797421e-01 8.770906e-01 8.751891e-01 8.728616e-01 8.748195e-01 8.778977e-01 8.845568e-01 8.834795e-01 8.792068e-01 8.772187e-01 8.874447e-01 8.973584e-01 8.966125e-01 9.018232e-01 9.210340e-01 9.196215e-01 9.132334e-01 9.136191e-01 9.045165e-01 9.112742e-01 9.304692e-01 9.377300e-01 9.260128e-01 9.193970e-01 9.222022e-01 9.203073e-01 9.153618e-01 9.010760e-01 9.087088e-01 9.293723e-01 9.414844e-01 9.312132e-01 9.116794e-01 9.151492e-01 9.326591e-01 9.364818e-01 9.217997e-01 9.127496e-01 9.153215e-01 9.254102e-01 9.213881e-01 9.114619e-01 9.248375e-01 9.384975e-01 9.530700e-01 9.492822e-01 9.451659e-01 9.395152e-01 9.389804e-01 9.446962e-01 9.408377e-01 9.348081e-01 9.372739e-01 9.408783e-01 9.448541e-01 9.544559e-01 9.603289e-01 9.628569e-01 9.604043e-01 9.573286e-01 9.638512e-01 9.847618e-01 1.014789e+00 1.028582e+00 1.003031e+00 9.842844e-01 9.960490e-01 9.871145e-01 9.576649e-01 9.679966e-01 9.998135e-01 1.023132e+00 1.020851e+00 1.010362e+00 1.014084e+00 1.017698e+00 9.964683e-01 9.808742e-01 9.942133e-01 1.004263e+00 9.961478e-01 9.857382e-01 9.765484e-01 9.884807e-01 1.000104e+00 9.993958e-01 9.902094e-01 9.930013e-01 1.004861e+00 1.002567e+00 1.001994e+00 1.006264e+00 1.001380e+00 1.003977e+00 1.004169e+00 1.004750e+00 1.009857e+00 1.006058e+00 9.941042e-01 9.868548e-01 9.872004e-01 9.870408e-01 9.903511e-01 9.926050e-01 9.890631e-01 9.840516e-01 9.879867e-01 9.879794e-01 9.917887e-01 9.886367e-01 9.754117e-01 9.803718e-01 9.872910e-01 9.739155e-01 9.758063e-01 9.780125e-01 9.750290e-01 9.713614e-01 9.662425e-01 9.692867e-01 9.738227e-01 9.662094e-01 9.459697e-01 9.329043e-01 9.270266e-01 9.261331e-01 9.226592e-01 9.197663e-01 9.147199e-01 9.052320e-01 9.023156e-01 9.053479e-01 9.135626e-01 9.240434e-01 9.275260e-01 9.184878e-01 9.136311e-01 9.197900e-01 9.261893e-01 9.343311e-01 9.419734e-01
9.839085e-01 9.918317e-01 9.884343e-01 9.759205e-01 9.693511e-01 9.590092e-01 9.315501e-01 9.056371e-01 9.046819e-01 9.099630e-01 9.121693e-01 9.226970e-01 9.195305e-01 9.184350e-01 9.214315e-01 9.208556e-01 9.243488e-01 9.344904e-01 9.473212e-01 9.519338e-01 9.523243e-01 9.485878e-01 9.481336e-01 9.504954e-01 9.476013e-01 9.458027e-01 9.480348e-01 9.479020e-01 9.474282e-01 9.461840e-01 9.526587e-01 9.568691e-01 9.550588e-01 9.496509e-01 9.512344e-01 9.649221e-01 9.730178e-01 9.849071e-01 9.976835e-01 1.001294e+00 1.001897e+00 1.010982e+00 1.022143e+00 1.023718e+00 1.022204e+00 1.024264e+00 1.025137e+00 1.026150e+00 1.020263e+00 1.023075e+00 1.038196e+00 1.044727e+00 1.044839e+00 1.038878e+00 1.029947e+00 1.028164e+00 1.029610e+00 1.024493e+00 1.025899e+00 1.030842e+00 1.028328e+00 1.025514e+00 1.018063e+00 1.008902e+00 1.004497e+00 9.993427e-01 9.976202e-01 1.000892e+00 9.856088e-01 9.826027e-01 9.975529e-01 1.014897e+00 1.017577e+00 9.887238e-01 9.529696e-01 9.550137e-01 9.888031e-01 9.982650e-01 9.855270e-01 9.634256e-01 9.467867e-01 9.327985e-01 9.289855e-01 9.409195e-01 9.351489e-01 9.357519e-01 9.432084e-01 9.554144e-01 9.655650e-01 9.632260e-01 9.578598e-01 9.600107e-01 9.631290e-01 9.626567e-01 9.596182e-01 9.513661e-01 9.453416e-01 9.504572e-01 9.395761e-01 9.263865e-01 9.200565e-01 9.209124e-01 9.196874e-01 9.066781e-01 8.972643e-01 9.023625e-01 8.986732e-01 8.829069e-01 8.789726e-01 8.850186e-01 8.871864e-01 8.814972e-01 8.758911e-01 8.832162e-01 8.892422e-01 8.849624e-01 8.794457e-01 8.784051e-01 8.705006e-01 8.701440e-01 8.753173e-01 8.771482e-01 8.731338e-01 8.723134e-01 8.788265e-01 8.823580e-01 8.927863e-01 8.995732e-01 9.020487e-01 9.114258e-01 9.105717e-01 9.061660e-01 9.131743e-01 9.043041e-01 9.075927e-01 9.270308e-01 9.376028e-01 9.269196e-01 9.147653e-01 9.141718e-01 9.180248e-01 9.098780e-01 9.053010e-01 9.129779e-01 9.311917e-01 9.414430e-01 9.358624e-01 9.225516e-01 9.145834e-01 9.269089e-01 9.374344e-01 9.228334e-01 9.142089e-01 9.151130e-01 9.204078e-01 9.150556e-01 9.192660e-01 9.331543e-01 9.465130e-01 9.536612e-01 9.413505e-01 9.336172e-01 9.323695e-01 9.345893e-01 9.459120e-01 9.430171e-01 9.291834e-01 9.290856e-01 9.302098e-01 9.336039e-01 9.476897e-01 9.570878e-01 9.690549e-01 9.772985e-01 9.644520e-01 9.643998e-01 9.882327e-01 1.004431e+00 1.006432e+00 1.012830e+00 1.013310e+00 1.019536e+00 9.997590e-01 9.700221e-01 9.485473e-01 9.808065e-01 1.009289e+00 1.025087e+00 1.016111e+00 1.007839e+00 1.005561e+00 9.975934e-01 9.856625e-01 9.892693e-01 9.974903e-01 9.874078e-01 9.744979e-01 9.843798e-01 1.004105e+00 1.014454e+00 1.007942e+00 9.971126e-01 1.000705e+00 1.011542e+00 1.007449e+00 1.003717e+00 1.006735e+00 1.003681e+00 1.004290e+00 1.000810e+00 1.005841e+00 1.011637e+00 1.005645e+00 9.954524e-01 9.929054e-01 9.975681e-01 9.957719e-01 9.928705e-01 1.001113e+00 9.943632e-01 9.845439e-01 9.814003e-01 9.854964e-01 9.882987e-01 9.837252e-01 9.744964e-01 9.700926e-01 9.653155e-01 9.612752e-01 9.687588e-01 9.731205e-01 9.680228e-01 9.647347e-01 9.621429e-01 9.628503e-01 9.677306e-01 9.556932e-01 9.347110e-01 9.155781e-01 9.165567e-01 9.214103e-01 9.194955e-01 9.159497e-01 9.146407e-01 9.102443e-01 9.075364e-01 9.100414e-01 9.179581e-01 9.241509e-01 9.216136e-01 9.137686e-01 9.130120e-01 9.216304e-01 9.303898e-01 9.354314e-01 9.417184e-01
9.842678e-01 9.909159e-01 9.916862e-01 9.800892e-01 9.743590e-01 9.598355e-01 9.318173e-01 9.051973e-01 8.963284e-01 9.054132e-01 9.165898e-01 9.237364e-01 9.147152e-01 9.115048e-01 9.140912e-01 9.206277e-01 9.303648e-01 9.361162e-01 9.372921e-01 9.412884e-01 9.436256e-01 9.459561e-01 9.472706e-01 9.463796e-01 9.503590e-01 9.538713e-01 9.504062e-01 9.475947e-01 9.486575e-01 9.502836e-01 9.547247e-01 9.568638e-01 9.551321e-01 9.494787e-01 9.533960e-01 9.646146e-01 9.788436e-01 9.811457e-01 9.869168e-01 9.926445e-01 9.991820e-01 1.007948e+00 1.016737e+00 1.024832e+00 1.027242e+00 1.026661e+00 1.031119e+00 1.031963e+00 1.032692e+00 1.036491e+00 1.044587e+00 1.046575e+00 1.045056e+00 1.037565e+00 1.033900e+00 1.030545e+00 1.029803e+00 1.029159e+00 1.030015e+00 1.031427e+00 1.026597e+00 1.030121e+00 1.025726e+00 1.010689e+00 9.989058e-01 9.865438e-01 9.850262e-01 9.947096e-01 9.917752e-01 9.961082e-01 1.006351e+00 1.018633e+00 1.006272e+00 9.759780e-01 9.546806e-01 9.622881e-01 9.676285e-01 9.764113e-01 9.795158e-01 9.697376e-01 9.564157e-01 9.378848e-01 9.406356e-01 9.358428e-01 9.292533e-01 9.291287e-01 9.322856e-01 9.471256e-01 9.604953e-01 9.532769e-01 9.512607e-01 9.563586e-01 9.622763e-01 9.582000e-01 9.507741e-01 9.403923e-01 9.438952e-01 9.513186e-01 9.445305e-01 9.265692e-01 9.197923e-01 9.195612e-01 9.181585e-01 9.116398e-01 9.080734e-01 9.027259e-01 8.906097e-01 8.765049e-01 8.811880e-01 8.910662e-01 8.889092e-01 8.809453e-01 8.775249e-01 8.869197e-01 8.884237e-01 8.798708e-01 8.785126e-01 8.815227e-01 8.724115e-01 8.696955e-01 8.740219e-01 8.722721e-01 8.690928e-01 8.721064e-01 8.860638e-01 8.957574e-01 9.026353e-01 9.036105e-01 8.991466e-01 8.988317e-01 8.942103e-01 9.030758e-01 9.222519e-01 9.225770e-01 9.200153e-01 9.342726e-01 9.366561e-01 9.205439e-01 9.017699e-01 9.021077e-01 9.127280e-01 9.139273e-01 9.176025e-01 9.167640e-01 9.280586e-01 9.359426e-01 9.378618e-01 9.295156e-01 9.189494e-01 9.147382e-01 9.176202e-01 9.160676e-01 9.086460e-01 9.100915e-01 9.161578e-01 9.151770e-01 9.218263e-01 9.358197e-01 9.469405e-01 9.495817e-01 9.384311e-01 9.295232e-01 9.254147e-01 9.223319e-01 9.307458e-01 9.351162e-01 9.374250e-01 9.329610e-01 9.361364e-01 9.345587e-01 9.298893e-01 9.441027e-01 9.691391e-01 9.848694e-01 9.824629e-01 9.748439e-01 9.827667e-01 9.937789e-01 9.970619e-01 1.020677e+00 1.028946e+00 1.018610e+00 1.009804e+00 9.921402e-01 9.635662e-01 9.713502e-01 9.872816e-01 1.013289e+00 1.015666e+00 1.000003e+00 9.978762e-01 1.002612e+00 9.975342e-01 9.982917e-01 9.939064e-01 9.698878e-01 9.703470e-01 9.947203e-01 1.008908e+00 1.019472e+00 1.013328e+00 1.004231e+00 1.005948e+00 1.006611e+00 9.974932e-01 9.966208e-01 1.002331e+00 1.001642e+00 9.986343e-01 9.933498e-01 9.947131e-01 1.002099e+00 1.002895e+00 1.002075e+00 1.001741e+00 1.008014e+00 1.005760e+00 9.980521e-01 1.001751e+00 9.941982e-01 9.812019e-01 9.761937e-01 9.797906e-01 9.799209e-01 9.704166e-01 9.585692e-01 9.617736e-01 9.581579e-01 9.543918e-01 9.566211e-01 9.578845e-01 9.575988e-01 9.625216e-01 9.608808e-01 9.641719e-01 9.586846e-01 9.483369e-01 9.341015e-01 9.231276e-01 9.284832e-01 9.303877e-01 9.271483e-01 9.223090e-01 9.180474e-01 9.148141e-01 9.105868e-01 9.084890e-01 9.183692e-01 9.254764e-01 9.242715e-01 9.148831e-01 9.119493e-01 9.234017e-01 9.283770e-01 9.341614e-01 9.436033e-01
9.884953e-01 9.865851e-01 9.895917e-01 9.814190e-01 9.769710e-01 9.664192e-01 9.382945e-01 9.078075e-01 8.974495e-01 9.083587e-01 9.173441e-01 9.117281e-01 9.053037e-01 9.054835e-01 9.053487e-01 9.111506e-01 9.225348e-01 9.258115e-01 9.282991e-01 9.302053e-01 9.370553e-01 9.449567e-01 9.419813e-01 9.412671e-01 9.516237e-01 9.541548e-01 9.528747e-01 9.522668e-01 9.526726e-01 9.602226e-01 9.666862e-01 9.657873e-01 9.566864e-01 9.455806e-01 9.525893e-01 9.696100e-01 9.809659e-01 9.802537e-01 9.777737e-01 9.814290e-01 9.934279e-01 1.004458e+00 1.013884e+00 1.025849e+00 1.029606e+00 1.031029e+00 1.031527e+00 1.031679e+00 1.035060e+00 1.047813e+00 1.053480e+00 1.049147e+00 1.044203e+00 1.034728e+00 1.034019e+00 1.031489e+00 1.031377e+00 1.030440e+00 1.032705e+00 1.025761e+00 1.026170e+00 1.030422e+00 1.028473e+00 1.011655e+00 9.905251e-01 9.809869e-01 9.841787e-01 9.953736e-01 1.013391e+00 1.016859e+00 9.986396e-01 1.001065e+00 9.990712e-01 9.782844e-01 9.616651e-01 9.641047e-01 9.519136e-01 9.574832e-01 9.618871e-01 9.641789e-01 9.525898e-01 9.382628e-01 9.310684e-01 9.241793e-01 9.266500e-01 9.251593e-01 9.343300e-01 9.526285e-01 9.559191e-01 9.410160e-01 9.385250e-01 9.487231e-01 9.556031e-01 9.533561e-01 9.461526e-01 9.325973e-01 9.425462e-01 9.478548e-01 9.374259e-01 9.328270e-01 9.411032e-01 9.419523e-01 9.293821e-01 9.124600e-01 9.002826e-01 8.916932e-01 8.794547e-01 8.810791e-01 8.886119e-01 8.933702e-01 8.845331e-01 8.824817e-01 8.779449e-01 8.830733e-01 8.779338e-01 8.751844e-01 8.780972e-01 8.771171e-01 8.739179e-01 8.726580e-01 8.753304e-01 8.726534e-01 8.711774e-01 8.742575e-01 8.939509e-01 9.042876e-01 9.121816e-01 9.059893e-01 8.933822e-01 8.881647e-01 8.902712e-01 9.015605e-01 9.182269e-01 9.364095e-01 9.349782e-01 9.389079e-01 9.345859e-01 9.173844e-01 9.068543e-01 9.101035e-01 9.222908e-01 9.285834e-01 9.310012e-01 9.212531e-01 9.147820e-01 9.221702e-01 9.246925e-01 9.234390e-01 9.288740e-01 9.199097e-01 9.136726e-01 9.054903e-01 8.998404e-01 9.147114e-01 9.199505e-01 9.184543e-01 9.215499e-01 9.359061e-01 9.433752e-01 9.336913e-01 9.335560e-01 9.259909e-01 9.267126e-01 9.210968e-01 9.254685e-01 9.321102e-01 9.328721e-01 9.273564e-01 9.350040e-01 9.374675e-01 9.257663e-01 9.356948e-01 9.537122e-01 9.782187e-01 9.881135e-01 9.909007e-01 9.859662e-01 1.000087e+00 1.012277e+00 1.014297e+00 1.018760e+00 1.017128e+00 1.014254e+00 1.010188e+00 9.941577e-01 9.901277e-01 9.994062e-01 9.986573e-01 9.946452e-01 9.811434e-01 9.836670e-01 9.813736e-01 9.939225e-01 1.008602e+00 1.004562e+00 9.744199e-01 9.814576e-01 9.953693e-01 1.002176e+00 1.005830e+00 9.993197e-01 9.995478e-01 1.002522e+00 9.983374e-01 9.880104e-01 9.873140e-01 9.953711e-01 9.949265e-01 9.896951e-01 9.883267e-01 9.968897e-01 1.006073e+00 1.007643e+00 1.007678e+00 1.007034e+00 1.011466e+00 1.011452e+00 1.000574e+00 9.937328e-01 9.850391e-01 9.702222e-01 9.697293e-01 9.717729e-01 9.757040e-01 9.766495e-01 9.633693e-01 9.554324e-01 9.598258e-01 9.569153e-01 9.500576e-01 9.537758e-01 9.624527e-01 9.641645e-01 9.611632e-01 9.669339e-01 9.622037e-01 9.508353e-01 9.470742e-01 9.456750e-01 9.414085e-01 9.451303e-01 9.356118e-01 9.224502e-01 9.189354e-01 9.207909e-01 9.139580e-01 9.086356e-01 9.170683e-01 9.149963e-01 9.142141e-01 9.091215e-01 9.074418e-01 9.217874e-01 9.281464e-01 9.354367e-01 9.448766e-01
9.847947e-01 9.807113e-01 9.880203e-01 9.842358e-01 9.853879e-01 9.698086e-01 9.353959e-01 9.125834e-01 9.004762e-01 9.068588e-01 9.080006e-01 9.036875e-01 8.977371e-01 8.984502e-01 8.986619e-01 9.067622e-01 9.191582e-01 9.199383e-01 9.250970e-01 9.277831e-01 9.358327e-01 9.453872e-01 9.391505e-01 9.367537e-01 9.422433e-01 9.455343e-01 9.460972e-01 9.468180e-01 9.522017e-01 9.625876e-01 9.679165e-01 9.678835e-01 9.602947e-01 9.524964e-01 9.584103e-01 9.716675e-01 9.782526e-01 9.794648e-01 9.766107e-01 9.821922e-01 9.956381e-01 1.009177e+00 1.016961e+00 1.025921e+00 1.030411e+00 1.031687e+00 1.031670e+00 1.027339e+00 1.033152e+00 1.043858e+00 1.050934e+00 1.047500e+00 1.040822e+00 1.035868e+00 1.038971e+00 1.034681e+00 1.026466e+00 1.027358e+00 1.030812e+00 1.024503e+00 1.025113e+00 1.027610e+00 1.024867e+00 1.011079e+00 9.877361e-01 9.800215e-01 9.941280e-01 1.009051e+00 1.018661e+00 1.018868e+00 9.895820e-01 9.751371e-01 9.805117e-01 9.852907e-01 9.716045e-01 9.689995e-01 9.558666e-01 9.538897e-01 9.576088e-01 9.526601e-01 9.470196e-01 9.322925e-01 9.194395e-01 9.234849e-01 9.373710e-01 9.333749e-01 9.514602e-01 9.523458e-01 9.410093e-01 9.247664e-01 9.308497e-01 9.448756e-01 9.530659e-01 9.540292e-01 9.471464e-01 9.395813e-01 9.414401e-01 9.385381e-01 9.329976e-01 9.316333e-01 9.491720e-01 9.408020e-01 9.221209e-01 8.965873e-01 8.869694e-01 8.817194e-01 8.776499e-01 8.788641e-01 8.816364e-01 8.892975e-01 8.902869e-01 8.862551e-01 8.821768e-01 8.754439e-01 8.712699e-01 8.709728e-01 8.724184e-01 8.812716e-01 8.899342e-01 8.755988e-01 8.691909e-01 8.766808e-01 8.824072e-01 8.842943e-01 8.877645e-01 8.964995e-01 9.060950e-01 8.986299e-01 8.879189e-01 8.873082e-01 8.952596e-01 9.015049e-01 9.031977e-01 9.309068e-01 9.401923e-01 9.374670e-01 9.297755e-01 9.206790e-01 9.109437e-01 9.113864e-01 9.254581e-01 9.293675e-01 9.329933e-01 9.328997e-01 9.198656e-01 9.117836e-01 9.107036e-01 9.225886e-01 9.251361e-01 9.222863e-01 9.120592e-01 8.985239e-01 8.975303e-01 9.160337e-01 9.165318e-01 9.207268e-01 9.219127e-01 9.306800e-01 9.359306e-01 9.281345e-01 9.198827e-01 9.192184e-01 9.226646e-01 9.247872e-01 9.174497e-01 9.187688e-01 9.230331e-01 9.222338e-01 9.228306e-01 9.352556e-01 9.307276e-01 9.372449e-01 9.449153e-01 9.606035e-01 9.856207e-01 9.908943e-01 9.893788e-01 9.953598e-01 1.006021e+00 1.003090e+00 1.003088e+00 1.022001e+00 1.025732e+00 1.015470e+00 1.008402e+00 1.019574e+00 1.011886e+00 9.980700e-01 9.865244e-01 9.727890e-01 9.709824e-01 9.664869e-01 9.832575e-01 1.004701e+00 9.981673e-01 9.794593e-01 9.852927e-01 9.976060e-01 1.004528e+00 9.975783e-01 9.867511e-01 9.932358e-01 9.919024e-01 9.911881e-01 9.809455e-01 9.861525e-01 9.957446e-01 9.925412e-01 9.896727e-01 9.978791e-01 1.012540e+00 1.012134e+00 1.005685e+00 1.001694e+00 1.004858e+00 1.009917e+00 1.007996e+00 1.004979e+00 9.930573e-01 9.766777e-01 9.652099e-01 9.678578e-01 9.743457e-01 9.768918e-01 9.749504e-01 9.612450e-01 9.580446e-01 9.637632e-01 9.549476e-01 9.553221e-01 9.629112e-01 9.749268e-01 9.754100e-01 9.675976e-01 9.652548e-01 9.617719e-01 9.572088e-01 9.572670e-01 9.493263e-01 9.419690e-01 9.456931e-01 9.265358e-01 9.101033e-01 9.102341e-01 9.159258e-01 8.995728e-01 8.969358e-01 9.105446e-01 9.070528e-01 9.098232e-01 9.041154e-01 9.027349e-01 9.163018e-01 9.310751e-01 9.404809e-01 9.519088e-01
9.756134e-01 9.757028e-01 9.863907e-01 9.898147e-01 9.893010e-01 9.728338e-01 9.355562e-01 9.154127e-01 9.016374e-01 9.064070e-01 9.072432e-01 9.009910e-01 8.933038e-01 8.920674e-01 8.979524e-01 9.069656e-01 9.143543e-01 9.227823e-01 9.290133e-01 9.275675e-01 9.319089e-01 9.382669e-01 9.371737e-01 9.396008e-01 9.394932e-01 9.380515e-01 9.387998e-01 9.434120e-01 9.488443e-01 9.519023e-01 9.563439e-01 9.592853e-01 9.544326e-01 9.494892e-01 9.617055e-01 9.740661e-01 9.746323e-01 9.747542e-01 9.749605e-01 9.857663e-01 1.001513e+00 1.012691e+00 1.014356e+00 1.018088e+00 1.021614e+00 1.026833e+00 1.030060e+00 1.027332e+00 1.030697e+00 1.034664e+00 1.039965e+00 1.040330e+00 1.037378e+00 1.036742e+00 1.041565e+00 1.037275e+00 1.029313e+00 1.023713e+00 1.027226e+00 1.029229e+00 1.031286e+00 1.027799e+00 1.027858e+00 1.019526e+00 1.000832e+00 9.998689e-01 1.014864e+00 1.016507e+00 1.007229e+00 1.002439e+00 9.771403e-01 9.640414e-01 9.703193e-01 9.932234e-01 9.767599e-01 9.599357e-01 9.661850e-01 9.607242e-01 9.566163e-01 9.515074e-01 9.320625e-01 9.204597e-01 9.216205e-01 9.325840e-01 9.491124e-01 9.470502e-01 9.472132e-01 9.413140e-01 9.353268e-01 9.335830e-01 9.444262e-01 9.584678e-01 9.638515e-01 9.560336e-01 9.488879e-01 9.401724e-01 9.329597e-01 9.301584e-01 9.265465e-01 9.309132e-01 9.346786e-01 9.247544e-01 9.066340e-01 8.880187e-01 8.780046e-01 8.745947e-01 8.716416e-01 8.711290e-01 8.724577e-01 8.915231e-01 9.020106e-01 8.909294e-01 8.821463e-01 8.733957e-01 8.748727e-01 8.736259e-01 8.658029e-01 8.786661e-01 8.864203e-01 8.757731e-01 8.720091e-01 8.778304e-01 8.773180e-01 8.838444e-01 8.838729e-01 8.893541e-01 8.970900e-01 9.023257e-01 8.899270e-01 8.894721e-01 9.004539e-01 9.050231e-01 9.063597e-01 9.202563e-01 9.387189e-01 9.348501e-01 9.299718e-01 9.229575e-01 9.083942e-01 8.941796e-01 9.102156e-01 9.136972e-01 9.284754e-01 9.385085e-01 9.197073e-01 9.157151e-01 9.167310e-01 9.269499e-01 9.279935e-01 9.213299e-01 9.082478e-01 9.063585e-01 9.064457e-01 9.101020e-01 9.173192e-01 9.227214e-01 9.243432e-01 9.312709e-01 9.328547e-01 9.292840e-01 9.229925e-01 9.181888e-01 9.187093e-01 9.198253e-01 9.062845e-01 9.117247e-01 9.192404e-01 9.298075e-01 9.247978e-01 9.384383e-01 9.362299e-01 9.407848e-01 9.425513e-01 9.462085e-01 9.721613e-01 9.860368e-01 9.894407e-01 9.981747e-01 1.004469e+00 9.977368e-01 1.003126e+00 1.023924e+00 1.030170e+00 1.020674e+00 1.021788e+00 1.019204e+00 1.010989e+00 1.000548e+00 9.877903e-01 9.647157e-01 9.709078e-01 9.778882e-01 9.653362e-01 9.715030e-01 9.729757e-01 9.624832e-01 9.819971e-01 1.000949e+00 1.007849e+00 9.979744e-01 9.913330e-01 9.915435e-01 9.907621e-01 9.871644e-01 9.763863e-01 9.836754e-01 9.875151e-01 9.891371e-01 9.884447e-01 1.006147e+00 1.014776e+00 1.006736e+00 9.994911e-01 9.903955e-01 9.945903e-01 1.003796e+00 1.005197e+00 1.005180e+00 1.001608e+00 9.847149e-01 9.782792e-01 9.746992e-01 9.704296e-01 9.744057e-01 9.717674e-01 9.570183e-01 9.515193e-01 9.602026e-01 9.611135e-01 9.647178e-01 9.703806e-01 9.730537e-01 9.783438e-01 9.789733e-01 9.704077e-01 9.591548e-01 9.594092e-01 9.583217e-01 9.490402e-01 9.378089e-01 9.310277e-01 9.158642e-01 9.059536e-01 9.024643e-01 9.004200e-01 8.906876e-01 8.929341e-01 9.007942e-01 9.012929e-01 9.058860e-01 9.018561e-01 9.038781e-01 9.154169e-01 9.266391e-01 9.361841e-01 9.469022e-01
9.747682e-01 9.820703e-01 9.944454e-01 9.891415e-01 9.897973e-01 9.711633e-01 9.350422e-01 9.098667e-01 8.922119e-01 8.965660e-01 9.025546e-01 9.014301e-01 8.934516e-01 8.927261e-01 9.041629e-01 9.103914e-01 9.144612e-01 9.230526e-01 9.253115e-01 9.204125e-01 9.180893e-01 9.266586e-01 9.402757e-01 9.519688e-01 9.521041e-01 9.417521e-01 9.399311e-01 9.462656e-01 9.479287e-01 9.442037e-01 9.454674e-01 9.556773e-01 9.543955e-01 9.511150e-01 9.662169e-01 9.758753e-01 9.747605e-01 9.743751e-01 9.763142e-01 9.903011e-01 1.002032e+00 1.006501e+00 1.007859e+00 1.012002e+00 1.017650e+00 1.024389e+00 1.030210e+00 1.030816e+00 1.025334e+00 1.021963e+00 1.024767e+00 1.032737e+00 1.036493e+00 1.034833e+00 1.039510e+00 1.039759e+00 1.033393e+00 1.026306e+00 1.026595e+00 1.032500e+00 1.033897e+00 1.035557e+00 1.032484e+00 1.023171e+00 1.015590e+00 1.024849e+00 1.029995e+00 1.023335e+00 1.004346e+00 9.866555e-01 9.823788e-01 9.820378e-01 9.940537e-01 9.881417e-01 9.650662e-01 9.511699e-01 9.496305e-01 9.346471e-01 9.409498e-01 9.399398e-01 9.245430e-01 9.187142e-01 9.308265e-01 9.384218e-01 9.524311e-01 9.559597e-01 9.411295e-01 9.402488e-01 9.478062e-01 9.523361e-01 9.608344e-01 9.647070e-01 9.607346e-01 9.538650e-01 9.510152e-01 9.412008e-01 9.339504e-01 9.296507e-01 9.239750e-01 9.284158e-01 9.245801e-01 9.198201e-01 9.055843e-01 8.899435e-01 8.754254e-01 8.683153e-01 8.665733e-01 8.678849e-01 8.763524e-01 8.970875e-01 9.001822e-01 8.921157e-01 8.795415e-01 8.759521e-01 8.784592e-01 8.712257e-01 8.621778e-01 8.703048e-01 8.832879e-01 8.880147e-01 8.754375e-01 8.707778e-01 8.759903e-01 8.891402e-01 8.896690e-01 8.894464e-01 8.899325e-01 8.966640e-01 8.926551e-01 8.898654e-01 9.042264e-01 9.093201e-01 9.155368e-01 9.122376e-01 9.339049e-01 9.340448e-01 9.303594e-01 9.185571e-01 9.066814e-01 8.930454e-01 9.022405e-01 9.141527e-01 9.253450e-01 9.239977e-01 9.117562e-01 9.125571e-01 9.194111e-01 9.275199e-01 9.193926e-01 9.129223e-01 9.163019e-01 9.185891e-01 9.221434e-01 9.190835e-01 9.252105e-01 9.289171e-01 9.264300e-01 9.331503e-01 9.414327e-01 9.425001e-01 9.344174e-01 9.250656e-01 9.118812e-01 9.034898e-01 9.021820e-01 9.099472e-01 9.189972e-01 9.260494e-01 9.364582e-01 9.420223e-01 9.461583e-01 9.504868e-01 9.520222e-01 9.544704e-01 9.633814e-01 9.775387e-01 9.789234e-01 9.911632e-01 9.982989e-01 9.980965e-01 1.006129e+00 1.017241e+00 1.016544e+00 1.017185e+00 1.016893e+00 1.002916e+00 9.984984e-01 9.960721e-01 9.704045e-01 9.600413e-01 9.685007e-01 9.556155e-01 9.499894e-01 9.579793e-01 9.559973e-01 9.614693e-01 9.784542e-01 9.916212e-01 9.940187e-01 9.909759e-01 9.953706e-01 9.910606e-01 9.865885e-01 9.831352e-01 9.805207e-01 9.891135e-01 9.878513e-01 9.834887e-01 9.853280e-01 9.978313e-01 1.007432e+00 1.004882e+00 1.004189e+00 9.948140e-01 9.921566e-01 9.967568e-01 9.963289e-01 9.968839e-01 9.963936e-01 9.790021e-01 9.783279e-01 9.762755e-01 9.767557e-01 9.778801e-01 9.746922e-01 9.626691e-01 9.542535e-01 9.564614e-01 9.667522e-01 9.724100e-01 9.742531e-01 9.658414e-01 9.645040e-01 9.698539e-01 9.668556e-01 9.568019e-01 9.563626e-01 9.557380e-01 9.417984e-01 9.218829e-01 9.087237e-01 9.065208e-01 9.079256e-01 9.121683e-01 9.062595e-01 8.962256e-01 8.981047e-01 8.954332e-01 8.942398e-01 8.959513e-01 8.974481e-01 8.991516e-01 9.110448e-01 9.132552e-01 9.346275e-01 9.411379e-01
9.719172e-01 9.870878e-01 9.985061e-01 9.998480e-01 9.891182e-01 9.707862e-01 9.426404e-01 9.097172e-01 8.909994e-01 8.966100e-01 9.003665e-01 9.031505e-01 9.007341e-01 8.921552e-01 9.035353e-01 9.073004e-01 9.116271e-01 9.145306e-01 9.161416e-01 9.169282e-01 9.164376e-01 9.209281e-01 9.436060e-01 9.634566e-01 9.556901e-01 9.406501e-01 9.355437e-01 9.455806e-01 9.452077e-01 9.417372e-01 9.399704e-01 9.403518e-01 9.448612e-01 9.454106e-01 9.585615e-01 9.717185e-01 9.715543e-01 9.741724e-01 9.835771e-01 9.948614e-01 9.961153e-01 1.002000e+00 1.005384e+00 1.012082e+00 1.019842e+00 1.021985e+00 1.030797e+00 1.032422e+00 1.026007e+00 1.018513e+00 1.021259e+00 1.027066e+00 1.030709e+00 1.036441e+00 1.039621e+00 1.040111e+00 1.040977e+00 1.036098e+00 1.032129e+00 1.035398e+00 1.031815e+00 1.033790e+00 1.036912e+00 1.030268e+00 1.022560e+00 1.024408e+00 1.020931e+00 1.017161e+00 1.001243e+00 9.945826e-01 9.944094e-01 9.923446e-01 9.843318e-01 9.721459e-01 9.517963e-01 9.549463e-01 9.500924e-01 9.501595e-01 9.398310e-01 9.225169e-01 9.180490e-01 9.252794e-01 9.375587e-01 9.527735e-01 9.654680e-01 9.599277e-01 9.484854e-01 9.461038e-01 9.517663e-01 9.596738e-01 9.633185e-01 9.643615e-01 9.540870e-01 9.555297e-01 9.528911e-01 9.450472e-01 9.268957e-01 9.212087e-01 9.227456e-01 9.299943e-01 9.274232e-01 9.215659e-01 9.038336e-01 8.909774e-01 8.823200e-01 8.744053e-01 8.675022e-01 8.734766e-01 8.765650e-01 8.870201e-01 8.870462e-01 8.832861e-01 8.737336e-01 8.747701e-01 8.845208e-01 8.839191e-01 8.666993e-01 8.648693e-01 8.787435e-01 8.861225e-01 8.744051e-01 8.676851e-01 8.777994e-01 8.896648e-01 8.903556e-01 8.843125e-01 8.829696e-01 8.907020e-01 8.882776e-01 8.872555e-01 9.071276e-01 9.188280e-01 9.170556e-01 9.147948e-01 9.256970e-01 9.345539e-01 9.361336e-01 9.160405e-01 9.102118e-01 8.994235e-01 9.060245e-01 9.156651e-01 9.183791e-01 9.156562e-01 9.094704e-01 9.146979e-01 9.218530e-01 9.206998e-01 9.178681e-01 9.177517e-01 9.192410e-01 9.271389e-01 9.297240e-01 9.281075e-01 9.270134e-01 9.283097e-01 9.290183e-01 9.286393e-01 9.292754e-01 9.324129e-01 9.320095e-01 9.206446e-01 9.079673e-01 8.952614e-01 8.982037e-01 9.092939e-01 9.178430e-01 9.327571e-01 9.478012e-01 9.431443e-01 9.507300e-01 9.583922e-01 9.642972e-01 9.615299e-01 9.568458e-01 9.644122e-01 9.696411e-01 9.844148e-01 9.974033e-01 1.001118e+00 1.006031e+00 1.002971e+00 1.002014e+00 1.004323e+00 1.008353e+00 9.968287e-01 9.935966e-01 9.877347e-01 9.703290e-01 9.679022e-01 9.683143e-01 9.486163e-01 9.609756e-01 9.646935e-01 9.607242e-01 9.655205e-01 9.747632e-01 9.819191e-01 9.854394e-01 9.954561e-01 9.977286e-01 9.930226e-01 9.834426e-01 9.844785e-01 9.931251e-01 9.956504e-01 9.913071e-01 9.891160e-01 9.909202e-01 9.927388e-01 9.976946e-01 1.003961e+00 1.013025e+00 1.009511e+00 9.973341e-01 9.936646e-01 9.923309e-01 9.898935e-01 9.817944e-01 9.696558e-01 9.767694e-01 9.810333e-01 9.815668e-01 9.824853e-01 9.824176e-01 9.712196e-01 9.574314e-01 9.583044e-01 9.678122e-01 9.829941e-01 9.790083e-01 9.593099e-01 9.543167e-01 9.615657e-01 9.574483e-01 9.503431e-01 9.527559e-01 9.519431e-01 9.407637e-01 9.185831e-01 9.098457e-01 9.079605e-01 9.060721e-01 9.112638e-01 9.137651e-01 9.049755e-01 9.069012e-01 9.026793e-01 8.884446e-01 8.860087e-01 8.934338e-01 8.989047e-01 9.057658e-01 9.137952e-01 9.353724e-01 9.411528e-01
9.721366e-01 9.852667e-01 9.932414e-01 9.960833e-01 9.763547e-01 9.647353e-01 9.535342e-01 9.212871e-01 9.008647e-01 8.963774e-01 8.965669e-01 9.023203e-01 9.003412e-01 8.954774e-01 9.060946e-01 9.117538e-01 9.149798e-01 9.127713e-01 9.096220e-01 9.139516e-01 9.143283e-01 9.189045e-01 9.401385e-01 9.520518e-01 9.441150e-01 9.380722e-01 9.303977e-01 9.327310e-01 9.421618e-01 9.434530e-01 9.401751e-01 9.434509e-01 9.455312e-01 9.460820e-01 9.564942e-01 9.587433e-01 9.607178e-01 9.666455e-01 9.806040e-01 9.927949e-01 9.956664e-01 9.990581e-01 1.006163e+00 1.009892e+00 1.014742e+00 1.020377e+00 1.034383e+00 1.032781e+00 1.029349e+00 1.022637e+00 1.022855e+00 1.026274e+00 1.031376e+00 1.040617e+00 1.043597e+00 1.043088e+00 1.041460e+00 1.039757e+00 1.036846e+00 1.033673e+00 1.032974e+00 1.029040e+00 1.031530e+00 1.029784e+00 1.029486e+00 1.019096e+00 1.015734e+00 1.013338e+00 1.004478e+00 9.946211e-01 9.881364e-01 9.714000e-01 9.663317e-01 9.593453e-01 9.538154e-01 9.688433e-01 9.689190e-01 9.708608e-01 9.516156e-01 9.253129e-01 9.258388e-01 9.332923e-01 9.451293e-01 9.508983e-01 9.521158e-01 9.431490e-01 9.396229e-01 9.415884e-01 9.481606e-01 9.546772e-01 9.565483e-01 9.518015e-01 9.443185e-01 9.564162e-01 9.623022e-01 9.471869e-01 9.264999e-01 9.189667e-01 9.202583e-01 9.213535e-01 9.230860e-01 9.210959e-01 9.001982e-01 8.899022e-01 8.855568e-01 8.765601e-01 8.790634e-01 8.849486e-01 8.834332e-01 8.830284e-01 8.851033e-01 8.769971e-01 8.682316e-01 8.730128e-01 8.865840e-01 8.884864e-01 8.709731e-01 8.665019e-01 8.782948e-01 8.811733e-01 8.756241e-01 8.763222e-01 8.808399e-01 8.872765e-01 8.822663e-01 8.802656e-01 8.804426e-01 8.830102e-01 8.785672e-01 8.809494e-01 8.949634e-01 9.115145e-01 9.067049e-01 9.095526e-01 9.184914e-01 9.330237e-01 9.383448e-01 9.188722e-01 9.049851e-01 9.042398e-01 9.129220e-01 9.113821e-01 9.094321e-01 9.119648e-01 9.133092e-01 9.175280e-01 9.233196e-01 9.225475e-01 9.279680e-01 9.261910e-01 9.237101e-01 9.266933e-01 9.314569e-01 9.219380e-01 9.152333e-01 9.259018e-01 9.365036e-01 9.244012e-01 9.086050e-01 9.036310e-01 9.180599e-01 9.181018e-01 9.143280e-01 8.982928e-01 8.907807e-01 9.067569e-01 9.235170e-01 9.440584e-01 9.593967e-01 9.568400e-01 9.583913e-01 9.650711e-01 9.603065e-01 9.544657e-01 9.554462e-01 9.584114e-01 9.629046e-01 9.861476e-01 9.995924e-01 1.005035e+00 1.005855e+00 1.003957e+00 9.954310e-01 9.988980e-01 1.006908e+00 1.004648e+00 9.970584e-01 9.953840e-01 9.852698e-01 9.731874e-01 9.686977e-01 9.511768e-01 9.622620e-01 9.705450e-01 9.784473e-01 9.911668e-01 9.905693e-01 9.960749e-01 9.980949e-01 9.903240e-01 9.984500e-01 9.960539e-01 9.873031e-01 9.850176e-01 9.951465e-01 9.931110e-01 9.908035e-01 9.933504e-01 9.941550e-01 9.919713e-01 9.961883e-01 1.004368e+00 1.014567e+00 1.008221e+00 9.948581e-01 9.886634e-01 9.911398e-01 9.875481e-01 9.746313e-01 9.679913e-01 9.719080e-01 9.806840e-01 9.786081e-01 9.713884e-01 9.698899e-01 9.645558e-01 9.635414e-01 9.625687e-01 9.682068e-01 9.743825e-01 9.676685e-01 9.503529e-01 9.480019e-01 9.546193e-01 9.505130e-01 9.433547e-01 9.498144e-01 9.506030e-01 9.444353e-01 9.251386e-01 9.195760e-01 9.135166e-01 9.082947e-01 9.138226e-01 9.179693e-01 9.157959e-01 9.223692e-01 9.161207e-01 8.936020e-01 8.896003e-01 8.995866e-01 8.966792e-01 9.014692e-01 9.213796e-01 9.357964e-01 9.350528e-01
9.735622e-01 9.797032e-01 9.863763e-01 9.942424e-01 9.742817e-01 9.690221e-01 9.648851e-01 9.252527e-01 9.030498e-01 8.983183e-01 8.933308e-01 8.894412e-01 8.955832e-01 8.995882e-01 9.062795e-01 9.095111e-01 9.108987e-01 9.138253e-01 9.099109e-01 9.084148e-01 9.128914e-01 9.225121e-01 9.333447e-01 9.357482e-01 9.322588e-01 9.351867e-01 9.329351e-01 9.319694e-01 9.414327e-01 9.556963e-01 9.534670e-01 9.548255e-01 9.565577e-01 9.532325e-01 9.524574e-01 9.519899e-01 9.512933e-01 9.607899e-01 9.792942e-01 9.841237e-01 9.915196e-01 9.971434e-01 1.006296e+00 1.010545e+00 1.021464e+00 1.032215e+00 1.036922e+00 1.028792e+00 1.027481e+00 1.027171e+00 1.026846e+00 1.027469e+00 1.036806e+00 1.046700e+00 1.048518e+00 1.046010e+00 1.039998e+00 1.033024e+00 1.033073e+00 1.034504e+00 1.033178e+00 1.036573e+00 1.038529e+00 1.041578e+00 1.039840e+00 1.034301e+00 1.025919e+00 1.026728e+00 1.024098e+00 1.004777e+00 9.839115e-01 9.703947e-01 9.731941e-01 9.741173e-01 9.751730e-01 9.717571e-01 9.718280e-01 9.664898e-01 9.483712e-01 9.317360e-01 9.338084e-01 9.357118e-01 9.455295e-01 9.469109e-01 9.410337e-01 9.403558e-01 9.424404e-01 9.397811e-01 9.425105e-01 9.471913e-01 9.496841e-01 9.401760e-01 9.348919e-01 9.395268e-01 9.541589e-01 9.449612e-01 9.271249e-01 9.214966e-01 9.200606e-01 9.153150e-01 9.122874e-01 9.077433e-01 9.004453e-01 8.955790e-01 8.866860e-01 8.754101e-01 8.741365e-01 8.794427e-01 8.944644e-01 8.952832e-01 8.829526e-01 8.791178e-01 8.715330e-01 8.686651e-01 8.755953e-01 8.836994e-01 8.707927e-01 8.649446e-01 8.685161e-01 8.672198e-01 8.711403e-01 8.744745e-01 8.850644e-01 8.879681e-01 8.767516e-01 8.788801e-01 8.826848e-01 8.869388e-01 8.836219e-01 8.804523e-01 8.850507e-01 8.954536e-01 8.993576e-01 9.104211e-01 9.131504e-01 9.246827e-01 9.373472e-01 9.219379e-01 9.102130e-01 9.159885e-01 9.266602e-01 9.168407e-01 9.152603e-01 9.131648e-01 9.158497e-01 9.067287e-01 9.202921e-01 9.309090e-01 9.284431e-01 9.174819e-01 9.123709e-01 9.093158e-01 9.106044e-01 9.094464e-01 9.149598e-01 9.411967e-01 9.496595e-01 9.300973e-01 9.045581e-01 9.033422e-01 9.092337e-01 9.068266e-01 9.085941e-01 8.991702e-01 8.966098e-01 9.192067e-01 9.464979e-01 9.589043e-01 9.585609e-01 9.617649e-01 9.726726e-01 9.806690e-01 9.620212e-01 9.577236e-01 9.581097e-01 9.595454e-01 9.620873e-01 9.793718e-01 9.983752e-01 1.002754e+00 1.011221e+00 1.003655e+00 9.986434e-01 9.955169e-01 1.000317e+00 9.949543e-01 9.975586e-01 9.991890e-01 9.849893e-01 9.666748e-01 9.619749e-01 9.640248e-01 9.643373e-01 9.731497e-01 9.832136e-01 9.891422e-01 9.984230e-01 1.013744e+00 1.004183e+00 9.880932e-01 9.967128e-01 9.986729e-01 9.862778e-01 9.832973e-01 9.898126e-01 9.865335e-01 9.805388e-01 9.842107e-01 9.964683e-01 1.000854e+00 1.003620e+00 1.002909e+00 1.013835e+00 1.004922e+00 9.882606e-01 9.873515e-01 9.969859e-01 9.991680e-01 9.839638e-01 9.654033e-01 9.613555e-01 9.690904e-01 9.698935e-01 9.581327e-01 9.510247e-01 9.563848e-01 9.604644e-01 9.634532e-01 9.572663e-01 9.534366e-01 9.519764e-01 9.554240e-01 9.593329e-01 9.613449e-01 9.550416e-01 9.485283e-01 9.453889e-01 9.358358e-01 9.236153e-01 9.241093e-01 9.206939e-01 9.083431e-01 9.040242e-01 9.121227e-01 9.155720e-01 9.170893e-01 9.289694e-01 9.202478e-01 9.065107e-01 9.008771e-01 9.020160e-01 8.997077e-01 9.010276e-01 9.252667e-01 9.420936e-01 9.330549e-01
9.738699e-01 9.725612e-01 9.816532e-01 9.933527e-01 9.791989e-01 9.756765e-01 9.656915e-01 9.243340e-01 9.023032e-01 8.991210e-01 8.942137e-01 8.814351e-01 8.914105e-01 9.012466e-01 9.010737e-01 8.983406e-01 9.011937e-01 9.036173e-01 9.037569e-01 9.042159e-01 9.121411e-01 9.190125e-01 9.240322e-01 9.264885e-01 9.256476e-01 9.291267e-01 9.347550e-01 9.334133e-01 9.344404e-01 9.443486e-01 9.530360e-01 9.534957e-01 9.537001e-01 9.562795e-01 9.526525e-01 9.459507e-01 9.506862e-01 9.613599e-01 9.729359e-01 9.769248e-01 9.875593e-01 9.961534e-01 1.003806e+00 1.012693e+00 1.022005e+00 1.034315e+00 1.034475e+00 1.028437e+00 1.031724e+00 1.032008e+00 1.028092e+00 1.028333e+00 1.041056e+00 1.044156e+00 1.042237e+00 1.043711e+00 1.036741e+00 1.036036e+00 1.035740e+00 1.037720e+00 1.038036e+00 1.045415e+00 1.049728e+00 1.055230e+00 1.048703e+00 1.043092e+00 1.032142e+00 1.022690e+00 1.014660e+00 1.013005e+00 1.001306e+00 9.974277e-01 9.833746e-01 9.857737e-01 9.709307e-01 9.706391e-01 9.611834e-01 9.499948e-01 9.326583e-01 9.234058e-01 9.297572e-01 9.324882e-01 9.357395e-01 9.349707e-01 9.371955e-01 9.573481e-01 9.652797e-01 9.533101e-01 9.430805e-01 9.413956e-01 9.386445e-01 9.384444e-01 9.314439e-01 9.341422e-01 9.473046e-01 9.383678e-01 9.266548e-01 9.251716e-01 9.229478e-01 9.096727e-01 8.982420e-01 8.955582e-01 8.971380e-01 8.957043e-01 8.868771e-01 8.767065e-01 8.778287e-01 8.951941e-01 9.076822e-01 8.926120e-01 8.858620e-01 8.917209e-01 8.805385e-01 8.751084e-01 8.701587e-01 8.745661e-01 8.721207e-01 8.718378e-01 8.689765e-01 8.663476e-01 8.676000e-01 8.703291e-01 8.849493e-01 8.864691e-01 8.821794e-01 8.867382e-01 8.948240e-01 8.945211e-01 8.870202e-01 8.808779e-01 8.803873e-01 8.856460e-01 8.953410e-01 9.138289e-01 9.162483e-01 9.239874e-01 9.317713e-01 9.251847e-01 9.197402e-01 9.179417e-01 9.324961e-01 9.267269e-01 9.252555e-01 9.199809e-01 9.268076e-01 9.206967e-01 9.277179e-01 9.305625e-01 9.235684e-01 9.115867e-01 9.119485e-01 9.047430e-01 9.070756e-01 9.193156e-01 9.271970e-01 9.442127e-01 9.411277e-01 9.274777e-01 9.188172e-01 9.186103e-01 9.185019e-01 9.116517e-01 9.060819e-01 9.065929e-01 9.108747e-01 9.309091e-01 9.519725e-01 9.561265e-01 9.508556e-01 9.602421e-01 9.701127e-01 9.803808e-01 9.784061e-01 9.687229e-01 9.640207e-01 9.615499e-01 9.600227e-01 9.739782e-01 9.906847e-01 1.003928e+00 1.010152e+00 1.006578e+00 1.002075e+00 9.972125e-01 9.949392e-01 9.835231e-01 9.857207e-01 9.766478e-01 9.739372e-01 9.737415e-01 9.843246e-01 9.883963e-01 9.783369e-01 9.789050e-01 9.799115e-01 9.745164e-01 9.781340e-01 9.901759e-01 9.949762e-01 9.887488e-01 9.960482e-01 9.924865e-01 9.880879e-01 9.884934e-01 9.908501e-01 9.868027e-01 9.809099e-01 9.826535e-01 9.979194e-01 1.003658e+00 1.002340e+00 1.001088e+00 1.008089e+00 1.001724e+00 9.895639e-01 9.932330e-01 1.001589e+00 1.000125e+00 9.883505e-01 9.735990e-01 9.589567e-01 9.558694e-01 9.506679e-01 9.526849e-01 9.584770e-01 9.606586e-01 9.561104e-01 9.556444e-01 9.448311e-01 9.452392e-01 9.506223e-01 9.606755e-01 9.677448e-01 9.632757e-01 9.528274e-01 9.518781e-01 9.527202e-01 9.333232e-01 9.195021e-01 9.236561e-01 9.125972e-01 8.978782e-01 8.976789e-01 9.091376e-01 9.093021e-01 9.083000e-01 9.203996e-01 9.204909e-01 9.201518e-01 9.159266e-01 9.072681e-01 9.011663e-01 9.079060e-01 9.267859e-01 9.418798e-01 9.384533e-01
9.719718e-01 9.749250e-01 9.849916e-01 9.858487e-01 9.786400e-01 9.746053e-01 9.551556e-01 9.189535e-01 8.994893e-01 8.971244e-01 8.948151e-01 8.819202e-01 8.914138e-01 8.952861e-01 8.930114e-01 8.969201e-01 9.022177e-01 9.044003e-01 9.024770e-01 9.047061e-01 9.151561e-01 9.189034e-01 9.206107e-01 9.275135e-01 9.312927e-01 9.315237e-01 9.398804e-01 9.458914e-01 9.405589e-01 9.332699e-01 9.378405e-01 9.398625e-01 9.486848e-01 9.526982e-01 9.474950e-01 9.436296e-01 9.504728e-01 9.620738e-01 9.721209e-01 9.810116e-01 9.938916e-01 9.971658e-01 1.004026e+00 1.011770e+00 1.014672e+00 1.018369e+00 1.020244e+00 1.023529e+00 1.034169e+00 1.035510e+00 1.034415e+00 1.034805e+00 1.042578e+00 1.041791e+00 1.040279e+00 1.042932e+00 1.043512e+00 1.050548e+00 1.044832e+00 1.045644e+00 1.050516e+00 1.049153e+00 1.050285e+00 1.050751e+00 1.044029e+00 1.037325e+00 1.027081e+00 1.017652e+00 1.012056e+00 1.001048e+00 1.000312e+00 9.955351e-01 9.892861e-01 9.746448e-01 9.563070e-01 9.575311e-01 9.560909e-01 9.467146e-01 9.326431e-01 9.308637e-01 9.254671e-01 9.306703e-01 9.249892e-01 9.255898e-01 9.332822e-01 9.588916e-01 9.708721e-01 9.657190e-01 9.559019e-01 9.457281e-01 9.494550e-01 9.424044e-01 9.362695e-01 9.417407e-01 9.451157e-01 9.354844e-01 9.304972e-01 9.340373e-01 9.244817e-01 9.061255e-01 9.016607e-01 9.044021e-01 9.013132e-01 9.015670e-01 8.939980e-01 8.844678e-01 8.872883e-01 9.045685e-01 9.098387e-01 8.930666e-01 8.932901e-01 8.976223e-01 8.831185e-01 8.725481e-01 8.691082e-01 8.718637e-01 8.749951e-01 8.759902e-01 8.835610e-01 8.786177e-01 8.752829e-01 8.734912e-01 8.831397e-01 8.845452e-01 8.765213e-01 8.843392e-01 8.922402e-01 8.888637e-01 8.780750e-01 8.792522e-01 8.799727e-01 8.868275e-01 8.963764e-01 9.170395e-01 9.286983e-01 9.304198e-01 9.294614e-01 9.286399e-01 9.242985e-01 9.178358e-01 9.296731e-01 9.316501e-01 9.306814e-01 9.342887e-01 9.393504e-01 9.392517e-01 9.422187e-01 9.334332e-01 9.234328e-01 9.133046e-01 9.198616e-01 9.164432e-01 9.165733e-01 9.342369e-01 9.409546e-01 9.356612e-01 9.298611e-01 9.283269e-01 9.215380e-01 9.236555e-01 9.293320e-01 9.237919e-01 9.187754e-01 9.130554e-01 9.197062e-01 9.326763e-01 9.408117e-01 9.555795e-01 9.601676e-01 9.684528e-01 9.625950e-01 9.695352e-01 9.829336e-01 9.743901e-01 9.713857e-01 9.670298e-01 9.608876e-01 9.661583e-01 9.834337e-01 9.977840e-01 1.010144e+00 1.006219e+00 1.001525e+00 1.004057e+00 9.896621e-01 9.801202e-01 9.771537e-01 9.656292e-01 9.655951e-01 9.820079e-01 9.859506e-01 9.931412e-01 9.982733e-01 9.936248e-01 9.796845e-01 9.598982e-01 9.546371e-01 9.791519e-01 9.872091e-01 9.958503e-01 1.000500e+00 9.956790e-01 9.946540e-01 9.995174e-01 9.955544e-01 9.916467e-01 9.916294e-01 9.912100e-01 9.979020e-01 9.974769e-01 9.970791e-01 9.908495e-01 9.943403e-01 9.935753e-01 9.881665e-01 9.924753e-01 9.940683e-01 9.860589e-01 9.810030e-01 9.758984e-01 9.710494e-01 9.614390e-01 9.483182e-01 9.609258e-01 9.700475e-01 9.639195e-01 9.548525e-01 9.505563e-01 9.471245e-01 9.512112e-01 9.511169e-01 9.580468e-01 9.604405e-01 9.647901e-01 9.576209e-01 9.578845e-01 9.512084e-01 9.353595e-01 9.239487e-01 9.251288e-01 9.177817e-01 9.026037e-01 8.947476e-01 9.059536e-01 9.045935e-01 9.041880e-01 9.185258e-01 9.216851e-01 9.206852e-01 9.193436e-01 9.112602e-01 9.032878e-01 9.073920e-01 9.201174e-01 9.315085e-01 9.445698e-01
9.593602e-01 9.705516e-01 9.765933e-01 9.719198e-01 9.687929e-01 9.608656e-01 9.346556e-01 9.083653e-01 8.985549e-01 8.989555e-01 8.912855e-01 8.784787e-01 8.782905e-01 8.845044e-01 8.908821e-01 9.001887e-01 9.076805e-01 9.100816e-01 9.112534e-01 9.076890e-01 9.159403e-01 9.170446e-01 9.235026e-01 9.300240e-01 9.322181e-01 9.360942e-01 9.442128e-01 9.466734e-01 9.406160e-01 9.337242e-01 9.269475e-01 9.279840e-01 9.404090e-01 9.467585e-01 9.492843e-01 9.520457e-01 9.569479e-01 9.692395e-01 9.779691e-01 9.903630e-01 1.004710e+00 1.008966e+00 1.006943e+00 1.005211e+00 1.006172e+00 1.009022e+00 1.015751e+00 1.025072e+00 1.034584e+00 1.041423e+00 1.040345e+00 1.039025e+00 1.044758e+00 1.043597e+00 1.037566e+00 1.044673e+00 1.051334e+00 1.057119e+00 1.052967e+00 1.056670e+00 1.059077e+00 1.053890e+00 1.052722e+00 1.056257e+00 1.040701e+00 1.025409e+00 1.025608e+00 1.025048e+00 1.015159e+00 9.875757e-01 9.853867e-01 9.776905e-01 9.778400e-01 9.521805e-01 9.379194e-01 9.530425e-01 9.531586e-01 9.437360e-01 9.312002e-01 9.344388e-01 9.341105e-01 9.384723e-01 9.256567e-01 9.199303e-01 9.298114e-01 9.509684e-01 9.653488e-01 9.630949e-01 9.583786e-01 9.515200e-01 9.572269e-01 9.477909e-01 9.456096e-01 9.520364e-01 9.454726e-01 9.384358e-01 9.361528e-01 9.353602e-01 9.194825e-01 9.103559e-01 9.181038e-01 9.206184e-01 9.103389e-01 9.098290e-01 8.981358e-01 8.933773e-01 9.020333e-01 9.075556e-01 9.060718e-01 9.003477e-01 8.883138e-01 8.863577e-01 8.834727e-01 8.708492e-01 8.665754e-01 8.678526e-01 8.758705e-01 8.744439e-01 8.795249e-01 8.823820e-01 8.798913e-01 8.808661e-01 8.902912e-01 8.887293e-01 8.741847e-01 8.756660e-01 8.837169e-01 8.807551e-01 8.798142e-01 8.836453e-01 8.860918e-01 8.803432e-01 8.906496e-01 9.124792e-01 9.303297e-01 9.347852e-01 9.249783e-01 9.206472e-01 9.251404e-01 9.163280e-01 9.192896e-01 9.312312e-01 9.387797e-01 9.404316e-01 9.432855e-01 9.408456e-01 9.419401e-01 9.276116e-01 9.136941e-01 9.092083e-01 9.073740e-01 9.155082e-01 9.212537e-01 9.347178e-01 9.453763e-01 9.389412e-01 9.285654e-01 9.226020e-01 9.149637e-01 9.099389e-01 9.205954e-01 9.218836e-01 9.241317e-01 9.213669e-01 9.239528e-01 9.300730e-01 9.379013e-01 9.532568e-01 9.594015e-01 9.553469e-01 9.464080e-01 9.582223e-01 9.688765e-01 9.721943e-01 9.700546e-01 9.686745e-01 9.603558e-01 9.651411e-01 9.816539e-01 9.941577e-01 1.005496e+00 1.000569e+00 9.942626e-01 9.965386e-01 9.873655e-01 9.733498e-01 9.816979e-01 9.682444e-01 9.760008e-01 9.813605e-01 9.793308e-01 9.726128e-01 9.873559e-01 9.942765e-01 9.842821e-01 9.496845e-01 9.425826e-01 9.666423e-01 9.774655e-01 9.964303e-01 1.009412e+00 1.002362e+00 1.004361e+00 1.010053e+00 9.996602e-01 9.924064e-01 9.959764e-01 9.912150e-01 9.862859e-01 9.954355e-01 9.987673e-01 9.917125e-01 9.879104e-01 9.807045e-01 9.773281e-01 9.813860e-01 9.772379e-01 9.788486e-01 9.785979e-01 9.780835e-01 9.779371e-01 9.749642e-01 9.644383e-01 9.680741e-01 9.730582e-01 9.701741e-01 9.483382e-01 9.436042e-01 9.537566e-01 9.687536e-01 9.602302e-01 9.576357e-01 9.595262e-01 9.595597e-01 9.591705e-01 9.627281e-01 9.535760e-01 9.304848e-01 9.207185e-01 9.225771e-01 9.200380e-01 9.089973e-01 8.963130e-01 8.981354e-01 8.986921e-01 9.032815e-01 9.124376e-01 9.196230e-01 9.265073e-01 9.177366e-01 9.019708e-01 8.951631e-01 9.073538e-01 9.179769e-01 9.277144e-01 9.510088e-01
9.587239e-01 9.689336e-01 9.740949e-01 9.702347e-01 9.574641e-01 9.418199e-01 9.243932e-01 9.083322e-01 9.040333e-01 9.033726e-01 8.865563e-01 8.734837e-01 8.756989e-01 8.786924e-01 8.901844e-01 8.970442e-01 9.044696e-01 9.093556e-01 9.154639e-01 9.122457e-01 9.122548e-01 9.131356e-01 9.218703e-01 9.262372e-01 9.290538e-01 9.299341e-01 9.412720e-01 9.449540e-01 9.401463e-01 9.326633e-01 9.269974e-01 9.289163e-01 9.419505e-01 9.478894e-01 9.536372e-01 9.600977e-01 9.687091e-01 9.726880e-01 9.757127e-01 9.906990e-01 1.007084e+00 1.014656e+00 1.014041e+00 1.008805e+00 1.011106e+00 1.016143e+00 1.024066e+00 1.027821e+00 1.035775e+00 1.038931e+00 1.035982e+00 1.035702e+00 1.042209e+00 1.039808e+00 1.035595e+00 1.044690e+00 1.049150e+00 1.056728e+00 1.057459e+00 1.060760e+00 1.059471e+00 1.059019e+00 1.056463e+00 1.056688e+00 1.047725e+00 1.034076e+00 1.029771e+00 1.037568e+00 1.026785e+00 1.003160e+00 9.835253e-01 9.759676e-01 9.594772e-01 9.464954e-01 9.402446e-01 9.534321e-01 9.515410e-01 9.438549e-01 9.388645e-01 9.380198e-01 9.511353e-01 9.420307e-01 9.322547e-01 9.333287e-01 9.395217e-01 9.539706e-01 9.668791e-01 9.708992e-01 9.562267e-01 9.475854e-01 9.472869e-01 9.394675e-01 9.444315e-01 9.572871e-01 9.544547e-01 9.412194e-01 9.353421e-01 9.330144e-01 9.252425e-01 9.172934e-01 9.296345e-01 9.352891e-01 9.225954e-01 9.132595e-01 9.038898e-01 8.952916e-01 8.987841e-01 9.032271e-01 9.009620e-01 8.922172e-01 8.853112e-01 8.812090e-01 8.809697e-01 8.692572e-01 8.673479e-01 8.709069e-01 8.827477e-01 8.829149e-01 8.861047e-01 8.915900e-01 8.885697e-01 8.874457e-01 9.007547e-01 9.058983e-01 8.990793e-01 8.884563e-01 8.752828e-01 8.743063e-01 8.817369e-01 8.901749e-01 8.920737e-01 8.928233e-01 8.942453e-01 9.156059e-01 9.326899e-01 9.369794e-01 9.310340e-01 9.240528e-01 9.306530e-01 9.199681e-01 9.105261e-01 9.204730e-01 9.283736e-01 9.220352e-01 9.304876e-01 9.364362e-01 9.346742e-01 9.130368e-01 8.990034e-01 8.982802e-01 9.031735e-01 9.119475e-01 9.233906e-01 9.372068e-01 9.411986e-01 9.286879e-01 9.200379e-01 9.244757e-01 9.196967e-01 9.104785e-01 9.252454e-01 9.342899e-01 9.289397e-01 9.226802e-01 9.291523e-01 9.372419e-01 9.392762e-01 9.394301e-01 9.344487e-01 9.312962e-01 9.460101e-01 9.580858e-01 9.610565e-01 9.731477e-01 9.682344e-01 9.672477e-01 9.655567e-01 9.745668e-01 9.824489e-01 9.875880e-01 9.974891e-01 9.929234e-01 9.902968e-01 9.903721e-01 9.812048e-01 9.848257e-01 1.003587e+00 9.831792e-01 9.757667e-01 9.718681e-01 9.712189e-01 9.742637e-01 9.916908e-01 1.004270e+00 9.817994e-01 9.488221e-01 9.477828e-01 9.657062e-01 9.785432e-01 9.957334e-01 1.004885e+00 9.957842e-01 1.009659e+00 1.011980e+00 9.968801e-01 9.936494e-01 9.961091e-01 9.874438e-01 9.895331e-01 1.000297e+00 9.993827e-01 9.931778e-01 9.847960e-01 9.728155e-01 9.673483e-01 9.712313e-01 9.713899e-01 9.767780e-01 9.793209e-01 9.821153e-01 9.789413e-01 9.741784e-01 9.580721e-01 9.576302e-01 9.682778e-01 9.734466e-01 9.472827e-01 9.341657e-01 9.469959e-01 9.629510e-01 9.625112e-01 9.571216e-01 9.515380e-01 9.507802e-01 9.647473e-01 9.631984e-01 9.513699e-01 9.349936e-01 9.295622e-01 9.234242e-01 9.156629e-01 9.088594e-01 8.942953e-01 8.897020e-01 8.900452e-01 8.951522e-01 9.031140e-01 9.182798e-01 9.288371e-01 9.143901e-01 8.956771e-01 8.965530e-01 9.123501e-01 9.212615e-01 9.283076e-01 9.541489e-01
9.648024e-01 9.720157e-01 9.763936e-01 9.765719e-01 9.592879e-01 9.395099e-01 9.253924e-01 9.105481e-01 9.036840e-01 8.990623e-01 8.848604e-01 8.789471e-01 8.842636e-01 8.857762e-01 8.980472e-01 8.958465e-01 8.940215e-01 8.995396e-01 9.167522e-01 9.161466e-01 9.073951e-01 9.083198e-01 9.181609e-01 9.264274e-01 9.307387e-01 9.342389e-01 9.409161e-01 9.392669e-01 9.315240e-01 9.264240e-01 9.279986e-01 9.338827e-01 9.410466e-01 9.472007e-01 9.487864e-01 9.542026e-01 9.591173e-01 9.679341e-01 9.766914e-01 9.889513e-01 1.001777e+00 1.006564e+00 1.012408e+00 1.014441e+00 1.016807e+00 1.016621e+00 1.021755e+00 1.024951e+00 1.035805e+00 1.036387e+00 1.035094e+00 1.036764e+00 1.040440e+00 1.035097e+00 1.034701e+00 1.039867e+00 1.044395e+00 1.048793e+00 1.053019e+00 1.059339e+00 1.059060e+00 1.060334e+00 1.056588e+00 1.043918e+00 1.034356e+00 1.025512e+00 1.023955e+00 1.024266e+00 1.031301e+00 1.013426e+00 9.814471e-01 9.667124e-01 9.600900e-01 9.545616e-01 9.512098e-01 9.589841e-01 9.624025e-01 9.511591e-01 9.395049e-01 9.422892e-01 9.466039e-01 9.462709e-01 9.426082e-01 9.396561e-01 9.472114e-01 9.664944e-01 9.722805e-01 9.740422e-01 9.570773e-01 9.473858e-01 9.437310e-01 9.413952e-01 9.494529e-01 9.621516e-01 9.578491e-01 9.453295e-01 9.356152e-01 9.317244e-01 9.214179e-01 9.060846e-01 9.048162e-01 9.191135e-01 9.182447e-01 9.085289e-01 8.989502e-01 8.900007e-01 8.879516e-01 8.939235e-01 8.909097e-01 8.855534e-01 8.871673e-01 8.836160e-01 8.779169e-01 8.745506e-01 8.732333e-01 8.717380e-01 8.832104e-01 8.893589e-01 8.922188e-01 9.033172e-01 8.996029e-01 8.910107e-01 9.036479e-01 9.149262e-01 9.197670e-01 9.009337e-01 8.884282e-01 8.879489e-01 8.951328e-01 8.968382e-01 8.963400e-01 9.061795e-01 9.155377e-01 9.242465e-01 9.301907e-01 9.389174e-01 9.362533e-01 9.192340e-01 9.186226e-01 9.168203e-01 9.101093e-01 9.114313e-01 9.187871e-01 9.113731e-01 9.109200e-01 9.269966e-01 9.310243e-01 9.131120e-01 9.052272e-01 9.024580e-01 9.094946e-01 9.186894e-01 9.193310e-01 9.260861e-01 9.259784e-01 9.178960e-01 9.180928e-01 9.319320e-01 9.253778e-01 9.174951e-01 9.151062e-01 9.185327e-01 9.166671e-01 9.141995e-01 9.235620e-01 9.347973e-01 9.343615e-01 9.321228e-01 9.295931e-01 9.326927e-01 9.489526e-01 9.531592e-01 9.537531e-01 9.703221e-01 9.777229e-01 9.778457e-01 9.716853e-01 9.653445e-01 9.721596e-01 9.815945e-01 9.884781e-01 9.904787e-01 9.934224e-01 9.898903e-01 9.857499e-01 9.940509e-01 1.004155e+00 9.974857e-01 9.891399e-01 9.807190e-01 9.799121e-01 9.910851e-01 1.002891e+00 1.013667e+00 9.966935e-01 9.592786e-01 9.506548e-01 9.618490e-01 9.737305e-01 9.963791e-01 9.939471e-01 9.897878e-01 1.004582e+00 1.003895e+00 9.906088e-01 9.928033e-01 9.970613e-01 9.960154e-01 9.977749e-01 1.001871e+00 1.001632e+00 9.928280e-01 9.827721e-01 9.758630e-01 9.718351e-01 9.712049e-01 9.739901e-01 9.791000e-01 9.793904e-01 9.767821e-01 9.700743e-01 9.693141e-01 9.532880e-01 9.494945e-01 9.582170e-01 9.601768e-01 9.425448e-01 9.380897e-01 9.442034e-01 9.591655e-01 9.631257e-01 9.518985e-01 9.428340e-01 9.503293e-01 9.641303e-01 9.541465e-01 9.370222e-01 9.332868e-01 9.355677e-01 9.235440e-01 9.185597e-01 9.120750e-01 8.952329e-01 8.889668e-01 8.942410e-01 8.941076e-01 8.934124e-01 9.138429e-01 9.252934e-01 9.159958e-01 8.996670e-01 9.041058e-01 9.136484e-01 9.217031e-01 9.259490e-01 9.519193e-01
9.732549e-01 9.748307e-01 9.855633e-01 9.849082e-01 9.688662e-01 9.512531e-01 9.323210e-01 9.150057e-01 9.135715e-01 9.105165e-01 9.014229e-01 8.966498e-01 8.934151e-01 8.944236e-01 9.041914e-01 8.969839e-01 8.853835e-01 8.926400e-01 9.081874e-01 9.122017e-01 9.046866e-01 9.114272e-01 9.226739e-01 9.350635e-01 9.366659e-01 9.356433e-01 9.425176e-01 9.362444e-01 9.265897e-01 9.250259e-01 9.278777e-01 9.397192e-01 9.469844e-01 9.442943e-01 9.419382e-01 9.460343e-01 9.549410e-01 9.695986e-01 9.798666e-01 9.892104e-01 9.937025e-01 9.956890e-01 1.002837e+00 1.015170e+00 1.019165e+00 1.019112e+00 1.019647e+00 1.029598e+00 1.036688e+00 1.036432e+00 1.038100e+00 1.040349e+00 1.040927e+00 1.039862e+00 1.037687e+00 1.034567e+00 1.037908e+00 1.042721e+00 1.047867e+00 1.054940e+00 1.060370e+00 1.060365e+00 1.058187e+00 1.037203e+00 1.031283e+00 1.030230e+00 1.014091e+00 1.010019e+00 1.023352e+00 1.015549e+00 1.001591e+00 9.838728e-01 9.727533e-01 9.677042e-01 9.666050e-01 9.647004e-01 9.535378e-01 9.516537e-01 9.534453e-01 9.607843e-01 9.516611e-01 9.580771e-01 9.487309e-01 9.370258e-01 9.465415e-01 9.673597e-01 9.733968e-01 9.742901e-01 9.564289e-01 9.466831e-01 9.499182e-01 9.514667e-01 9.523526e-01 9.589269e-01 9.568561e-01 9.511912e-01 9.454518e-01 9.384594e-01 9.232063e-01 9.054413e-01 8.985662e-01 9.119256e-01 9.034443e-01 8.922079e-01 8.868856e-01 8.827109e-01 8.810588e-01 8.945791e-01 8.972450e-01 8.895510e-01 8.906493e-01 8.881161e-01 8.849106e-01 8.859547e-01 8.873588e-01 8.828424e-01 8.916610e-01 8.931994e-01 8.946922e-01 9.031454e-01 8.980795e-01 8.918073e-01 9.006154e-01 9.148397e-01 9.158559e-01 9.103220e-01 9.076839e-01 9.029692e-01 9.104460e-01 9.078821e-01 9.071078e-01 9.181990e-01 9.270973e-01 9.213607e-01 9.094991e-01 9.199194e-01 9.252492e-01 9.202269e-01 9.199069e-01 9.233696e-01 9.246191e-01 9.260702e-01 9.291268e-01 9.155747e-01 9.091457e-01 9.236336e-01 9.263952e-01 9.154190e-01 9.151590e-01 9.089265e-01 9.110404e-01 9.176258e-01 9.146777e-01 9.062054e-01 9.081309e-01 9.104475e-01 9.192399e-01 9.262741e-01 9.195644e-01 9.103445e-01 9.061921e-01 9.091359e-01 9.063541e-01 9.091052e-01 9.248366e-01 9.373899e-01 9.305719e-01 9.279509e-01 9.349213e-01 9.396008e-01 9.463738e-01 9.469500e-01 9.463105e-01 9.622757e-01 9.823217e-01 9.851754e-01 9.778040e-01 9.703638e-01 9.733198e-01 9.793752e-01 9.891282e-01 9.941833e-01 9.954945e-01 9.919202e-01 9.907291e-01 9.915885e-01 9.883559e-01 9.913584e-01 9.999108e-01 9.846087e-01 9.854411e-01 9.953880e-01 9.954254e-01 1.009711e+00 9.990076e-01 9.700394e-01 9.574547e-01 9.526903e-01 9.713851e-01 9.913378e-01 9.907424e-01 9.964387e-01 1.002065e+00 9.966854e-01 9.860842e-01 9.929340e-01 9.933823e-01 9.936467e-01 9.968264e-01 1.001280e+00 9.969337e-01 9.905597e-01 9.856901e-01 9.796179e-01 9.787533e-01 9.813705e-01 9.777719e-01 9.774480e-01 9.735498e-01 9.673887e-01 9.696138e-01 9.643139e-01 9.490373e-01 9.513229e-01 9.511088e-01 9.425337e-01 9.393561e-01 9.453063e-01 9.534247e-01 9.584215e-01 9.543964e-01 9.456015e-01 9.362359e-01 9.425003e-01 9.543091e-01 9.504245e-01 9.344347e-01 9.327086e-01 9.315614e-01 9.249420e-01 9.199306e-01 9.172765e-01 9.086019e-01 9.012634e-01 9.022460e-01 8.916314e-01 8.945920e-01 9.157249e-01 9.261143e-01 9.155469e-01 9.011902e-01 8.993997e-01 9.065298e-01 9.146699e-01 9.215029e-01 9.390205e-01
9.723540e-01 9.745822e-01 9.842671e-01 9.871875e-01 9.773640e-01 9.599192e-01 9.335219e-01 9.120568e-01 9.134599e-01 9.138703e-01 9.055623e-01 8.964751e-01 8.908503e-01 8.915086e-01 9.001307e-01 8.966391e-01 8.902521e-01 8.927290e-01 9.011379e-01 9.080303e-01 9.034157e-01 9.104745e-01 9.282556e-01 9.370027e-01 9.332554e-01 9.326385e-01 9.342079e-01 9.300109e-01 9.251904e-01 9.283732e-01 9.329151e-01 9.441091e-01 9.482412e-01 9.449515e-01 9.467101e-01 9.493142e-01 9.549506e-01 9.588359e-01 9.701137e-01 9.766687e-01 9.830741e-01 9.887483e-01 9.977511e-01 1.012702e+00 1.018332e+00 1.023024e+00 1.025049e+00 1.032371e+00 1.033158e+00 1.035642e+00 1.035403e+00 1.039967e+00 1.044878e+00 1.044753e+00 1.037712e+00 1.037706e+00 1.042500e+00 1.045445e+00 1.053998e+00 1.055702e+00 1.057873e+00 1.052011e+00 1.059117e+00 1.041017e+00 1.053209e+00 1.044905e+00 1.032204e+00 1.012069e+00 1.012323e+00 1.025465e+00 1.016565e+00 9.981407e-01 9.722002e-01 9.640215e-01 9.623563e-01 9.606345e-01 9.494405e-01 9.473152e-01 9.620486e-01 9.766589e-01 9.666646e-01 9.766312e-01 9.663640e-01 9.451463e-01 9.431933e-01 9.522713e-01 9.594796e-01 9.639786e-01 9.521100e-01 9.443243e-01 9.453555e-01 9.457830e-01 9.462058e-01 9.546470e-01 9.505059e-01 9.451579e-01 9.455329e-01 9.388011e-01 9.274357e-01 9.158327e-01 9.049914e-01 9.060410e-01 8.977542e-01 8.881724e-01 8.869674e-01 8.919401e-01 8.944094e-01 9.043242e-01 9.078844e-01 8.974604e-01 8.880328e-01 8.829090e-01 8.847898e-01 8.895296e-01 8.967847e-01 8.982691e-01 9.066701e-01 8.969390e-01 8.977447e-01 9.039949e-01 9.016303e-01 8.956041e-01 8.969287e-01 9.025754e-01 9.089187e-01 9.181799e-01 9.237069e-01 9.080286e-01 9.027866e-01 9.059169e-01 9.100952e-01 9.222685e-01 9.317133e-01 9.261872e-01 9.141417e-01 9.162151e-01 9.180533e-01 9.122226e-01 9.249721e-01 9.319869e-01 9.394253e-01 9.398943e-01 9.328830e-01 9.223278e-01 9.127919e-01 9.203848e-01 9.161720e-01 9.083557e-01 9.218556e-01 9.233786e-01 9.315263e-01 9.327109e-01 9.190671e-01 9.009395e-01 9.070085e-01 9.152903e-01 9.170594e-01 9.193646e-01 9.272286e-01 9.217301e-01 9.168767e-01 9.134662e-01 9.124439e-01 9.253728e-01 9.370673e-01 9.336746e-01 9.268420e-01 9.292470e-01 9.363841e-01 9.425340e-01 9.501812e-01 9.468360e-01 9.413363e-01 9.531955e-01 9.683339e-01 9.853419e-01 9.867825e-01 9.790521e-01 9.744846e-01 9.827909e-01 9.902857e-01 9.890884e-01 9.913447e-01 9.962689e-01 9.938062e-01 9.841097e-01 9.796356e-01 9.924085e-01 9.957148e-01 9.841106e-01 9.805304e-01 9.840074e-01 9.778666e-01 9.683477e-01 9.687515e-01 9.854514e-01 9.759961e-01 9.552567e-01 9.698473e-01 9.830208e-01 9.801234e-01 9.875082e-01 9.984714e-01 9.953049e-01 9.944330e-01 9.948936e-01 9.958972e-01 9.885888e-01 9.939615e-01 1.001644e+00 9.994507e-01 9.958216e-01 9.827131e-01 9.723772e-01 9.746667e-01 9.807084e-01 9.789429e-01 9.760278e-01 9.693661e-01 9.631799e-01 9.602711e-01 9.500896e-01 9.445859e-01 9.508164e-01 9.481230e-01 9.444835e-01 9.396926e-01 9.451227e-01 9.570886e-01 9.547608e-01 9.456435e-01 9.435210e-01 9.345945e-01 9.322236e-01 9.399916e-01 9.477128e-01 9.416460e-01 9.354197e-01 9.302895e-01 9.206617e-01 9.134845e-01 9.173598e-01 9.178487e-01 9.133948e-01 9.099339e-01 8.983971e-01 9.042884e-01 9.171895e-01 9.213176e-01 9.127249e-01 8.980070e-01 8.945290e-01 9.014565e-01 9.178037e-01 9.218107e-01 9.309943e-01
9.665150e-01 9.740897e-01 9.834139e-01 9.804458e-01 9.748542e-01 9.626997e-01 9.366329e-01 9.101691e-01 9.081398e-01 9.105408e-01 8.960160e-01 8.875371e-01 8.846165e-01 8.880199e-01 8.987374e-01 9.021670e-01 8.922215e-01 8.910883e-01 8.924009e-01 9.052969e-01 9.092266e-01 9.106424e-01 9.208797e-01 9.281099e-01 9.227850e-01 9.223995e-01 9.232969e-01 9.227176e-01 9.266242e-01 9.300171e-01 9.347860e-01 9.363554e-01 9.390372e-01 9.386742e-01 9.405348e-01 9.510390e-01 9.536445e-01 9.478628e-01 9.595881e-01 9.747266e-01 9.862133e-01 9.935595e-01 1.002719e+00 1.018673e+00 1.022601e+00 1.029379e+00 1.031180e+00 1.032976e+00 1.034164e+00 1.036057e+00 1.038864e+00 1.042704e+00 1.047823e+00 1.045117e+00 1.038796e+00 1.038527e+00 1.047285e+00 1.056499e+00 1.063232e+00 1.058844e+00 1.047605e+00 1.039547e+00 1.050340e+00 1.049317e+00 1.062594e+00 1.053398e+00 1.044049e+00 1.026438e+00 1.026454e+00 1.027787e+00 1.023777e+00 1.007128e+00 9.955420e-01 9.717695e-01 9.702598e-01 9.554660e-01 9.432769e-01 9.404781e-01 9.603845e-01 9.857202e-01 9.839306e-01 9.876947e-01 9.850151e-01 9.613017e-01 9.445565e-01 9.473011e-01 9.545803e-01 9.550351e-01 9.457730e-01 9.373407e-01 9.490295e-01 9.494745e-01 9.428493e-01 9.445512e-01 9.490985e-01 9.416836e-01 9.351537e-01 9.326591e-01 9.273807e-01 9.211649e-01 9.115210e-01 9.017786e-01 8.905088e-01 8.866170e-01 8.928264e-01 8.967468e-01 8.921297e-01 9.020753e-01 9.087802e-01 8.991251e-01 8.889199e-01 8.827941e-01 8.767328e-01 8.910514e-01 8.990505e-01 8.974370e-01 8.987971e-01 8.935364e-01 8.966452e-01 9.037724e-01 9.023942e-01 8.950817e-01 8.908737e-01 8.950759e-01 9.054815e-01 9.236264e-01 9.297978e-01 9.132013e-01 9.009144e-01 9.028829e-01 9.113916e-01 9.170468e-01 9.260422e-01 9.252952e-01 9.266918e-01 9.334940e-01 9.215876e-01 9.098377e-01 9.184358e-01 9.294451e-01 9.248877e-01 9.276590e-01 9.269072e-01 9.302812e-01 9.163486e-01 9.135100e-01 9.086925e-01 9.058484e-01 9.182978e-01 9.303686e-01 9.467627e-01 9.503250e-01 9.238324e-01 9.185069e-01 9.273517e-01 9.263533e-01 9.220352e-01 9.208478e-01 9.269104e-01 9.253731e-01 9.183731e-01 9.100118e-01 9.057882e-01 9.206488e-01 9.361679e-01 9.287957e-01 9.182470e-01 9.216111e-01 9.386423e-01 9.475685e-01 9.582320e-01 9.541641e-01 9.523299e-01 9.600607e-01 9.690453e-01 9.738692e-01 9.821970e-01 9.872374e-01 9.872361e-01 9.915810e-01 9.889166e-01 9.789686e-01 9.844176e-01 9.930002e-01 9.920891e-01 9.901643e-01 9.950429e-01 9.933402e-01 9.865028e-01 9.801648e-01 9.737560e-01 9.818378e-01 9.763409e-01 9.536631e-01 9.671803e-01 9.980786e-01 9.919089e-01 9.747041e-01 9.697360e-01 9.727270e-01 9.778380e-01 9.934064e-01 1.004015e+00 1.001240e+00 1.001594e+00 9.989017e-01 9.974520e-01 9.913960e-01 9.897335e-01 1.001405e+00 1.002934e+00 9.961436e-01 9.791875e-01 9.709414e-01 9.748588e-01 9.809319e-01 9.780030e-01 9.726160e-01 9.707320e-01 9.648502e-01 9.445364e-01 9.416407e-01 9.444222e-01 9.486054e-01 9.442512e-01 9.426762e-01 9.372006e-01 9.386325e-01 9.481664e-01 9.465817e-01 9.438860e-01 9.489372e-01 9.469017e-01 9.383038e-01 9.323727e-01 9.359465e-01 9.423637e-01 9.377579e-01 9.258558e-01 9.042948e-01 9.015802e-01 9.176615e-01 9.244025e-01 9.111130e-01 9.097307e-01 9.052321e-01 9.027128e-01 9.139312e-01 9.218383e-01 9.152586e-01 9.029256e-01 8.992006e-01 9.057466e-01 9.214356e-01 9.198647e-01 9.253933e-01
9.593424e-01 9.675776e-01 9.864243e-01 9.824672e-01 9.723318e-01 9.532989e-01 9.291466e-01 9.058575e-01 9.064038e-01 9.015729e-01 8.858899e-01 8.839246e-01 8.832989e-01 8.868325e-01 8.995597e-01 9.053422e-01 8.950169e-01 8.894104e-01 8.913224e-01 9.043525e-01 9.122696e-01 9.100929e-01 9.194025e-01 9.248685e-01 9.228309e-01 9.188200e-01 9.216832e-01 9.256644e-01 9.318078e-01 9.315813e-01 9.321005e-01 9.326112e-01 9.312851e-01 9.347358e-01 9.405059e-01 9.435776e-01 9.427803e-01 9.479569e-01 9.648905e-01 9.883015e-01 9.983525e-01 1.001579e+00 1.010772e+00 1.019958e+00 1.023132e+00 1.025814e+00 1.026988e+00 1.030577e+00 1.034842e+00 1.036841e+00 1.039367e+00 1.045105e+00 1.044708e+00 1.037859e+00 1.033961e+00 1.039891e+00 1.049014e+00 1.060935e+00 1.063224e+00 1.053806e+00 1.045189e+00 1.039885e+00 1.051568e+00 1.043819e+00 1.058569e+00 1.047788e+00 1.041941e+00 1.028379e+00 1.029268e+00 1.022817e+00 1.017376e+00 1.009635e+00 1.012230e+00 9.950066e-01 9.806904e-01 9.676840e-01 9.485903e-01 9.464536e-01 9.666252e-01 9.812377e-01 9.909531e-01 9.891778e-01 9.911987e-01 9.725656e-01 9.522431e-01 9.463731e-01 9.529511e-01 9.511904e-01 9.352353e-01 9.310342e-01 9.468116e-01 9.538760e-01 9.462834e-01 9.433196e-01 9.415564e-01 9.325054e-01 9.240382e-01 9.205075e-01 9.113244e-01 9.081758e-01 9.066660e-01 9.021815e-01 8.891411e-01 8.815234e-01 8.874978e-01 8.914054e-01 8.833303e-01 8.898973e-01 8.993155e-01 9.020488e-01 8.991640e-01 8.906061e-01 8.894243e-01 9.005049e-01 9.072248e-01 8.975484e-01 8.897786e-01 8.886553e-01 8.971203e-01 9.071425e-01 9.103162e-01 9.087314e-01 9.054691e-01 9.064925e-01 9.068143e-01 9.096463e-01 9.166238e-01 9.163820e-01 9.188784e-01 9.135482e-01 9.143786e-01 9.070858e-01 9.083115e-01 9.239593e-01 9.304478e-01 9.406276e-01 9.234114e-01 9.124089e-01 9.148922e-01 9.182462e-01 9.190114e-01 9.247118e-01 9.312851e-01 9.287052e-01 9.132248e-01 8.971105e-01 8.977222e-01 9.142746e-01 9.285503e-01 9.372391e-01 9.493709e-01 9.325746e-01 9.127148e-01 9.202096e-01 9.306000e-01 9.336250e-01 9.355687e-01 9.243825e-01 9.133527e-01 9.160971e-01 9.226570e-01 9.222733e-01 9.163942e-01 9.233785e-01 9.276694e-01 9.238960e-01 9.140215e-01 9.192852e-01 9.448978e-01 9.540361e-01 9.591166e-01 9.636804e-01 9.665174e-01 9.752748e-01 9.701680e-01 9.607563e-01 9.731591e-01 9.931086e-01 9.983579e-01 9.989421e-01 9.876556e-01 9.836648e-01 9.836819e-01 9.811996e-01 9.947591e-01 1.005112e+00 9.931463e-01 9.886026e-01 9.806139e-01 9.687802e-01 9.747446e-01 9.885372e-01 9.937848e-01 9.778306e-01 9.785388e-01 9.921899e-01 9.974096e-01 9.842325e-01 9.694666e-01 9.725710e-01 9.850705e-01 1.007818e+00 1.013324e+00 1.013428e+00 1.003840e+00 9.971232e-01 9.913827e-01 9.803479e-01 9.826569e-01 9.961197e-01 9.953942e-01 9.905807e-01 9.812249e-01 9.793997e-01 9.853820e-01 9.848837e-01 9.758104e-01 9.694628e-01 9.722687e-01 9.627092e-01 9.440230e-01 9.417371e-01 9.429584e-01 9.385156e-01 9.378688e-01 9.468802e-01 9.420875e-01 9.333103e-01 9.400053e-01 9.501343e-01 9.526644e-01 9.553087e-01 9.585797e-01 9.493882e-01 9.377184e-01 9.393461e-01 9.468732e-01 9.449269e-01 9.273939e-01 8.972991e-01 9.007953e-01 9.208531e-01 9.302512e-01 9.210697e-01 9.134709e-01 9.080054e-01 9.075071e-01 9.170147e-01 9.138071e-01 9.046656e-01 9.051155e-01 9.076154e-01 9.159114e-01 9.243089e-01 9.320220e-01 9.397867e-01
9.630723e-01 9.668993e-01 9.857886e-01 9.758927e-01 9.654558e-01 9.481336e-01 9.285207e-01 9.130208e-01 9.174268e-01 9.027671e-01 8.830087e-01 8.826176e-01 8.825087e-01 8.849785e-01 9.005682e-01 9.009870e-01 8.900282e-01 8.857698e-01 8.914395e-01 9.070702e-01 9.130953e-01 9.152607e-01 9.227474e-01 9.300245e-01 9.313880e-01 9.275650e-01 9.313263e-01 9.359355e-01 9.421088e-01 9.344478e-01 9.297793e-01 9.282811e-01 9.302258e-01 9.343038e-01 9.446814e-01 9.473175e-01 9.531723e-01 9.652718e-01 9.816693e-01 9.933845e-01 1.000604e+00 1.006606e+00 1.012808e+00 1.019918e+00 1.023800e+00 1.026489e+00 1.028748e+00 1.035614e+00 1.036764e+00 1.036838e+00 1.040019e+00 1.042857e+00 1.037895e+00 1.028669e+00 1.037765e+00 1.047020e+00 1.056638e+00 1.059227e+00 1.058027e+00 1.050478e+00 1.045692e+00 1.035887e+00 1.044455e+00 1.054640e+00 1.059106e+00 1.043724e+00 1.043747e+00 1.036163e+00 1.042524e+00 1.027941e+00 1.011652e+00 1.013441e+00 1.014054e+00 1.005328e+00 1.005989e+00 9.913335e-01 9.669957e-01 9.601938e-01 9.779235e-01 9.802474e-01 9.811905e-01 9.858587e-01 9.854326e-01 9.759520e-01 9.631861e-01 9.553266e-01 9.550235e-01 9.532502e-01 9.413343e-01 9.364113e-01 9.433869e-01 9.496067e-01 9.431744e-01 9.391389e-01 9.356165e-01 9.317163e-01 9.227837e-01 9.078790e-01 9.018095e-01 9.018762e-01 9.011027e-01 9.056473e-01 9.039138e-01 8.923094e-01 8.877521e-01 8.906117e-01 8.832978e-01 8.855941e-01 8.956789e-01 9.033700e-01 9.041275e-01 9.040835e-01 9.037189e-01 9.112315e-01 9.186881e-01 9.021586e-01 8.979461e-01 8.969866e-01 9.044781e-01 9.115236e-01 9.184095e-01 9.322747e-01 9.312713e-01 9.168282e-01 9.100280e-01 9.083830e-01 9.029368e-01 9.084883e-01 9.205197e-01 9.124200e-01 9.070123e-01 9.015018e-01 9.165980e-01 9.310642e-01 9.390837e-01 9.419518e-01 9.280762e-01 9.195688e-01 9.131885e-01 9.225585e-01 9.289486e-01 9.314386e-01 9.348122e-01 9.275420e-01 9.083427e-01 8.915749e-01 8.934571e-01 9.201975e-01 9.404806e-01 9.532683e-01 9.446580e-01 9.213959e-01 9.147596e-01 9.197539e-01 9.252273e-01 9.357611e-01 9.363512e-01 9.255753e-01 9.097478e-01 9.075122e-01 9.146722e-01 9.294099e-01 9.360135e-01 9.397576e-01 9.329712e-01 9.322451e-01 9.321539e-01 9.351669e-01 9.544959e-01 9.468017e-01 9.449667e-01 9.512134e-01 9.673740e-01 9.681922e-01 9.644965e-01 9.584635e-01 9.764664e-01 9.950753e-01 9.933814e-01 9.912927e-01 9.967831e-01 9.925047e-01 9.837000e-01 9.892192e-01 1.001101e+00 9.993308e-01 9.942501e-01 9.902044e-01 9.794866e-01 9.770657e-01 9.799780e-01 9.770446e-01 9.818779e-01 9.810966e-01 9.756347e-01 9.925044e-01 9.967421e-01 9.816625e-01 9.824239e-01 9.779918e-01 9.877121e-01 1.010240e+00 1.014158e+00 1.008895e+00 9.972960e-01 9.944829e-01 9.892849e-01 9.765443e-01 9.819320e-01 9.952307e-01 9.952282e-01 9.871842e-01 9.815003e-01 9.775769e-01 9.802148e-01 9.780468e-01 9.618382e-01 9.577549e-01 9.636747e-01 9.582105e-01 9.512482e-01 9.521925e-01 9.545965e-01 9.502472e-01 9.479374e-01 9.540895e-01 9.471023e-01 9.316427e-01 9.367989e-01 9.546413e-01 9.592113e-01 9.625720e-01 9.575457e-01 9.533186e-01 9.515931e-01 9.512271e-01 9.495744e-01 9.487399e-01 9.349335e-01 9.137548e-01 9.071666e-01 9.109883e-01 9.155396e-01 9.192227e-01 9.080327e-01 9.023059e-01 9.049639e-01 9.140469e-01 9.077790e-01 8.998311e-01 9.008323e-01 9.025023e-01 9.205697e-01 9.311560e-01 9.498703e-01 9.483989e-01
9.590284e-01 9.667941e-01 9.758353e-01 9.701071e-01 9.593806e-01 9.450847e-01 9.335877e-01 9.245556e-01 9.214151e-01 9.068881e-01 8.899688e-01 8.818269e-01 8.803323e-01 8.908782e-01 9.025335e-01 8.963328e-01 8.868440e-01 8.844824e-01 8.956500e-01 9.068879e-01 9.187984e-01 9.203342e-01 9.203743e-01 9.298231e-01 9.319654e-01 9.300895e-01 9.368898e-01 9.421871e-01 9.422576e-01 9.321913e-01 9.267221e-01 9.240508e-01 9.269646e-01 9.405046e-01 9.524139e-01 9.583535e-01 9.668214e-01 9.785728e-01 9.896083e-01 9.963344e-01 9.960971e-01 1.005643e+00 1.018693e+00 1.026152e+00 1.028207e+00 1.028980e+00 1.029904e+00 1.032269e+00 1.030308e+00 1.032630e+00 1.038384e+00 1.036040e+00 1.035960e+00 1.037066e+00 1.044603e+00 1.052233e+00 1.057766e+00 1.057269e+00 1.050980e+00 1.046776e+00 1.053025e+00 1.043515e+00 1.052009e+00 1.063903e+00 1.055403e+00 1.045232e+00 1.042492e+00 1.047247e+00 1.049040e+00 1.037647e+00 1.025726e+00 1.005298e+00 9.952427e-01 1.005700e+00 1.019355e+00 9.994058e-01 9.790947e-01 9.666334e-01 9.723859e-01 9.783312e-01 9.681419e-01 9.699519e-01 9.773574e-01 9.822589e-01 9.742296e-01 9.740932e-01 9.706786e-01 9.730795e-01 9.696654e-01 9.630851e-01 9.542621e-01 9.463627e-01 9.490758e-01 9.433396e-01 9.341529e-01 9.507629e-01 9.502829e-01 9.229525e-01 9.063579e-01 9.021546e-01 8.998392e-01 9.106005e-01 9.165133e-01 9.036959e-01 8.961905e-01 9.003957e-01 8.986886e-01 8.931285e-01 8.982731e-01 9.029224e-01 9.006860e-01 9.034864e-01 9.081470e-01 9.151345e-01 9.217878e-01 9.124177e-01 9.090286e-01 9.035624e-01 9.039734e-01 9.057291e-01 9.114783e-01 9.277311e-01 9.297392e-01 9.190785e-01 9.029337e-01 8.974077e-01 9.017198e-01 9.057266e-01 9.084162e-01 9.090624e-01 9.144293e-01 9.182218e-01 9.328172e-01 9.400319e-01 9.406075e-01 9.296915e-01 9.185733e-01 9.052303e-01 9.081212e-01 9.191811e-01 9.263561e-01 9.281795e-01 9.291086e-01 9.221385e-01 9.114944e-01 9.092021e-01 9.054301e-01 9.191728e-01 9.325541e-01 9.431289e-01 9.324135e-01 9.200058e-01 9.246358e-01 9.224666e-01 9.230626e-01 9.248536e-01 9.225608e-01 9.250818e-01 9.236860e-01 9.028403e-01 9.000199e-01 9.133940e-01 9.220710e-01 9.262065e-01 9.196638e-01 9.215483e-01 9.358627e-01 9.485157e-01 9.492092e-01 9.235287e-01 9.211659e-01 9.369656e-01 9.609098e-01 9.601719e-01 9.535936e-01 9.664447e-01 9.805551e-01 9.878368e-01 9.807806e-01 9.869170e-01 1.003823e+00 1.004586e+00 9.906618e-01 9.919013e-01 1.000444e+00 9.940766e-01 9.961513e-01 9.968516e-01 9.891549e-01 9.940871e-01 9.911360e-01 9.785551e-01 9.735353e-01 9.884607e-01 9.914601e-01 9.920940e-01 9.863584e-01 9.813162e-01 9.896156e-01 9.748079e-01 9.758215e-01 9.869128e-01 9.912470e-01 9.926546e-01 9.890383e-01 9.897051e-01 9.914989e-01 9.852039e-01 9.904547e-01 9.987218e-01 9.964702e-01 9.878628e-01 9.856894e-01 9.788073e-01 9.783981e-01 9.680994e-01 9.556951e-01 9.581840e-01 9.577044e-01 9.558427e-01 9.541874e-01 9.571976e-01 9.655682e-01 9.618077e-01 9.554172e-01 9.491275e-01 9.396553e-01 9.228969e-01 9.325925e-01 9.537129e-01 9.605421e-01 9.625540e-01 9.555250e-01 9.482797e-01 9.419870e-01 9.441231e-01 9.415333e-01 9.355830e-01 9.348844e-01 9.297767e-01 9.130346e-01 9.091976e-01 9.112434e-01 9.134064e-01 9.118956e-01 9.077234e-01 9.048713e-01 9.025456e-01 9.012544e-01 9.038746e-01 9.003163e-01 8.967361e-01 9.193199e-01 9.383569e-01 9.628034e-01 9.616542e-01
9.581353e-01 9.633745e-01 9.734489e-01 9.653495e-01 9.590768e-01 9.521243e-01 9.449791e-01 9.250636e-01 9.130367e-01 9.081626e-01 8.952630e-01 8.834097e-01 8.846065e-01 9.032449e-01 9.071439e-01 8.946944e-01 8.897517e-01 8.951527e-01 9.037111e-01 9.090120e-01 9.197553e-01 9.218123e-01 9.208651e-01 9.297222e-01 9.328938e-01 9.301090e-01 9.411041e-01 9.440503e-01 9.397715e-01 9.303812e-01 9.270758e-01 9.261383e-01 9.315797e-01 9.468946e-01 9.587201e-01 9.660376e-01 9.736466e-01 9.752117e-01 9.820921e-01 9.893302e-01 9.959162e-01 1.005403e+00 1.022869e+00 1.029827e+00 1.026311e+00 1.023431e+00 1.028338e+00 1.025281e+00 1.023480e+00 1.025096e+00 1.029869e+00 1.034299e+00 1.038538e+00 1.040785e+00 1.043907e+00 1.053666e+00 1.054876e+00 1.050966e+00 1.040007e+00 1.046415e+00 1.054841e+00 1.055815e+00 1.060146e+00 1.054375e+00 1.051030e+00 1.031014e+00 1.033870e+00 1.049048e+00 1.050147e+00 1.034254e+00 1.022678e+00 1.006717e+00 1.003064e+00 1.010381e+00 1.015262e+00 1.008205e+00 9.872226e-01 9.670250e-01 9.768084e-01 9.854687e-01 9.770632e-01 9.723457e-01 9.754487e-01 9.821125e-01 9.774927e-01 9.863430e-01 9.774216e-01 9.822661e-01 9.845883e-01 9.797226e-01 9.668137e-01 9.641304e-01 9.605649e-01 9.539399e-01 9.575857e-01 9.598005e-01 9.610660e-01 9.400775e-01 9.205639e-01 9.172438e-01 9.140256e-01 9.224735e-01 9.235086e-01 9.102702e-01 9.045002e-01 9.117442e-01 9.142532e-01 9.057106e-01 8.990543e-01 8.997574e-01 8.997445e-01 9.091225e-01 9.152246e-01 9.116414e-01 9.099972e-01 9.097156e-01 9.082865e-01 9.133661e-01 9.130089e-01 9.049920e-01 9.004999e-01 9.161372e-01 9.254596e-01 9.185842e-01 8.992019e-01 8.908893e-01 8.981357e-01 9.035276e-01 9.099358e-01 9.149593e-01 9.175205e-01 9.268973e-01 9.337628e-01 9.354346e-01 9.245851e-01 9.184165e-01 9.109193e-01 9.068227e-01 9.122942e-01 9.139891e-01 9.190004e-01 9.284439e-01 9.243613e-01 9.074510e-01 9.052567e-01 9.116451e-01 9.164866e-01 9.150732e-01 9.112796e-01 9.183148e-01 9.330561e-01 9.359016e-01 9.350932e-01 9.307438e-01 9.282216e-01 9.233419e-01 9.249591e-01 9.293703e-01 9.378168e-01 9.199169e-01 9.065197e-01 9.097818e-01 9.133323e-01 9.138492e-01 9.128014e-01 9.163796e-01 9.353315e-01 9.494907e-01 9.369920e-01 9.170961e-01 9.293080e-01 9.581613e-01 9.673662e-01 9.580383e-01 9.523484e-01 9.570388e-01 9.669353e-01 9.678541e-01 9.691188e-01 9.815404e-01 9.987079e-01 1.006820e+00 9.988115e-01 9.941118e-01 9.941506e-01 9.929152e-01 9.940805e-01 9.948460e-01 9.934173e-01 1.002822e+00 1.002670e+00 9.824461e-01 9.852080e-01 9.897068e-01 9.970870e-01 9.762322e-01 9.780902e-01 9.909158e-01 9.882591e-01 9.616778e-01 9.646705e-01 9.652230e-01 9.714372e-01 9.928502e-01 9.925607e-01 9.888983e-01 9.902142e-01 9.891577e-01 9.989343e-01 9.979886e-01 9.891962e-01 9.879727e-01 9.847087e-01 9.809620e-01 9.822840e-01 9.681760e-01 9.658495e-01 9.667316e-01 9.616675e-01 9.556587e-01 9.504660e-01 9.535561e-01 9.602935e-01 9.606634e-01 9.530351e-01 9.474012e-01 9.369968e-01 9.253772e-01 9.311256e-01 9.479201e-01 9.569598e-01 9.606104e-01 9.542530e-01 9.404046e-01 9.353488e-01 9.394970e-01 9.352306e-01 9.351380e-01 9.369406e-01 9.319148e-01 9.258264e-01 9.194844e-01 9.062366e-01 8.958366e-01 9.042572e-01 9.105324e-01 9.055532e-01 8.994041e-01 9.093108e-01 9.154549e-01 9.040589e-01 8.969647e-01 9.162113e-01 9.364181e-01 9.590612e-01 9.704089e-01
9.632210e-01 9.672470e-01 9.756504e-01 9.644924e-01 9.603179e-01 9.619871e-01 9.546505e-01 9.244325e-01 9.126840e-01 9.103410e-01 8.991131e-01 8.917459e-01 8.946090e-01 9.067420e-01 9.009587e-01 8.887721e-01 8.909907e-01 8.944846e-01 8.975945e-01 9.108785e-01 9.213575e-01 9.227512e-01 9.189185e-01 9.205826e-01 9.268202e-01 9.300648e-01 9.293849e-01 9.355643e-01 9.390077e-01 9.354283e-01 9.290564e-01 9.325472e-01 9.436570e-01 9.538891e-01 9.664283e-01 9.701819e-01 9.699718e-01 9.718729e-01 9.773170e-01 9.862087e-01 9.992655e-01 1.002851e+00 1.013270e+00 1.021814e+00 1.022495e+00 1.017130e+00 1.018071e+00 1.022718e+00 1.026804e+00 1.034452e+00 1.038224e+00 1.038473e+00 1.042375e+00 1.041878e+00 1.039305e+00 1.043636e+00 1.048817e+00 1.047244e+00 1.041217e+00 1.047516e+00 1.053473e+00 1.055980e+00 1.058358e+00 1.050580e+00 1.048501e+00 1.037049e+00 1.039280e+00 1.038030e+00 1.037384e+00 1.019900e+00 1.010679e+00 1.007279e+00 1.009756e+00 1.007291e+00 1.009337e+00 1.006753e+00 9.918308e-01 9.833336e-01 9.868361e-01 9.892856e-01 9.748732e-01 9.838031e-01 9.876711e-01 9.829555e-01 9.751256e-01 9.811586e-01 9.804217e-01 9.903541e-01 9.873151e-01 9.746526e-01 9.607880e-01 9.571315e-01 9.630417e-01 9.550059e-01 9.505241e-01 9.570044e-01 9.586806e-01 9.459186e-01 9.352996e-01 9.334003e-01 9.279121e-01 9.205784e-01 9.093291e-01 9.020613e-01 9.072953e-01 9.168105e-01 9.176027e-01 9.099861e-01 8.980000e-01 9.016116e-01 9.010888e-01 9.086753e-01 9.163194e-01 8.984902e-01 8.911557e-01 9.051577e-01 9.114453e-01 9.145085e-01 9.120668e-01 8.961983e-01 8.802714e-01 8.898053e-01 9.011363e-01 9.086020e-01 9.042441e-01 8.997209e-01 9.029251e-01 9.164173e-01 9.198806e-01 9.161470e-01 9.150175e-01 9.255598e-01 9.299522e-01 9.265913e-01 9.229249e-01 9.234557e-01 9.142780e-01 9.019101e-01 9.051574e-01 9.181393e-01 9.315490e-01 9.339674e-01 9.198341e-01 8.962897e-01 8.975201e-01 9.131678e-01 9.230288e-01 9.153310e-01 9.078071e-01 9.179899e-01 9.394501e-01 9.452792e-01 9.331636e-01 9.279218e-01 9.282783e-01 9.244343e-01 9.190982e-01 9.282214e-01 9.367735e-01 9.366791e-01 9.188766e-01 9.183279e-01 9.173068e-01 9.112744e-01 9.109225e-01 9.187648e-01 9.352804e-01 9.496262e-01 9.379262e-01 9.351673e-01 9.530712e-01 9.682431e-01 9.650480e-01 9.494995e-01 9.423059e-01 9.474589e-01 9.572854e-01 9.570877e-01 9.599532e-01 9.674878e-01 9.846008e-01 9.970159e-01 1.001047e+00 9.946378e-01 9.952592e-01 9.918044e-01 9.912569e-01 9.946973e-01 9.989939e-01 9.971905e-01 9.911770e-01 9.822566e-01 9.884336e-01 9.746221e-01 9.883830e-01 9.811672e-01 9.726395e-01 9.926761e-01 9.953156e-01 9.813885e-01 9.656672e-01 9.575261e-01 9.658855e-01 9.886144e-01 9.907003e-01 9.891862e-01 9.897606e-01 9.930593e-01 9.980131e-01 9.940898e-01 9.814271e-01 9.743207e-01 9.762682e-01 9.802327e-01 9.746290e-01 9.698158e-01 9.717141e-01 9.683755e-01 9.603189e-01 9.544231e-01 9.481069e-01 9.542601e-01 9.530499e-01 9.533506e-01 9.509243e-01 9.460546e-01 9.401305e-01 9.326466e-01 9.308758e-01 9.344762e-01 9.448323e-01 9.572090e-01 9.530904e-01 9.394763e-01 9.302350e-01 9.369408e-01 9.356908e-01 9.335492e-01 9.373547e-01 9.346320e-01 9.312526e-01 9.129155e-01 8.940696e-01 8.846561e-01 8.950094e-01 9.059051e-01 9.122869e-01 9.104540e-01 9.156746e-01 9.218317e-01 9.104224e-01 8.983688e-01 9.131021e-01 9.291993e-01 9.426458e-01 9.564046e-01
9.680325e-01 9.708447e-01 9.769260e-01 9.696710e-01 9.628773e-01 9.607127e-01 9.542531e-01 9.285976e-01 9.252461e-01 9.202810e-01 9.049491e-01 9.057912e-01 9.092396e-01 9.062900e-01 8.982332e-01 8.953115e-01 8.910702e-01 8.920140e-01 8.938406e-01 9.098998e-01 9.191926e-01 9.205864e-01 9.166155e-01 9.129623e-01 9.236608e-01 9.300921e-01 9.195702e-01 9.219330e-01 9.275900e-01 9.270410e-01 9.302402e-01 9.419395e-01 9.569151e-01 9.555641e-01 9.521299e-01 9.567559e-01 9.636321e-01 9.705183e-01 9.741016e-01 9.801549e-01 9.922683e-01 1.002062e+00 1.009577e+00 1.016845e+00 1.020049e+00 1.017733e+00 1.021529e+00 1.032316e+00 1.035098e+00 1.041358e+00 1.043692e+00 1.039793e+00 1.045634e+00 1.047241e+00 1.044456e+00 1.042154e+00 1.043053e+00 1.043991e+00 1.039136e+00 1.047555e+00 1.057847e+00 1.054483e+00 1.053515e+00 1.054275e+00 1.054379e+00 1.048140e+00 1.050727e+00 1.035844e+00 1.030614e+00 1.021507e+00 1.014225e+00 1.011054e+00 1.006280e+00 1.006183e+00 1.006806e+00 1.006413e+00 9.940281e-01 9.782173e-01 9.829233e-01 9.905975e-01 9.830107e-01 9.881061e-01 9.889680e-01 9.870738e-01 9.834296e-01 9.815284e-01 9.838725e-01 9.889852e-01 9.838048e-01 9.761567e-01 9.620248e-01 9.559780e-01 9.467256e-01 9.365791e-01 9.417353e-01 9.565555e-01 9.584083e-01 9.424427e-01 9.368076e-01 9.281997e-01 9.173271e-01 9.088098e-01 8.978919e-01 8.993052e-01 9.085242e-01 9.114215e-01 9.167070e-01 9.135744e-01 9.047580e-01 9.081138e-01 9.098278e-01 9.086925e-01 9.082031e-01 8.927754e-01 8.847818e-01 9.050636e-01 9.184717e-01 9.091263e-01 8.958743e-01 8.924688e-01 8.814366e-01 8.833238e-01 8.974814e-01 9.065316e-01 9.136965e-01 9.124461e-01 9.133357e-01 9.285908e-01 9.248652e-01 9.225814e-01 9.169196e-01 9.198298e-01 9.266374e-01 9.272470e-01 9.342282e-01 9.305555e-01 9.157184e-01 9.027305e-01 9.068675e-01 9.206506e-01 9.253882e-01 9.199556e-01 9.095842e-01 8.932686e-01 9.001868e-01 9.161444e-01 9.249653e-01 9.258164e-01 9.216501e-01 9.261678e-01 9.452341e-01 9.546549e-01 9.450511e-01 9.349461e-01 9.341254e-01 9.316370e-01 9.298071e-01 9.316485e-01 9.287052e-01 9.387988e-01 9.307045e-01 9.252112e-01 9.180986e-01 9.138120e-01 9.162934e-01 9.191852e-01 9.275629e-01 9.372534e-01 9.334919e-01 9.422874e-01 9.559321e-01 9.631028e-01 9.492378e-01 9.299833e-01 9.285128e-01 9.514588e-01 9.645706e-01 9.578745e-01 9.537882e-01 9.599159e-01 9.744464e-01 9.877456e-01 9.848689e-01 9.822039e-01 9.764799e-01 9.770273e-01 9.856361e-01 9.943955e-01 1.000468e+00 9.926660e-01 9.898180e-01 9.864120e-01 9.782243e-01 9.738240e-01 9.964118e-01 9.902652e-01 9.781070e-01 9.970300e-01 1.006904e+00 1.000163e+00 9.905759e-01 9.739791e-01 9.639482e-01 9.726815e-01 9.857065e-01 9.918536e-01 9.866752e-01 9.880680e-01 9.904841e-01 9.874326e-01 9.781930e-01 9.711436e-01 9.736489e-01 9.730691e-01 9.721327e-01 9.764179e-01 9.703009e-01 9.550536e-01 9.493187e-01 9.491027e-01 9.482112e-01 9.535997e-01 9.471844e-01 9.494614e-01 9.469031e-01 9.326791e-01 9.332671e-01 9.381309e-01 9.343434e-01 9.287786e-01 9.375949e-01 9.522823e-01 9.520007e-01 9.387760e-01 9.275987e-01 9.393691e-01 9.368260e-01 9.323817e-01 9.389452e-01 9.359853e-01 9.279761e-01 9.052737e-01 8.895839e-01 8.881553e-01 8.945529e-01 9.037918e-01 9.175247e-01 9.198942e-01 9.119642e-01 9.138747e-01 9.118462e-01 9.068584e-01 9.165838e-01 9.272400e-01 9.325047e-01 9.444329e-01
9.702742e-01 9.721174e-01 9.741383e-01 9.704940e-01 9.617471e-01 9.625027e-01 9.547225e-01 9.387191e-01 9.252936e-01 9.158065e-01 9.078723e-01 9.118916e-01 9.176040e-01 9.099588e-01 8.994366e-01 8.951582e-01 8.923674e-01 9.032080e-01 9.084454e-01 9.142412e-01 9.173930e-01 9.240089e-01 9.152464e-01 9.090196e-01 9.156250e-01 9.160582e-01 9.110605e-01 9.173666e-01 9.244618e-01 9.280609e-01 9.339644e-01 9.395483e-01 9.510744e-01 9.502559e-01 9.478779e-01 9.472691e-01 9.580773e-01 9.630811e-01 9.694422e-01 9.800233e-01 9.938461e-01 1.004096e+00 1.009345e+00 1.011736e+00 1.014517e+00 1.018274e+00 1.025552e+00 1.033026e+00 1.038373e+00 1.039637e+00 1.038621e+00 1.035830e+00 1.041489e+00 1.045723e+00 1.047821e+00 1.046450e+00 1.040761e+00 1.038281e+00 1.041739e+00 1.053406e+00 1.056749e+00 1.054564e+00 1.053274e+00 1.049543e+00 1.052766e+00 1.045223e+00 1.046224e+00 1.033181e+00 1.032225e+00 1.024169e+00 1.021028e+00 1.017973e+00 1.014540e+00 1.014514e+00 1.011935e+00 1.006515e+00 9.914919e-01 9.863625e-01 9.864542e-01 9.918872e-01 9.921688e-01 9.872959e-01 9.822626e-01 9.875780e-01 9.979810e-01 9.986583e-01 9.954205e-01 9.882409e-01 9.791205e-01 9.781546e-01 9.777591e-01 9.710598e-01 9.529610e-01 9.455830e-01 9.532926e-01 9.624588e-01 9.576180e-01 9.442371e-01 9.343382e-01 9.306038e-01 9.187068e-01 9.091848e-01 9.024551e-01 9.008874e-01 9.056333e-01 9.092162e-01 9.139040e-01 9.074409e-01 8.994343e-01 9.010451e-01 9.099780e-01 9.079788e-01 9.043001e-01 9.026083e-01 8.944359e-01 9.036484e-01 9.084665e-01 8.989875e-01 8.913943e-01 9.011261e-01 9.043865e-01 8.977829e-01 8.994545e-01 9.134723e-01 9.263531e-01 9.249900e-01 9.182401e-01 9.197574e-01 9.190512e-01 9.252096e-01 9.177688e-01 9.204663e-01 9.245660e-01 9.258171e-01 9.253948e-01 9.240637e-01 9.210238e-01 9.187364e-01 9.174587e-01 9.042364e-01 9.047418e-01 9.098119e-01 9.140362e-01 9.061579e-01 9.057400e-01 9.169694e-01 9.231104e-01 9.331811e-01 9.329919e-01 9.395599e-01 9.540456e-01 9.512950e-01 9.376487e-01 9.335870e-01 9.355761e-01 9.289816e-01 9.289395e-01 9.261124e-01 9.207802e-01 9.362723e-01 9.368873e-01 9.304220e-01 9.269537e-01 9.317447e-01 9.333586e-01 9.272215e-01 9.273567e-01 9.308133e-01 9.261402e-01 9.353017e-01 9.512247e-01 9.532518e-01 9.343323e-01 9.300588e-01 9.367874e-01 9.566269e-01 9.629894e-01 9.534311e-01 9.491596e-01 9.575678e-01 9.737161e-01 9.840277e-01 9.747555e-01 9.718016e-01 9.622210e-01 9.622466e-01 9.787178e-01 9.951043e-01 9.885476e-01 9.799017e-01 9.926609e-01 1.000526e+00 9.825651e-01 9.840518e-01 9.987690e-01 1.004155e+00 1.003687e+00 1.003741e+00 9.863583e-01 9.991866e-01 9.968396e-01 9.776378e-01 9.633769e-01 9.651001e-01 9.778238e-01 9.900722e-01 9.822533e-01 9.838701e-01 9.830492e-01 9.718739e-01 9.687159e-01 9.671801e-01 9.680153e-01 9.660934e-01 9.662644e-01 9.698625e-01 9.658689e-01 9.530845e-01 9.483967e-01 9.426710e-01 9.399748e-01 9.440055e-01 9.370178e-01 9.400462e-01 9.442542e-01 9.351256e-01 9.310176e-01 9.345905e-01 9.372026e-01 9.320001e-01 9.348947e-01 9.493208e-01 9.570251e-01 9.424923e-01 9.339135e-01 9.382105e-01 9.309026e-01 9.297406e-01 9.406931e-01 9.436057e-01 9.324945e-01 9.117119e-01 9.008024e-01 9.044254e-01 9.057481e-01 9.085968e-01 9.202881e-01 9.219152e-01 9.062790e-01 9.022364e-01 9.045323e-01 9.026263e-01 9.127057e-01 9.214837e-01 9.315617e-01 9.442831e-01
9.737602e-01 9.747055e-01 9.716285e-01 9.676306e-01 9.640922e-01 9.560739e-01 9.468334e-01 9.288952e-01 9.224120e-01 9.209548e-01 9.111087e-01 9.115348e-01 9.148024e-01 9.149589e-01 9.082525e-01 9.028460e-01 9.019074e-01 9.114005e-01 9.216204e-01 9.220985e-01 9.221324e-01 9.253671e-01 9.176159e-01 9.100450e-01 9.158828e-01 9.100199e-01 9.130133e-01 9.248105e-01 9.303163e-01 9.359699e-01 9.360567e-01 9.362772e-01 9.457938e-01 9.518130e-01 9.524629e-01 9.600834e-01 9.686552e-01 9.672626e-01 9.700993e-01 9.823299e-01 9.962491e-01 9.978294e-01 1.009892e+00 1.016173e+00 1.012987e+00 1.020770e+00 1.027833e+00 1.027847e+00 1.032739e+00 1.032475e+00 1.034543e+00 1.039003e+00 1.040442e+00 1.037676e+00 1.042873e+00 1.043202e+00 1.038508e+00 1.033340e+00 1.046734e+00 1.060520e+00 1.058816e+00 1.056202e+00 1.048234e+00 1.042157e+00 1.045401e+00 1.047649e+00 1.046300e+00 1.037603e+00 1.035234e+00 1.025791e+00 1.021404e+00 1.021935e+00 1.023126e+00 1.025218e+00 1.019413e+00 1.009031e+00 9.977759e-01 9.955509e-01 9.946046e-01 9.967605e-01 9.899567e-01 9.869135e-01 9.853748e-01 9.873228e-01 1.003119e+00 1.017544e+00 1.012382e+00 9.964302e-01 9.767031e-01 9.728910e-01 9.785501e-01 9.784006e-01 9.755352e-01 9.766532e-01 9.754809e-01 9.757776e-01 9.651542e-01 9.591368e-01 9.477126e-01 9.381584e-01 9.255704e-01 9.199226e-01 9.157117e-01 9.120055e-01 9.106584e-01 9.177154e-01 9.158131e-01 8.988217e-01 8.854201e-01 8.915866e-01 9.042209e-01 9.048859e-01 9.018617e-01 9.108942e-01 9.038433e-01 8.988467e-01 9.088729e-01 9.085850e-01 9.060151e-01 9.180993e-01 9.224535e-01 9.144403e-01 9.145156e-01 9.313287e-01 9.380490e-01 9.280506e-01 9.195017e-01 9.107898e-01 9.070508e-01 9.097227e-01 9.170161e-01 9.217483e-01 9.165657e-01 9.204760e-01 9.162293e-01 9.315007e-01 9.344576e-01 9.325165e-01 9.140494e-01 8.983468e-01 9.047347e-01 9.101943e-01 9.229245e-01 9.169585e-01 9.099528e-01 9.142470e-01 9.234035e-01 9.328295e-01 9.390678e-01 9.505054e-01 9.562982e-01 9.390681e-01 9.234909e-01 9.228899e-01 9.266390e-01 9.321939e-01 9.319212e-01 9.318787e-01 9.271585e-01 9.351436e-01 9.332701e-01 9.290708e-01 9.294698e-01 9.393545e-01 9.430459e-01 9.383617e-01 9.381592e-01 9.360969e-01 9.193699e-01 9.271984e-01 9.452477e-01 9.549863e-01 9.430449e-01 9.468724e-01 9.579328e-01 9.621251e-01 9.527249e-01 9.459667e-01 9.498428e-01 9.658949e-01 9.838308e-01 9.883100e-01 9.796256e-01 9.696738e-01 9.653740e-01 9.653703e-01 9.744775e-01 9.869314e-01 9.847834e-01 9.823339e-01 9.959948e-01 1.003443e+00 9.911875e-01 9.886601e-01 9.861571e-01 9.991248e-01 1.002529e+00 9.842724e-01 9.609489e-01 9.818376e-01 9.929694e-01 9.890343e-01 9.693283e-01 9.597079e-01 9.590899e-01 9.733387e-01 9.775077e-01 9.802134e-01 9.761450e-01 9.609593e-01 9.656733e-01 9.711107e-01 9.671363e-01 9.595274e-01 9.612073e-01 9.611245e-01 9.584653e-01 9.552903e-01 9.547191e-01 9.446920e-01 9.352680e-01 9.289787e-01 9.264680e-01 9.309304e-01 9.313127e-01 9.327183e-01 9.305308e-01 9.274914e-01 9.412211e-01 9.470465e-01 9.414878e-01 9.469355e-01 9.571717e-01 9.489238e-01 9.348897e-01 9.326031e-01 9.298076e-01 9.348067e-01 9.432632e-01 9.498338e-01 9.389667e-01 9.223813e-01 9.150492e-01 9.192902e-01 9.145758e-01 9.061389e-01 9.072955e-01 9.132024e-01 9.064877e-01 9.002453e-01 8.974596e-01 8.961320e-01 9.067250e-01 9.244892e-01 9.312561e-01 9.472582e-01
9.765913e-01 9.773847e-01 9.716042e-01 9.682019e-01 9.743870e-01 9.633806e-01 9.411457e-01 9.223002e-01 9.219623e-01 9.279864e-01 9.248386e-01 9.135246e-01 9.082645e-01 9.142165e-01 9.154423e-01 9.161630e-01 9.154017e-01 9.093937e-01 9.212919e-01 9.219300e-01 9.221438e-01 9.200490e-01 9.190663e-01 9.205284e-01 9.199503e-01 9.151717e-01 9.215177e-01 9.264614e-01 9.313133e-01 9.334313e-01 9.304626e-01 9.316969e-01 9.398063e-01 9.448379e-01 9.514714e-01 9.639287e-01 9.695820e-01 9.685871e-01 9.704359e-01 9.812339e-01 9.913862e-01 9.945707e-01 1.001975e+00 1.012397e+00 1.011532e+00 1.014800e+00 1.023845e+00 1.026293e+00 1.028306e+00 1.029247e+00 1.032817e+00 1.033215e+00 1.025748e+00 1.031700e+00 1.036221e+00 1.033221e+00 1.027297e+00 1.028080e+00 1.048616e+00 1.061167e+00 1.057091e+00 1.048194e+00 1.042412e+00 1.041103e+00 1.044765e+00 1.047644e+00 1.044502e+00 1.036746e+00 1.034784e+00 1.023913e+00 1.024080e+00 1.023500e+00 1.025964e+00 1.027608e+00 1.023762e+00 1.010598e+00 9.974906e-01 1.001733e+00 1.000722e+00 9.960954e-01 9.911083e-01 9.986312e-01 9.939697e-01 9.874170e-01 9.999472e-01 1.015475e+00 1.017288e+00 9.991521e-01 9.725162e-01 9.537976e-01 9.591759e-01 9.637706e-01 9.698551e-01 9.794828e-01 9.870688e-01 9.928184e-01 9.857838e-01 9.742447e-01 9.612845e-01 9.472901e-01 9.338787e-01 9.276185e-01 9.121165e-01 9.078254e-01 9.090834e-01 9.163165e-01 9.060314e-01 8.918959e-01 8.901823e-01 9.015710e-01 9.037395e-01 9.016578e-01 9.016597e-01 9.091559e-01 9.156432e-01 9.128631e-01 9.142559e-01 9.121577e-01 9.162092e-01 9.302039e-01 9.250041e-01 9.217492e-01 9.278600e-01 9.330923e-01 9.317178e-01 9.226924e-01 9.155642e-01 9.084330e-01 9.061460e-01 9.095814e-01 9.183661e-01 9.241577e-01 9.194593e-01 9.170491e-01 9.124923e-01 9.271520e-01 9.313791e-01 9.283841e-01 9.182781e-01 9.142169e-01 9.081495e-01 9.102000e-01 9.178436e-01 9.208850e-01 9.053811e-01 9.103475e-01 9.196758e-01 9.328518e-01 9.412949e-01 9.457539e-01 9.453710e-01 9.354250e-01 9.226032e-01 9.206538e-01 9.190960e-01 9.289135e-01 9.326143e-01 9.385579e-01 9.439936e-01 9.498093e-01 9.405898e-01 9.332364e-01 9.315686e-01 9.295022e-01 9.298533e-01 9.314787e-01 9.383284e-01 9.376507e-01 9.297078e-01 9.291351e-01 9.367900e-01 9.544796e-01 9.539436e-01 9.623631e-01 9.707334e-01 9.675456e-01 9.494449e-01 9.418519e-01 9.483032e-01 9.565279e-01 9.650517e-01 9.665269e-01 9.636607e-01 9.662552e-01 9.645314e-01 9.651129e-01 9.706851e-01 9.809488e-01 9.807502e-01 9.752071e-01 9.876025e-01 9.985399e-01 9.952028e-01 9.868836e-01 9.765609e-01 9.796935e-01 9.868220e-01 9.780204e-01 9.684695e-01 9.744847e-01 9.811227e-01 9.814841e-01 9.720981e-01 9.601188e-01 9.587551e-01 9.662931e-01 9.706307e-01 9.688730e-01 9.697688e-01 9.588881e-01 9.646060e-01 9.700655e-01 9.662154e-01 9.591919e-01 9.547874e-01 9.555816e-01 9.582983e-01 9.561423e-01 9.475937e-01 9.448415e-01 9.350276e-01 9.235184e-01 9.271279e-01 9.308848e-01 9.328218e-01 9.360973e-01 9.411463e-01 9.422523e-01 9.503100e-01 9.529558e-01 9.464347e-01 9.458151e-01 9.481510e-01 9.489158e-01 9.419129e-01 9.443922e-01 9.445618e-01 9.455453e-01 9.485655e-01 9.475188e-01 9.368920e-01 9.262155e-01 9.244086e-01 9.240213e-01 9.169508e-01 9.056765e-01 9.012513e-01 8.999053e-01 9.009175e-01 8.985118e-01 8.919666e-01 8.972943e-01 9.073316e-01 9.246330e-01 9.305002e-01 9.464123e-01
9.866934e-01 9.888531e-01 9.789770e-01 9.797521e-01 9.821439e-01 9.718387e-01 9.469014e-01 9.295237e-01 9.232458e-01 9.315178e-01 9.299558e-01 9.155641e-01 9.074112e-01 9.118196e-01 9.221683e-01 9.166703e-01 9.062468e-01 9.053953e-01 9.176500e-01 9.242322e-01 9.253402e-01 9.213984e-01 9.202503e-01 9.225720e-01 9.263106e-01 9.290193e-01 9.329470e-01 9.331173e-01 9.316015e-01 9.314206e-01 9.331577e-01 9.327261e-01 9.381784e-01 9.421837e-01 9.495186e-01 9.610109e-01 9.709687e-01 9.740268e-01 9.826577e-01 9.864364e-01 9.873902e-01 9.918228e-01 9.982718e-01 1.003965e+00 1.002295e+00 1.008433e+00 1.014443e+00 1.016646e+00 1.016667e+00 1.026582e+00 1.028014e+00 1.024304e+00 1.023518e+00 1.031394e+00 1.033337e+00 1.029939e+00 1.020821e+00 1.028507e+00 1.042648e+00 1.055511e+00 1.050833e+00 1.043826e+00 1.034203e+00 1.040165e+00 1.041441e+00 1.033900e+00 1.038145e+00 1.040990e+00 1.037337e+00 1.030568e+00 1.028404e+00 1.030366e+00 1.030642e+00 1.033089e+00 1.026337e+00 1.016214e+00 1.006462e+00 1.014496e+00 1.015467e+00 1.002784e+00 9.973912e-01 1.005613e+00 9.987245e-01 9.898534e-01 9.884182e-01 1.014220e+00 1.024785e+00 1.015283e+00 9.888857e-01 9.613022e-01 9.569972e-01 9.545531e-01 9.593286e-01 9.708138e-01 9.866988e-01 9.971141e-01 9.905607e-01 9.821618e-01 9.637715e-01 9.485239e-01 9.295269e-01 9.222518e-01 9.094022e-01 9.060901e-01 9.166607e-01 9.094091e-01 9.006420e-01 9.064293e-01 9.173920e-01 9.188951e-01 9.114863e-01 8.984190e-01 8.982559e-01 9.105422e-01 9.216939e-01 9.118935e-01 9.051908e-01 9.039460e-01 9.052264e-01 9.242113e-01 9.271472e-01 9.214810e-01 9.186285e-01 9.188194e-01 9.145765e-01 9.132316e-01 9.120919e-01 9.066151e-01 9.148515e-01 9.317410e-01 9.328096e-01 9.384187e-01 9.286277e-01 9.200896e-01 9.037969e-01 9.107107e-01 9.266439e-01 9.346569e-01 9.161261e-01 9.089528e-01 9.121400e-01 9.184296e-01 9.318122e-01 9.251126e-01 9.096530e-01 9.120792e-01 9.201391e-01 9.290391e-01 9.298218e-01 9.321407e-01 9.308248e-01 9.337501e-01 9.288153e-01 9.300554e-01 9.280074e-01 9.304770e-01 9.312734e-01 9.382256e-01 9.396713e-01 9.515576e-01 9.529757e-01 9.511595e-01 9.350375e-01 9.201972e-01 9.186806e-01 9.280585e-01 9.367995e-01 9.322411e-01 9.235060e-01 9.189700e-01 9.210004e-01 9.367601e-01 9.485122e-01 9.667671e-01 9.833953e-01 9.710339e-01 9.504807e-01 9.443634e-01 9.469029e-01 9.501311e-01 9.569837e-01 9.577171e-01 9.591379e-01 9.600809e-01 9.637467e-01 9.737373e-01 9.762736e-01 9.733772e-01 9.763855e-01 9.718164e-01 9.778079e-01 9.817832e-01 9.926474e-01 9.995399e-01 9.940522e-01 9.734883e-01 9.697071e-01 9.672537e-01 9.795550e-01 9.814816e-01 9.818798e-01 9.689294e-01 9.595971e-01 9.550095e-01 9.589236e-01 9.707597e-01 9.641710e-01 9.568138e-01 9.614856e-01 9.571521e-01 9.558887e-01 9.563494e-01 9.550295e-01 9.569045e-01 9.509242e-01 9.565085e-01 9.605838e-01 9.522045e-01 9.431952e-01 9.428896e-01 9.307109e-01 9.271386e-01 9.357932e-01 9.378825e-01 9.359363e-01 9.374961e-01 9.419187e-01 9.487849e-01 9.546530e-01 9.524947e-01 9.513587e-01 9.489834e-01 9.504352e-01 9.547443e-01 9.577685e-01 9.623170e-01 9.603769e-01 9.544359e-01 9.561625e-01 9.495951e-01 9.311221e-01 9.266809e-01 9.246521e-01 9.158405e-01 9.112298e-01 9.059976e-01 9.006765e-01 8.934173e-01 8.998166e-01 9.016258e-01 8.996739e-01 9.048959e-01 9.166363e-01 9.239461e-01 9.355420e-01 9.491638e-01
9.891486e-01 9.868866e-01 9.843218e-01 9.847937e-01 9.795904e-01 9.689074e-01 9.507943e-01 9.314567e-01 9.240679e-01 9.304706e-01 9.264654e-01 9.149148e-01 9.109679e-01 9.152493e-01 9.202571e-01 9.123025e-01 8.995242e-01 9.042935e-01 9.122676e-01 9.214264e-01 9.316297e-01 9.272026e-01 9.281861e-01 9.309660e-01 9.379261e-01 9.451162e-01 9.457794e-01 9.368373e-01 9.307138e-01 9.326457e-01 9.390146e-01 9.423253e-01 9.423084e-01 9.486907e-01 9.578122e-01 9.630268e-01 9.723472e-01 9.823092e-01 9.927034e-01 9.904478e-01 9.892024e-01 9.988847e-01 1.004708e+00 1.011123e+00 1.015136e+00 1.015649e+00 1.009374e+00 1.003233e+00 1.005700e+00 1.025116e+00 1.029167e+00 1.019862e+00 1.025301e+00 1.029182e+00 1.032719e+00 1.032110e+00 1.024531e+00 1.023865e+00 1.032777e+00 1.044621e+00 1.038725e+00 1.038416e+00 1.030549e+00 1.036839e+00 1.036510e+00 1.032759e+00 1.045695e+00 1.047555e+00 1.041670e+00 1.034626e+00 1.033922e+00 1.032860e+00 1.033128e+00 1.034946e+00 1.027293e+00 1.020085e+00 1.019141e+00 1.018872e+00 1.021257e+00 1.011884e+00 1.006868e+00 1.009961e+00 1.005124e+00 9.921908e-01 9.816939e-01 1.002287e+00 1.018159e+00 1.029497e+00 1.016105e+00 9.929619e-01 9.804480e-01 9.610333e-01 9.530267e-01 9.727425e-01 9.840733e-01 9.855546e-01 9.808800e-01 9.742026e-01 9.668790e-01 9.523302e-01 9.335385e-01 9.261081e-01 9.138653e-01 9.108065e-01 9.152882e-01 9.081813e-01 9.072649e-01 9.222568e-01 9.242316e-01 9.156853e-01 9.090286e-01 8.980295e-01 8.915828e-01 9.023107e-01 9.143346e-01 9.118611e-01 9.062977e-01 9.014819e-01 9.008833e-01 9.057322e-01 9.188687e-01 9.209439e-01 9.096121e-01 9.124427e-01 9.137866e-01 9.147721e-01 9.062662e-01 9.079794e-01 9.236928e-01 9.379513e-01 9.359134e-01 9.258717e-01 9.209367e-01 9.211777e-01 9.083400e-01 9.058002e-01 9.275011e-01 9.351602e-01 9.275147e-01 9.168440e-01 9.187779e-01 9.321790e-01 9.341980e-01 9.201163e-01 9.131804e-01 9.186531e-01 9.220431e-01 9.367200e-01 9.389238e-01 9.439602e-01 9.437222e-01 9.416325e-01 9.338366e-01 9.300869e-01 9.356661e-01 9.401540e-01 9.369251e-01 9.337209e-01 9.352421e-01 9.454479e-01 9.568433e-01 9.545100e-01 9.398941e-01 9.232742e-01 9.202188e-01 9.242499e-01 9.288120e-01 9.217797e-01 9.105166e-01 9.079676e-01 9.140311e-01 9.291260e-01 9.451521e-01 9.659340e-01 9.743343e-01 9.689456e-01 9.607313e-01 9.534663e-01 9.525192e-01 9.546143e-01 9.671631e-01 9.618739e-01 9.580836e-01 9.537198e-01 9.620651e-01 9.678040e-01 9.767578e-01 9.850012e-01 9.890445e-01 9.810693e-01 9.770149e-01 9.784719e-01 9.994705e-01 1.005018e+00 9.900437e-01 9.602441e-01 9.679217e-01 9.653461e-01 9.769346e-01 9.879326e-01 9.759185e-01 9.632931e-01 9.581468e-01 9.480630e-01 9.619023e-01 9.743939e-01 9.629969e-01 9.540364e-01 9.566650e-01 9.609308e-01 9.501032e-01 9.453350e-01 9.452474e-01 9.448124e-01 9.386724e-01 9.515173e-01 9.584271e-01 9.474019e-01 9.371298e-01 9.329880e-01 9.269285e-01 9.264008e-01 9.312195e-01 9.254329e-01 9.325161e-01 9.405870e-01 9.406756e-01 9.588213e-01 9.612126e-01 9.531360e-01 9.521344e-01 9.518244e-01 9.589645e-01 9.605619e-01 9.649602e-01 9.692237e-01 9.641101e-01 9.655664e-01 9.675428e-01 9.556507e-01 9.409502e-01 9.335716e-01 9.292519e-01 9.180914e-01 9.090801e-01 9.030157e-01 8.989078e-01 8.938862e-01 9.023655e-01 9.085336e-01 9.049457e-01 9.042973e-01 9.136811e-01 9.226822e-01 9.323768e-01 9.476615e-01
9.871052e-01 9.801722e-01 9.873828e-01 9.873455e-01 9.837725e-01 9.645139e-01 9.490649e-01 9.388849e-01 9.328359e-01 9.346067e-01 9.310946e-01 9.186319e-01 9.185932e-01 9.246950e-01 9.192984e-01 9.151577e-01 9.103595e-01 9.190311e-01 9.234430e-01 9.274499e-01 9.367045e-01 9.363002e-01 9.388332e-01 9.446599e-01 9.422059e-01 9.413427e-01 9.386699e-01 9.365082e-01 9.290968e-01 9.304884e-01 9.426661e-01 9.428483e-01 9.418997e-01 9.467169e-01 9.574206e-01 9.661629e-01 9.787714e-01 9.895838e-01 9.939002e-01 9.914409e-01 9.957139e-01 9.977915e-01 1.003226e+00 1.015846e+00 1.021624e+00 1.019910e+00 1.012046e+00 9.968713e-01 1.001487e+00 1.018060e+00 1.025599e+00 1.028683e+00 1.027255e+00 1.029411e+00 1.025795e+00 1.026162e+00 1.016153e+00 1.011799e+00 1.022452e+00 1.034720e+00 1.026448e+00 1.031032e+00 1.028591e+00 1.027778e+00 1.032849e+00 1.044752e+00 1.054435e+00 1.044781e+00 1.034128e+00 1.031376e+00 1.038833e+00 1.035015e+00 1.029342e+00 1.024722e+00 1.024178e+00 1.022792e+00 1.017976e+00 1.014768e+00 1.019209e+00 1.012591e+00 1.012592e+00 1.013909e+00 1.004857e+00 9.887393e-01 9.773923e-01 9.896152e-01 1.005043e+00 1.023342e+00 1.028416e+00 1.011627e+00 1.000615e+00 9.866785e-01 9.723722e-01 9.755597e-01 9.933130e-01 9.944212e-01 9.824415e-01 9.713402e-01 9.674241e-01 9.553986e-01 9.415245e-01 9.344007e-01 9.267955e-01 9.253889e-01 9.255172e-01 9.224136e-01 9.121726e-01 9.259412e-01 9.227971e-01 9.126962e-01 9.043028e-01 8.991594e-01 8.933795e-01 8.969750e-01 8.967683e-01 8.982393e-01 9.025882e-01 9.007320e-01 9.039224e-01 9.040477e-01 9.128945e-01 9.141237e-01 9.098911e-01 9.206221e-01 9.222268e-01 9.162747e-01 9.091622e-01 9.103487e-01 9.195743e-01 9.354562e-01 9.366842e-01 9.179515e-01 9.168787e-01 9.219213e-01 9.150081e-01 9.195347e-01 9.303308e-01 9.372764e-01 9.308009e-01 9.207048e-01 9.183351e-01 9.282403e-01 9.224672e-01 9.156202e-01 9.182048e-01 9.266171e-01 9.357269e-01 9.468495e-01 9.449666e-01 9.483769e-01 9.515610e-01 9.472901e-01 9.386458e-01 9.342523e-01 9.349777e-01 9.307377e-01 9.259084e-01 9.242197e-01 9.411664e-01 9.553868e-01 9.558322e-01 9.518225e-01 9.463301e-01 9.318053e-01 9.334944e-01 9.325532e-01 9.262715e-01 9.212534e-01 9.074636e-01 9.111505e-01 9.263923e-01 9.350712e-01 9.426908e-01 9.536992e-01 9.598961e-01 9.612156e-01 9.611008e-01 9.588725e-01 9.578128e-01 9.561886e-01 9.601432e-01 9.610101e-01 9.526494e-01 9.524280e-01 9.581666e-01 9.602679e-01 9.752967e-01 9.917182e-01 9.989614e-01 9.906518e-01 9.857546e-01 9.890648e-01 1.002816e+00 9.919754e-01 9.727374e-01 9.554577e-01 9.632944e-01 9.670342e-01 9.852827e-01 9.893031e-01 9.724120e-01 9.649429e-01 9.658669e-01 9.613050e-01 9.761724e-01 9.710208e-01 9.601244e-01 9.548445e-01 9.582356e-01 9.619985e-01 9.580617e-01 9.525747e-01 9.446877e-01 9.479097e-01 9.432227e-01 9.470969e-01 9.462407e-01 9.413711e-01 9.312355e-01 9.223564e-01 9.261453e-01 9.280430e-01 9.230150e-01 9.189571e-01 9.311612e-01 9.432561e-01 9.511465e-01 9.657620e-01 9.689626e-01 9.558631e-01 9.501598e-01 9.550222e-01 9.689797e-01 9.733961e-01 9.786231e-01 9.715616e-01 9.649360e-01 9.691706e-01 9.708446e-01 9.612675e-01 9.499368e-01 9.447119e-01 9.354995e-01 9.254968e-01 9.152116e-01 9.054771e-01 9.029337e-01 8.993453e-01 8.998423e-01 9.034747e-01 9.082337e-01 9.050834e-01 9.040638e-01 9.179116e-01 9.282563e-01 9.399778e-01
9.770548e-01 9.778891e-01 9.883613e-01 9.947851e-01 9.903910e-01 9.644106e-01 9.428680e-01 9.377543e-01 9.334112e-01 9.318630e-01 9.350365e-01 9.348752e-01 9.361196e-01 9.355549e-01 9.276561e-01 9.202633e-01 9.173223e-01 9.320968e-01 9.391166e-01 9.435875e-01 9.404705e-01 9.478234e-01 9.494308e-01 9.449896e-01 9.358192e-01 9.288984e-01 9.356243e-01 9.355996e-01 9.367219e-01 9.387929e-01 9.469556e-01 9.497418e-01 9.461502e-01 9.490544e-01 9.595985e-01 9.684709e-01 9.810110e-01 9.838611e-01 9.805731e-01 9.870360e-01 9.955477e-01 9.976213e-01 1.007581e+00 1.016973e+00 1.018313e+00 1.015792e+00 1.007401e+00 1.003390e+00 1.009295e+00 1.017613e+00 1.024033e+00 1.030690e+00 1.029125e+00 1.027071e+00 1.022446e+00 1.023497e+00 1.027544e+00 1.030481e+00 1.032685e+00 1.030330e+00 1.026399e+00 1.039054e+00 1.037373e+00 1.029376e+00 1.020367e+00 1.037919e+00 1.049859e+00 1.033801e+00 1.021875e+00 1.029779e+00 1.038256e+00 1.035818e+00 1.023358e+00 1.017251e+00 1.020002e+00 1.017762e+00 1.009465e+00 1.010937e+00 1.019259e+00 1.017461e+00 1.017423e+00 1.019236e+00 1.012784e+00 9.944835e-01 9.938361e-01 9.920509e-01 9.931359e-01 1.003134e+00 1.015452e+00 1.015786e+00 1.010643e+00 9.958759e-01 9.891020e-01 9.922049e-01 9.966209e-01 9.918698e-01 9.785135e-01 9.773359e-01 9.703592e-01 9.638419e-01 9.493006e-01 9.438694e-01 9.404885e-01 9.391078e-01 9.449056e-01 9.384410e-01 9.257350e-01 9.311852e-01 9.245638e-01 9.152868e-01 9.111262e-01 9.076963e-01 9.032788e-01 8.934494e-01 8.873224e-01 8.944404e-01 9.008512e-01 9.040741e-01 9.055250e-01 8.989053e-01 9.041452e-01 9.075658e-01 9.045483e-01 9.136660e-01 9.146740e-01 9.178396e-01 9.191423e-01 9.176391e-01 9.182861e-01 9.402629e-01 9.394931e-01 9.233627e-01 9.214168e-01 9.289252e-01 9.225444e-01 9.234587e-01 9.327554e-01 9.396650e-01 9.229459e-01 9.166681e-01 9.148666e-01 9.187885e-01 9.206883e-01 9.332158e-01 9.303814e-01 9.254318e-01 9.313210e-01 9.402618e-01 9.328615e-01 9.359002e-01 9.441313e-01 9.494044e-01 9.453221e-01 9.383822e-01 9.248078e-01 9.120097e-01 9.100865e-01 9.238924e-01 9.506353e-01 9.613703e-01 9.614391e-01 9.595397e-01 9.561695e-01 9.371397e-01 9.418897e-01 9.446279e-01 9.413118e-01 9.414414e-01 9.263023e-01 9.223649e-01 9.346370e-01 9.437681e-01 9.415177e-01 9.518138e-01 9.536332e-01 9.502676e-01 9.496902e-01 9.493013e-01 9.497166e-01 9.576238e-01 9.593050e-01 9.663615e-01 9.651757e-01 9.658099e-01 9.577404e-01 9.469699e-01 9.652572e-01 9.808580e-01 9.916025e-01 9.926379e-01 9.851257e-01 9.848693e-01 9.992585e-01 9.841731e-01 9.713024e-01 9.599063e-01 9.587320e-01 9.686859e-01 9.918749e-01 9.921377e-01 9.778742e-01 9.601594e-01 9.634343e-01 9.686313e-01 9.745566e-01 9.589710e-01 9.497984e-01 9.519055e-01 9.557365e-01 9.577592e-01 9.674047e-01 9.657223e-01 9.530553e-01 9.509307e-01 9.602271e-01 9.553830e-01 9.411700e-01 9.311342e-01 9.267778e-01 9.264643e-01 9.286147e-01 9.277018e-01 9.151741e-01 9.112498e-01 9.236926e-01 9.401063e-01 9.508250e-01 9.547545e-01 9.635252e-01 9.580659e-01 9.586366e-01 9.667888e-01 9.700628e-01 9.752380e-01 9.757416e-01 9.698141e-01 9.671386e-01 9.695688e-01 9.729137e-01 9.651250e-01 9.559771e-01 9.464360e-01 9.381312e-01 9.339628e-01 9.160252e-01 9.057696e-01 9.030197e-01 9.017922e-01 9.002658e-01 8.993036e-01 9.064209e-01 9.032612e-01 9.002764e-01 9.164495e-01 9.255546e-01 9.353375e-01
9.750545e-01 9.762236e-01 9.854948e-01 9.958144e-01 9.910346e-01 9.648454e-01 9.423249e-01 9.319577e-01 9.264394e-01 9.287922e-01 9.332917e-01 9.393225e-01 9.437422e-01 9.423383e-01 9.285580e-01 9.210071e-01 9.214463e-01 9.390831e-01 9.485681e-01 9.437975e-01 9.440318e-01 9.501107e-01 9.547671e-01 9.443429e-01 9.235014e-01 9.180689e-01 9.330345e-01 9.381465e-01 9.402746e-01 9.492833e-01 9.548120e-01 9.566213e-01 9.575510e-01 9.570321e-01 9.583748e-01 9.641816e-01 9.781664e-01 9.777715e-01 9.780325e-01 9.860558e-01 9.959715e-01 1.001159e+00 1.006599e+00 1.014813e+00 1.017183e+00 1.015924e+00 1.013734e+00 1.017951e+00 1.015560e+00 1.013723e+00 1.011812e+00 1.019458e+00 1.021598e+00 1.025769e+00 1.020463e+00 1.026870e+00 1.038205e+00 1.050322e+00 1.045753e+00 1.032446e+00 1.023191e+00 1.032291e+00 1.041719e+00 1.041376e+00 1.020732e+00 1.025182e+00 1.036968e+00 1.030124e+00 1.025872e+00 1.033260e+00 1.037591e+00 1.034775e+00 1.021058e+00 1.018854e+00 1.024788e+00 1.015397e+00 1.004498e+00 1.011334e+00 1.018842e+00 1.016286e+00 1.019262e+00 1.027270e+00 1.017849e+00 1.013186e+00 1.011733e+00 1.001858e+00 9.899073e-01 9.897625e-01 1.001504e+00 1.009473e+00 1.011706e+00 1.013120e+00 1.006730e+00 9.993001e-01 9.923759e-01 9.899392e-01 9.811575e-01 9.755288e-01 9.692879e-01 9.573227e-01 9.557297e-01 9.561691e-01 9.514898e-01 9.515896e-01 9.496733e-01 9.312675e-01 9.149520e-01 9.178419e-01 9.203589e-01 9.140773e-01 9.116145e-01 9.175050e-01 9.100926e-01 9.006095e-01 8.978028e-01 8.995688e-01 9.014101e-01 9.069392e-01 9.053897e-01 8.999627e-01 8.992382e-01 9.048288e-01 9.029897e-01 9.061867e-01 9.080063e-01 9.211987e-01 9.221641e-01 9.164414e-01 9.225689e-01 9.325338e-01 9.311320e-01 9.209071e-01 9.086962e-01 9.244681e-01 9.302446e-01 9.151601e-01 9.160941e-01 9.264534e-01 9.096434e-01 9.199568e-01 9.267436e-01 9.335874e-01 9.384923e-01 9.528760e-01 9.405691e-01 9.252014e-01 9.279234e-01 9.270761e-01 9.291171e-01 9.393817e-01 9.349927e-01 9.426433e-01 9.393792e-01 9.325358e-01 9.160872e-01 9.053320e-01 9.149045e-01 9.303088e-01 9.469857e-01 9.523813e-01 9.573371e-01 9.535508e-01 9.565442e-01 9.522653e-01 9.491819e-01 9.443076e-01 9.447603e-01 9.518781e-01 9.401546e-01 9.313297e-01 9.297718e-01 9.477206e-01 9.538065e-01 9.556324e-01 9.541516e-01 9.505774e-01 9.477153e-01 9.453716e-01 9.502416e-01 9.577613e-01 9.552439e-01 9.714012e-01 9.771667e-01 9.755455e-01 9.686175e-01 9.572564e-01 9.586539e-01 9.679564e-01 9.832801e-01 9.890572e-01 9.791791e-01 9.833207e-01 9.929093e-01 9.955362e-01 9.895366e-01 9.730233e-01 9.710749e-01 9.723608e-01 9.871677e-01 9.855405e-01 9.744924e-01 9.700403e-01 9.651793e-01 9.663807e-01 9.662579e-01 9.534791e-01 9.500799e-01 9.618224e-01 9.599104e-01 9.566577e-01 9.639475e-01 9.650062e-01 9.601267e-01 9.599144e-01 9.715141e-01 9.657027e-01 9.379385e-01 9.232914e-01 9.255098e-01 9.265274e-01 9.239086e-01 9.247617e-01 9.226962e-01 9.251773e-01 9.291797e-01 9.393445e-01 9.433887e-01 9.453618e-01 9.559588e-01 9.555586e-01 9.658338e-01 9.671268e-01 9.712484e-01 9.769326e-01 9.737235e-01 9.671333e-01 9.712319e-01 9.737577e-01 9.692741e-01 9.705898e-01 9.631015e-01 9.541340e-01 9.483206e-01 9.443545e-01 9.294288e-01 9.175572e-01 9.117607e-01 9.117635e-01 9.069924e-01 8.993303e-01 9.057214e-01 9.035878e-01 9.072635e-01 9.252834e-01 9.337714e-01 9.332407e-01
9.804677e-01 9.743472e-01 9.831213e-01 9.877465e-01 9.886585e-01 9.726903e-01 9.531520e-01 9.392561e-01 9.300981e-01 9.341286e-01 9.376460e-01 9.330074e-01 9.335050e-01 9.355692e-01 9.268788e-01 9.216090e-01 9.322773e-01 9.454634e-01 9.520950e-01 9.536785e-01 9.467817e-01 9.393361e-01 9.503050e-01 9.474208e-01 9.346437e-01 9.277173e-01 9.373005e-01 9.364400e-01 9.377041e-01 9.413778e-01 9.486687e-01 9.577051e-01 9.587141e-01 9.582160e-01 9.567564e-01 9.657021e-01 9.781686e-01 9.811053e-01 9.865240e-01 9.890512e-01 1.000335e+00 1.007256e+00 1.009380e+00 1.015332e+00 1.014365e+00 1.014703e+00 1.014038e+00 1.014084e+00 1.005857e+00 9.996883e-01 9.953740e-01 1.000035e+00 1.012790e+00 1.031908e+00 1.027278e+00 1.028628e+00 1.034493e+00 1.041423e+00 1.032863e+00 1.027560e+00 1.012842e+00 1.017940e+00 1.022616e+00 1.030670e+00 1.017772e+00 1.019088e+00 1.025502e+00 1.025127e+00 1.031263e+00 1.040523e+00 1.044270e+00 1.040522e+00 1.027969e+00 1.025144e+00 1.026817e+00 1.021403e+00 1.012735e+00 1.020631e+00 1.025884e+00 1.023003e+00 1.026311e+00 1.030717e+00 1.017195e+00 1.011813e+00 1.020429e+00 1.014322e+00 1.001574e+00 9.906578e-01 9.884253e-01 1.000228e+00 1.009143e+00 1.019056e+00 1.016286e+00 1.001198e+00 9.943425e-01 9.803553e-01 9.743952e-01 9.791033e-01 9.684187e-01 9.582415e-01 9.605206e-01 9.589029e-01 9.441277e-01 9.459295e-01 9.426048e-01 9.323265e-01 9.249177e-01 9.220763e-01 9.241135e-01 9.077502e-01 9.050722e-01 9.167275e-01 9.135123e-01 9.162239e-01 9.126927e-01 8.992293e-01 8.976532e-01 9.027859e-01 8.964849e-01 8.952934e-01 8.951841e-01 9.071883e-01 9.001979e-01 8.962519e-01 8.983964e-01 9.180658e-01 9.203662e-01 9.158636e-01 9.163674e-01 9.160797e-01 9.139612e-01 9.051108e-01 9.040333e-01 9.280685e-01 9.311709e-01 9.103735e-01 9.088786e-01 9.135629e-01 9.081326e-01 9.221618e-01 9.357812e-01 9.359455e-01 9.353131e-01 9.464707e-01 9.419013e-01 9.288830e-01 9.220022e-01 9.196682e-01 9.309143e-01 9.468753e-01 9.358782e-01 9.306729e-01 9.311475e-01 9.291065e-01 9.180683e-01 9.092884e-01 9.177537e-01 9.376819e-01 9.560593e-01 9.561369e-01 9.523110e-01 9.442416e-01 9.461533e-01 9.476034e-01 9.460130e-01 9.446683e-01 9.350960e-01 9.360742e-01 9.405835e-01 9.428183e-01 9.403792e-01 9.472197e-01 9.545718e-01 9.537106e-01 9.451698e-01 9.442748e-01 9.507895e-01 9.561172e-01 9.611337e-01 9.566365e-01 9.496754e-01 9.644704e-01 9.701176e-01 9.676344e-01 9.609107e-01 9.616491e-01 9.634777e-01 9.681776e-01 9.835556e-01 9.881020e-01 9.834900e-01 9.857833e-01 9.897553e-01 9.968929e-01 9.976899e-01 9.890191e-01 9.784973e-01 9.752152e-01 9.858083e-01 9.782765e-01 9.686176e-01 9.729257e-01 9.729131e-01 9.651957e-01 9.517840e-01 9.489532e-01 9.612930e-01 9.734676e-01 9.746056e-01 9.615735e-01 9.581609e-01 9.629291e-01 9.605950e-01 9.627616e-01 9.744838e-01 9.702582e-01 9.446195e-01 9.301770e-01 9.264979e-01 9.241307e-01 9.224481e-01 9.285197e-01 9.362698e-01 9.434199e-01 9.424620e-01 9.394940e-01 9.430005e-01 9.491875e-01 9.518718e-01 9.579465e-01 9.671282e-01 9.699531e-01 9.726236e-01 9.741531e-01 9.672253e-01 9.677762e-01 9.770423e-01 9.759418e-01 9.767945e-01 9.808316e-01 9.776031e-01 9.711093e-01 9.651909e-01 9.582679e-01 9.432378e-01 9.292213e-01 9.234458e-01 9.197227e-01 9.104098e-01 8.984166e-01 8.994769e-01 9.069380e-01 9.147887e-01 9.270542e-01 9.352047e-01 9.238903e-01
9.812136e-01 9.717287e-01 9.873153e-01 9.828214e-01 9.824619e-01 9.815463e-01 9.715560e-01 9.564286e-01 9.435795e-01 9.377758e-01 9.341608e-01 9.266600e-01 9.278835e-01 9.253017e-01 9.241045e-01 9.292426e-01 9.390863e-01 9.501635e-01 9.578997e-01 9.606754e-01 9.471784e-01 9.387159e-01 9.448164e-01 9.462456e-01 9.440418e-01 9.429188e-01 9.458506e-01 9.421692e-01 9.434802e-01 9.421153e-01 9.458415e-01 9.565044e-01 9.584441e-01 9.563875e-01 9.624585e-01 9.733571e-01 9.832129e-01 9.905283e-01 9.896196e-01 9.878803e-01 1.001940e+00 1.009743e+00 1.007599e+00 1.005951e+00 1.009301e+00 1.010049e+00 1.003810e+00 1.000651e+00 9.907284e-01 9.925858e-01 9.953112e-01 9.996303e-01 1.016277e+00 1.027763e+00 1.019610e+00 1.024089e+00 1.033587e+00 1.034364e+00 1.023062e+00 1.027087e+00 1.013368e+00 1.012339e+00 1.013241e+00 1.018571e+00 1.020776e+00 1.024835e+00 1.023235e+00 1.024403e+00 1.036233e+00 1.041195e+00 1.045281e+00 1.040645e+00 1.035269e+00 1.030751e+00 1.025815e+00 1.023358e+00 1.023900e+00 1.028308e+00 1.032259e+00 1.032336e+00 1.035112e+00 1.038319e+00 1.026935e+00 1.025656e+00 1.029362e+00 1.025254e+00 1.021929e+00 1.011128e+00 9.951152e-01 9.958052e-01 1.005830e+00 1.011015e+00 1.007568e+00 9.937378e-01 9.901757e-01 9.760701e-01 9.722625e-01 9.778106e-01 9.638006e-01 9.667153e-01 9.780455e-01 9.713787e-01 9.436249e-01 9.384043e-01 9.447872e-01 9.491757e-01 9.418893e-01 9.403003e-01 9.285464e-01 9.015210e-01 8.937118e-01 9.113285e-01 9.149882e-01 9.204625e-01 9.241647e-01 9.087610e-01 8.982580e-01 8.977761e-01 8.933233e-01 8.913974e-01 9.003563e-01 9.091016e-01 9.038154e-01 9.002925e-01 9.021692e-01 9.093080e-01 9.100793e-01 9.122041e-01 9.092350e-01 9.070927e-01 9.027537e-01 9.129038e-01 9.112954e-01 9.285932e-01 9.286137e-01 9.168521e-01 9.074944e-01 9.102255e-01 9.129482e-01 9.274781e-01 9.453425e-01 9.372784e-01 9.232532e-01 9.300572e-01 9.363232e-01 9.321283e-01 9.231387e-01 9.204972e-01 9.292480e-01 9.406509e-01 9.361541e-01 9.311937e-01 9.319435e-01 9.328793e-01 9.293652e-01 9.126550e-01 9.114165e-01 9.286015e-01 9.570017e-01 9.594294e-01 9.529025e-01 9.483963e-01 9.357154e-01 9.267042e-01 9.310788e-01 9.329835e-01 9.234090e-01 9.348841e-01 9.510627e-01 9.583275e-01 9.531600e-01 9.426571e-01 9.494652e-01 9.453194e-01 9.326246e-01 9.379054e-01 9.546946e-01 9.663069e-01 9.623680e-01 9.512134e-01 9.562752e-01 9.689426e-01 9.656339e-01 9.609337e-01 9.586775e-01 9.697133e-01 9.717634e-01 9.674554e-01 9.657835e-01 9.703804e-01 9.845135e-01 9.881435e-01 9.883129e-01 9.880827e-01 9.924687e-01 9.851947e-01 9.713484e-01 9.641895e-01 9.772397e-01 9.600021e-01 9.618791e-01 9.784439e-01 9.778079e-01 9.596711e-01 9.414850e-01 9.467646e-01 9.562420e-01 9.720590e-01 9.758047e-01 9.644736e-01 9.638667e-01 9.639553e-01 9.539073e-01 9.480549e-01 9.535446e-01 9.482195e-01 9.411828e-01 9.387756e-01 9.362407e-01 9.256234e-01 9.224177e-01 9.312698e-01 9.428408e-01 9.488386e-01 9.472094e-01 9.462462e-01 9.469925e-01 9.491064e-01 9.547668e-01 9.660316e-01 9.709105e-01 9.710860e-01 9.737049e-01 9.716933e-01 9.703624e-01 9.737273e-01 9.836593e-01 9.860775e-01 9.873356e-01 9.880096e-01 9.822646e-01 9.796476e-01 9.721759e-01 9.558669e-01 9.430757e-01 9.314405e-01 9.296907e-01 9.259536e-01 9.101184e-01 8.994063e-01 9.022651e-01 9.047264e-01 9.102675e-01 9.292486e-01 9.382479e-01 9.285524e-01
9.819725e-01 9.723702e-01 9.837623e-01 9.810790e-01 9.848204e-01 9.828618e-01 9.724304e-01 9.588662e-01 9.504769e-01 9.391253e-01 9.329963e-01 9.329789e-01 9.294626e-01 9.240096e-01 9.299598e-01 9.416310e-01 9.391862e-01 9.380269e-01 9.526476e-01 9.651514e-01 9.578435e-01 9.509963e-01 9.482793e-01 9.434121e-01 9.482015e-01 9.504405e-01 9.528350e-01 9.566945e-01 9.545165e-01 9.507831e-01 9.518737e-01 9.540040e-01 9.527436e-01 9.568279e-01 9.713855e-01 9.815784e-01 9.872493e-01 9.917257e-01 9.886527e-01 9.885095e-01 9.988948e-01 1.001621e+00 1.002409e+00 1.002129e+00 9.986539e-01 1.002285e+00 9.993936e-01 9.946316e-01 9.881608e-01 9.955495e-01 1.004758e+00 1.015369e+00 1.023077e+00 1.017842e+00 1.002155e+00 1.014500e+00 1.026647e+00 1.022373e+00 1.014204e+00 1.015170e+00 1.017064e+00 1.016074e+00 1.017792e+00 1.025676e+00 1.030937e+00 1.031294e+00 1.022950e+00 1.017332e+00 1.031178e+00 1.041073e+00 1.039263e+00 1.036784e+00 1.037429e+00 1.036433e+00 1.033583e+00 1.030726e+00 1.034536e+00 1.036771e+00 1.037312e+00 1.037868e+00 1.041645e+00 1.037736e+00 1.033793e+00 1.033416e+00 1.032175e+00 1.029854e+00 1.031789e+00 1.021869e+00 1.007487e+00 1.003179e+00 1.010388e+00 1.006269e+00 9.958694e-01 9.813125e-01 9.781528e-01 9.719815e-01 9.747052e-01 9.841281e-01 9.801325e-01 9.768279e-01 9.764535e-01 9.687960e-01 9.467417e-01 9.402956e-01 9.443099e-01 9.554486e-01 9.533795e-01 9.469698e-01 9.320770e-01 9.115518e-01 9.060329e-01 9.122925e-01 9.143345e-01 9.136021e-01 9.174391e-01 9.115856e-01 9.020824e-01 8.962533e-01 8.934456e-01 8.923345e-01 9.030733e-01 9.178296e-01 9.151248e-01 9.046624e-01 8.983980e-01 8.976571e-01 9.025951e-01 9.047418e-01 9.037418e-01 9.017218e-01 9.063944e-01 9.172696e-01 9.225861e-01 9.349808e-01 9.355447e-01 9.137291e-01 9.098083e-01 9.098623e-01 9.142092e-01 9.141495e-01 9.394915e-01 9.407128e-01 9.328715e-01 9.382293e-01 9.359128e-01 9.245672e-01 9.236449e-01 9.230576e-01 9.285690e-01 9.326222e-01 9.400373e-01 9.438484e-01 9.387786e-01 9.256396e-01 9.182721e-01 9.172775e-01 9.166127e-01 9.258623e-01 9.368863e-01 9.327240e-01 9.438496e-01 9.434055e-01 9.293125e-01 9.131965e-01 9.214323e-01 9.290794e-01 9.233449e-01 9.339808e-01 9.525589e-01 9.590647e-01 9.533833e-01 9.361878e-01 9.396185e-01 9.414504e-01 9.297692e-01 9.398142e-01 9.532542e-01 9.640587e-01 9.573010e-01 9.471512e-01 9.560788e-01 9.680800e-01 9.657094e-01 9.574273e-01 9.580095e-01 9.721380e-01 9.725465e-01 9.634569e-01 9.545373e-01 9.688531e-01 9.864540e-01 9.820166e-01 9.807215e-01 9.873785e-01 9.904436e-01 9.804289e-01 9.675370e-01 9.465858e-01 9.461846e-01 9.457331e-01 9.691029e-01 9.804508e-01 9.669510e-01 9.493662e-01 9.373382e-01 9.437885e-01 9.485591e-01 9.611056e-01 9.660333e-01 9.597133e-01 9.615886e-01 9.602511e-01 9.478789e-01 9.403331e-01 9.392213e-01 9.416550e-01 9.467899e-01 9.404874e-01 9.318403e-01 9.279500e-01 9.270636e-01 9.329032e-01 9.379852e-01 9.424917e-01 9.447327e-01 9.479655e-01 9.542272e-01 9.589943e-01 9.672955e-01 9.664817e-01 9.635091e-01 9.698820e-01 9.797574e-01 9.765311e-01 9.772596e-01 9.851548e-01 9.903169e-01 9.925462e-01 9.937316e-01 9.896324e-01 9.835259e-01 9.809840e-01 9.757884e-01 9.558937e-01 9.470634e-01 9.356818e-01 9.304467e-01 9.284329e-01 9.135759e-01 9.078985e-01 9.129446e-01 9.055685e-01 9.025655e-01 9.238305e-01 9.387839e-01 9.421573e-01
9.745058e-01 9.745216e-01 9.817101e-01 9.792439e-01 9.767572e-01 9.711406e-01 9.616368e-01 9.530478e-01 9.525002e-01 9.500873e-01 9.460732e-01 9.414589e-01 9.305862e-01 9.301204e-01 9.376630e-01 9.464969e-01 9.363280e-01 9.326485e-01 9.504792e-01 9.686509e-01 9.740565e-01 9.672406e-01 9.645050e-01 9.557859e-01 9.542890e-01 9.498000e-01 9.494658e-01 9.570435e-01 9.609764e-01 9.560851e-01 9.563129e-01 9.509097e-01 9.512714e-01 9.592350e-01 9.764860e-01 9.774710e-01 9.853778e-01 9.951198e-01 9.935875e-01 9.897550e-01 9.988231e-01 9.979427e-01 1.003321e+00 1.004484e+00 9.889247e-01 9.930354e-01 9.974273e-01 1.001236e+00 1.006134e+00 1.010754e+00 1.011808e+00 1.019812e+00 1.027959e+00 1.015882e+00 9.880564e-01 1.004685e+00 1.015015e+00 1.017120e+00 1.018797e+00 1.009709e+00 1.019942e+00 1.024698e+00 1.023891e+00 1.023801e+00 1.033652e+00 1.036595e+00 1.027148e+00 1.019421e+00 1.027460e+00 1.036853e+00 1.035351e+00 1.034906e+00 1.035879e+00 1.037217e+00 1.041505e+00 1.036175e+00 1.036810e+00 1.038885e+00 1.038460e+00 1.037251e+00 1.041855e+00 1.037882e+00 1.034831e+00 1.030961e+00 1.025932e+00 1.027019e+00 1.031497e+00 1.027920e+00 1.020088e+00 1.017565e+00 1.018481e+00 1.016623e+00 1.002468e+00 9.857118e-01 9.799389e-01 9.747024e-01 9.827616e-01 9.941416e-01 9.966018e-01 9.841753e-01 9.689331e-01 9.600108e-01 9.454659e-01 9.442039e-01 9.459836e-01 9.642494e-01 9.674863e-01 9.510196e-01 9.260861e-01 9.185385e-01 9.189135e-01 9.070176e-01 8.998205e-01 9.046928e-01 9.088951e-01 9.092525e-01 8.976902e-01 8.986178e-01 9.009568e-01 9.091406e-01 9.135696e-01 9.145362e-01 9.087946e-01 9.034013e-01 8.938418e-01 8.883043e-01 8.887429e-01 9.009597e-01 9.072804e-01 9.033466e-01 9.030894e-01 9.103867e-01 9.205091e-01 9.346463e-01 9.412277e-01 9.235377e-01 9.155525e-01 9.192611e-01 9.145067e-01 9.034115e-01 9.262557e-01 9.438143e-01 9.389031e-01 9.307774e-01 9.157016e-01 9.191102e-01 9.342980e-01 9.397567e-01 9.318110e-01 9.327619e-01 9.400473e-01 9.455448e-01 9.391217e-01 9.192748e-01 9.134805e-01 9.211361e-01 9.276285e-01 9.313687e-01 9.272052e-01 9.105709e-01 9.234752e-01 9.336753e-01 9.376068e-01 9.264485e-01 9.307812e-01 9.406340e-01 9.365477e-01 9.371923e-01 9.405058e-01 9.523872e-01 9.538622e-01 9.522455e-01 9.470562e-01 9.416149e-01 9.357076e-01 9.507101e-01 9.572718e-01 9.514101e-01 9.565195e-01 9.552759e-01 9.629342e-01 9.688070e-01 9.664295e-01 9.663907e-01 9.669816e-01 9.673108e-01 9.640737e-01 9.718516e-01 9.748201e-01 9.667259e-01 9.785780e-01 9.836050e-01 9.866847e-01 9.884512e-01 9.870203e-01 9.717088e-01 9.541106e-01 9.397990e-01 9.338199e-01 9.468389e-01 9.754097e-01 9.689899e-01 9.656675e-01 9.511061e-01 9.376446e-01 9.470356e-01 9.530393e-01 9.639009e-01 9.661282e-01 9.545173e-01 9.469906e-01 9.549077e-01 9.498816e-01 9.392503e-01 9.343544e-01 9.389228e-01 9.502912e-01 9.414946e-01 9.247780e-01 9.216697e-01 9.281048e-01 9.316964e-01 9.350327e-01 9.378471e-01 9.470431e-01 9.594172e-01 9.684271e-01 9.698868e-01 9.785917e-01 9.707624e-01 9.617701e-01 9.687080e-01 9.789120e-01 9.810358e-01 9.855780e-01 9.952065e-01 9.946437e-01 9.922208e-01 9.901655e-01 9.788359e-01 9.868035e-01 9.905788e-01 9.860161e-01 9.709038e-01 9.613788e-01 9.466689e-01 9.394085e-01 9.379978e-01 9.260472e-01 9.163663e-01 9.173144e-01 9.095080e-01 9.001651e-01 9.187527e-01 9.330395e-01 9.414284e-01
9.750504e-01 9.751186e-01 9.841722e-01 9.738029e-01 9.720795e-01 9.669312e-01 9.553844e-01 9.455728e-01 9.476250e-01 9.524912e-01 9.570526e-01 9.521830e-01 9.434501e-01 9.468570e-01 9.492261e-01 9.449933e-01 9.413903e-01 9.434841e-01 9.600163e-01 9.760503e-01 9.771249e-01 9.783754e-01 9.787719e-01 9.643320e-01 9.542196e-01 9.448107e-01 9.441372e-01 9.453566e-01 9.496968e-01 9.565190e-01 9.624069e-01 9.570974e-01 9.536327e-01 9.590696e-01 9.662637e-01 9.667771e-01 9.813467e-01 9.932093e-01 9.982606e-01 9.967453e-01 9.954731e-01 9.945505e-01 9.975719e-01 9.999694e-01 9.929719e-01 9.972019e-01 1.001201e+00 1.010421e+00 1.016044e+00 1.016796e+00 1.012684e+00 1.022008e+00 1.016396e+00 1.000950e+00 9.855747e-01 1.004951e+00 1.011213e+00 1.018879e+00 1.028027e+00 1.018903e+00 1.012721e+00 1.011835e+00 1.013667e+00 1.020438e+00 1.031038e+00 1.034615e+00 1.032224e+00 1.026191e+00 1.027227e+00 1.035730e+00 1.038338e+00 1.040300e+00 1.036816e+00 1.037933e+00 1.040164e+00 1.042085e+00 1.040812e+00 1.042691e+00 1.043335e+00 1.037651e+00 1.038740e+00 1.034220e+00 1.031502e+00 1.027746e+00 1.027844e+00 1.029524e+00 1.024584e+00 1.027013e+00 1.026207e+00 1.027987e+00 1.029163e+00 1.021252e+00 1.007154e+00 9.922206e-01 9.834520e-01 9.763730e-01 9.886647e-01 1.001431e+00 1.001214e+00 9.871898e-01 9.663044e-01 9.617359e-01 9.436390e-01 9.429580e-01 9.530814e-01 9.674153e-01 9.757881e-01 9.598569e-01 9.284497e-01 9.284078e-01 9.301016e-01 9.019344e-01 8.920822e-01 9.007056e-01 9.094865e-01 9.026211e-01 9.029370e-01 9.066257e-01 9.102805e-01 9.248751e-01 9.190130e-01 9.089042e-01 9.053027e-01 9.049439e-01 9.022624e-01 8.899329e-01 8.853905e-01 8.975253e-01 9.046568e-01 9.029118e-01 9.019974e-01 9.015539e-01 9.160450e-01 9.292044e-01 9.312244e-01 9.250211e-01 9.259304e-01 9.275347e-01 9.237217e-01 9.046617e-01 9.172228e-01 9.352083e-01 9.274783e-01 9.130397e-01 9.056264e-01 9.252018e-01 9.358475e-01 9.368556e-01 9.303776e-01 9.350230e-01 9.356750e-01 9.390926e-01 9.395273e-01 9.350301e-01 9.402162e-01 9.399638e-01 9.395643e-01 9.304096e-01 9.212822e-01 9.077518e-01 9.234549e-01 9.370037e-01 9.408319e-01 9.312500e-01 9.314992e-01 9.408324e-01 9.411243e-01 9.373897e-01 9.372336e-01 9.520375e-01 9.614719e-01 9.622424e-01 9.565281e-01 9.489432e-01 9.443774e-01 9.575970e-01 9.528443e-01 9.485597e-01 9.567955e-01 9.578196e-01 9.668465e-01 9.748251e-01 9.722242e-01 9.746665e-01 9.740978e-01 9.680750e-01 9.613670e-01 9.737883e-01 9.776542e-01 9.668946e-01 9.676116e-01 9.798264e-01 9.898216e-01 9.860610e-01 9.842694e-01 9.725409e-01 9.540525e-01 9.459693e-01 9.382139e-01 9.521034e-01 9.821624e-01 9.816445e-01 9.785883e-01 9.608902e-01 9.423518e-01 9.490639e-01 9.582034e-01 9.653931e-01 9.588048e-01 9.519252e-01 9.473493e-01 9.565362e-01 9.553576e-01 9.374330e-01 9.295647e-01 9.413075e-01 9.437577e-01 9.356618e-01 9.263624e-01 9.283521e-01 9.383391e-01 9.448714e-01 9.459869e-01 9.449331e-01 9.579712e-01 9.688890e-01 9.714222e-01 9.728472e-01 9.721233e-01 9.692343e-01 9.651573e-01 9.736573e-01 9.859304e-01 9.884487e-01 9.924898e-01 1.001466e+00 1.004585e+00 9.942389e-01 9.790220e-01 9.742774e-01 9.858886e-01 9.892800e-01 9.858116e-01 9.794236e-01 9.675463e-01 9.529352e-01 9.474593e-01 9.522696e-01 9.384848e-01 9.189864e-01 9.103348e-01 9.089373e-01 9.064941e-01 9.133512e-01 9.278025e-01 9.314434e-01
9.812391e-01 9.786848e-01 9.881418e-01 9.779394e-01 9.779510e-01 9.736204e-01 9.593258e-01 9.449621e-01 9.453995e-01 9.505528e-01 9.603450e-01 9.670133e-01 9.667034e-01 9.676407e-01 9.632873e-01 9.551115e-01 9.535671e-01 9.607591e-01 9.632348e-01 9.733092e-01 9.779449e-01 9.828315e-01 9.851912e-01 9.727563e-01 9.550478e-01 9.412000e-01 9.419409e-01 9.425508e-01 9.419402e-01 9.534544e-01 9.621713e-01 9.551808e-01 9.555110e-01 9.583430e-01 9.588270e-01 9.618865e-01 9.787302e-01 9.896796e-01 9.965419e-01 9.972017e-01 9.912814e-01 9.908847e-01 9.931258e-01 9.935504e-01 1.001731e+00 1.009416e+00 1.006962e+00 1.007019e+00 1.016687e+00 1.019865e+00 1.018139e+00 1.016191e+00 1.003450e+00 9.847081e-01 9.749614e-01 1.002979e+00 1.005104e+00 1.020950e+00 1.026803e+00 1.017082e+00 1.004583e+00 9.999238e-01 1.004038e+00 1.010083e+00 1.027492e+00 1.039265e+00 1.039036e+00 1.036656e+00 1.031577e+00 1.031923e+00 1.038529e+00 1.048133e+00 1.041330e+00 1.032949e+00 1.037056e+00 1.042973e+00 1.041985e+00 1.041056e+00 1.042100e+00 1.037491e+00 1.032449e+00 1.027500e+00 1.025782e+00 1.024466e+00 1.027826e+00 1.032963e+00 1.029496e+00 1.030546e+00 1.032031e+00 1.031283e+00 1.027166e+00 1.016005e+00 1.011459e+00 1.000284e+00 9.874886e-01 9.894987e-01 1.001314e+00 1.009539e+00 1.006089e+00 9.813489e-01 9.642089e-01 9.604173e-01 9.404526e-01 9.380378e-01 9.531019e-01 9.679889e-01 9.815967e-01 9.683579e-01 9.435708e-01 9.299003e-01 9.195565e-01 9.133723e-01 9.027743e-01 9.022303e-01 9.061144e-01 8.962327e-01 8.980644e-01 9.078999e-01 9.194807e-01 9.161290e-01 9.053157e-01 8.978896e-01 8.958843e-01 9.041060e-01 9.107450e-01 9.055506e-01 8.886970e-01 8.879562e-01 9.019710e-01 9.053077e-01 9.006244e-01 9.025155e-01 9.139372e-01 9.203935e-01 9.224681e-01 9.172512e-01 9.165939e-01 9.325706e-01 9.373419e-01 9.251325e-01 9.157791e-01 9.233074e-01 9.191766e-01 9.135976e-01 9.071058e-01 9.125269e-01 9.315962e-01 9.343987e-01 9.322639e-01 9.418138e-01 9.449364e-01 9.352238e-01 9.387411e-01 9.403187e-01 9.550259e-01 9.578611e-01 9.458693e-01 9.255432e-01 9.101373e-01 9.110616e-01 9.296446e-01 9.331816e-01 9.340325e-01 9.303550e-01 9.363691e-01 9.361518e-01 9.329337e-01 9.357434e-01 9.466991e-01 9.654756e-01 9.660261e-01 9.620985e-01 9.585522e-01 9.452658e-01 9.544443e-01 9.660409e-01 9.619603e-01 9.579985e-01 9.531675e-01 9.648177e-01 9.683145e-01 9.714222e-01 9.691768e-01 9.733350e-01 9.751378e-01 9.699854e-01 9.635879e-01 9.672629e-01 9.621202e-01 9.538810e-01 9.631538e-01 9.757980e-01 9.845785e-01 9.888275e-01 9.875884e-01 9.786212e-01 9.637890e-01 9.546583e-01 9.471465e-01 9.556912e-01 9.824862e-01 9.911814e-01 9.790449e-01 9.514169e-01 9.353090e-01 9.434111e-01 9.482691e-01 9.489945e-01 9.561285e-01 9.548779e-01 9.519906e-01 9.601979e-01 9.570768e-01 9.372579e-01 9.338207e-01 9.435559e-01 9.368493e-01 9.345049e-01 9.394345e-01 9.399478e-01 9.477863e-01 9.563684e-01 9.569958e-01 9.582922e-01 9.697291e-01 9.775828e-01 9.782455e-01 9.789329e-01 9.760722e-01 9.747702e-01 9.748071e-01 9.814260e-01 9.890657e-01 9.963451e-01 1.004611e+00 1.016315e+00 1.017361e+00 9.995694e-01 9.791058e-01 9.806570e-01 9.858566e-01 9.920810e-01 9.871929e-01 9.752378e-01 9.612787e-01 9.506053e-01 9.537230e-01 9.641411e-01 9.526321e-01 9.269056e-01 9.096627e-01 9.047154e-01 9.143153e-01 9.154440e-01 9.276711e-01 9.310184e-01
9.845948e-01 9.831038e-01 9.880254e-01 9.790000e-01 9.887055e-01 9.846579e-01 9.633495e-01 9.511895e-01 9.469255e-01 9.478557e-01 9.595194e-01 9.768534e-01 9.829867e-01 9.839134e-01 9.807270e-01 9.703245e-01 9.643036e-01 9.682361e-01 9.671187e-01 9.739410e-01 9.819781e-01 9.871987e-01 9.819435e-01 9.691092e-01 9.525080e-01 9.454460e-01 9.458911e-01 9.416450e-01 9.387183e-01 9.471524e-01 9.601050e-01 9.553587e-01 9.564250e-01 9.645818e-01 9.632923e-01 9.689134e-01 9.801620e-01 9.827926e-01 9.907529e-01 9.922318e-01 9.911556e-01 9.957526e-01 9.939843e-01 9.943365e-01 1.010466e+00 1.016067e+00 1.008346e+00 1.007561e+00 1.017703e+00 1.022502e+00 1.017476e+00 1.003618e+00 9.906183e-01 9.815954e-01 9.872222e-01 9.996299e-01 9.925407e-01 1.007662e+00 1.017982e+00 1.005934e+00 9.964683e-01 9.994580e-01 9.997503e-01 1.009528e+00 1.033983e+00 1.040692e+00 1.043801e+00 1.043641e+00 1.038498e+00 1.033542e+00 1.041722e+00 1.049436e+00 1.045054e+00 1.036863e+00 1.039433e+00 1.050804e+00 1.052523e+00 1.047463e+00 1.047231e+00 1.038574e+00 1.034328e+00 1.027583e+00 1.026577e+00 1.027403e+00 1.028859e+00 1.034276e+00 1.039228e+00 1.037633e+00 1.037986e+00 1.028927e+00 1.028062e+00 1.024980e+00 1.019703e+00 1.005980e+00 9.922732e-01 9.925603e-01 1.000992e+00 1.006729e+00 9.988393e-01 9.891538e-01 9.726996e-01 9.609059e-01 9.336537e-01 9.441161e-01 9.609190e-01 9.706032e-01 9.702206e-01 9.617198e-01 9.399776e-01 9.277220e-01 9.213986e-01 9.166077e-01 9.217833e-01 9.170449e-01 9.159942e-01 8.978562e-01 8.942047e-01 9.089538e-01 9.106536e-01 9.026930e-01 8.989524e-01 9.014848e-01 9.068157e-01 9.070970e-01 9.156133e-01 9.132827e-01 8.988404e-01 8.899584e-01 8.996093e-01 9.100023e-01 9.191669e-01 9.216951e-01 9.218432e-01 9.160326e-01 9.188479e-01 9.216623e-01 9.145476e-01 9.296895e-01 9.318756e-01 9.279636e-01 9.222320e-01 9.197509e-01 9.128231e-01 9.174914e-01 9.042360e-01 9.089752e-01 9.345221e-01 9.455812e-01 9.423623e-01 9.424289e-01 9.444509e-01 9.394396e-01 9.381706e-01 9.356486e-01 9.432613e-01 9.548743e-01 9.485914e-01 9.245893e-01 9.147860e-01 9.210373e-01 9.421745e-01 9.391493e-01 9.270649e-01 9.302632e-01 9.394897e-01 9.430219e-01 9.402996e-01 9.467750e-01 9.582530e-01 9.633839e-01 9.608987e-01 9.618043e-01 9.635522e-01 9.570594e-01 9.664206e-01 9.710673e-01 9.627437e-01 9.702604e-01 9.645011e-01 9.710777e-01 9.661057e-01 9.663650e-01 9.674215e-01 9.695782e-01 9.652218e-01 9.649971e-01 9.594416e-01 9.655141e-01 9.638545e-01 9.580844e-01 9.673172e-01 9.713702e-01 9.783387e-01 9.830749e-01 9.893822e-01 9.797041e-01 9.682065e-01 9.675428e-01 9.563383e-01 9.622490e-01 9.808526e-01 9.867337e-01 9.739532e-01 9.401098e-01 9.422889e-01 9.497347e-01 9.455085e-01 9.452435e-01 9.575656e-01 9.581302e-01 9.577383e-01 9.636199e-01 9.574776e-01 9.441547e-01 9.401662e-01 9.432738e-01 9.410676e-01 9.412434e-01 9.510652e-01 9.512843e-01 9.504658e-01 9.545593e-01 9.523116e-01 9.577312e-01 9.708173e-01 9.812435e-01 9.858428e-01 9.836056e-01 9.805859e-01 9.828297e-01 9.879600e-01 9.917402e-01 9.969068e-01 1.004195e+00 1.017024e+00 1.025423e+00 1.012909e+00 9.950160e-01 9.885918e-01 9.844298e-01 9.870207e-01 9.989315e-01 9.863709e-01 9.709631e-01 9.538937e-01 9.393173e-01 9.480677e-01 9.634514e-01 9.538804e-01 9.328226e-01 9.150980e-01 9.073002e-01 9.194731e-01 9.205804e-01 9.287089e-01 9.332151e-01
9.784669e-01 9.761203e-01 9.744616e-01 9.726453e-01 9.797559e-01 9.806994e-01 9.673790e-01 9.547737e-01 9.546753e-01 9.547343e-01 9.626440e-01 9.759974e-01 9.849498e-01 9.904855e-01 9.862302e-01 9.731041e-01 9.631059e-01 9.666979e-01 9.718759e-01 9.768562e-01 9.849288e-01 9.848201e-01 9.798523e-01 9.694937e-01 9.529063e-01 9.553406e-01 9.548532e-01 9.457228e-01 9.427242e-01 9.521936e-01 9.643968e-01 9.692388e-01 9.719655e-01 9.741633e-01 9.705014e-01 9.774160e-01 9.838054e-01 9.826860e-01 9.846268e-01 9.864151e-01 9.975685e-01 1.002081e+00 9.989159e-01 9.983085e-01 1.010901e+00 1.015601e+00 1.008508e+00 1.011966e+00 1.016503e+00 1.021233e+00 1.013052e+00 1.001848e+00 9.864079e-01 9.850054e-01 9.961056e-01 9.933971e-01 9.935831e-01 9.975695e-01 1.010193e+00 9.973603e-01 9.962163e-01 1.002970e+00 1.003337e+00 1.020564e+00 1.037881e+00 1.040286e+00 1.046463e+00 1.049413e+00 1.048599e+00 1.039238e+00 1.043957e+00 1.051888e+00 1.050341e+00 1.044976e+00 1.046290e+00 1.053216e+00 1.056868e+00 1.053334e+00 1.054752e+00 1.047948e+00 1.044420e+00 1.038043e+00 1.034568e+00 1.030891e+00 1.037295e+00 1.043015e+00 1.045092e+00 1.040644e+00 1.033617e+00 1.032320e+00 1.032957e+00 1.026215e+00 1.008491e+00 1.000953e+00 9.993941e-01 9.962013e-01 1.000938e+00 9.963419e-01 9.878405e-01 9.845402e-01 9.789889e-01 9.625698e-01 9.565481e-01 9.542509e-01 9.623901e-01 9.665102e-01 9.670033e-01 9.552345e-01 9.381994e-01 9.263539e-01 9.335929e-01 9.310872e-01 9.250180e-01 9.406364e-01 9.377159e-01 9.096682e-01 9.004500e-01 9.105118e-01 9.023181e-01 8.945603e-01 8.970895e-01 9.006858e-01 9.091391e-01 9.077138e-01 9.135774e-01 9.172439e-01 9.202407e-01 9.098004e-01 9.042750e-01 9.088210e-01 9.204535e-01 9.223195e-01 9.199772e-01 9.162852e-01 9.158723e-01 9.163312e-01 9.025584e-01 9.205531e-01 9.179461e-01 9.141959e-01 9.204380e-01 9.235890e-01 9.202856e-01 9.116247e-01 9.023806e-01 9.176051e-01 9.358736e-01 9.450846e-01 9.468554e-01 9.404756e-01 9.355460e-01 9.349629e-01 9.345345e-01 9.354585e-01 9.359465e-01 9.450721e-01 9.431947e-01 9.186901e-01 9.161459e-01 9.307075e-01 9.378722e-01 9.401854e-01 9.256867e-01 9.265563e-01 9.403910e-01 9.499683e-01 9.572955e-01 9.722973e-01 9.761797e-01 9.803471e-01 9.706226e-01 9.611393e-01 9.642539e-01 9.718372e-01 9.741536e-01 9.691454e-01 9.656077e-01 9.685457e-01 9.676597e-01 9.724843e-01 9.606997e-01 9.631857e-01 9.768271e-01 9.779473e-01 9.643333e-01 9.662188e-01 9.685199e-01 9.849946e-01 9.823438e-01 9.749366e-01 9.744046e-01 9.756140e-01 9.711731e-01 9.765764e-01 9.900213e-01 9.774616e-01 9.673092e-01 9.706049e-01 9.668201e-01 9.754726e-01 9.774686e-01 9.775562e-01 9.613417e-01 9.411887e-01 9.467568e-01 9.473506e-01 9.469132e-01 9.542000e-01 9.634842e-01 9.685410e-01 9.673306e-01 9.632755e-01 9.608608e-01 9.550475e-01 9.484500e-01 9.504812e-01 9.464841e-01 9.421037e-01 9.507752e-01 9.531441e-01 9.462475e-01 9.468502e-01 9.502670e-01 9.551398e-01 9.612063e-01 9.778671e-01 9.912611e-01 9.903798e-01 9.872031e-01 9.938698e-01 9.998410e-01 1.001258e+00 1.005664e+00 1.016293e+00 1.025249e+00 1.021800e+00 1.009223e+00 9.970105e-01 9.972123e-01 9.896315e-01 9.928504e-01 1.000399e+00 9.847344e-01 9.731069e-01 9.594143e-01 9.437222e-01 9.436513e-01 9.521838e-01 9.448887e-01 9.362302e-01 9.252772e-01 9.143099e-01 9.203600e-01 9.279929e-01 9.342551e-01 9.396111e-01
9.778537e-01 9.737098e-01 9.717263e-01 9.700415e-01 9.748617e-01 9.805513e-01 9.780798e-01 9.646516e-01 9.606158e-01 9.596447e-01 9.689595e-01 9.770621e-01 9.822962e-01 9.875978e-01 9.850486e-01 9.775198e-01 9.710774e-01 9.728677e-01 9.724687e-01 9.785006e-01 9.868791e-01 9.824894e-01 9.755859e-01 9.700724e-01 9.652110e-01 9.664757e-01 9.648856e-01 9.587771e-01 9.531640e-01 9.601760e-01 9.705015e-01 9.754277e-01 9.782964e-01 9.748305e-01 9.741424e-01 9.760326e-01 9.826600e-01 9.863321e-01 9.859671e-01 9.863368e-01 9.961762e-01 9.997141e-01 9.981600e-01 9.975932e-01 1.002854e+00 1.008254e+00 1.001960e+00 9.976736e-01 1.004294e+00 1.009462e+00 1.003590e+00 1.002255e+00 9.984020e-01 1.000238e+00 1.004264e+00 1.003385e+00 1.011489e+00 1.003764e+00 1.010427e+00 1.005783e+00 1.004738e+00 1.010227e+00 1.023002e+00 1.033410e+00 1.041542e+00 1.040400e+00 1.044259e+00 1.047757e+00 1.047895e+00 1.043493e+00 1.045228e+00 1.046501e+00 1.047166e+00 1.047157e+00 1.046823e+00 1.049938e+00 1.045452e+00 1.048349e+00 1.056649e+00 1.055906e+00 1.051575e+00 1.048394e+00 1.045413e+00 1.040810e+00 1.044224e+00 1.043418e+00 1.041120e+00 1.040404e+00 1.034138e+00 1.035406e+00 1.038489e+00 1.027210e+00 1.003667e+00 9.961237e-01 9.979221e-01 1.000046e+00 1.011304e+00 1.004423e+00 9.879916e-01 9.818775e-01 9.711558e-01 9.656232e-01 9.581610e-01 9.561229e-01 9.643917e-01 9.592313e-01 9.555301e-01 9.531015e-01 9.402669e-01 9.341645e-01 9.440094e-01 9.402575e-01 9.315504e-01 9.386595e-01 9.335328e-01 9.142163e-01 9.085961e-01 9.147307e-01 9.067343e-01 8.993902e-01 8.958058e-01 8.958517e-01 9.076453e-01 9.028755e-01 9.042718e-01 9.143863e-01 9.159933e-01 9.089041e-01 9.012736e-01 9.068255e-01 9.142775e-01 9.180366e-01 9.148946e-01 9.172738e-01 9.266357e-01 9.208508e-01 9.085233e-01 9.140935e-01 9.084522e-01 9.031659e-01 9.170771e-01 9.110312e-01 9.037794e-01 9.074311e-01 9.170768e-01 9.218262e-01 9.226326e-01 9.246532e-01 9.382999e-01 9.359305e-01 9.351416e-01 9.397829e-01 9.353061e-01 9.255292e-01 9.242777e-01 9.289644e-01 9.371203e-01 9.309141e-01 9.280241e-01 9.385083e-01 9.313959e-01 9.402074e-01 9.371361e-01 9.336462e-01 9.472793e-01 9.589792e-01 9.604898e-01 9.740318e-01 9.813864e-01 9.828867e-01 9.694477e-01 9.596491e-01 9.628897e-01 9.733573e-01 9.728444e-01 9.706445e-01 9.663759e-01 9.643757e-01 9.678118e-01 9.712365e-01 9.642370e-01 9.681475e-01 9.777732e-01 9.749246e-01 9.677430e-01 9.797029e-01 9.772735e-01 9.783502e-01 9.753101e-01 9.759592e-01 9.720275e-01 9.776732e-01 9.751582e-01 9.750845e-01 9.797045e-01 9.734627e-01 9.659815e-01 9.705186e-01 9.705613e-01 9.775453e-01 9.765255e-01 9.767730e-01 9.698260e-01 9.544347e-01 9.448826e-01 9.461075e-01 9.511564e-01 9.591932e-01 9.640846e-01 9.749886e-01 9.796119e-01 9.641883e-01 9.576324e-01 9.573585e-01 9.552072e-01 9.586362e-01 9.503670e-01 9.438848e-01 9.481834e-01 9.544359e-01 9.471766e-01 9.394977e-01 9.417001e-01 9.443125e-01 9.554085e-01 9.736747e-01 9.880855e-01 9.955900e-01 1.001010e+00 1.003325e+00 1.000804e+00 9.963481e-01 1.000803e+00 1.019258e+00 1.024265e+00 1.018817e+00 1.012166e+00 1.001607e+00 9.997578e-01 9.998401e-01 1.001398e+00 1.001087e+00 9.903909e-01 9.836206e-01 9.750842e-01 9.565791e-01 9.474154e-01 9.452902e-01 9.453936e-01 9.403799e-01 9.341871e-01 9.250849e-01 9.288912e-01 9.326880e-01 9.395041e-01 9.405779e-01
9.816949e-01 9.775664e-01 9.771199e-01 9.777063e-01 9.787325e-01 9.775738e-01 9.842860e-01 9.788302e-01 9.704469e-01 9.705353e-01 9.735738e-01 9.788924e-01 9.828752e-01 9.893610e-01 9.883893e-01 9.871491e-01 9.820786e-01 9.798214e-01 9.780597e-01 9.830322e-01 9.879648e-01 9.899653e-01 9.835578e-01 9.734203e-01 9.747199e-01 9.740430e-01 9.737383e-01 9.694491e-01 9.659726e-01 9.621379e-01 9.629363e-01 9.670272e-01 9.699234e-01 9.752944e-01 9.811261e-01 9.790984e-01 9.810688e-01 9.861081e-01 9.851590e-01 9.891158e-01 9.914966e-01 9.895319e-01 9.963489e-01 1.001997e+00 1.003554e+00 1.000950e+00 9.923021e-01 9.861235e-01 9.966768e-01 1.002040e+00 9.937374e-01 9.870110e-01 1.002305e+00 1.013105e+00 1.022122e+00 1.023839e+00 1.020564e+00 1.018669e+00 1.012670e+00 1.003244e+00 1.012772e+00 1.013583e+00 1.025211e+00 1.029196e+00 1.039433e+00 1.040448e+00 1.038463e+00 1.040149e+00 1.042540e+00 1.046351e+00 1.038743e+00 1.037346e+00 1.040086e+00 1.042058e+00 1.039711e+00 1.043715e+00 1.044604e+00 1.049630e+00 1.054866e+00 1.056743e+00 1.054089e+00 1.052417e+00 1.057181e+00 1.054329e+00 1.048631e+00 1.046072e+00 1.040812e+00 1.034560e+00 1.035220e+00 1.042653e+00 1.046347e+00 1.040101e+00 1.019965e+00 1.006655e+00 1.002192e+00 1.005197e+00 1.008149e+00 1.009326e+00 1.003446e+00 1.000231e+00 9.921887e-01 9.752703e-01 9.657330e-01 9.607046e-01 9.500218e-01 9.515533e-01 9.498859e-01 9.565883e-01 9.554849e-01 9.472616e-01 9.422517e-01 9.339388e-01 9.234281e-01 9.235160e-01 9.248628e-01 9.143265e-01 9.121351e-01 9.131750e-01 9.134872e-01 9.110498e-01 9.062061e-01 8.936717e-01 8.947378e-01 8.994292e-01 9.062731e-01 9.139154e-01 9.054139e-01 8.950118e-01 8.897328e-01 8.942400e-01 9.046137e-01 9.062572e-01 9.190649e-01 9.330168e-01 9.321122e-01 9.271390e-01 9.059811e-01 8.974642e-01 9.009393e-01 9.017505e-01 9.039130e-01 8.971468e-01 8.934187e-01 9.111871e-01 9.163629e-01 9.097891e-01 9.129011e-01 9.224545e-01 9.334693e-01 9.363026e-01 9.384085e-01 9.417962e-01 9.422281e-01 9.264268e-01 9.284049e-01 9.264760e-01 9.433395e-01 9.661683e-01 9.671441e-01 9.570347e-01 9.391450e-01 9.485398e-01 9.502584e-01 9.492254e-01 9.643185e-01 9.714956e-01 9.645643e-01 9.693402e-01 9.780800e-01 9.714215e-01 9.615695e-01 9.623013e-01 9.751192e-01 9.777212e-01 9.750426e-01 9.739056e-01 9.625701e-01 9.647474e-01 9.744474e-01 9.751732e-01 9.734821e-01 9.733306e-01 9.828530e-01 9.787360e-01 9.731205e-01 9.831700e-01 9.773960e-01 9.592157e-01 9.608465e-01 9.706473e-01 9.743932e-01 9.808053e-01 9.824200e-01 9.841591e-01 9.763727e-01 9.721881e-01 9.708824e-01 9.668489e-01 9.632882e-01 9.709778e-01 9.788005e-01 9.812405e-01 9.780305e-01 9.570016e-01 9.462503e-01 9.541841e-01 9.608426e-01 9.600775e-01 9.699090e-01 9.809124e-01 9.843686e-01 9.655944e-01 9.535904e-01 9.512749e-01 9.560751e-01 9.625834e-01 9.564543e-01 9.525265e-01 9.556113e-01 9.562463e-01 9.480103e-01 9.442740e-01 9.482014e-01 9.463827e-01 9.590498e-01 9.741290e-01 9.860475e-01 9.956465e-01 1.002875e+00 1.004598e+00 1.001689e+00 9.955704e-01 9.998675e-01 1.014832e+00 1.016719e+00 1.016627e+00 1.014560e+00 1.010429e+00 1.010788e+00 1.008655e+00 1.004570e+00 1.001083e+00 9.976227e-01 9.914005e-01 9.828886e-01 9.634923e-01 9.547808e-01 9.505847e-01 9.500113e-01 9.415420e-01 9.327038e-01 9.301736e-01 9.343878e-01 9.408357e-01 9.384139e-01 9.435293e-01
9.840149e-01 9.779651e-01 9.751269e-01 9.846048e-01 9.840106e-01 9.778789e-01 9.845914e-01 9.830685e-01 9.747331e-01 9.729392e-01 9.765667e-01 9.762840e-01 9.796804e-01 9.843487e-01 9.858522e-01 9.876260e-01 9.892337e-01 9.824124e-01 9.846067e-01 9.892411e-01 9.907805e-01 1.000327e+00 9.925633e-01 9.826033e-01 9.776833e-01 9.746881e-01 9.691781e-01 9.730548e-01 9.730218e-01 9.646553e-01 9.607748e-01 9.639693e-01 9.680492e-01 9.753647e-01 9.836183e-01 9.834099e-01 9.852864e-01 9.872335e-01 9.900926e-01 9.910594e-01 9.865701e-01 9.863295e-01 9.963370e-01 1.008752e+00 1.012318e+00 9.963493e-01 9.882807e-01 9.911596e-01 9.977858e-01 1.004445e+00 1.002379e+00 9.928262e-01 1.008258e+00 1.023539e+00 1.033696e+00 1.026169e+00 1.020719e+00 1.026011e+00 1.018096e+00 1.001506e+00 1.012200e+00 1.015390e+00 1.019842e+00 1.020603e+00 1.030256e+00 1.032943e+00 1.032992e+00 1.035006e+00 1.042914e+00 1.041220e+00 1.031532e+00 1.034219e+00 1.044096e+00 1.046409e+00 1.048086e+00 1.045822e+00 1.048380e+00 1.053226e+00 1.057493e+00 1.060998e+00 1.060290e+00 1.056164e+00 1.056821e+00 1.060755e+00 1.054505e+00 1.048412e+00 1.046251e+00 1.033919e+00 1.030525e+00 1.036647e+00 1.037193e+00 1.036328e+00 1.028908e+00 1.015495e+00 1.016429e+00 1.014249e+00 1.009417e+00 1.013848e+00 1.012482e+00 1.008557e+00 1.005155e+00 9.880804e-01 9.766924e-01 9.744436e-01 9.632230e-01 9.541063e-01 9.562348e-01 9.570155e-01 9.553744e-01 9.454812e-01 9.386289e-01 9.292317e-01 9.293205e-01 9.330590e-01 9.297533e-01 9.217995e-01 9.142569e-01 9.148902e-01 9.160980e-01 9.123725e-01 8.984104e-01 8.837940e-01 8.860972e-01 8.917553e-01 9.008287e-01 9.063016e-01 8.989609e-01 8.883586e-01 8.832627e-01 8.914069e-01 9.002628e-01 9.054716e-01 9.239780e-01 9.287584e-01 9.236062e-01 9.176856e-01 8.958457e-01 8.907080e-01 8.983439e-01 9.024104e-01 9.044943e-01 9.030093e-01 9.043530e-01 9.183289e-01 9.100629e-01 9.004420e-01 9.125403e-01 9.228812e-01 9.323142e-01 9.348281e-01 9.467301e-01 9.519128e-01 9.477770e-01 9.369645e-01 9.391035e-01 9.335144e-01 9.433318e-01 9.682389e-01 9.746613e-01 9.668479e-01 9.514028e-01 9.524652e-01 9.517519e-01 9.502206e-01 9.653574e-01 9.702178e-01 9.641783e-01 9.674683e-01 9.767940e-01 9.643021e-01 9.548729e-01 9.622730e-01 9.842706e-01 9.908819e-01 9.780955e-01 9.681743e-01 9.709984e-01 9.818432e-01 9.741199e-01 9.706091e-01 9.764112e-01 9.777484e-01 9.798903e-01 9.784303e-01 9.761324e-01 9.851589e-01 9.821271e-01 9.596297e-01 9.581161e-01 9.678407e-01 9.749531e-01 9.780795e-01 9.765536e-01 9.870981e-01 9.747314e-01 9.650614e-01 9.674460e-01 9.710326e-01 9.616818e-01 9.733652e-01 9.769481e-01 9.773325e-01 9.805279e-01 9.671952e-01 9.606982e-01 9.648154e-01 9.709412e-01 9.585472e-01 9.774812e-01 9.871504e-01 9.893553e-01 9.709291e-01 9.508384e-01 9.486338e-01 9.560711e-01 9.595127e-01 9.574589e-01 9.648331e-01 9.673019e-01 9.633838e-01 9.591274e-01 9.612550e-01 9.574077e-01 9.514392e-01 9.577185e-01 9.700528e-01 9.808035e-01 9.884459e-01 9.975467e-01 1.001848e+00 1.006205e+00 1.003987e+00 1.000728e+00 1.006301e+00 1.012383e+00 1.017549e+00 1.018578e+00 1.021073e+00 1.021301e+00 1.011443e+00 1.012028e+00 1.008010e+00 1.001648e+00 9.933349e-01 9.779457e-01 9.616603e-01 9.590122e-01 9.556431e-01 9.512116e-01 9.511874e-01 9.420691e-01 9.341960e-01 9.376665e-01 9.420115e-01 9.334856e-01 9.417099e-01
9.840108e-01 9.760991e-01 9.767585e-01 9.840485e-01 9.863464e-01 9.816141e-01 9.806651e-01 9.778127e-01 9.771662e-01 9.767924e-01 9.778295e-01 9.738232e-01 9.814361e-01 9.884117e-01 9.936824e-01 9.957054e-01 9.922434e-01 9.871172e-01 9.935659e-01 9.952803e-01 9.939169e-01 9.965081e-01 9.936607e-01 9.809167e-01 9.684552e-01 9.617358e-01 9.575978e-01 9.674077e-01 9.687691e-01 9.624555e-01 9.617016e-01 9.636376e-01 9.717705e-01 9.811499e-01 9.865258e-01 9.860098e-01 9.873098e-01 9.874485e-01 9.883319e-01 9.919827e-01 9.935653e-01 9.914551e-01 9.935727e-01 1.006475e+00 1.008097e+00 9.950703e-01 9.910520e-01 9.997073e-01 1.002660e+00 1.014383e+00 1.019367e+00 1.013719e+00 1.015445e+00 1.017720e+00 1.024555e+00 1.020743e+00 1.019791e+00 1.023804e+00 1.008937e+00 9.970279e-01 1.007858e+00 1.014450e+00 1.025546e+00 1.025247e+00 1.034615e+00 1.033581e+00 1.032744e+00 1.033545e+00 1.042165e+00 1.040668e+00 1.035177e+00 1.040140e+00 1.050036e+00 1.055858e+00 1.056573e+00 1.052583e+00 1.051497e+00 1.051794e+00 1.054598e+00 1.063301e+00 1.060649e+00 1.056229e+00 1.054608e+00 1.059274e+00 1.054392e+00 1.049159e+00 1.047683e+00 1.038023e+00 1.029818e+00 1.028994e+00 1.027345e+00 1.031377e+00 1.024766e+00 1.018534e+00 1.021419e+00 1.015685e+00 1.015849e+00 1.020221e+00 1.018710e+00 1.018029e+00 1.015256e+00 1.005981e+00 9.941810e-01 9.761664e-01 9.661474e-01 9.664909e-01 9.666302e-01 9.609713e-01 9.452158e-01 9.386504e-01 9.372909e-01 9.390653e-01 9.447628e-01 9.459765e-01 9.431202e-01 9.240929e-01 9.196266e-01 9.230834e-01 9.212115e-01 9.089354e-01 8.913556e-01 8.868524e-01 8.938926e-01 8.934751e-01 8.971274e-01 9.016778e-01 9.005250e-01 8.877851e-01 8.861865e-01 8.907512e-01 8.996789e-01 9.061138e-01 9.069865e-01 8.978201e-01 8.998935e-01 9.081216e-01 8.983476e-01 9.007053e-01 9.024234e-01 9.011693e-01 9.047895e-01 9.119755e-01 9.214398e-01 9.281620e-01 9.192346e-01 9.213316e-01 9.424844e-01 9.493290e-01 9.462306e-01 9.305974e-01 9.406642e-01 9.589219e-01 9.521323e-01 9.491400e-01 9.453055e-01 9.426299e-01 9.492960e-01 9.618416e-01 9.630522e-01 9.495183e-01 9.472546e-01 9.494748e-01 9.525600e-01 9.512426e-01 9.627967e-01 9.653842e-01 9.650949e-01 9.685344e-01 9.781725e-01 9.701013e-01 9.631555e-01 9.733858e-01 9.918075e-01 9.993581e-01 9.858784e-01 9.743051e-01 9.764594e-01 9.766108e-01 9.673764e-01 9.719545e-01 9.782194e-01 9.790951e-01 9.821172e-01 9.774424e-01 9.704404e-01 9.771081e-01 9.744871e-01 9.648103e-01 9.628505e-01 9.718136e-01 9.837141e-01 9.821537e-01 9.817151e-01 9.895874e-01 9.862541e-01 9.752905e-01 9.770485e-01 9.697708e-01 9.598902e-01 9.693279e-01 9.689706e-01 9.705626e-01 9.788234e-01 9.738579e-01 9.778629e-01 9.744032e-01 9.757890e-01 9.558920e-01 9.699937e-01 9.894514e-01 9.925737e-01 9.762920e-01 9.573903e-01 9.540340e-01 9.644063e-01 9.667422e-01 9.650806e-01 9.713685e-01 9.734346e-01 9.707884e-01 9.684068e-01 9.703064e-01 9.673876e-01 9.615491e-01 9.644439e-01 9.655705e-01 9.701439e-01 9.842628e-01 9.967180e-01 9.962733e-01 1.000396e+00 9.988217e-01 9.992006e-01 1.007266e+00 1.020422e+00 1.023079e+00 1.020117e+00 1.022840e+00 1.021058e+00 1.014061e+00 1.016400e+00 1.015606e+00 1.004191e+00 9.921833e-01 9.755167e-01 9.672033e-01 9.543555e-01 9.580930e-01 9.569004e-01 9.560715e-01 9.420384e-01 9.332342e-01 9.359465e-01 9.351295e-01 9.267750e-01 9.319220e-01
9.777614e-01 9.700865e-01 9.726813e-01 9.734449e-01 9.780704e-01 9.750375e-01 9.725552e-01 9.694188e-01 9.734558e-01 9.744354e-01 9.724447e-01 9.717149e-01 9.776456e-01 9.920425e-01 1.002586e+00 9.989075e-01 9.963564e-01 9.996606e-01 1.001016e+00 9.955453e-01 9.909891e-01 9.887287e-01 9.835325e-01 9.763464e-01 9.654806e-01 9.557211e-01 9.565137e-01 9.635724e-01 9.616442e-01 9.655066e-01 9.663445e-01 9.738536e-01 9.823857e-01 9.841685e-01 9.781403e-01 9.797642e-01 9.875902e-01 9.925919e-01 9.948410e-01 9.971560e-01 9.995692e-01 9.955003e-01 9.936726e-01 9.993659e-01 9.981419e-01 9.891705e-01 9.886745e-01 9.941303e-01 1.000362e+00 1.014383e+00 1.022169e+00 1.023638e+00 1.022871e+00 1.013521e+00 1.014965e+00 1.023216e+00 1.015629e+00 1.014737e+00 9.996925e-01 9.995675e-01 1.000731e+00 1.018027e+00 1.029055e+00 1.027270e+00 1.033479e+00 1.030832e+00 1.028617e+00 1.032949e+00 1.041420e+00 1.038377e+00 1.037162e+00 1.044715e+00 1.052760e+00 1.054291e+00 1.057550e+00 1.053077e+00 1.047167e+00 1.045286e+00 1.052717e+00 1.058249e+00 1.057518e+00 1.054739e+00 1.054587e+00 1.053877e+00 1.051124e+00 1.046590e+00 1.047798e+00 1.045817e+00 1.037043e+00 1.029338e+00 1.028758e+00 1.028430e+00 1.030102e+00 1.026242e+00 1.023250e+00 1.018548e+00 1.008537e+00 1.007590e+00 1.016575e+00 1.019715e+00 1.021957e+00 1.020604e+00 1.003861e+00 9.829282e-01 9.648089e-01 9.678062e-01 9.738913e-01 9.652462e-01 9.440407e-01 9.427793e-01 9.427446e-01 9.453733e-01 9.539962e-01 9.553616e-01 9.462380e-01 9.274972e-01 9.211084e-01 9.287720e-01 9.238120e-01 9.051861e-01 8.894818e-01 8.902896e-01 8.950710e-01 8.937464e-01 8.925895e-01 8.973234e-01 8.970514e-01 8.909888e-01 8.885933e-01 8.974314e-01 9.046743e-01 9.048238e-01 8.939865e-01 8.804834e-01 8.910176e-01 9.147801e-01 9.167607e-01 9.212662e-01 9.213411e-01 9.209783e-01 9.214643e-01 9.252029e-01 9.275754e-01 9.353546e-01 9.359345e-01 9.484499e-01 9.643300e-01 9.673531e-01 9.634020e-01 9.454810e-01 9.370613e-01 9.383704e-01 9.406601e-01 9.453264e-01 9.519144e-01 9.495506e-01 9.435251e-01 9.478860e-01 9.600339e-01 9.464321e-01 9.397243e-01 9.465221e-01 9.618356e-01 9.660192e-01 9.687374e-01 9.669994e-01 9.693441e-01 9.738049e-01 9.770779e-01 9.759117e-01 9.763172e-01 9.849287e-01 9.990180e-01 1.004938e+00 9.909192e-01 9.766858e-01 9.687638e-01 9.634554e-01 9.599991e-01 9.683930e-01 9.828181e-01 9.848514e-01 9.818376e-01 9.709592e-01 9.641830e-01 9.735791e-01 9.821083e-01 9.807816e-01 9.770039e-01 9.756797e-01 9.877214e-01 9.947680e-01 9.993123e-01 9.997662e-01 1.000835e+00 9.895331e-01 9.857259e-01 9.742966e-01 9.626809e-01 9.661959e-01 9.667475e-01 9.686469e-01 9.805256e-01 9.785161e-01 9.812512e-01 9.725806e-01 9.680144e-01 9.579185e-01 9.747684e-01 9.986451e-01 1.000786e+00 9.825400e-01 9.704834e-01 9.619206e-01 9.638776e-01 9.717363e-01 9.730567e-01 9.725034e-01 9.761884e-01 9.756542e-01 9.734331e-01 9.708002e-01 9.762379e-01 9.709131e-01 9.635333e-01 9.582871e-01 9.669568e-01 9.872165e-01 9.966204e-01 9.948848e-01 9.973136e-01 9.968578e-01 9.993340e-01 1.014556e+00 1.025677e+00 1.022951e+00 1.022598e+00 1.028153e+00 1.026045e+00 1.015456e+00 1.015569e+00 1.015910e+00 1.003711e+00 9.944918e-01 9.884045e-01 9.803373e-01 9.707630e-01 9.675616e-01 9.653574e-01 9.542770e-01 9.366288e-01 9.331257e-01 9.409112e-01 9.373582e-01 9.279126e-01 9.301850e-01
9.788901e-01 9.754846e-01 9.742185e-01 9.762177e-01 9.775432e-01 9.716856e-01 9.709068e-01 9.741143e-01 9.783328e-01 9.760886e-01 9.784931e-01 9.768146e-01 9.758315e-01 9.895098e-01 1.000795e+00 9.980344e-01 9.973255e-01 9.975870e-01 9.962090e-01 9.936526e-01 9.936208e-01 9.853242e-01 9.817434e-01 9.773908e-01 9.656984e-01 9.591773e-01 9.610659e-01 9.612396e-01 9.618297e-01 9.738548e-01 9.739110e-01 9.695709e-01 9.750786e-01 9.800311e-01 9.777716e-01 9.833874e-01 9.887512e-01 9.983015e-01 1.001413e+00 9.988855e-01 9.943470e-01 9.970515e-01 9.984879e-01 9.971626e-01 9.895082e-01 9.848763e-01 9.831592e-01 9.823877e-01 9.957733e-01 1.010824e+00 1.022341e+00 1.020362e+00 1.021817e+00 1.018097e+00 1.016347e+00 1.027465e+00 1.027792e+00 1.020061e+00 1.005860e+00 1.015294e+00 1.014910e+00 1.027382e+00 1.032565e+00 1.029011e+00 1.033446e+00 1.030589e+00 1.029347e+00 1.033455e+00 1.034809e+00 1.037288e+00 1.040822e+00 1.043559e+00 1.050135e+00 1.051889e+00 1.051521e+00 1.046631e+00 1.049484e+00 1.050509e+00 1.055531e+00 1.058508e+00 1.056637e+00 1.052390e+00 1.051228e+00 1.047836e+00 1.046913e+00 1.046008e+00 1.046304e+00 1.048670e+00 1.049690e+00 1.041851e+00 1.032956e+00 1.029652e+00 1.032019e+00 1.026436e+00 1.019753e+00 1.017381e+00 1.003223e+00 1.000023e+00 1.011427e+00 1.011237e+00 1.010962e+00 1.016231e+00 1.000619e+00 9.865874e-01 9.794672e-01 9.725314e-01 9.754776e-01 9.666397e-01 9.537833e-01 9.501001e-01 9.528159e-01 9.567741e-01 9.634994e-01 9.616089e-01 9.583775e-01 9.353504e-01 9.205500e-01 9.224870e-01 9.051862e-01 8.904829e-01 8.886601e-01 8.916000e-01 8.964987e-01 8.945445e-01 8.931498e-01 8.884078e-01 8.909928e-01 8.884984e-01 8.958860e-01 9.052458e-01 9.006044e-01 9.033505e-01 8.955500e-01 8.889316e-01 9.015244e-01 9.272220e-01 9.235778e-01 9.213929e-01 9.324174e-01 9.365281e-01 9.277225e-01 9.242440e-01 9.263576e-01 9.318010e-01 9.340961e-01 9.440857e-01 9.459095e-01 9.548010e-01 9.587817e-01 9.473881e-01 9.371122e-01 9.262969e-01 9.353937e-01 9.484131e-01 9.558044e-01 9.490463e-01 9.465219e-01 9.516112e-01 9.572542e-01 9.488434e-01 9.497535e-01 9.583068e-01 9.809554e-01 9.832749e-01 9.776782e-01 9.743382e-01 9.677907e-01 9.697840e-01 9.760926e-01 9.815574e-01 9.843999e-01 9.874810e-01 9.947466e-01 9.987509e-01 9.877716e-01 9.716442e-01 9.653364e-01 9.624342e-01 9.660388e-01 9.792817e-01 9.878327e-01 9.888681e-01 9.858265e-01 9.741601e-01 9.712912e-01 9.768078e-01 9.919233e-01 9.937664e-01 9.853132e-01 9.719580e-01 9.738212e-01 9.920116e-01 9.969428e-01 9.963917e-01 9.950524e-01 9.840171e-01 9.869378e-01 9.836978e-01 9.679117e-01 9.753863e-01 9.786940e-01 9.742839e-01 9.738366e-01 9.675491e-01 9.807391e-01 9.654191e-01 9.642417e-01 9.612398e-01 9.799137e-01 1.004370e+00 1.007597e+00 9.951566e-01 9.874108e-01 9.755842e-01 9.735257e-01 9.825382e-01 9.816723e-01 9.787261e-01 9.794386e-01 9.740204e-01 9.724874e-01 9.793615e-01 9.786556e-01 9.769270e-01 9.714749e-01 9.682465e-01 9.735161e-01 9.897315e-01 9.942833e-01 9.929390e-01 9.984919e-01 1.004605e+00 1.013831e+00 1.021441e+00 1.025828e+00 1.020814e+00 1.025306e+00 1.030323e+00 1.030201e+00 1.026748e+00 1.025351e+00 1.023305e+00 1.010085e+00 1.006736e+00 1.004022e+00 9.967678e-01 9.870467e-01 9.806410e-01 9.724032e-01 9.596152e-01 9.433808e-01 9.367405e-01 9.512048e-01 9.472664e-01 9.353572e-01 9.353482e-01
9.861654e-01 9.864824e-01 9.853595e-01 9.856152e-01 9.875273e-01 9.813712e-01 9.746051e-01 9.776721e-01 9.798405e-01 9.819182e-01 9.830124e-01 9.855553e-01 9.847292e-01 9.907412e-01 9.990677e-01 1.001005e+00 1.001216e+00 9.929663e-01 9.893596e-01 9.899702e-01 9.877040e-01 9.851037e-01 9.863222e-01 9.868677e-01 9.689087e-01 9.566657e-01 9.522017e-01 9.490485e-01 9.542055e-01 9.654369e-01 9.628901e-01 9.531845e-01 9.570301e-01 9.653774e-01 9.801108e-01 9.889901e-01 9.920824e-01 9.967666e-01 9.963121e-01 9.913263e-01 9.895621e-01 9.991206e-01 9.999439e-01 9.945108e-01 9.845743e-01 9.845799e-01 9.886319e-01 9.880797e-01 9.975262e-01 1.012996e+00 1.019585e+00 1.007244e+00 1.010763e+00 1.016351e+00 1.019623e+00 1.033437e+00 1.042985e+00 1.030858e+00 1.022333e+00 1.029118e+00 1.022888e+00 1.029716e+00 1.028734e+00 1.034270e+00 1.040611e+00 1.036462e+00 1.033376e+00 1.031950e+00 1.032700e+00 1.034273e+00 1.035984e+00 1.039981e+00 1.047595e+00 1.048995e+00 1.049110e+00 1.049230e+00 1.054314e+00 1.056433e+00 1.060859e+00 1.062995e+00 1.059027e+00 1.055497e+00 1.051174e+00 1.046905e+00 1.049519e+00 1.049664e+00 1.047564e+00 1.049363e+00 1.055781e+00 1.054346e+00 1.047071e+00 1.041094e+00 1.038333e+00 1.029688e+00 1.024731e+00 1.014841e+00 1.004305e+00 1.004913e+00 1.008017e+00 1.016626e+00 1.011741e+00 1.007786e+00 1.003158e+00 9.936754e-01 9.867976e-01 9.714161e-01 9.664609e-01 9.714172e-01 9.686586e-01 9.504761e-01 9.536683e-01 9.599918e-01 9.521324e-01 9.518135e-01 9.543592e-01 9.340944e-01 9.229600e-01 9.153584e-01 8.979328e-01 8.839462e-01 8.879924e-01 8.967437e-01 9.000303e-01 8.948234e-01 8.996738e-01 9.043647e-01 8.950533e-01 8.851777e-01 8.875959e-01 9.004244e-01 8.961262e-01 8.927131e-01 8.967338e-01 8.998814e-01 9.080718e-01 9.082897e-01 8.999981e-01 8.987060e-01 9.155716e-01 9.226251e-01 9.197657e-01 9.273868e-01 9.296406e-01 9.233124e-01 9.226748e-01 9.337935e-01 9.428145e-01 9.474046e-01 9.588452e-01 9.475203e-01 9.350985e-01 9.234616e-01 9.313055e-01 9.478937e-01 9.594046e-01 9.519019e-01 9.577415e-01 9.528649e-01 9.488282e-01 9.595214e-01 9.841636e-01 9.892719e-01 9.854858e-01 9.798374e-01 9.747644e-01 9.762685e-01 9.698434e-01 9.730092e-01 9.797648e-01 9.810848e-01 9.891654e-01 9.929650e-01 9.936050e-01 9.896699e-01 9.768811e-01 9.627612e-01 9.636022e-01 9.741893e-01 9.817614e-01 9.912264e-01 9.945006e-01 9.890276e-01 9.854966e-01 9.842973e-01 9.843346e-01 9.836585e-01 9.832883e-01 9.947903e-01 1.000320e+00 9.834225e-01 9.693317e-01 9.761569e-01 9.837736e-01 9.843878e-01 9.826879e-01 9.877354e-01 9.899993e-01 9.833635e-01 9.630029e-01 9.779389e-01 9.786215e-01 9.685604e-01 9.706790e-01 9.664339e-01 9.806544e-01 9.632857e-01 9.698539e-01 9.647204e-01 9.847714e-01 1.004920e+00 1.008022e+00 1.001532e+00 9.936606e-01 9.821284e-01 9.858717e-01 9.860640e-01 9.867814e-01 9.874592e-01 9.798945e-01 9.807554e-01 9.839292e-01 9.907920e-01 9.838899e-01 9.798955e-01 9.803345e-01 9.734156e-01 9.818286e-01 9.933798e-01 9.992181e-01 9.964069e-01 9.997553e-01 1.006159e+00 1.013255e+00 1.023199e+00 1.028220e+00 1.022179e+00 1.019245e+00 1.021555e+00 1.023101e+00 1.025724e+00 1.029127e+00 1.026434e+00 1.019408e+00 1.014957e+00 1.004920e+00 9.990557e-01 9.876631e-01 9.765489e-01 9.665946e-01 9.601816e-01 9.482467e-01 9.484482e-01 9.554268e-01 9.485350e-01 9.382599e-01 9.339481e-01
9.828525e-01 9.814774e-01 9.885667e-01 9.924085e-01 9.939570e-01 9.896749e-01 9.819137e-01 9.830254e-01 9.808047e-01 9.860189e-01 9.861854e-01 9.904379e-01 9.944955e-01 9.932110e-01 9.967998e-01 9.962492e-01 9.939795e-01 9.919606e-01 9.896413e-01 9.877478e-01 9.863477e-01 9.873790e-01 9.933401e-01 9.916222e-01 9.756065e-01 9.618282e-01 9.568439e-01 9.549983e-01 9.554022e-01 9.538952e-01 9.576263e-01 9.540511e-01 9.528457e-01 9.649068e-01 9.858370e-01 9.981552e-01 9.997755e-01 9.949593e-01 9.920706e-01 9.907641e-01 9.930376e-01 9.972245e-01 9.955282e-01 9.886899e-01 9.842721e-01 9.838275e-01 9.903497e-01 9.959620e-01 1.000945e+00 1.010184e+00 1.015756e+00 1.009060e+00 1.003090e+00 1.010112e+00 1.022972e+00 1.040756e+00 1.043159e+00 1.036563e+00 1.033049e+00 1.037370e+00 1.021423e+00 1.029561e+00 1.035352e+00 1.038767e+00 1.037947e+00 1.038009e+00 1.034808e+00 1.033154e+00 1.039292e+00 1.039073e+00 1.037276e+00 1.042028e+00 1.049367e+00 1.048994e+00 1.048954e+00 1.049470e+00 1.057965e+00 1.058447e+00 1.060380e+00 1.062196e+00 1.061557e+00 1.060353e+00 1.058704e+00 1.058527e+00 1.054248e+00 1.053254e+00 1.051178e+00 1.057455e+00 1.060283e+00 1.060977e+00 1.053380e+00 1.051746e+00 1.045803e+00 1.041677e+00 1.035546e+00 1.024876e+00 1.012913e+00 1.016366e+00 1.019885e+00 1.024133e+00 1.012849e+00 1.003773e+00 1.008755e+00 1.000381e+00 9.852461e-01 9.715375e-01 9.614045e-01 9.751035e-01 9.805647e-01 9.588346e-01 9.526039e-01 9.638528e-01 9.504149e-01 9.360755e-01 9.289292e-01 9.277334e-01 9.264952e-01 9.227172e-01 9.102275e-01 8.998327e-01 9.036093e-01 9.038015e-01 9.077603e-01 9.048610e-01 9.074447e-01 9.152860e-01 9.044485e-01 8.922586e-01 8.951885e-01 8.952318e-01 8.920925e-01 8.893465e-01 8.950294e-01 8.901044e-01 8.891783e-01 8.883499e-01 8.901676e-01 8.965393e-01 9.031693e-01 9.104090e-01 9.167805e-01 9.270267e-01 9.277837e-01 9.258819e-01 9.216699e-01 9.356526e-01 9.539870e-01 9.515885e-01 9.474992e-01 9.437890e-01 9.390479e-01 9.368424e-01 9.492521e-01 9.539091e-01 9.602133e-01 9.625012e-01 9.632604e-01 9.496380e-01 9.556077e-01 9.713408e-01 9.854028e-01 9.882028e-01 9.837008e-01 9.766420e-01 9.746312e-01 9.761787e-01 9.786822e-01 9.818583e-01 9.901941e-01 9.920294e-01 9.994495e-01 1.002604e+00 1.000286e+00 9.887763e-01 9.772943e-01 9.741682e-01 9.811222e-01 9.865531e-01 9.898024e-01 9.955458e-01 9.953960e-01 9.857361e-01 9.830558e-01 9.866410e-01 9.828991e-01 9.789916e-01 9.820608e-01 9.962595e-01 1.002854e+00 9.940734e-01 9.792035e-01 9.671244e-01 9.773881e-01 9.836298e-01 9.798843e-01 9.944962e-01 9.933962e-01 9.839526e-01 9.706568e-01 9.834951e-01 9.802112e-01 9.679539e-01 9.802189e-01 9.675855e-01 9.705559e-01 9.569759e-01 9.676684e-01 9.728560e-01 9.940648e-01 1.014496e+00 1.008201e+00 1.001529e+00 9.967065e-01 9.813370e-01 9.750680e-01 9.776738e-01 9.862317e-01 9.857265e-01 9.776307e-01 9.821191e-01 9.877431e-01 9.884007e-01 9.901728e-01 9.902541e-01 9.820085e-01 9.768416e-01 9.877810e-01 1.002383e+00 1.008412e+00 1.006665e+00 1.005894e+00 1.008825e+00 1.015128e+00 1.021655e+00 1.023562e+00 1.014284e+00 1.006305e+00 1.008807e+00 1.009840e+00 1.010631e+00 1.018806e+00 1.016458e+00 1.011838e+00 1.007635e+00 9.990814e-01 9.911340e-01 9.848962e-01 9.760901e-01 9.733244e-01 9.660676e-01 9.533373e-01 9.503248e-01 9.482811e-01 9.468189e-01 9.384752e-01 9.293050e-01
9.755777e-01 9.796864e-01 9.885085e-01 9.922093e-01 9.904743e-01 9.917076e-01 9.868706e-01 9.805964e-01 9.815199e-01 9.854339e-01 9.883155e-01 9.888911e-01 9.949036e-01 9.954320e-01 9.940482e-01 9.890043e-01 9.838688e-01 9.891973e-01 9.839975e-01 9.821849e-01 9.864233e-01 9.847758e-01 9.860032e-01 9.864067e-01 9.769670e-01 9.667044e-01 9.616441e-01 9.609400e-01 9.584604e-01 9.540398e-01 9.527686e-01 9.549181e-01 9.545538e-01 9.665305e-01 9.839990e-01 9.906396e-01 9.936685e-01 9.950790e-01 9.942917e-01 9.992925e-01 1.001311e+00 9.992552e-01 9.964097e-01 9.890633e-01 9.893341e-01 9.930912e-01 9.983712e-01 9.977602e-01 1.003192e+00 1.012944e+00 1.010529e+00 1.009748e+00 1.005569e+00 1.016369e+00 1.028049e+00 1.043372e+00 1.039536e+00 1.032472e+00 1.029370e+00 1.026084e+00 1.009162e+00 1.018524e+00 1.031023e+00 1.030925e+00 1.030779e+00 1.035980e+00 1.039345e+00 1.038996e+00 1.044330e+00 1.043880e+00 1.040545e+00 1.044283e+00 1.051816e+00 1.050328e+00 1.047746e+00 1.049576e+00 1.051473e+00 1.053630e+00 1.059730e+00 1.061534e+00 1.060547e+00 1.063300e+00 1.062976e+00 1.064674e+00 1.061764e+00 1.060132e+00 1.060573e+00 1.063942e+00 1.059054e+00 1.053710e+00 1.046665e+00 1.043789e+00 1.043628e+00 1.051138e+00 1.050179e+00 1.037903e+00 1.026617e+00 1.032682e+00 1.039391e+00 1.030213e+00 1.009435e+00 9.981066e-01 1.001918e+00 1.005114e+00 9.829789e-01 9.643826e-01 9.583256e-01 9.771355e-01 9.754940e-01 9.642323e-01 9.634686e-01 9.830223e-01 9.550780e-01 9.274216e-01 9.236485e-01 9.384316e-01 9.387171e-01 9.317900e-01 9.282506e-01 9.238945e-01 9.135886e-01 9.078900e-01 9.014102e-01 8.942433e-01 8.943037e-01 9.133238e-01 9.112319e-01 9.085667e-01 9.026017e-01 8.907477e-01 8.904099e-01 8.878248e-01 8.862702e-01 8.810750e-01 8.837347e-01 8.994890e-01 8.999938e-01 9.030100e-01 9.083490e-01 9.144103e-01 9.239755e-01 9.282368e-01 9.308099e-01 9.356307e-01 9.408085e-01 9.513178e-01 9.632919e-01 9.516327e-01 9.293065e-01 9.292862e-01 9.417368e-01 9.618388e-01 9.719139e-01 9.557949e-01 9.570360e-01 9.596491e-01 9.579536e-01 9.561291e-01 9.599595e-01 9.505223e-01 9.553947e-01 9.721403e-01 9.794390e-01 9.822787e-01 9.914882e-01 9.949773e-01 9.920511e-01 9.901974e-01 9.875951e-01 9.867553e-01 9.971424e-01 9.973193e-01 9.928658e-01 9.883893e-01 9.887366e-01 1.000206e+00 9.990859e-01 9.911221e-01 9.964165e-01 1.002766e+00 9.932600e-01 9.831771e-01 9.906051e-01 9.864514e-01 9.790040e-01 9.771609e-01 9.828078e-01 9.907410e-01 9.915476e-01 9.942901e-01 9.789709e-01 9.637463e-01 9.698768e-01 9.850560e-01 9.867631e-01 9.926110e-01 9.966409e-01 9.891263e-01 9.848249e-01 9.892921e-01 9.886287e-01 9.692892e-01 9.853282e-01 9.815670e-01 9.817976e-01 9.486811e-01 9.582006e-01 9.758914e-01 1.003391e+00 1.020769e+00 1.014522e+00 1.008673e+00 1.000188e+00 9.853968e-01 9.701025e-01 9.787163e-01 9.923587e-01 9.885713e-01 9.793588e-01 9.798280e-01 9.861917e-01 9.907840e-01 9.943047e-01 9.955729e-01 9.909268e-01 9.838117e-01 9.857334e-01 9.957646e-01 1.005153e+00 1.009315e+00 1.008000e+00 1.011207e+00 1.023483e+00 1.025263e+00 1.018891e+00 1.009220e+00 9.999067e-01 9.994423e-01 1.001797e+00 1.007491e+00 1.013933e+00 1.009071e+00 1.005998e+00 9.992048e-01 9.980366e-01 9.861881e-01 9.854653e-01 9.866145e-01 9.826092e-01 9.659767e-01 9.536471e-01 9.473721e-01 9.419382e-01 9.484007e-01 9.394103e-01 9.237868e-01
9.739704e-01 9.785067e-01 9.855038e-01 9.845643e-01 9.828574e-01 9.902329e-01 9.862375e-01 9.757831e-01 9.740833e-01 9.805296e-01 9.885205e-01 9.908670e-01 9.874716e-01 9.916788e-01 9.931208e-01 9.897382e-01 9.827343e-01 9.829141e-01 9.827147e-01 9.845253e-01 9.910113e-01 9.871526e-01 9.808608e-01 9.798343e-01 9.789320e-01 9.679666e-01 9.563258e-01 9.567600e-01 9.521599e-01 9.499435e-01 9.526020e-01 9.519316e-01 9.527093e-01 9.666626e-01 9.794111e-01 9.817082e-01 9.796954e-01 9.843519e-01 9.895885e-01 9.982799e-01 1.004462e+00 1.003049e+00 1.001591e+00 9.979185e-01 9.960753e-01 9.957114e-01 9.956046e-01 9.981487e-01 1.009572e+00 1.021586e+00 1.013669e+00 1.014089e+00 1.009917e+00 1.020007e+00 1.025526e+00 1.039576e+00 1.034985e+00 1.027772e+00 1.018051e+00 1.015258e+00 9.914775e-01 1.003280e+00 1.018372e+00 1.021535e+00 1.029498e+00 1.038071e+00 1.041549e+00 1.044999e+00 1.048615e+00 1.048630e+00 1.045084e+00 1.044686e+00 1.047722e+00 1.049030e+00 1.044496e+00 1.044972e+00 1.048223e+00 1.050448e+00 1.056340e+00 1.059611e+00 1.059319e+00 1.060436e+00 1.064243e+00 1.065618e+00 1.061929e+00 1.059195e+00 1.060932e+00 1.062100e+00 1.053100e+00 1.049248e+00 1.045215e+00 1.038578e+00 1.041068e+00 1.050413e+00 1.052490e+00 1.044433e+00 1.028463e+00 1.037580e+00 1.046010e+00 1.038727e+00 1.019416e+00 1.011128e+00 1.008066e+00 9.976848e-01 9.764677e-01 9.568394e-01 9.619874e-01 9.770439e-01 9.805295e-01 9.693306e-01 9.758345e-01 9.796072e-01 9.525019e-01 9.303487e-01 9.310675e-01 9.461254e-01 9.440359e-01 9.283301e-01 9.236534e-01 9.312794e-01 9.156049e-01 9.047627e-01 8.885045e-01 8.864933e-01 8.889728e-01 9.057113e-01 9.133614e-01 9.110172e-01 8.894930e-01 8.706213e-01 8.669130e-01 8.668713e-01 8.763739e-01 8.835403e-01 8.925005e-01 9.073184e-01 9.188621e-01 9.193488e-01 9.170247e-01 9.175539e-01 9.155519e-01 9.151433e-01 9.336399e-01 9.411966e-01 9.519697e-01 9.573736e-01 9.666599e-01 9.655558e-01 9.473033e-01 9.415942e-01 9.513512e-01 9.632576e-01 9.763424e-01 9.642837e-01 9.614312e-01 9.600343e-01 9.730921e-01 9.761117e-01 9.713973e-01 9.615361e-01 9.573506e-01 9.660026e-01 9.745489e-01 9.942876e-01 9.991271e-01 9.968513e-01 9.938400e-01 9.901006e-01 9.773993e-01 9.803985e-01 9.793041e-01 9.832992e-01 9.880987e-01 9.912181e-01 9.965052e-01 1.003454e+00 9.982563e-01 9.965560e-01 1.001351e+00 9.973874e-01 9.884659e-01 9.881656e-01 9.993872e-01 9.945199e-01 9.855999e-01 9.866620e-01 9.901304e-01 9.884324e-01 9.830979e-01 9.829611e-01 9.724916e-01 9.688414e-01 9.722014e-01 9.768196e-01 9.830988e-01 9.862601e-01 9.895834e-01 9.910649e-01 9.940294e-01 1.006039e+00 1.005151e+00 9.837885e-01 9.900133e-01 1.001608e+00 9.940864e-01 9.480225e-01 9.550615e-01 9.847977e-01 1.004770e+00 1.020801e+00 1.019523e+00 1.010026e+00 1.002069e+00 9.927285e-01 9.850271e-01 9.867514e-01 9.876646e-01 9.825579e-01 9.866907e-01 9.887500e-01 9.875709e-01 9.877531e-01 9.924765e-01 9.948674e-01 1.001572e+00 9.983885e-01 9.875095e-01 9.857839e-01 9.963276e-01 1.001657e+00 1.003338e+00 1.009744e+00 1.021340e+00 1.022236e+00 1.013491e+00 1.009248e+00 1.005501e+00 1.003563e+00 1.005796e+00 1.013309e+00 1.015501e+00 1.012952e+00 1.009218e+00 9.973227e-01 9.910589e-01 9.864589e-01 9.931369e-01 9.942870e-01 9.855090e-01 9.635968e-01 9.521391e-01 9.407197e-01 9.335561e-01 9.452209e-01 9.356425e-01 9.149047e-01
9.736220e-01 9.735457e-01 9.775671e-01 9.744179e-01 9.770215e-01 9.810396e-01 9.818549e-01 9.750838e-01 9.718553e-01 9.771573e-01 9.907225e-01 9.913096e-01 9.894042e-01 9.961179e-01 1.000182e+00 9.935724e-01 9.831310e-01 9.784827e-01 9.802170e-01 9.846103e-01 9.902203e-01 9.861165e-01 9.810712e-01 9.821796e-01 9.807980e-01 9.723020e-01 9.608259e-01 9.529526e-01 9.462782e-01 9.497743e-01 9.555071e-01 9.520214e-01 9.613309e-01 9.735776e-01 9.786479e-01 9.813041e-01 9.851875e-01 9.987617e-01 9.957432e-01 9.990274e-01 1.001175e+00 1.005181e+00 1.009690e+00 1.009645e+00 1.001228e+00 9.954637e-01 9.916047e-01 9.971417e-01 1.007526e+00 1.022383e+00 1.014795e+00 1.013814e+00 1.006288e+00 1.024371e+00 1.024663e+00 1.034260e+00 1.022298e+00 1.020712e+00 1.012058e+00 1.014724e+00 9.841834e-01 9.967828e-01 1.020428e+00 1.028610e+00 1.043846e+00 1.047955e+00 1.052784e+00 1.052470e+00 1.050696e+00 1.048254e+00 1.045211e+00 1.046192e+00 1.046380e+00 1.042409e+00 1.040544e+00 1.041119e+00 1.044994e+00 1.050565e+00 1.058139e+00 1.059649e+00 1.058691e+00 1.058972e+00 1.059256e+00 1.053462e+00 1.052159e+00 1.051849e+00 1.053926e+00 1.054801e+00 1.050441e+00 1.052202e+00 1.048888e+00 1.039793e+00 1.041666e+00 1.048782e+00 1.047062e+00 1.034100e+00 1.027663e+00 1.031915e+00 1.036635e+00 1.034850e+00 1.022522e+00 1.013723e+00 1.014278e+00 1.007669e+00 9.795021e-01 9.654390e-01 9.687858e-01 9.710495e-01 9.803057e-01 9.810824e-01 9.841968e-01 9.772536e-01 9.587633e-01 9.370806e-01 9.366400e-01 9.522096e-01 9.420599e-01 9.287099e-01 9.235056e-01 9.257334e-01 9.152327e-01 9.055551e-01 8.908694e-01 8.881392e-01 8.852636e-01 8.893135e-01 9.097541e-01 9.115064e-01 8.832694e-01 8.643211e-01 8.633347e-01 8.696071e-01 8.853968e-01 8.943957e-01 8.902911e-01 9.004197e-01 9.195998e-01 9.243587e-01 9.250582e-01 9.308355e-01 9.261579e-01 9.232202e-01 9.329154e-01 9.488029e-01 9.569213e-01 9.603834e-01 9.675236e-01 9.689642e-01 9.666238e-01 9.573594e-01 9.591570e-01 9.583910e-01 9.754251e-01 9.740040e-01 9.637759e-01 9.615354e-01 9.828862e-01 9.848129e-01 9.898226e-01 1.000189e+00 9.918236e-01 9.885983e-01 9.925984e-01 9.980303e-01 9.952047e-01 9.837208e-01 9.820564e-01 9.793699e-01 9.867783e-01 9.937748e-01 9.827039e-01 9.853283e-01 9.918423e-01 9.926416e-01 9.979242e-01 9.933076e-01 9.822795e-01 9.829466e-01 9.943224e-01 9.917448e-01 9.961911e-01 1.001630e+00 1.002473e+00 1.002932e+00 1.003300e+00 9.993605e-01 9.880617e-01 9.831768e-01 9.799945e-01 9.724535e-01 9.735423e-01 9.787329e-01 9.805932e-01 9.801213e-01 9.805646e-01 9.866561e-01 9.850487e-01 9.840873e-01 1.002509e+00 1.016077e+00 1.003254e+00 1.011586e+00 9.991977e-01 1.004533e+00 9.987038e-01 9.702270e-01 9.701760e-01 9.931827e-01 1.011978e+00 1.025088e+00 1.021780e+00 1.015990e+00 1.009940e+00 1.004256e+00 1.003369e+00 9.944464e-01 9.831192e-01 9.781251e-01 9.925302e-01 9.961693e-01 9.893119e-01 9.848701e-01 9.877213e-01 9.932386e-01 9.992957e-01 9.986265e-01 9.871560e-01 9.845934e-01 9.951290e-01 9.979561e-01 1.001744e+00 1.012374e+00 1.015583e+00 1.014701e+00 1.007964e+00 1.011053e+00 1.011287e+00 1.013642e+00 1.013469e+00 1.014011e+00 1.010764e+00 1.010419e+00 1.006861e+00 9.973677e-01 9.859527e-01 9.917298e-01 1.001866e+00 9.985131e-01 9.849381e-01 9.690330e-01 9.567630e-01 9.396167e-01 9.349564e-01 9.482998e-01 9.392346e-01 9.195223e-01
9.779910e-01 9.791345e-01 9.732873e-01 9.741569e-01 9.785419e-01 9.804935e-01 9.732738e-01 9.707571e-01 9.741863e-01 9.794891e-01 9.877476e-01 9.903113e-01 9.945878e-01 9.994075e-01 1.003457e+00 9.987543e-01 9.903548e-01 9.818710e-01 9.800849e-01 9.781150e-01 9.802020e-01 9.819908e-01 9.808934e-01 9.810721e-01 9.749787e-01 9.687663e-01 9.622993e-01 9.585633e-01 9.549140e-01 9.541723e-01 9.542534e-01 9.562063e-01 9.700218e-01 9.751849e-01 9.774638e-01 9.801605e-01 9.859337e-01 9.964392e-01 9.973797e-01 1.000259e+00 9.975666e-01 9.969945e-01 9.985638e-01 1.007768e+00 1.002674e+00 9.979719e-01 9.889674e-01 9.872909e-01 9.963420e-01 1.005812e+00 1.004195e+00 1.006367e+00 1.006667e+00 1.025266e+00 1.029596e+00 1.030501e+00 1.009727e+00 1.015202e+00 1.013408e+00 1.012520e+00 9.869499e-01 1.006315e+00 1.030735e+00 1.042220e+00 1.048638e+00 1.046939e+00 1.048992e+00 1.047717e+00 1.044582e+00 1.045975e+00 1.045456e+00 1.042775e+00 1.050251e+00 1.046434e+00 1.042650e+00 1.042195e+00 1.048485e+00 1.053152e+00 1.059109e+00 1.062428e+00 1.059525e+00 1.058126e+00 1.050995e+00 1.040540e+00 1.040417e+00 1.045909e+00 1.048473e+00 1.052297e+00 1.053753e+00 1.057691e+00 1.054321e+00 1.043140e+00 1.038584e+00 1.037825e+00 1.032118e+00 1.028118e+00 1.031715e+00 1.032270e+00 1.033012e+00 1.026683e+00 1.020677e+00 1.016733e+00 1.012387e+00 1.008769e+00 9.954828e-01 9.939705e-01 9.843909e-01 9.681898e-01 9.793286e-01 9.880841e-01 9.768049e-01 9.815745e-01 9.712430e-01 9.436331e-01 9.382051e-01 9.531067e-01 9.405027e-01 9.254942e-01 9.219409e-01 9.184911e-01 9.162186e-01 9.036590e-01 8.986113e-01 8.934656e-01 8.946248e-01 8.993640e-01 9.051436e-01 8.994782e-01 8.923240e-01 8.701238e-01 8.671237e-01 8.763353e-01 8.852921e-01 8.957079e-01 9.000983e-01 8.948459e-01 9.073237e-01 9.157391e-01 9.308088e-01 9.482349e-01 9.438488e-01 9.418178e-01 9.441382e-01 9.418080e-01 9.392459e-01 9.481530e-01 9.603301e-01 9.653738e-01 9.712937e-01 9.687411e-01 9.509807e-01 9.507340e-01 9.698821e-01 9.760518e-01 9.645581e-01 9.732170e-01 9.805256e-01 9.807928e-01 9.963250e-01 1.010716e+00 1.010808e+00 9.973173e-01 9.926868e-01 9.871626e-01 9.782409e-01 9.742303e-01 9.778299e-01 9.856279e-01 1.000392e+00 9.989524e-01 9.911804e-01 9.976413e-01 1.002297e+00 1.004935e+00 1.007569e+00 9.990560e-01 9.854593e-01 9.822479e-01 9.843238e-01 9.838654e-01 9.941759e-01 9.982663e-01 9.998487e-01 1.007892e+00 1.010234e+00 9.990871e-01 9.889833e-01 9.770481e-01 9.698476e-01 9.733968e-01 9.827206e-01 9.838934e-01 9.792388e-01 9.768925e-01 9.780213e-01 9.899341e-01 1.000933e+00 9.883606e-01 1.009064e+00 1.020638e+00 1.005281e+00 1.016602e+00 9.982469e-01 1.001425e+00 1.001836e+00 9.847335e-01 9.726114e-01 9.964935e-01 1.021244e+00 1.032229e+00 1.023151e+00 1.020273e+00 1.011463e+00 1.010132e+00 1.013619e+00 9.998582e-01 9.909215e-01 9.950800e-01 9.965761e-01 9.971213e-01 9.878756e-01 9.822728e-01 9.810504e-01 9.851322e-01 9.895024e-01 9.892521e-01 9.935823e-01 9.907624e-01 9.968181e-01 9.985124e-01 9.995419e-01 1.004165e+00 1.007937e+00 1.007162e+00 1.007975e+00 1.017708e+00 1.023445e+00 1.024794e+00 1.018055e+00 1.011755e+00 1.008783e+00 1.007429e+00 1.005668e+00 9.969671e-01 9.916704e-01 9.962454e-01 1.006404e+00 1.001210e+00 9.938956e-01 9.875555e-01 9.696184e-01 9.546701e-01 9.504815e-01 9.529192e-01 9.470689e-01 9.301928e-01
9.796761e-01 9.815519e-01 9.745581e-01 9.734784e-01 9.760655e-01 9.797630e-01 9.708687e-01 9.740162e-01 9.745398e-01 9.760036e-01 9.867275e-01 9.972355e-01 1.001410e+00 1.003431e+00 1.005755e+00 9.994471e-01 9.929604e-01 9.851519e-01 9.794804e-01 9.736215e-01 9.744608e-01 9.817966e-01 9.839146e-01 9.761152e-01 9.670775e-01 9.617708e-01 9.621608e-01 9.614564e-01 9.542391e-01 9.528514e-01 9.530470e-01 9.602968e-01 9.676325e-01 9.697983e-01 9.728432e-01 9.799847e-01 9.800819e-01 9.863183e-01 9.906009e-01 9.922861e-01 9.962219e-01 9.886585e-01 9.909806e-01 1.003293e+00 1.001737e+00 9.949266e-01 9.870569e-01 9.850527e-01 9.934526e-01 1.002083e+00 9.982424e-01 1.006439e+00 1.014786e+00 1.027475e+00 1.028532e+00 1.028420e+00 1.011696e+00 1.018897e+00 1.014601e+00 1.004518e+00 9.899924e-01 1.005259e+00 1.027108e+00 1.041412e+00 1.039094e+00 1.033233e+00 1.034760e+00 1.036175e+00 1.039249e+00 1.041703e+00 1.042544e+00 1.047318e+00 1.056486e+00 1.059874e+00 1.054808e+00 1.050496e+00 1.052149e+00 1.054202e+00 1.058768e+00 1.062716e+00 1.062428e+00 1.059261e+00 1.048877e+00 1.041415e+00 1.042828e+00 1.049210e+00 1.057630e+00 1.059875e+00 1.058680e+00 1.057865e+00 1.053749e+00 1.045650e+00 1.039282e+00 1.029238e+00 1.020463e+00 1.027334e+00 1.036850e+00 1.034169e+00 1.031616e+00 1.020500e+00 1.022157e+00 1.017172e+00 1.018882e+00 1.009548e+00 1.004585e+00 1.004553e+00 9.924136e-01 9.822742e-01 9.826819e-01 9.863048e-01 9.723873e-01 9.672207e-01 9.580932e-01 9.438511e-01 9.412677e-01 9.561014e-01 9.526572e-01 9.403180e-01 9.303001e-01 9.186407e-01 9.138432e-01 9.059942e-01 9.023460e-01 8.945794e-01 9.017199e-01 9.052840e-01 8.875496e-01 8.822334e-01 8.819229e-01 8.762543e-01 8.751482e-01 8.874848e-01 8.948691e-01 9.038882e-01 9.115149e-01 9.067670e-01 9.069061e-01 9.154952e-01 9.338074e-01 9.496859e-01 9.559001e-01 9.485641e-01 9.412525e-01 9.297513e-01 9.182526e-01 9.271383e-01 9.472443e-01 9.547049e-01 9.609193e-01 9.605209e-01 9.519305e-01 9.417109e-01 9.542438e-01 9.730000e-01 9.763344e-01 9.946308e-01 9.913743e-01 9.951916e-01 1.003386e+00 1.006637e+00 1.007275e+00 9.968653e-01 9.876045e-01 9.885917e-01 9.825851e-01 9.857659e-01 9.900057e-01 1.000853e+00 1.005503e+00 9.969959e-01 9.980974e-01 1.004442e+00 1.011780e+00 1.016930e+00 1.019929e+00 1.020568e+00 1.009072e+00 1.000139e+00 9.921030e-01 9.888939e-01 9.929085e-01 9.954072e-01 9.999396e-01 1.006815e+00 1.006433e+00 9.963441e-01 9.887868e-01 9.752329e-01 9.673650e-01 9.723850e-01 9.819311e-01 9.886709e-01 9.822596e-01 9.758195e-01 9.817912e-01 9.910689e-01 1.005098e+00 1.000464e+00 1.015022e+00 1.024431e+00 1.013898e+00 1.005810e+00 1.010673e+00 1.014792e+00 1.010013e+00 9.956065e-01 9.861499e-01 1.005635e+00 1.029279e+00 1.038388e+00 1.026621e+00 1.020008e+00 1.014170e+00 1.016626e+00 1.011200e+00 9.940903e-01 9.954720e-01 1.000595e+00 9.996365e-01 9.997739e-01 9.873555e-01 9.787960e-01 9.785002e-01 9.800146e-01 9.845526e-01 9.933542e-01 9.968680e-01 9.954938e-01 9.997937e-01 1.002188e+00 1.001343e+00 1.001823e+00 1.006703e+00 1.011268e+00 1.012541e+00 1.017244e+00 1.025535e+00 1.023432e+00 1.021563e+00 1.019349e+00 1.013188e+00 1.008999e+00 1.005010e+00 1.002243e+00 1.002213e+00 1.001271e+00 1.004905e+00 1.005541e+00 1.004269e+00 9.972731e-01 9.815924e-01 9.647157e-01 9.580559e-01 9.498883e-01 9.483197e-01 9.412434e-01
9.815121e-01 9.700201e-01 9.682582e-01 9.649541e-01 9.701329e-01 9.774022e-01 9.818126e-01 9.825401e-01 9.812062e-01 9.757746e-01 9.833596e-01 9.966803e-01 1.004894e+00 1.007435e+00 1.010850e+00 1.000704e+00 9.902607e-01 9.830890e-01 9.782798e-01 9.749646e-01 9.726544e-01 9.747742e-01 9.746023e-01 9.673932e-01 9.633426e-01 9.582559e-01 9.622344e-01 9.611099e-01 9.538828e-01 9.533870e-01 9.538164e-01 9.599443e-01 9.638219e-01 9.635305e-01 9.633092e-01 9.718468e-01 9.742405e-01 9.810765e-01 9.853739e-01 9.921229e-01 9.918401e-01 9.843586e-01 9.925299e-01 1.000847e+00 9.969538e-01 9.883305e-01 9.810916e-01 9.856108e-01 9.958317e-01 1.007243e+00 9.981400e-01 1.010114e+00 1.021800e+00 1.034066e+00 1.027853e+00 1.027341e+00 1.019141e+00 1.025385e+00 1.019623e+00 9.984098e-01 9.913017e-01 9.977287e-01 1.017532e+00 1.030406e+00 1.029896e+00 1.026695e+00 1.027920e+00 1.035344e+00 1.037265e+00 1.038153e+00 1.041649e+00 1.045299e+00 1.054297e+00 1.059569e+00 1.053715e+00 1.048351e+00 1.052083e+00 1.055097e+00 1.054985e+00 1.054858e+00 1.057239e+00 1.056872e+00 1.053395e+00 1.050379e+00 1.048730e+00 1.051646e+00 1.058928e+00 1.065419e+00 1.064952e+00 1.060798e+00 1.056643e+00 1.051036e+00 1.046179e+00 1.035446e+00 1.032134e+00 1.037109e+00 1.036429e+00 1.032360e+00 1.028092e+00 1.028286e+00 1.021445e+00 1.021602e+00 1.025465e+00 1.019099e+00 1.007707e+00 1.007921e+00 1.001585e+00 1.001234e+00 9.961457e-01 9.882109e-01 9.759837e-01 9.660479e-01 9.636267e-01 9.632306e-01 9.573640e-01 9.593241e-01 9.513367e-01 9.455025e-01 9.269276e-01 9.120747e-01 9.087644e-01 9.074336e-01 9.055510e-01 9.032841e-01 8.939015e-01 8.951781e-01 8.845398e-01 8.766854e-01 8.834131e-01 8.849459e-01 8.874460e-01 9.030200e-01 9.055619e-01 9.065875e-01 9.151946e-01 9.120061e-01 9.078464e-01 9.170766e-01 9.321018e-01 9.352186e-01 9.408513e-01 9.382321e-01 9.359043e-01 9.394003e-01 9.336627e-01 9.386539e-01 9.549803e-01 9.552025e-01 9.588745e-01 9.629986e-01 9.567157e-01 9.529464e-01 9.699063e-01 9.782982e-01 9.933354e-01 1.015622e+00 1.012792e+00 1.008251e+00 1.007688e+00 1.000692e+00 9.970763e-01 9.957359e-01 1.003765e+00 1.005350e+00 9.936216e-01 9.907041e-01 1.000721e+00 1.003720e+00 1.011300e+00 1.010488e+00 1.011247e+00 1.015240e+00 1.013071e+00 1.011845e+00 1.019492e+00 1.024441e+00 1.014652e+00 1.005277e+00 1.004579e+00 1.006404e+00 1.002667e+00 1.004020e+00 1.006968e+00 1.004227e+00 1.004175e+00 1.001841e+00 9.952807e-01 9.790078e-01 9.746545e-01 9.751766e-01 9.797344e-01 9.884563e-01 9.961480e-01 9.911879e-01 9.987727e-01 1.004358e+00 1.006377e+00 1.007355e+00 1.017644e+00 1.021121e+00 1.016254e+00 1.001323e+00 1.010765e+00 1.008740e+00 1.006113e+00 9.927661e-01 9.947737e-01 1.008221e+00 1.031307e+00 1.039136e+00 1.027611e+00 1.016903e+00 1.020230e+00 1.022340e+00 1.011324e+00 9.971495e-01 9.971864e-01 9.924660e-01 9.954903e-01 9.977061e-01 9.929504e-01 9.904923e-01 9.880600e-01 9.825419e-01 9.848666e-01 9.946143e-01 9.938198e-01 9.981710e-01 1.002923e+00 9.997118e-01 1.000010e+00 1.000165e+00 1.005064e+00 1.006589e+00 1.009388e+00 1.013090e+00 1.021665e+00 1.022866e+00 1.027070e+00 1.025127e+00 1.015226e+00 1.008036e+00 1.008764e+00 1.006263e+00 1.005409e+00 1.001674e+00 1.003709e+00 1.010992e+00 1.011603e+00 9.983411e-01 9.829477e-01 9.695616e-01 9.586385e-01 9.493365e-01 9.462332e-01 9.381936e-01
9.786465e-01 9.642033e-01 9.677800e-01 9.641032e-01 9.692101e-01 9.745498e-01 9.819707e-01 9.857364e-01 9.909827e-01 9.838877e-01 9.830099e-01 9.898877e-01 9.960349e-01 1.002752e+00 1.009132e+00 1.001496e+00 9.899747e-01 9.800896e-01 9.814016e-01 9.790702e-01 9.715981e-01 9.648653e-01 9.653827e-01 9.628496e-01 9.576511e-01 9.540467e-01 9.564193e-01 9.551080e-01 9.516168e-01 9.551560e-01 9.556466e-01 9.565536e-01 9.582649e-01 9.614787e-01 9.607404e-01 9.581462e-01 9.652926e-01 9.770457e-01 9.872300e-01 9.921725e-01 9.863128e-01 9.799753e-01 9.897471e-01 9.967778e-01 9.974660e-01 9.881187e-01 9.685370e-01 9.754846e-01 9.949929e-01 1.007439e+00 1.004350e+00 1.011721e+00 1.022588e+00 1.041362e+00 1.028171e+00 1.021103e+00 1.015861e+00 1.019124e+00 1.017877e+00 1.002921e+00 9.886107e-01 9.933168e-01 1.010871e+00 1.020020e+00 1.026960e+00 1.030761e+00 1.035566e+00 1.041896e+00 1.041337e+00 1.038187e+00 1.039392e+00 1.036985e+00 1.043229e+00 1.051754e+00 1.050952e+00 1.049128e+00 1.051794e+00 1.055409e+00 1.056590e+00 1.053209e+00 1.050075e+00 1.054320e+00 1.058191e+00 1.058018e+00 1.053265e+00 1.051341e+00 1.054470e+00 1.063159e+00 1.063054e+00 1.059945e+00 1.052849e+00 1.053782e+00 1.051191e+00 1.047746e+00 1.043782e+00 1.042517e+00 1.035428e+00 1.036720e+00 1.032881e+00 1.032971e+00 1.022500e+00 1.028580e+00 1.029891e+00 1.024728e+00 1.012786e+00 1.015898e+00 1.006356e+00 9.974872e-01 9.949204e-01 9.915528e-01 9.801391e-01 9.671604e-01 9.726756e-01 9.796337e-01 9.732296e-01 9.571812e-01 9.417263e-01 9.399077e-01 9.256958e-01 9.178100e-01 9.087793e-01 9.116512e-01 9.178195e-01 9.098687e-01 8.939849e-01 8.893172e-01 8.864135e-01 8.909087e-01 9.008000e-01 8.984481e-01 8.942562e-01 8.981946e-01 9.056590e-01 9.080521e-01 9.101635e-01 9.127724e-01 9.085429e-01 9.071913e-01 9.150785e-01 9.276447e-01 9.459165e-01 9.428457e-01 9.419461e-01 9.529050e-01 9.488049e-01 9.593444e-01 9.665248e-01 9.624825e-01 9.581686e-01 9.601964e-01 9.693727e-01 9.768198e-01 9.858595e-01 9.904073e-01 1.006491e+00 1.020107e+00 1.019945e+00 1.012030e+00 1.002530e+00 9.985095e-01 9.908500e-01 9.979612e-01 1.006702e+00 1.005258e+00 9.971585e-01 9.984316e-01 1.012456e+00 1.012417e+00 1.012288e+00 1.013927e+00 1.018974e+00 1.018847e+00 1.008518e+00 1.000169e+00 1.008782e+00 1.013791e+00 1.007044e+00 1.002617e+00 1.007992e+00 1.015084e+00 1.012301e+00 1.009738e+00 1.008168e+00 1.005723e+00 1.010127e+00 1.010296e+00 1.007229e+00 9.948003e-01 9.866441e-01 9.814712e-01 9.843309e-01 9.916718e-01 1.004459e+00 1.005873e+00 1.010779e+00 1.017180e+00 1.015704e+00 1.011470e+00 1.021466e+00 1.020783e+00 1.017653e+00 1.003185e+00 9.916467e-01 1.013180e+00 1.011798e+00 9.960772e-01 9.940411e-01 1.009540e+00 1.031200e+00 1.040330e+00 1.027388e+00 1.020979e+00 1.029089e+00 1.020925e+00 1.015573e+00 1.010489e+00 9.989381e-01 9.875246e-01 9.891975e-01 9.941018e-01 1.001464e+00 1.004784e+00 9.990250e-01 9.887835e-01 9.924886e-01 9.921044e-01 9.925294e-01 9.982905e-01 9.975671e-01 9.957684e-01 9.995059e-01 1.002586e+00 1.003661e+00 1.004790e+00 1.010349e+00 1.013599e+00 1.013433e+00 1.023921e+00 1.032197e+00 1.028403e+00 1.017464e+00 1.004197e+00 1.002978e+00 1.010064e+00 1.006973e+00 1.003498e+00 1.005394e+00 1.011346e+00 1.013270e+00 9.954259e-01 9.771882e-01 9.691947e-01 9.583412e-01 9.560100e-01 9.442374e-01 9.316079e-01
9.741810e-01 9.672681e-01 9.704311e-01 9.622900e-01 9.743068e-01 9.782828e-01 9.791358e-01 9.849288e-01 9.878457e-01 9.843132e-01 9.835827e-01 9.863691e-01 9.912872e-01 9.968260e-01 1.001782e+00 9.979331e-01 9.873902e-01 9.772222e-01 9.830497e-01 9.857532e-01 9.758530e-01 9.633157e-01 9.667888e-01 9.664770e-01 9.573978e-01 9.562831e-01 9.557058e-01 9.512740e-01 9.499887e-01 9.504101e-01 9.537311e-01 9.536737e-01 9.604363e-01 9.690143e-01 9.650768e-01 9.571332e-01 9.667345e-01 9.777902e-01 9.846109e-01 9.860972e-01 9.833861e-01 9.788643e-01 9.862214e-01 9.926403e-01 9.923555e-01 9.827580e-01 9.644191e-01 9.737505e-01 9.904493e-01 9.989648e-01 1.001980e+00 1.009361e+00 1.020533e+00 1.038953e+00 1.025843e+00 1.015984e+00 1.010862e+00 1.009804e+00 1.011896e+00 9.978144e-01 9.885748e-01 9.955124e-01 1.016896e+00 1.028988e+00 1.033824e+00 1.038886e+00 1.043583e+00 1.044105e+00 1.044564e+00 1.043059e+00 1.046378e+00 1.045476e+00 1.046269e+00 1.053362e+00 1.051661e+00 1.049543e+00 1.054257e+00 1.061386e+00 1.058441e+00 1.054513e+00 1.054613e+00 1.058979e+00 1.059936e+00 1.058830e+00 1.058496e+00 1.054775e+00 1.055397e+00 1.054628e+00 1.055346e+00 1.054342e+00 1.046880e+00 1.046944e+00 1.046175e+00 1.048887e+00 1.045155e+00 1.036377e+00 1.032111e+00 1.037230e+00 1.038463e+00 1.036375e+00 1.026064e+00 1.024402e+00 1.029459e+00 1.022309e+00 1.017341e+00 1.020928e+00 1.011633e+00 1.004175e+00 1.010094e+00 1.001595e+00 9.776341e-01 9.647272e-01 9.713174e-01 9.795961e-01 9.693693e-01 9.528446e-01 9.407312e-01 9.429548e-01 9.403101e-01 9.254997e-01 9.141391e-01 9.136251e-01 9.110323e-01 9.112866e-01 9.053113e-01 8.933216e-01 8.961570e-01 9.091591e-01 9.085519e-01 8.912935e-01 8.784292e-01 8.815368e-01 9.058933e-01 9.124717e-01 9.098759e-01 9.139436e-01 9.034902e-01 8.984618e-01 9.112285e-01 9.305180e-01 9.411959e-01 9.340411e-01 9.329478e-01 9.593535e-01 9.614562e-01 9.543580e-01 9.591011e-01 9.647475e-01 9.735054e-01 9.665053e-01 9.725710e-01 9.898674e-01 9.908887e-01 9.922168e-01 1.006024e+00 1.022137e+00 1.028758e+00 1.016977e+00 9.993224e-01 9.949437e-01 9.925872e-01 1.001064e+00 9.998237e-01 1.002921e+00 1.009123e+00 1.014739e+00 1.019626e+00 1.014546e+00 1.015945e+00 1.018551e+00 1.017305e+00 1.011051e+00 1.003640e+00 1.001006e+00 1.000720e+00 1.006382e+00 1.016679e+00 1.014702e+00 1.013374e+00 1.014421e+00 1.011321e+00 1.007622e+00 1.007766e+00 1.008881e+00 1.010669e+00 1.005018e+00 1.011130e+00 1.010934e+00 1.000700e+00 9.896244e-01 9.902359e-01 9.989601e-01 1.009637e+00 1.017267e+00 1.019228e+00 1.023723e+00 1.022087e+00 1.020394e+00 1.019799e+00 1.023200e+00 1.023710e+00 1.009749e+00 9.960915e-01 1.023800e+00 1.013485e+00 1.005969e+00 9.989658e-01 1.021229e+00 1.028854e+00 1.037817e+00 1.022002e+00 1.021111e+00 1.020455e+00 1.014241e+00 1.020120e+00 1.017005e+00 9.996931e-01 9.883841e-01 9.891822e-01 9.948368e-01 1.006841e+00 1.007153e+00 1.001565e+00 9.949811e-01 9.960071e-01 9.946327e-01 9.943092e-01 9.963864e-01 9.889918e-01 9.897026e-01 9.951978e-01 1.005235e+00 1.007224e+00 1.008899e+00 1.013960e+00 1.014223e+00 1.009777e+00 1.021082e+00 1.028650e+00 1.026741e+00 1.015936e+00 1.001035e+00 1.000295e+00 1.008802e+00 1.003412e+00 9.983210e-01 1.001049e+00 1.003898e+00 1.000860e+00 9.848474e-01 9.677678e-01 9.631308e-01 9.546682e-01 9.536587e-01 9.423023e-01 9.340250e-01
9.757017e-01 9.755150e-01 9.767480e-01 9.710569e-01 9.833392e-01 9.852903e-01 9.823730e-01 9.813482e-01 9.793690e-01 9.850451e-01 9.884154e-01 9.823011e-01 9.836431e-01 9.882826e-01 9.896888e-01 9.882047e-01 9.791807e-01 9.743960e-01 9.792014e-01 9.818919e-01 9.719399e-01 9.624379e-01 9.671186e-01 9.662882e-01 9.573081e-01 9.568965e-01 9.587455e-01 9.551886e-01 9.512889e-01 9.474804e-01 9.555092e-01 9.591364e-01 9.649234e-01 9.732009e-01 9.658584e-01 9.596500e-01 9.651104e-01 9.746889e-01 9.808351e-01 9.828913e-01 9.762490e-01 9.807761e-01 9.924059e-01 1.002135e+00 9.917719e-01 9.771764e-01 9.671082e-01 9.772198e-01 9.925573e-01 9.973037e-01 9.951473e-01 1.001485e+00 1.009053e+00 1.027533e+00 1.025342e+00 1.013716e+00 1.014703e+00 1.007202e+00 1.009148e+00 9.950743e-01 9.918901e-01 9.925531e-01 1.014109e+00 1.032356e+00 1.039964e+00 1.045379e+00 1.046252e+00 1.042889e+00 1.040659e+00 1.045697e+00 1.052162e+00 1.054661e+00 1.055293e+00 1.058282e+00 1.056690e+00 1.051620e+00 1.056751e+00 1.059506e+00 1.056934e+00 1.053052e+00 1.056420e+00 1.059969e+00 1.058906e+00 1.059021e+00 1.060330e+00 1.056934e+00 1.052992e+00 1.048259e+00 1.051336e+00 1.054462e+00 1.049469e+00 1.045949e+00 1.045063e+00 1.047034e+00 1.044114e+00 1.035953e+00 1.029258e+00 1.027386e+00 1.030811e+00 1.036274e+00 1.028834e+00 1.023030e+00 1.019737e+00 1.012008e+00 1.010584e+00 1.015405e+00 1.011287e+00 1.009036e+00 1.011678e+00 1.008488e+00 9.846618e-01 9.700502e-01 9.625733e-01 9.718990e-01 9.675548e-01 9.432099e-01 9.385507e-01 9.463245e-01 9.419981e-01 9.289325e-01 9.263163e-01 9.181295e-01 9.040515e-01 9.078637e-01 9.063228e-01 9.000255e-01 9.098459e-01 9.194781e-01 9.060900e-01 8.754175e-01 8.689567e-01 8.772460e-01 9.012081e-01 9.049135e-01 9.037642e-01 9.064255e-01 9.121018e-01 9.208643e-01 9.317104e-01 9.418266e-01 9.352425e-01 9.313158e-01 9.277393e-01 9.427724e-01 9.556048e-01 9.542385e-01 9.609667e-01 9.643333e-01 9.809605e-01 9.785032e-01 9.798002e-01 9.852172e-01 9.807693e-01 9.893942e-01 9.954101e-01 1.007933e+00 1.027638e+00 1.021881e+00 1.000217e+00 9.985799e-01 9.940057e-01 1.003079e+00 1.003500e+00 1.013918e+00 1.027858e+00 1.025577e+00 1.018136e+00 1.014048e+00 1.012542e+00 1.013143e+00 1.010525e+00 1.005680e+00 1.010047e+00 1.016740e+00 1.008624e+00 1.008176e+00 1.015470e+00 1.016383e+00 1.017372e+00 1.015019e+00 1.013314e+00 1.007419e+00 1.012277e+00 1.010845e+00 1.005571e+00 1.001118e+00 1.009814e+00 1.015295e+00 1.003446e+00 9.943470e-01 9.984968e-01 1.003752e+00 1.008035e+00 1.015015e+00 1.018202e+00 1.021178e+00 1.023343e+00 1.023113e+00 1.015868e+00 1.016220e+00 1.020979e+00 1.014908e+00 1.003515e+00 1.027640e+00 1.018365e+00 1.010787e+00 1.003719e+00 1.026218e+00 1.033127e+00 1.035558e+00 1.022105e+00 1.019306e+00 1.010082e+00 1.009953e+00 1.013027e+00 1.003057e+00 9.939995e-01 9.917233e-01 9.903069e-01 9.954844e-01 1.003343e+00 1.002393e+00 9.987319e-01 9.958671e-01 9.960532e-01 9.957788e-01 9.929613e-01 9.902664e-01 9.898506e-01 9.925735e-01 9.985536e-01 1.005685e+00 1.009266e+00 1.010070e+00 1.014019e+00 1.012118e+00 1.008763e+00 1.014825e+00 1.019617e+00 1.021457e+00 1.012152e+00 9.999889e-01 1.002542e+00 1.004691e+00 9.994473e-01 9.930994e-01 9.939201e-01 9.957869e-01 9.939808e-01 9.804515e-01 9.621911e-01 9.544262e-01 9.490389e-01 9.477976e-01 9.430571e-01 9.381422e-01
9.807616e-01 9.810620e-01 9.859740e-01 9.801522e-01 9.903980e-01 9.915496e-01 9.907202e-01 9.848059e-01 9.813498e-01 9.896724e-01 9.915073e-01 9.791464e-01 9.785724e-01 9.825917e-01 9.836843e-01 9.819093e-01 9.761021e-01 9.741956e-01 9.808777e-01 9.828352e-01 9.700530e-01 9.621474e-01 9.650708e-01 9.626098e-01 9.567581e-01 9.560954e-01 9.570917e-01 9.577821e-01 9.477891e-01 9.405332e-01 9.546418e-01 9.676291e-01 9.706099e-01 9.665663e-01 9.588543e-01 9.556008e-01 9.605778e-01 9.719927e-01 9.720095e-01 9.740511e-01 9.714493e-01 9.713266e-01 9.892037e-01 9.959989e-01 9.861158e-01 9.747496e-01 9.747598e-01 9.754293e-01 9.879149e-01 9.923365e-01 9.841892e-01 9.880554e-01 9.946060e-01 1.017092e+00 1.021945e+00 1.010959e+00 1.009873e+00 1.008334e+00 1.014020e+00 9.981188e-01 9.971356e-01 9.985059e-01 1.015178e+00 1.027128e+00 1.036152e+00 1.039677e+00 1.044207e+00 1.032122e+00 1.034487e+00 1.041868e+00 1.047918e+00 1.055457e+00 1.056625e+00 1.058207e+00 1.057043e+00 1.057524e+00 1.059640e+00 1.057862e+00 1.055764e+00 1.051901e+00 1.051267e+00 1.054464e+00 1.055037e+00 1.061968e+00 1.065289e+00 1.060278e+00 1.056518e+00 1.054369e+00 1.053707e+00 1.050777e+00 1.055505e+00 1.054402e+00 1.050150e+00 1.048274e+00 1.045130e+00 1.036807e+00 1.027410e+00 1.028066e+00 1.034241e+00 1.033986e+00 1.028880e+00 1.026162e+00 1.021020e+00 1.011296e+00 1.002274e+00 1.002701e+00 1.006396e+00 1.006132e+00 1.002510e+00 1.004253e+00 9.836324e-01 9.616795e-01 9.528173e-01 9.629024e-01 9.621924e-01 9.385288e-01 9.285306e-01 9.381921e-01 9.394969e-01 9.241280e-01 9.327424e-01 9.236788e-01 9.016189e-01 9.014953e-01 9.007941e-01 9.033947e-01 9.064851e-01 9.090394e-01 9.012574e-01 8.855522e-01 8.721696e-01 8.761731e-01 8.838586e-01 8.925582e-01 9.033225e-01 9.086933e-01 9.090670e-01 9.262814e-01 9.478200e-01 9.408478e-01 9.348017e-01 9.335373e-01 9.274035e-01 9.387976e-01 9.562801e-01 9.480641e-01 9.535163e-01 9.643959e-01 9.743254e-01 9.851982e-01 9.800897e-01 9.782681e-01 9.770299e-01 9.936317e-01 9.964725e-01 1.004611e+00 1.026077e+00 1.023480e+00 1.004403e+00 1.009575e+00 1.007311e+00 1.006699e+00 1.012086e+00 1.026557e+00 1.032759e+00 1.028748e+00 1.020825e+00 1.018264e+00 1.014127e+00 1.009146e+00 1.012854e+00 1.008403e+00 1.019182e+00 1.026224e+00 1.019306e+00 1.003450e+00 1.010381e+00 1.018972e+00 1.022803e+00 1.017868e+00 1.021592e+00 1.014678e+00 1.019603e+00 1.013596e+00 1.008813e+00 1.006683e+00 1.008565e+00 1.011432e+00 1.003947e+00 1.000669e+00 1.006890e+00 1.005009e+00 1.009486e+00 1.012470e+00 1.017597e+00 1.022210e+00 1.024069e+00 1.026781e+00 1.021029e+00 1.007921e+00 1.009652e+00 1.015194e+00 1.014472e+00 1.029909e+00 1.027447e+00 1.012772e+00 1.001545e+00 1.016879e+00 1.030405e+00 1.025919e+00 1.025991e+00 1.020606e+00 1.011515e+00 1.007221e+00 9.993154e-01 9.944584e-01 9.971453e-01 9.971449e-01 1.000307e+00 1.000877e+00 9.997161e-01 9.982777e-01 9.959766e-01 9.965096e-01 9.973648e-01 9.956992e-01 9.904725e-01 9.925349e-01 9.969870e-01 9.932454e-01 9.969205e-01 1.003904e+00 1.005988e+00 1.010186e+00 1.014299e+00 1.007488e+00 1.008890e+00 1.016726e+00 1.017120e+00 1.014110e+00 1.011575e+00 1.004831e+00 1.005319e+00 1.005387e+00 9.959179e-01 9.883984e-01 9.893188e-01 9.952220e-01 9.948882e-01 9.805006e-01 9.612155e-01 9.491732e-01 9.517489e-01 9.475417e-01 9.447051e-01 9.337245e-01
9.833015e-01 9.822288e-01 9.840511e-01 9.832196e-01 9.867394e-01 9.910537e-01 9.913244e-01 9.873325e-01 9.848228e-01 9.877487e-01 9.877542e-01 9.810208e-01 9.795240e-01 9.845108e-01 9.815066e-01 9.755700e-01 9.716854e-01 9.771190e-01 9.851707e-01 9.801370e-01 9.633965e-01 9.582618e-01 9.577087e-01 9.582534e-01 9.585957e-01 9.550010e-01 9.505199e-01 9.505074e-01 9.421661e-01 9.385878e-01 9.513597e-01 9.651744e-01 9.634762e-01 9.553589e-01 9.507099e-01 9.482267e-01 9.588079e-01 9.684834e-01 9.664755e-01 9.701306e-01 9.725218e-01 9.688417e-01 9.832636e-01 9.858108e-01 9.773052e-01 9.713239e-01 9.724446e-01 9.813308e-01 9.846659e-01 9.810022e-01 9.743106e-01 9.820125e-01 9.870996e-01 1.005795e+00 1.005178e+00 9.999003e-01 1.003667e+00 1.005834e+00 1.009648e+00 9.996800e-01 9.955743e-01 9.978409e-01 1.008041e+00 1.018419e+00 1.032600e+00 1.033568e+00 1.040949e+00 1.034052e+00 1.035300e+00 1.038997e+00 1.038288e+00 1.041021e+00 1.048387e+00 1.050781e+00 1.050216e+00 1.055197e+00 1.053747e+00 1.050553e+00 1.055284e+00 1.057221e+00 1.055180e+00 1.052656e+00 1.055277e+00 1.061436e+00 1.065258e+00 1.061087e+00 1.062942e+00 1.061847e+00 1.056824e+00 1.051358e+00 1.056071e+00 1.059404e+00 1.057513e+00 1.056751e+00 1.045864e+00 1.034358e+00 1.029494e+00 1.026901e+00 1.031431e+00 1.030547e+00 1.018688e+00 1.025329e+00 1.024786e+00 1.010103e+00 1.002336e+00 1.005396e+00 1.005582e+00 1.010162e+00 1.004292e+00 1.002319e+00 9.846928e-01 9.604310e-01 9.615157e-01 9.721088e-01 9.603915e-01 9.422065e-01 9.358088e-01 9.342318e-01 9.352356e-01 9.181489e-01 9.304240e-01 9.296020e-01 9.103723e-01 9.010577e-01 8.994638e-01 9.010878e-01 8.966711e-01 8.876662e-01 8.813616e-01 8.812189e-01 8.796254e-01 8.840245e-01 8.859288e-01 8.920866e-01 9.128852e-01 9.217914e-01 9.211767e-01 9.346406e-01 9.358393e-01 9.213224e-01 9.267656e-01 9.275781e-01 9.292858e-01 9.430085e-01 9.593039e-01 9.615954e-01 9.614434e-01 9.741359e-01 9.813735e-01 9.797817e-01 9.816439e-01 9.716544e-01 9.750045e-01 1.000289e+00 1.015281e+00 1.024600e+00 1.026940e+00 1.024030e+00 1.017792e+00 1.023118e+00 1.020571e+00 1.022361e+00 1.028726e+00 1.032265e+00 1.028720e+00 1.027981e+00 1.025689e+00 1.024437e+00 1.024385e+00 1.021078e+00 1.023710e+00 1.019599e+00 1.028482e+00 1.025912e+00 1.021365e+00 1.008969e+00 1.014412e+00 1.021754e+00 1.019743e+00 1.020483e+00 1.022689e+00 1.021896e+00 1.020916e+00 1.016522e+00 1.016032e+00 1.017825e+00 1.008357e+00 1.000065e+00 1.006381e+00 1.012456e+00 1.016437e+00 1.014066e+00 1.011714e+00 1.013516e+00 1.021974e+00 1.027675e+00 1.027996e+00 1.031292e+00 1.022983e+00 1.002180e+00 1.000866e+00 1.013698e+00 1.020540e+00 1.027560e+00 1.034197e+00 1.019258e+00 1.002060e+00 1.016382e+00 1.022204e+00 1.021872e+00 1.029029e+00 1.027859e+00 1.021167e+00 1.006983e+00 1.001388e+00 1.003575e+00 1.001336e+00 1.000948e+00 1.004899e+00 1.000194e+00 9.944736e-01 9.931574e-01 9.925965e-01 9.952353e-01 9.954260e-01 9.868923e-01 9.791986e-01 9.874144e-01 9.915916e-01 9.849265e-01 9.867663e-01 9.959963e-01 1.000288e+00 1.008382e+00 1.012005e+00 1.002481e+00 1.006481e+00 1.021055e+00 1.021981e+00 1.012045e+00 1.008639e+00 1.007600e+00 1.003441e+00 1.001829e+00 9.959683e-01 9.873571e-01 9.820825e-01 9.833320e-01 9.824547e-01 9.742667e-01 9.663708e-01 9.552014e-01 9.593818e-01 9.528677e-01 9.415067e-01 9.276487e-01
9.889478e-01 9.873690e-01 9.807519e-01 9.835892e-01 9.833478e-01 9.839079e-01 9.869874e-01 9.851595e-01 9.814358e-01 9.780479e-01 9.824794e-01 9.835761e-01 9.841565e-01 9.833308e-01 9.810331e-01 9.793848e-01 9.764686e-01 9.857826e-01 9.927101e-01 9.825961e-01 9.640294e-01 9.536740e-01 9.482757e-01 9.524996e-01 9.617864e-01 9.562406e-01 9.484596e-01 9.440542e-01 9.399559e-01 9.444615e-01 9.536802e-01 9.573019e-01 9.552023e-01 9.500361e-01 9.505484e-01 9.544674e-01 9.650111e-01 9.708039e-01 9.723297e-01 9.772660e-01 9.764501e-01 9.708779e-01 9.828358e-01 9.856982e-01 9.782763e-01 9.642016e-01 9.686418e-01 9.866839e-01 9.874716e-01 9.848254e-01 9.850421e-01 9.846739e-01 9.854748e-01 9.900402e-01 9.885468e-01 9.929443e-01 1.003695e+00 1.004978e+00 1.007464e+00 9.959794e-01 9.909036e-01 9.898489e-01 9.944668e-01 1.002650e+00 1.018688e+00 1.028721e+00 1.040089e+00 1.037775e+00 1.035215e+00 1.031091e+00 1.031331e+00 1.030820e+00 1.038938e+00 1.044981e+00 1.050421e+00 1.056457e+00 1.055960e+00 1.052515e+00 1.052658e+00 1.057956e+00 1.058246e+00 1.051788e+00 1.053538e+00 1.061201e+00 1.061087e+00 1.057398e+00 1.063365e+00 1.060984e+00 1.055626e+00 1.051325e+00 1.054948e+00 1.057347e+00 1.054965e+00 1.059614e+00 1.054023e+00 1.039217e+00 1.025585e+00 1.024572e+00 1.026479e+00 1.024743e+00 1.014547e+00 1.022673e+00 1.027879e+00 1.017594e+00 1.010650e+00 1.011357e+00 1.018074e+00 1.018774e+00 1.008647e+00 9.994597e-01 9.822140e-01 9.585679e-01 9.630182e-01 9.789933e-01 9.744000e-01 9.575282e-01 9.449403e-01 9.334486e-01 9.178789e-01 9.126107e-01 9.268140e-01 9.300500e-01 9.208997e-01 9.019533e-01 8.952429e-01 8.939919e-01 8.878220e-01 8.745922e-01 8.689354e-01 8.777936e-01 8.941216e-01 9.058409e-01 8.987856e-01 8.942320e-01 9.100986e-01 9.148195e-01 9.235359e-01 9.362576e-01 9.335086e-01 9.181175e-01 9.223230e-01 9.271459e-01 9.355539e-01 9.436811e-01 9.650073e-01 9.774506e-01 9.809470e-01 9.908779e-01 1.002068e+00 9.886255e-01 9.930945e-01 9.854994e-01 9.808981e-01 1.000830e+00 1.020244e+00 1.030882e+00 1.029568e+00 1.028466e+00 1.022899e+00 1.025844e+00 1.023419e+00 1.028840e+00 1.030323e+00 1.029885e+00 1.029927e+00 1.029927e+00 1.029101e+00 1.035519e+00 1.036348e+00 1.029886e+00 1.027988e+00 1.022930e+00 1.029209e+00 1.023469e+00 1.016249e+00 1.013485e+00 1.024322e+00 1.025807e+00 1.023918e+00 1.026798e+00 1.029052e+00 1.027549e+00 1.027988e+00 1.027784e+00 1.023053e+00 1.020049e+00 1.011852e+00 1.009259e+00 1.017514e+00 1.025693e+00 1.025068e+00 1.023512e+00 1.012777e+00 1.012799e+00 1.025134e+00 1.035756e+00 1.036509e+00 1.032768e+00 1.023065e+00 1.004716e+00 1.001240e+00 1.003013e+00 1.012312e+00 1.025957e+00 1.035184e+00 1.023530e+00 1.013081e+00 1.021044e+00 1.016042e+00 1.017994e+00 1.026263e+00 1.031409e+00 1.025562e+00 1.008164e+00 1.005719e+00 1.002964e+00 9.979689e-01 9.989870e-01 1.001267e+00 9.987135e-01 9.914370e-01 9.912442e-01 9.910105e-01 9.915383e-01 9.894329e-01 9.763572e-01 9.717739e-01 9.773077e-01 9.842867e-01 9.816294e-01 9.787843e-01 9.879988e-01 1.000209e+00 1.010914e+00 1.008904e+00 9.981611e-01 1.000767e+00 1.017266e+00 1.018341e+00 1.012144e+00 1.009230e+00 1.011803e+00 1.011450e+00 1.005506e+00 9.967350e-01 9.857681e-01 9.796382e-01 9.767155e-01 9.732321e-01 9.621130e-01 9.595126e-01 9.508043e-01 9.516265e-01 9.485422e-01 9.388248e-01 9.330366e-01
9.860789e-01 9.835559e-01 9.750784e-01 9.811709e-01 9.771971e-01 9.787735e-01 9.850609e-01 9.800065e-01 9.676487e-01 9.654537e-01 9.796106e-01 9.884365e-01 9.872023e-01 9.830843e-01 9.816579e-01 9.839767e-01 9.829150e-01 9.849725e-01 9.930913e-01 9.829080e-01 9.692075e-01 9.552698e-01 9.448045e-01 9.501526e-01 9.628408e-01 9.649203e-01 9.544244e-01 9.462588e-01 9.489940e-01 9.535304e-01 9.583123e-01 9.555838e-01 9.444469e-01 9.424902e-01 9.484823e-01 9.598123e-01 9.811424e-01 9.834553e-01 9.803463e-01 9.806221e-01 9.736856e-01 9.702209e-01 9.877856e-01 9.957315e-01 9.829356e-01 9.755424e-01 9.740286e-01 9.860075e-01 9.874935e-01 9.879311e-01 9.917889e-01 9.920563e-01 9.834793e-01 9.748135e-01 9.802238e-01 9.940221e-01 1.000320e+00 1.005506e+00 9.976159e-01 9.907252e-01 9.966605e-01 9.953936e-01 9.924207e-01 9.904037e-01 1.004132e+00 1.021411e+00 1.033636e+00 1.038723e+00 1.039151e+00 1.029253e+00 1.030231e+00 1.032880e+00 1.043196e+00 1.046895e+00 1.053288e+00 1.057608e+00 1.060104e+00 1.053348e+00 1.052568e+00 1.061477e+00 1.060776e+00 1.057176e+00 1.054152e+00 1.057235e+00 1.056919e+00 1.054558e+00 1.059051e+00 1.054698e+00 1.050268e+00 1.047996e+00 1.051665e+00 1.052496e+00 1.046856e+00 1.051505e+00 1.047987e+00 1.033372e+00 1.027590e+00 1.031557e+00 1.029816e+00 1.030662e+00 1.020246e+00 1.014681e+00 1.021374e+00 1.016014e+00 1.012489e+00 1.008701e+00 1.008939e+00 1.012628e+00 1.008265e+00 9.958878e-01 9.759794e-01 9.591615e-01 9.608175e-01 9.761086e-01 9.732765e-01 9.551933e-01 9.403995e-01 9.226802e-01 9.078702e-01 9.141289e-01 9.297069e-01 9.309340e-01 9.180738e-01 9.060540e-01 8.966452e-01 8.841659e-01 8.771761e-01 8.744002e-01 8.747907e-01 8.871633e-01 9.093048e-01 9.102701e-01 8.983150e-01 8.887762e-01 8.921877e-01 8.994930e-01 9.055818e-01 9.125720e-01 9.131708e-01 9.129833e-01 9.254724e-01 9.386047e-01 9.519740e-01 9.501731e-01 9.590114e-01 9.701652e-01 9.900071e-01 1.000364e+00 1.004162e+00 9.902692e-01 9.967679e-01 9.983517e-01 9.979193e-01 1.002812e+00 1.016050e+00 1.033594e+00 1.038002e+00 1.033611e+00 1.032123e+00 1.025875e+00 1.019461e+00 1.019591e+00 1.019216e+00 1.023249e+00 1.030676e+00 1.033442e+00 1.036205e+00 1.046055e+00 1.047981e+00 1.037777e+00 1.029485e+00 1.021757e+00 1.027556e+00 1.023394e+00 1.018326e+00 1.014587e+00 1.022918e+00 1.025650e+00 1.026356e+00 1.026210e+00 1.033549e+00 1.035929e+00 1.032597e+00 1.022351e+00 1.018532e+00 1.016802e+00 1.015488e+00 1.008042e+00 1.016862e+00 1.030530e+00 1.032774e+00 1.031235e+00 1.026049e+00 1.018335e+00 1.029611e+00 1.042787e+00 1.046667e+00 1.038711e+00 1.032327e+00 1.022188e+00 1.007917e+00 9.919989e-01 9.999514e-01 1.019957e+00 1.027775e+00 1.017770e+00 1.014724e+00 1.016493e+00 1.013402e+00 1.013830e+00 1.021165e+00 1.026441e+00 1.020520e+00 1.000463e+00 9.971966e-01 9.996760e-01 1.004915e+00 9.998165e-01 9.907002e-01 9.885201e-01 9.863824e-01 9.867489e-01 9.851273e-01 9.888135e-01 9.888198e-01 9.816382e-01 9.725749e-01 9.761776e-01 9.809816e-01 9.813739e-01 9.809412e-01 9.866970e-01 9.972144e-01 1.006011e+00 1.004562e+00 9.991762e-01 1.005479e+00 1.014120e+00 1.010677e+00 1.008370e+00 1.006927e+00 1.009494e+00 1.010893e+00 1.003982e+00 9.934228e-01 9.895921e-01 9.910093e-01 9.908143e-01 9.794014e-01 9.590104e-01 9.528829e-01 9.501852e-01 9.495332e-01 9.453999e-01 9.442884e-01 9.470443e-01
9.807827e-01 9.809655e-01 9.761453e-01 9.767959e-01 9.783856e-01 9.881982e-01 9.917314e-01 9.731519e-01 9.526205e-01 9.621559e-01 9.822046e-01 9.912126e-01 9.863309e-01 9.736518e-01 9.703377e-01 9.760666e-01 9.830920e-01 9.827266e-01 9.831485e-01 9.800137e-01 9.671819e-01 9.538051e-01 9.415315e-01 9.482123e-01 9.610074e-01 9.689123e-01 9.616390e-01 9.566795e-01 9.584567e-01 9.650652e-01 9.709932e-01 9.608402e-01 9.433805e-01 9.419537e-01 9.502504e-01 9.615655e-01 9.785600e-01 9.871687e-01 9.831794e-01 9.745116e-01 9.710991e-01 9.726611e-01 9.849674e-01 9.828823e-01 9.742490e-01 9.787346e-01 9.817951e-01 9.893097e-01 9.880416e-01 9.823954e-01 9.852184e-01 9.892378e-01 9.838001e-01 9.795218e-01 9.889103e-01 1.005215e+00 1.001593e+00 1.000045e+00 9.889756e-01 9.890687e-01 9.987995e-01 1.000943e+00 9.896896e-01 9.799994e-01 9.993104e-01 1.012104e+00 1.029059e+00 1.038348e+00 1.038068e+00 1.030179e+00 1.030131e+00 1.037631e+00 1.047581e+00 1.052314e+00 1.053854e+00 1.049883e+00 1.049523e+00 1.053349e+00 1.057511e+00 1.063444e+00 1.060020e+00 1.056724e+00 1.055073e+00 1.054776e+00 1.053865e+00 1.053874e+00 1.055651e+00 1.055323e+00 1.052212e+00 1.048687e+00 1.043296e+00 1.042761e+00 1.039204e+00 1.045140e+00 1.045905e+00 1.037585e+00 1.029531e+00 1.029584e+00 1.031972e+00 1.038804e+00 1.024392e+00 1.002741e+00 1.000689e+00 1.003858e+00 1.005873e+00 1.002672e+00 9.981824e-01 1.008961e+00 1.009791e+00 9.977793e-01 9.777880e-01 9.640095e-01 9.576002e-01 9.728180e-01 9.783330e-01 9.637650e-01 9.367893e-01 9.210644e-01 9.160420e-01 9.144981e-01 9.196076e-01 9.180878e-01 9.091192e-01 9.131203e-01 9.033178e-01 8.928901e-01 8.821641e-01 8.871678e-01 8.953365e-01 9.000922e-01 9.140042e-01 9.036744e-01 8.972412e-01 8.945824e-01 8.930552e-01 9.014394e-01 8.977135e-01 9.019746e-01 9.126022e-01 9.134758e-01 9.132409e-01 9.325591e-01 9.564101e-01 9.619594e-01 9.647986e-01 9.695445e-01 9.813751e-01 9.918009e-01 9.984868e-01 9.893161e-01 9.985892e-01 1.008219e+00 1.016473e+00 1.023402e+00 1.021820e+00 1.031909e+00 1.034052e+00 1.030411e+00 1.028626e+00 1.031568e+00 1.028647e+00 1.018943e+00 1.025207e+00 1.032840e+00 1.032830e+00 1.031092e+00 1.036602e+00 1.043862e+00 1.041320e+00 1.035691e+00 1.032712e+00 1.021234e+00 1.022575e+00 1.023341e+00 1.022604e+00 1.020244e+00 1.027567e+00 1.026570e+00 1.030911e+00 1.030912e+00 1.032513e+00 1.034023e+00 1.025689e+00 1.017839e+00 1.013946e+00 1.014873e+00 1.013476e+00 1.011376e+00 1.023975e+00 1.031634e+00 1.029848e+00 1.035983e+00 1.034927e+00 1.024683e+00 1.033653e+00 1.042926e+00 1.044333e+00 1.038678e+00 1.034314e+00 1.033001e+00 1.024729e+00 1.002328e+00 1.005887e+00 1.017111e+00 1.024932e+00 1.019223e+00 1.013407e+00 1.013157e+00 1.015180e+00 1.017258e+00 1.019247e+00 1.015989e+00 1.005042e+00 9.945444e-01 9.998443e-01 9.970050e-01 1.003769e+00 1.000347e+00 9.823358e-01 9.759519e-01 9.805977e-01 9.819628e-01 9.824705e-01 9.841785e-01 9.906852e-01 9.855139e-01 9.717457e-01 9.732458e-01 9.773878e-01 9.782484e-01 9.801826e-01 9.876565e-01 9.954328e-01 1.002743e+00 1.008756e+00 1.008708e+00 1.012217e+00 1.012497e+00 1.008161e+00 1.006882e+00 1.006537e+00 1.008570e+00 1.003036e+00 9.950606e-01 9.928530e-01 9.966395e-01 1.002002e+00 9.974611e-01 9.845532e-01 9.672635e-01 9.663399e-01 9.609851e-01 9.575979e-01 9.493543e-01 9.505657e-01 9.516319e-01
9.771214e-01 9.880641e-01 9.863890e-01 9.789016e-01 9.825491e-01 9.883914e-01 9.858403e-01 9.750323e-01 9.641345e-01 9.754041e-01 9.881177e-01 9.908870e-01 9.840546e-01 9.754814e-01 9.728197e-01 9.729931e-01 9.742339e-01 9.735301e-01 9.732892e-01 9.699957e-01 9.573407e-01 9.493291e-01 9.436100e-01 9.435014e-01 9.533390e-01 9.650397e-01 9.687486e-01 9.662110e-01 9.640881e-01 9.686069e-01 9.664227e-01 9.610276e-01 9.437425e-01 9.362941e-01 9.486902e-01 9.613475e-01 9.691005e-01 9.704198e-01 9.689381e-01 9.618869e-01 9.650347e-01 9.716190e-01 9.789457e-01 9.722967e-01 9.700636e-01 9.712201e-01 9.676063e-01 9.777742e-01 9.892613e-01 9.851210e-01 9.813225e-01 9.807383e-01 9.783835e-01 9.821467e-01 1.000151e+00 1.009731e+00 1.000878e+00 9.917119e-01 9.951267e-01 9.967919e-01 9.964591e-01 1.004907e+00 9.858102e-01 9.724299e-01 9.906392e-01 1.003601e+00 1.022211e+00 1.035237e+00 1.037507e+00 1.031145e+00 1.030678e+00 1.036172e+00 1.039632e+00 1.046840e+00 1.044813e+00 1.045168e+00 1.048932e+00 1.055295e+00 1.050656e+00 1.053596e+00 1.052996e+00 1.054389e+00 1.051526e+00 1.055445e+00 1.054954e+00 1.058116e+00 1.058268e+00 1.058441e+00 1.058130e+00 1.053097e+00 1.047338e+00 1.047910e+00 1.045411e+00 1.046543e+00 1.045309e+00 1.041989e+00 1.036036e+00 1.029740e+00 1.033932e+00 1.040876e+00 1.028693e+00 1.002163e+00 9.935000e-01 9.935992e-01 9.940422e-01 9.976443e-01 1.002956e+00 1.009548e+00 1.010731e+00 1.003384e+00 9.791685e-01 9.678563e-01 9.601667e-01 9.694583e-01 9.707913e-01 9.567711e-01 9.398376e-01 9.246662e-01 9.153035e-01 9.054531e-01 9.044922e-01 9.078527e-01 9.015502e-01 9.046524e-01 8.959344e-01 8.960257e-01 9.010121e-01 9.031473e-01 9.071104e-01 9.085101e-01 9.079281e-01 8.999650e-01 8.888830e-01 8.974807e-01 9.059854e-01 9.043488e-01 8.999336e-01 9.036673e-01 9.211641e-01 9.161369e-01 9.177212e-01 9.306514e-01 9.523876e-01 9.597716e-01 9.679494e-01 9.842572e-01 9.931288e-01 1.003965e+00 1.007048e+00 1.004069e+00 1.004606e+00 1.016598e+00 1.022550e+00 1.023629e+00 1.024969e+00 1.028275e+00 1.027297e+00 1.024096e+00 1.027902e+00 1.038761e+00 1.039170e+00 1.028124e+00 1.029320e+00 1.041068e+00 1.038705e+00 1.029503e+00 1.031017e+00 1.033081e+00 1.029991e+00 1.028384e+00 1.035956e+00 1.026821e+00 1.025728e+00 1.028411e+00 1.024398e+00 1.023366e+00 1.025749e+00 1.023941e+00 1.031375e+00 1.035403e+00 1.035696e+00 1.036093e+00 1.025094e+00 1.025102e+00 1.024515e+00 1.018817e+00 1.018413e+00 1.021135e+00 1.034548e+00 1.039671e+00 1.035604e+00 1.039923e+00 1.040061e+00 1.031578e+00 1.035179e+00 1.034368e+00 1.035086e+00 1.033299e+00 1.030670e+00 1.035040e+00 1.039346e+00 1.026098e+00 1.012550e+00 1.005939e+00 1.020427e+00 1.017834e+00 1.012657e+00 1.011429e+00 1.021323e+00 1.020257e+00 1.010164e+00 9.974611e-01 9.914970e-01 9.932327e-01 9.949099e-01 9.881974e-01 9.880205e-01 9.881322e-01 9.805828e-01 9.819260e-01 9.828233e-01 9.770368e-01 9.740439e-01 9.805861e-01 9.860946e-01 9.787256e-01 9.705176e-01 9.761158e-01 9.816831e-01 9.818721e-01 9.854174e-01 9.916621e-01 9.972145e-01 1.002344e+00 1.008190e+00 1.010241e+00 1.015452e+00 1.014476e+00 1.006534e+00 1.004965e+00 1.008168e+00 1.009964e+00 1.001256e+00 9.849334e-01 9.863622e-01 9.954370e-01 9.996112e-01 9.932441e-01 9.810184e-01 9.737713e-01 9.810368e-01 9.738591e-01 9.639058e-01 9.540199e-01 9.514823e-01 9.439012e-01
9.748585e-01 9.924126e-01 9.852946e-01 9.772119e-01 9.847673e-01 9.846008e-01 9.782239e-01 9.716207e-01 9.741026e-01 9.828045e-01 9.902461e-01 9.902751e-01 9.864211e-01 9.773666e-01 9.725660e-01 9.750496e-01 9.729077e-01 9.663168e-01 9.660524e-01 9.614958e-01 9.523975e-01 9.474392e-01 9.411718e-01 9.387189e-01 9.437762e-01 9.551299e-01 9.660765e-01 9.706581e-01 9.643885e-01 9.611182e-01 9.605029e-01 9.558177e-01 9.448227e-01 9.335688e-01 9.458635e-01 9.626026e-01 9.706037e-01 9.644156e-01 9.575936e-01 9.501191e-01 9.616519e-01 9.761227e-01 9.761466e-01 9.707521e-01 9.634482e-01 9.570822e-01 9.517434e-01 9.642873e-01 9.821985e-01 9.886947e-01 9.897000e-01 9.767005e-01 9.748605e-01 9.800987e-01 9.991035e-01 1.009541e+00 1.005352e+00 1.004632e+00 1.014273e+00 1.005995e+00 9.930145e-01 1.001839e+00 9.871748e-01 9.756045e-01 9.970106e-01 1.002763e+00 1.014299e+00 1.021891e+00 1.031967e+00 1.028714e+00 1.029662e+00 1.030552e+00 1.032877e+00 1.036160e+00 1.039542e+00 1.046127e+00 1.052256e+00 1.059988e+00 1.052445e+00 1.049050e+00 1.048982e+00 1.052379e+00 1.056469e+00 1.059361e+00 1.059114e+00 1.057124e+00 1.060268e+00 1.062746e+00 1.062422e+00 1.060378e+00 1.059160e+00 1.058977e+00 1.052737e+00 1.049603e+00 1.045776e+00 1.039446e+00 1.038630e+00 1.043169e+00 1.042294e+00 1.044758e+00 1.033929e+00 1.013000e+00 1.003824e+00 1.000724e+00 9.952387e-01 9.996681e-01 9.946262e-01 9.903640e-01 9.994864e-01 1.002984e+00 9.861284e-01 9.670999e-01 9.646260e-01 9.646175e-01 9.590937e-01 9.459744e-01 9.334174e-01 9.229879e-01 9.097365e-01 8.947911e-01 9.007724e-01 9.069462e-01 9.068999e-01 9.036452e-01 8.905252e-01 8.890617e-01 9.028652e-01 9.036708e-01 9.020673e-01 9.062148e-01 9.074075e-01 8.920735e-01 8.864399e-01 9.023181e-01 9.206497e-01 9.146023e-01 9.056006e-01 9.112222e-01 9.222884e-01 9.236050e-01 9.321872e-01 9.502164e-01 9.574969e-01 9.590626e-01 9.774812e-01 9.906465e-01 9.924334e-01 9.938999e-01 1.005216e+00 1.010731e+00 1.011286e+00 1.017990e+00 1.022140e+00 1.013616e+00 1.017083e+00 1.019847e+00 1.023470e+00 1.030356e+00 1.032199e+00 1.039006e+00 1.038351e+00 1.029431e+00 1.033725e+00 1.044381e+00 1.042478e+00 1.027556e+00 1.022378e+00 1.028080e+00 1.028958e+00 1.024740e+00 1.028338e+00 1.027918e+00 1.034637e+00 1.040137e+00 1.035627e+00 1.028609e+00 1.022729e+00 1.021431e+00 1.024966e+00 1.036481e+00 1.038138e+00 1.036302e+00 1.032916e+00 1.032690e+00 1.027277e+00 1.025804e+00 1.025840e+00 1.030096e+00 1.037709e+00 1.045932e+00 1.041578e+00 1.039334e+00 1.038736e+00 1.034677e+00 1.038612e+00 1.034047e+00 1.033857e+00 1.033284e+00 1.034999e+00 1.039476e+00 1.043572e+00 1.038855e+00 1.014469e+00 1.000531e+00 1.014259e+00 1.021341e+00 1.014753e+00 1.006665e+00 1.018935e+00 1.019977e+00 1.010314e+00 9.979339e-01 9.907331e-01 9.881186e-01 9.820869e-01 9.778582e-01 9.778821e-01 9.728906e-01 9.779903e-01 9.881806e-01 9.901943e-01 9.789414e-01 9.750990e-01 9.779243e-01 9.821672e-01 9.760138e-01 9.711786e-01 9.759632e-01 9.836693e-01 9.915954e-01 9.958270e-01 9.996211e-01 1.000553e+00 1.002589e+00 1.003271e+00 1.006811e+00 1.011580e+00 1.009350e+00 1.001162e+00 1.001619e+00 1.007788e+00 1.010282e+00 1.002390e+00 9.901900e-01 9.842402e-01 9.863523e-01 9.891439e-01 9.890551e-01 9.845654e-01 9.782484e-01 9.828754e-01 9.803810e-01 9.570310e-01 9.576241e-01 9.428875e-01 9.260561e-01
9.673032e-01 9.823396e-01 9.768379e-01 9.692318e-01 9.792302e-01 9.800225e-01 9.706288e-01 9.641818e-01 9.705330e-01 9.807153e-01 9.852000e-01 9.842463e-01 9.827460e-01 9.786786e-01 9.784787e-01 9.845906e-01 9.791862e-01 9.714496e-01 9.662210e-01 9.513380e-01 9.452435e-01 9.526708e-01 9.457750e-01 9.380892e-01 9.358095e-01 9.429236e-01 9.508182e-01 9.540738e-01 9.579949e-01 9.586285e-01 9.593844e-01 9.548082e-01 9.436370e-01 9.333364e-01 9.445560e-01 9.602683e-01 9.735266e-01 9.705946e-01 9.577267e-01 9.527639e-01 9.664589e-01 9.705119e-01 9.701421e-01 9.680726e-01 9.618067e-01 9.526950e-01 9.530359e-01 9.584453e-01 9.722136e-01 9.786394e-01 9.832075e-01 9.799399e-01 9.779245e-01 9.904520e-01 1.007546e+00 1.012842e+00 1.002099e+00 1.012864e+00 1.028827e+00 1.014647e+00 9.992886e-01 9.952945e-01 9.788872e-01 9.829369e-01 1.008779e+00 1.020090e+00 1.017496e+00 1.019203e+00 1.020543e+00 1.019814e+00 1.022379e+00 1.025969e+00 1.026109e+00 1.029172e+00 1.040460e+00 1.047005e+00 1.048457e+00 1.055861e+00 1.058266e+00 1.056163e+00 1.057860e+00 1.058607e+00 1.060703e+00 1.061578e+00 1.060366e+00 1.057335e+00 1.057447e+00 1.062247e+00 1.062240e+00 1.057986e+00 1.058226e+00 1.057435e+00 1.053237e+00 1.050844e+00 1.047435e+00 1.039527e+00 1.041283e+00 1.047148e+00 1.045773e+00 1.042355e+00 1.029629e+00 1.009490e+00 9.972226e-01 9.963624e-01 9.914411e-01 9.931725e-01 9.875398e-01 9.820671e-01 9.858894e-01 9.892288e-01 9.806575e-01 9.680918e-01 9.665679e-01 9.656883e-01 9.496229e-01 9.465093e-01 9.328801e-01 9.176189e-01 9.048765e-01 9.024202e-01 9.046939e-01 9.033800e-01 9.054763e-01 9.040458e-01 8.938404e-01 8.872409e-01 9.006338e-01 9.109989e-01 9.036186e-01 9.040592e-01 8.963916e-01 8.944153e-01 8.935443e-01 9.086953e-01 9.164115e-01 8.978133e-01 9.046751e-01 9.098135e-01 9.180511e-01 9.308231e-01 9.358210e-01 9.442024e-01 9.491943e-01 9.660900e-01 9.865279e-01 9.944475e-01 9.958416e-01 9.918737e-01 9.995511e-01 1.005462e+00 1.017610e+00 1.024198e+00 1.018439e+00 1.009932e+00 1.017399e+00 1.021107e+00 1.032229e+00 1.037625e+00 1.036487e+00 1.036711e+00 1.035463e+00 1.033572e+00 1.034839e+00 1.033927e+00 1.035909e+00 1.032676e+00 1.032552e+00 1.038334e+00 1.042638e+00 1.032480e+00 1.026869e+00 1.029310e+00 1.042410e+00 1.047547e+00 1.045934e+00 1.043580e+00 1.038950e+00 1.036066e+00 1.037139e+00 1.047733e+00 1.050203e+00 1.045899e+00 1.044070e+00 1.038596e+00 1.030518e+00 1.030241e+00 1.032620e+00 1.038021e+00 1.037350e+00 1.045456e+00 1.047983e+00 1.044928e+00 1.036279e+00 1.031898e+00 1.025227e+00 1.026693e+00 1.027241e+00 1.028010e+00 1.033408e+00 1.040048e+00 1.043659e+00 1.030830e+00 1.012765e+00 1.002931e+00 1.017803e+00 1.027533e+00 1.014723e+00 1.007499e+00 1.014671e+00 1.018674e+00 1.010066e+00 9.995220e-01 9.961240e-01 9.907629e-01 9.806518e-01 9.789755e-01 9.742713e-01 9.669917e-01 9.764628e-01 9.916445e-01 9.921910e-01 9.835172e-01 9.763399e-01 9.740456e-01 9.767000e-01 9.768289e-01 9.762089e-01 9.811642e-01 9.855452e-01 9.881341e-01 9.900540e-01 9.927525e-01 9.886634e-01 9.906684e-01 9.964162e-01 1.003539e+00 1.011546e+00 1.007992e+00 9.997289e-01 1.001429e+00 1.008181e+00 1.009115e+00 1.001070e+00 9.945483e-01 9.889447e-01 9.810840e-01 9.854606e-01 9.924285e-01 9.882451e-01 9.753425e-01 9.728832e-01 9.649913e-01 9.433046e-01 9.454271e-01 9.264742e-01 9.156485e-01
9.669525e-01 9.714428e-01 9.733982e-01 9.590460e-01 9.660190e-01 9.712188e-01 9.761209e-01 9.729869e-01 9.725267e-01 9.803531e-01 9.783483e-01 9.764063e-01 9.851702e-01 9.843228e-01 9.862639e-01 9.867010e-01 9.856474e-01 9.778895e-01 9.634764e-01 9.476371e-01 9.424707e-01 9.532596e-01 9.500729e-01 9.387361e-01 9.311744e-01 9.365649e-01 9.417788e-01 9.465045e-01 9.510590e-01 9.638205e-01 9.660060e-01 9.555151e-01 9.457583e-01 9.422240e-01 9.472078e-01 9.630554e-01 9.689292e-01 9.708484e-01 9.605613e-01 9.523056e-01 9.623425e-01 9.703336e-01 9.697372e-01 9.645886e-01 9.557984e-01 9.525440e-01 9.541420e-01 9.582996e-01 9.683635e-01 9.720169e-01 9.804359e-01 9.816411e-01 9.843938e-01 1.007584e+00 1.013304e+00 1.007073e+00 9.971560e-01 1.009402e+00 1.016989e+00 1.010968e+00 1.006361e+00 9.924828e-01 9.810298e-01 9.785259e-01 1.004795e+00 1.023793e+00 1.017746e+00 1.017070e+00 1.017109e+00 1.012918e+00 1.014608e+00 1.025331e+00 1.023520e+00 1.028809e+00 1.038224e+00 1.046058e+00 1.049828e+00 1.049931e+00 1.053017e+00 1.057985e+00 1.059589e+00 1.060964e+00 1.062611e+00 1.060471e+00 1.059693e+00 1.058433e+00 1.058736e+00 1.059673e+00 1.058318e+00 1.054203e+00 1.050694e+00 1.047284e+00 1.048382e+00 1.052178e+00 1.050216e+00 1.044016e+00 1.041619e+00 1.044668e+00 1.037316e+00 1.032233e+00 1.021709e+00 9.998184e-01 9.952661e-01 9.999866e-01 9.997572e-01 9.976002e-01 9.975179e-01 9.950668e-01 9.867061e-01 9.763311e-01 9.716130e-01 9.703140e-01 9.681739e-01 9.632867e-01 9.497371e-01 9.453366e-01 9.361798e-01 9.154668e-01 9.042673e-01 9.071192e-01 9.136055e-01 9.164726e-01 9.081919e-01 8.993716e-01 8.915389e-01 8.967839e-01 9.104345e-01 9.183280e-01 9.058449e-01 9.005573e-01 8.939562e-01 8.900187e-01 8.980277e-01 9.011734e-01 8.987062e-01 8.935993e-01 9.032602e-01 9.200591e-01 9.273281e-01 9.217020e-01 9.229515e-01 9.298433e-01 9.412840e-01 9.685376e-01 9.887062e-01 9.884508e-01 9.961728e-01 9.952124e-01 9.999726e-01 1.000574e+00 1.009860e+00 1.016793e+00 1.017403e+00 1.020220e+00 1.027895e+00 1.033959e+00 1.040356e+00 1.040825e+00 1.038431e+00 1.035375e+00 1.031205e+00 1.035210e+00 1.035582e+00 1.034258e+00 1.034062e+00 1.035058e+00 1.036690e+00 1.045021e+00 1.047413e+00 1.037659e+00 1.032740e+00 1.030949e+00 1.037472e+00 1.043876e+00 1.046207e+00 1.043694e+00 1.042056e+00 1.041389e+00 1.046145e+00 1.051372e+00 1.049866e+00 1.050719e+00 1.049201e+00 1.040141e+00 1.036385e+00 1.035160e+00 1.039420e+00 1.041784e+00 1.042702e+00 1.047549e+00 1.053056e+00 1.048420e+00 1.037589e+00 1.032851e+00 1.027955e+00 1.024912e+00 1.020213e+00 1.015715e+00 1.019951e+00 1.037673e+00 1.034197e+00 1.016363e+00 1.004141e+00 1.004600e+00 1.025885e+00 1.028698e+00 1.020918e+00 1.013269e+00 1.014278e+00 1.012475e+00 1.006001e+00 1.001562e+00 1.003721e+00 1.001689e+00 9.937283e-01 9.884867e-01 9.818806e-01 9.766666e-01 9.800078e-01 9.826859e-01 9.824268e-01 9.823219e-01 9.731242e-01 9.741110e-01 9.735724e-01 9.732316e-01 9.759322e-01 9.812575e-01 9.875765e-01 9.837613e-01 9.851087e-01 9.857963e-01 9.797827e-01 9.850929e-01 9.936467e-01 1.001452e+00 1.012509e+00 1.011470e+00 9.999464e-01 1.001212e+00 1.001876e+00 9.966898e-01 9.904853e-01 9.926041e-01 9.915587e-01 9.800655e-01 9.832140e-01 9.921408e-01 9.928885e-01 9.766317e-01 9.599111e-01 9.505776e-01 9.408499e-01 9.343441e-01 9.193922e-01 9.174605e-01
9.677903e-01 9.668776e-01 9.715688e-01 9.594265e-01 9.646374e-01 9.729009e-01 9.838868e-01 9.871837e-01 9.850749e-01 9.810018e-01 9.722753e-01 9.711801e-01 9.863575e-01 9.902361e-01 9.854296e-01 9.878761e-01 9.854170e-01 9.717914e-01 9.532269e-01 9.442675e-01 9.473024e-01 9.511022e-01 9.491911e-01 9.432232e-01 9.344308e-01 9.399958e-01 9.433709e-01 9.442692e-01 9.535678e-01 9.671662e-01 9.666474e-01 9.514087e-01 9.386725e-01 9.375687e-01 9.450933e-01 9.571965e-01 9.644009e-01 9.676570e-01 9.591590e-01 9.437796e-01 9.572256e-01 9.709413e-01 9.782031e-01 9.706503e-01 9.571308e-01 9.537473e-01 9.558471e-01 9.622173e-01 9.673641e-01 9.742142e-01 9.845961e-01 9.814460e-01 9.845982e-01 9.989031e-01 9.987985e-01 9.968917e-01 9.891123e-01 9.985010e-01 1.014552e+00 1.001665e+00 1.001057e+00 9.811477e-01 9.744146e-01 9.696817e-01 9.981916e-01 1.010284e+00 1.007334e+00 1.010337e+00 1.009237e+00 1.014007e+00 1.019410e+00 1.022501e+00 1.020375e+00 1.035135e+00 1.044061e+00 1.049305e+00 1.052619e+00 1.050012e+00 1.049150e+00 1.055363e+00 1.056551e+00 1.059003e+00 1.059488e+00 1.056660e+00 1.056570e+00 1.056779e+00 1.060397e+00 1.061304e+00 1.059632e+00 1.055256e+00 1.050246e+00 1.045732e+00 1.042678e+00 1.045559e+00 1.045128e+00 1.047359e+00 1.047356e+00 1.038217e+00 1.028893e+00 1.027902e+00 1.016763e+00 9.985564e-01 9.968179e-01 1.006097e+00 1.009772e+00 1.009264e+00 1.010144e+00 1.003752e+00 9.856796e-01 9.678952e-01 9.618439e-01 9.649495e-01 9.585568e-01 9.436584e-01 9.436433e-01 9.402395e-01 9.258891e-01 9.050766e-01 8.977585e-01 9.127358e-01 9.212180e-01 9.224802e-01 9.169328e-01 9.001141e-01 8.945659e-01 9.055334e-01 9.153307e-01 9.092941e-01 8.992658e-01 9.027094e-01 9.055982e-01 8.941438e-01 8.876397e-01 8.854707e-01 8.915678e-01 8.903555e-01 8.990619e-01 9.207172e-01 9.213458e-01 9.163120e-01 9.168116e-01 9.307718e-01 9.478815e-01 9.687055e-01 9.779373e-01 9.778183e-01 9.924836e-01 9.899904e-01 9.890848e-01 9.944678e-01 1.001369e+00 1.010639e+00 1.012855e+00 1.024262e+00 1.032522e+00 1.039563e+00 1.041949e+00 1.041847e+00 1.039917e+00 1.025653e+00 1.026363e+00 1.034154e+00 1.042009e+00 1.039764e+00 1.043163e+00 1.038399e+00 1.042883e+00 1.044999e+00 1.035727e+00 1.031826e+00 1.039562e+00 1.039747e+00 1.044087e+00 1.049518e+00 1.050787e+00 1.046013e+00 1.040476e+00 1.039485e+00 1.045349e+00 1.045366e+00 1.045854e+00 1.049424e+00 1.041355e+00 1.033735e+00 1.035914e+00 1.043183e+00 1.042765e+00 1.042430e+00 1.047838e+00 1.049198e+00 1.045529e+00 1.047030e+00 1.044801e+00 1.044496e+00 1.040608e+00 1.035634e+00 1.017747e+00 1.011845e+00 1.009778e+00 1.028082e+00 1.030796e+00 1.014801e+00 1.009615e+00 1.015552e+00 1.035899e+00 1.036526e+00 1.027385e+00 1.022288e+00 1.018526e+00 1.007476e+00 1.000868e+00 1.004171e+00 1.007465e+00 1.006074e+00 9.999223e-01 9.923878e-01 9.814552e-01 9.781895e-01 9.716858e-01 9.684440e-01 9.672669e-01 9.704574e-01 9.679598e-01 9.740017e-01 9.656098e-01 9.605694e-01 9.653711e-01 9.742957e-01 9.839368e-01 9.838611e-01 9.802784e-01 9.817256e-01 9.829418e-01 9.873024e-01 9.940748e-01 9.979150e-01 1.007417e+00 1.011082e+00 9.990534e-01 9.907737e-01 9.900736e-01 9.790357e-01 9.742084e-01 9.835514e-01 9.875674e-01 9.768689e-01 9.788244e-01 9.882864e-01 9.889976e-01 9.776080e-01 9.664586e-01 9.588338e-01 9.500239e-01 9.415019e-01 9.230582e-01 9.236686e-01
9.741892e-01 9.710245e-01 9.770218e-01 9.596000e-01 9.707684e-01 9.790365e-01 9.918208e-01 9.931762e-01 9.862276e-01 9.792821e-01 9.738112e-01 9.761383e-01 9.888432e-01 9.927891e-01 9.852740e-01 9.914429e-01 9.838790e-01 9.592454e-01 9.440139e-01 9.514521e-01 9.547776e-01 9.485942e-01 9.390188e-01 9.397237e-01 9.386653e-01 9.409514e-01 9.462863e-01 9.538431e-01 9.663215e-01 9.756999e-01 9.690959e-01 9.486418e-01 9.343950e-01 9.351322e-01 9.446832e-01 9.524295e-01 9.575251e-01 9.606508e-01 9.585904e-01 9.472275e-01 9.564853e-01 9.740598e-01 9.825642e-01 9.773996e-01 9.630163e-01 9.521642e-01 9.637189e-01 9.753339e-01 9.778062e-01 9.815866e-01 9.815948e-01 9.752439e-01 9.774787e-01 9.790652e-01 9.803139e-01 9.842523e-01 9.859622e-01 9.891109e-01 1.005603e+00 9.930007e-01 9.899599e-01 9.794024e-01 9.600659e-01 9.553840e-01 9.866529e-01 9.974259e-01 1.003902e+00 1.002486e+00 1.004113e+00 1.012982e+00 1.019679e+00 1.009484e+00 1.009810e+00 1.032938e+00 1.044994e+00 1.056754e+00 1.060088e+00 1.055079e+00 1.048296e+00 1.051149e+00 1.056265e+00 1.056246e+00 1.055977e+00 1.054932e+00 1.058254e+00 1.061199e+00 1.065217e+00 1.062661e+00 1.058823e+00 1.053388e+00 1.050165e+00 1.047919e+00 1.042192e+00 1.040480e+00 1.040237e+00 1.045235e+00 1.047368e+00 1.041791e+00 1.032296e+00 1.028593e+00 1.013589e+00 1.004204e+00 1.007191e+00 1.015433e+00 1.010100e+00 1.008618e+00 1.012608e+00 1.002302e+00 9.802914e-01 9.642217e-01 9.509455e-01 9.455039e-01 9.360590e-01 9.247950e-01 9.318633e-01 9.276282e-01 9.128332e-01 9.014913e-01 8.995456e-01 9.175285e-01 9.188705e-01 9.164656e-01 9.145219e-01 9.021165e-01 9.036551e-01 9.122089e-01 9.172420e-01 9.053236e-01 8.954194e-01 9.031193e-01 9.050521e-01 8.932958e-01 8.788812e-01 8.776742e-01 8.921307e-01 8.974614e-01 8.998359e-01 9.127605e-01 9.170638e-01 9.094639e-01 9.163228e-01 9.367396e-01 9.495104e-01 9.509280e-01 9.598052e-01 9.712873e-01 9.746049e-01 9.803089e-01 9.931750e-01 9.959610e-01 1.003480e+00 1.015190e+00 1.024267e+00 1.029817e+00 1.035198e+00 1.039844e+00 1.037496e+00 1.036532e+00 1.031649e+00 1.016663e+00 1.022206e+00 1.035073e+00 1.041775e+00 1.048702e+00 1.051500e+00 1.048492e+00 1.047312e+00 1.042209e+00 1.035550e+00 1.038195e+00 1.042983e+00 1.047365e+00 1.046738e+00 1.048379e+00 1.044890e+00 1.042420e+00 1.039159e+00 1.044758e+00 1.047797e+00 1.044312e+00 1.046314e+00 1.045602e+00 1.041775e+00 1.036678e+00 1.040857e+00 1.049258e+00 1.047560e+00 1.045016e+00 1.047775e+00 1.045205e+00 1.032953e+00 1.034449e+00 1.041200e+00 1.049510e+00 1.048317e+00 1.039296e+00 1.013302e+00 1.007258e+00 9.980045e-01 1.011822e+00 1.026712e+00 1.020231e+00 1.021760e+00 1.022229e+00 1.038177e+00 1.036728e+00 1.022835e+00 1.019006e+00 1.017938e+00 1.006235e+00 9.967596e-01 1.001648e+00 1.004697e+00 9.991996e-01 9.913455e-01 9.792138e-01 9.753264e-01 9.759135e-01 9.662851e-01 9.653183e-01 9.641491e-01 9.633306e-01 9.639100e-01 9.629965e-01 9.510757e-01 9.525037e-01 9.622738e-01 9.722617e-01 9.826290e-01 9.810131e-01 9.709281e-01 9.691906e-01 9.785390e-01 9.912618e-01 9.973843e-01 9.971337e-01 1.006102e+00 1.008363e+00 9.980810e-01 9.874390e-01 9.823812e-01 9.735729e-01 9.722650e-01 9.821765e-01 9.879867e-01 9.778287e-01 9.766530e-01 9.855880e-01 9.827611e-01 9.829440e-01 9.789000e-01 9.669206e-01 9.597020e-01 9.541128e-01 9.451344e-01 9.474610e-01
9.881979e-01 9.813781e-01 9.816587e-01 9.714512e-01 9.790348e-01 9.838682e-01 9.928428e-01 9.905579e-01 9.818596e-01 9.791474e-01 9.782396e-01 9.779257e-01 9.901840e-01 9.977785e-01 9.964216e-01 9.928474e-01 9.766778e-01 9.543295e-01 9.474398e-01 9.569903e-01 9.565525e-01 9.496541e-01 9.440852e-01 9.411781e-01 9.399330e-01 9.430596e-01 9.441216e-01 9.498215e-01 9.644445e-01 9.741508e-01 9.703074e-01 9.565567e-01 9.411768e-01 9.339439e-01 9.422234e-01 9.512714e-01 9.569961e-01 9.560947e-01 9.575395e-01 9.539041e-01 9.540340e-01 9.619100e-01 9.710892e-01 9.656515e-01 9.572026e-01 9.550993e-01 9.656594e-01 9.820718e-01 9.872830e-01 9.836180e-01 9.731745e-01 9.686536e-01 9.659411e-01 9.693720e-01 9.863742e-01 9.816108e-01 9.707712e-01 9.833520e-01 9.977297e-01 9.823302e-01 9.833148e-01 9.725941e-01 9.453304e-01 9.609567e-01 9.794602e-01 9.929802e-01 1.001936e+00 1.004649e+00 1.003664e+00 1.004035e+00 1.002057e+00 1.003380e+00 1.015966e+00 1.032585e+00 1.041997e+00 1.054212e+00 1.059170e+00 1.059496e+00 1.053322e+00 1.050830e+00 1.056313e+00 1.054575e+00 1.051675e+00 1.051277e+00 1.054834e+00 1.057886e+00 1.065680e+00 1.063680e+00 1.053894e+00 1.049135e+00 1.049253e+00 1.047242e+00 1.039498e+00 1.037727e+00 1.044940e+00 1.049298e+00 1.046921e+00 1.041893e+00 1.034262e+00 1.027632e+00 1.014970e+00 1.015072e+00 1.022113e+00 1.018721e+00 1.005999e+00 1.003262e+00 1.007440e+00 9.955603e-01 9.862934e-01 9.722513e-01 9.536652e-01 9.440747e-01 9.360679e-01 9.266936e-01 9.283558e-01 9.217091e-01 9.011793e-01 9.031007e-01 9.167407e-01 9.198925e-01 9.068844e-01 9.053445e-01 9.062004e-01 9.081594e-01 9.191424e-01 9.203590e-01 9.178163e-01 9.051510e-01 8.933175e-01 8.965956e-01 8.973246e-01 8.909390e-01 8.846874e-01 8.851038e-01 8.982518e-01 9.158750e-01 9.172071e-01 9.243097e-01 9.289402e-01 9.193410e-01 9.232701e-01 9.289651e-01 9.392792e-01 9.393222e-01 9.486638e-01 9.545267e-01 9.622819e-01 9.687930e-01 9.840870e-01 9.999769e-01 1.003770e+00 1.017562e+00 1.029948e+00 1.026917e+00 1.031328e+00 1.034125e+00 1.031417e+00 1.029719e+00 1.026683e+00 1.017638e+00 1.030209e+00 1.040828e+00 1.040792e+00 1.045838e+00 1.047595e+00 1.044943e+00 1.042056e+00 1.040693e+00 1.040169e+00 1.040894e+00 1.043095e+00 1.043514e+00 1.039900e+00 1.041831e+00 1.035998e+00 1.033746e+00 1.037589e+00 1.044095e+00 1.040748e+00 1.040614e+00 1.046090e+00 1.049706e+00 1.051593e+00 1.045845e+00 1.045213e+00 1.048840e+00 1.048314e+00 1.042993e+00 1.036591e+00 1.036604e+00 1.025096e+00 1.025091e+00 1.036741e+00 1.046818e+00 1.047056e+00 1.041375e+00 1.026060e+00 1.004580e+00 9.994693e-01 1.006645e+00 1.018081e+00 1.023199e+00 1.025988e+00 1.021740e+00 1.026356e+00 1.030491e+00 1.021847e+00 1.019380e+00 1.015040e+00 1.006784e+00 1.001262e+00 9.992288e-01 9.957180e-01 9.904315e-01 9.813557e-01 9.748316e-01 9.746237e-01 9.760758e-01 9.662142e-01 9.664705e-01 9.664740e-01 9.656800e-01 9.694845e-01 9.621560e-01 9.473773e-01 9.455509e-01 9.602343e-01 9.664723e-01 9.725063e-01 9.785410e-01 9.728882e-01 9.687557e-01 9.742482e-01 9.873120e-01 9.960057e-01 9.923872e-01 1.002126e+00 1.003927e+00 9.966819e-01 9.880106e-01 9.847960e-01 9.795091e-01 9.783005e-01 9.855588e-01 9.855588e-01 9.776248e-01 9.722873e-01 9.808351e-01 9.780904e-01 9.772468e-01 9.778134e-01 9.651472e-01 9.572982e-01 9.481827e-01 9.519415e-01 9.628144e-01
9.878498e-01 9.836107e-01 9.823612e-01 9.838192e-01 9.928541e-01 9.845750e-01 9.935908e-01 9.906067e-01 9.850857e-01 9.884756e-01 9.843753e-01 9.786723e-01 9.867804e-01 9.993456e-01 1.001014e+00 9.882348e-01 9.714898e-01 9.591405e-01 9.592942e-01 9.612763e-01 9.658477e-01 9.670860e-01 9.590439e-01 9.467009e-01 9.380792e-01 9.418699e-01 9.410064e-01 9.438416e-01 9.540014e-01 9.622582e-01 9.622567e-01 9.499516e-01 9.366858e-01 9.293381e-01 9.406869e-01 9.481933e-01 9.470270e-01 9.472347e-01 9.567859e-01 9.587024e-01 9.491435e-01 9.450355e-01 9.534187e-01 9.526346e-01 9.539798e-01 9.556834e-01 9.580188e-01 9.693879e-01 9.846733e-01 9.839902e-01 9.685419e-01 9.637760e-01 9.672330e-01 9.792501e-01 9.918693e-01 9.879797e-01 9.818968e-01 9.922329e-01 9.942995e-01 9.808741e-01 9.934225e-01 9.745829e-01 9.687043e-01 9.821549e-01 9.816700e-01 9.846636e-01 9.977978e-01 1.006252e+00 1.011590e+00 1.009431e+00 9.977025e-01 1.012272e+00 1.029166e+00 1.033782e+00 1.036190e+00 1.047521e+00 1.056906e+00 1.058661e+00 1.054017e+00 1.050660e+00 1.052218e+00 1.054054e+00 1.052943e+00 1.051685e+00 1.049748e+00 1.050627e+00 1.060463e+00 1.059495e+00 1.049168e+00 1.049354e+00 1.051224e+00 1.052196e+00 1.042987e+00 1.039855e+00 1.047363e+00 1.045447e+00 1.041389e+00 1.042222e+00 1.034514e+00 1.025478e+00 1.016137e+00 1.020347e+00 1.021233e+00 1.012897e+00 1.006061e+00 9.998515e-01 9.911816e-01 9.821442e-01 9.860319e-01 9.711069e-01 9.552113e-01 9.500992e-01 9.446024e-01 9.361871e-01 9.367706e-01 9.239109e-01 9.042982e-01 9.025310e-01 9.108173e-01 9.160569e-01 9.048799e-01 8.961710e-01 9.000991e-01 9.084678e-01 9.245048e-01 9.220527e-01 9.110802e-01 9.008316e-01 8.911126e-01 8.939657e-01 8.961545e-01 8.884432e-01 8.895169e-01 8.924816e-01 8.946247e-01 9.084578e-01 9.263912e-01 9.274390e-01 9.268025e-01 9.209852e-01 9.218712e-01 9.265420e-01 9.280604e-01 9.261233e-01 9.378808e-01 9.543669e-01 9.618264e-01 9.676561e-01 9.815243e-01 9.956481e-01 1.003991e+00 1.004903e+00 1.017027e+00 1.015579e+00 1.024190e+00 1.027292e+00 1.028828e+00 1.026162e+00 1.028209e+00 1.028583e+00 1.035935e+00 1.041374e+00 1.048194e+00 1.050246e+00 1.046488e+00 1.042857e+00 1.039041e+00 1.037755e+00 1.042866e+00 1.041845e+00 1.040975e+00 1.040545e+00 1.040353e+00 1.045383e+00 1.041057e+00 1.034589e+00 1.038252e+00 1.044439e+00 1.042252e+00 1.042689e+00 1.050220e+00 1.050887e+00 1.054046e+00 1.051767e+00 1.045346e+00 1.046361e+00 1.047710e+00 1.041896e+00 1.030988e+00 1.031082e+00 1.032041e+00 1.030247e+00 1.034967e+00 1.040428e+00 1.050134e+00 1.049740e+00 1.042188e+00 1.009471e+00 9.938485e-01 1.007892e+00 1.020983e+00 1.031981e+00 1.030939e+00 1.022618e+00 1.025544e+00 1.039524e+00 1.031522e+00 1.021888e+00 1.005785e+00 1.001891e+00 1.000219e+00 9.967837e-01 9.896710e-01 9.851818e-01 9.778085e-01 9.805258e-01 9.853561e-01 9.801405e-01 9.736555e-01 9.724585e-01 9.626323e-01 9.613378e-01 9.660684e-01 9.611961e-01 9.532916e-01 9.479262e-01 9.529579e-01 9.556590e-01 9.597356e-01 9.720989e-01 9.726503e-01 9.674004e-01 9.709346e-01 9.838759e-01 9.849308e-01 9.835277e-01 9.941814e-01 9.985887e-01 9.903214e-01 9.860368e-01 9.862407e-01 9.859825e-01 9.856054e-01 9.875775e-01 9.854395e-01 9.783606e-01 9.713568e-01 9.730863e-01 9.693636e-01 9.627733e-01 9.754452e-01 9.707744e-01 9.562278e-01 9.532095e-01 9.573236e-01 9.587555e-01
9.780830e-01 9.777654e-01 9.766364e-01 9.893094e-01 9.987053e-01 9.951870e-01 9.973900e-01 9.968312e-01 9.940988e-01 9.940793e-01 9.839131e-01 9.724744e-01 9.796435e-01 9.918262e-01 9.927633e-01 9.801765e-01 9.682842e-01 9.633363e-01 9.656014e-01 9.700957e-01 9.722805e-01 9.710445e-01 9.616280e-01 9.575402e-01 9.469829e-01 9.397377e-01 9.392692e-01 9.440589e-01 9.557229e-01 9.603983e-01 9.606825e-01 9.492364e-01 9.365047e-01 9.346403e-01 9.430306e-01 9.460048e-01 9.415694e-01 9.385667e-01 9.468365e-01 9.513057e-01 9.508916e-01 9.490412e-01 9.516117e-01 9.525737e-01 9.527322e-01 9.514589e-01 9.487544e-01 9.522080e-01 9.697090e-01 9.762436e-01 9.645216e-01 9.623648e-01 9.718772e-01 9.915428e-01 9.968837e-01 1.001856e+00 1.005111e+00 1.000106e+00 9.982852e-01 9.877712e-01 9.943624e-01 9.699351e-01 9.750097e-01 9.915782e-01 9.858957e-01 9.726366e-01 9.960724e-01 1.019253e+00 1.026076e+00 1.018221e+00 1.002970e+00 1.008247e+00 1.020783e+00 1.022563e+00 1.019588e+00 1.035588e+00 1.046709e+00 1.050055e+00 1.045318e+00 1.040769e+00 1.045475e+00 1.054179e+00 1.055230e+00 1.053419e+00 1.048994e+00 1.050733e+00 1.058162e+00 1.056750e+00 1.049810e+00 1.050601e+00 1.054483e+00 1.056532e+00 1.051236e+00 1.043718e+00 1.045487e+00 1.045255e+00 1.038385e+00 1.037353e+00 1.026501e+00 1.019916e+00 1.018831e+00 1.019051e+00 1.015260e+00 1.015749e+00 1.014466e+00 9.937118e-01 9.783487e-01 9.813484e-01 9.801439e-01 9.617320e-01 9.471869e-01 9.428645e-01 9.420931e-01 9.368150e-01 9.365508e-01 9.281067e-01 9.147860e-01 8.959721e-01 9.008783e-01 9.114912e-01 9.054253e-01 8.924641e-01 8.959696e-01 8.986424e-01 9.034250e-01 9.006625e-01 8.986201e-01 9.017145e-01 9.078462e-01 9.113466e-01 8.994517e-01 8.828101e-01 8.831161e-01 8.889970e-01 8.866053e-01 8.896511e-01 8.997464e-01 9.107473e-01 9.168734e-01 9.180830e-01 9.218695e-01 9.261847e-01 9.266474e-01 9.243479e-01 9.395500e-01 9.597208e-01 9.659968e-01 9.744113e-01 9.870557e-01 1.000041e+00 1.002353e+00 9.990935e-01 1.012523e+00 1.022017e+00 1.030227e+00 1.030987e+00 1.028103e+00 1.019167e+00 1.020728e+00 1.025886e+00 1.032614e+00 1.039854e+00 1.044568e+00 1.044546e+00 1.038266e+00 1.040140e+00 1.039751e+00 1.035185e+00 1.041283e+00 1.042743e+00 1.042323e+00 1.043534e+00 1.044675e+00 1.043416e+00 1.045456e+00 1.043021e+00 1.044180e+00 1.052075e+00 1.052620e+00 1.051223e+00 1.050194e+00 1.047369e+00 1.047618e+00 1.049019e+00 1.050462e+00 1.052203e+00 1.055905e+00 1.047885e+00 1.032205e+00 1.037377e+00 1.040909e+00 1.032525e+00 1.028694e+00 1.035011e+00 1.050466e+00 1.057863e+00 1.055574e+00 1.025328e+00 9.950813e-01 1.015610e+00 1.020496e+00 1.026278e+00 1.036768e+00 1.029500e+00 1.030815e+00 1.039793e+00 1.034294e+00 1.018757e+00 1.001858e+00 9.979547e-01 9.978015e-01 9.947953e-01 9.876879e-01 9.838139e-01 9.793763e-01 9.874694e-01 9.827173e-01 9.737583e-01 9.721637e-01 9.727532e-01 9.681466e-01 9.578961e-01 9.516402e-01 9.579743e-01 9.585179e-01 9.469299e-01 9.468266e-01 9.553213e-01 9.576882e-01 9.654455e-01 9.733747e-01 9.735597e-01 9.766624e-01 9.822307e-01 9.786474e-01 9.752330e-01 9.836013e-01 9.897376e-01 9.825616e-01 9.788051e-01 9.849328e-01 9.905159e-01 9.882825e-01 9.827972e-01 9.787557e-01 9.689544e-01 9.649522e-01 9.677756e-01 9.583324e-01 9.574718e-01 9.646670e-01 9.524233e-01 9.404993e-01 9.520838e-01 9.546924e-01 9.422945e-01
9.804217e-01 9.815238e-01 9.794577e-01 9.886268e-01 9.954026e-01 9.970567e-01 1.003335e+00 1.004734e+00 9.974351e-01 9.886018e-01 9.823942e-01 9.785611e-01 9.782866e-01 9.829218e-01 9.802876e-01 9.717618e-01 9.692232e-01 9.703883e-01 9.665893e-01 9.668075e-01 9.626030e-01 9.676328e-01 9.661958e-01 9.637460e-01 9.576947e-01 9.440570e-01 9.431521e-01 9.490022e-01 9.535723e-01 9.574274e-01 9.626321e-01 9.511232e-01 9.421171e-01 9.408136e-01 9.451725e-01 9.493815e-01 9.520780e-01 9.483599e-01 9.418916e-01 9.401316e-01 9.445480e-01 9.467804e-01 9.510570e-01 9.528694e-01 9.536803e-01 9.502179e-01 9.473997e-01 9.463698e-01 9.544274e-01 9.553205e-01 9.573955e-01 9.651350e-01 9.694973e-01 9.854268e-01 9.899764e-01 1.004614e+00 1.015964e+00 1.004975e+00 9.937249e-01 9.858574e-01 9.840966e-01 9.680641e-01 9.555370e-01 9.826920e-01 9.884197e-01 9.798273e-01 1.000035e+00 1.017963e+00 1.025831e+00 1.021521e+00 1.009519e+00 1.006595e+00 1.007413e+00 1.010840e+00 1.009264e+00 1.019979e+00 1.028265e+00 1.033227e+00 1.038843e+00 1.038270e+00 1.043307e+00 1.050273e+00 1.050389e+00 1.046933e+00 1.047678e+00 1.052343e+00 1.054745e+00 1.054304e+00 1.050872e+00 1.054279e+00 1.056884e+00 1.055557e+00 1.053467e+00 1.047735e+00 1.047921e+00 1.049514e+00 1.039354e+00 1.029953e+00 1.022328e+00 1.017787e+00 1.020059e+00 1.014179e+00 1.021972e+00 1.023289e+00 1.014152e+00 9.938067e-01 9.820880e-01 9.822469e-01 9.751027e-01 9.555894e-01 9.437346e-01 9.343821e-01 9.329643e-01 9.326850e-01 9.281141e-01 9.232262e-01 9.209023e-01 9.045391e-01 8.970406e-01 9.018275e-01 9.030978e-01 8.944822e-01 8.881293e-01 8.883553e-01 8.899372e-01 8.855597e-01 8.892395e-01 9.037098e-01 9.140556e-01 9.158819e-01 8.973963e-01 8.792382e-01 8.766000e-01 8.856657e-01 8.861045e-01 8.787985e-01 8.831233e-01 9.072018e-01 9.204448e-01 9.192145e-01 9.190872e-01 9.112080e-01 9.183530e-01 9.215960e-01 9.288423e-01 9.481615e-01 9.601178e-01 9.685179e-01 9.876585e-01 1.003496e+00 9.951345e-01 9.957966e-01 1.006130e+00 1.020288e+00 1.028303e+00 1.028157e+00 1.026332e+00 1.023856e+00 1.027717e+00 1.030115e+00 1.029613e+00 1.032586e+00 1.033582e+00 1.030814e+00 1.032176e+00 1.036017e+00 1.031091e+00 1.026618e+00 1.034148e+00 1.043164e+00 1.043969e+00 1.047121e+00 1.047812e+00 1.040553e+00 1.044947e+00 1.043944e+00 1.048774e+00 1.054289e+00 1.055700e+00 1.054118e+00 1.053891e+00 1.047477e+00 1.042736e+00 1.043795e+00 1.049000e+00 1.052907e+00 1.053742e+00 1.047640e+00 1.039165e+00 1.042975e+00 1.042653e+00 1.033951e+00 1.029579e+00 1.038700e+00 1.047625e+00 1.052881e+00 1.054222e+00 1.039206e+00 1.016415e+00 1.016597e+00 1.016097e+00 1.027405e+00 1.039771e+00 1.036230e+00 1.026695e+00 1.030884e+00 1.026415e+00 1.012907e+00 1.001897e+00 1.000873e+00 1.001810e+00 9.990099e-01 9.884470e-01 9.816239e-01 9.837866e-01 9.894013e-01 9.804553e-01 9.726789e-01 9.707372e-01 9.708027e-01 9.703727e-01 9.575489e-01 9.514692e-01 9.618850e-01 9.587495e-01 9.493109e-01 9.514914e-01 9.610710e-01 9.596808e-01 9.674336e-01 9.791563e-01 9.789897e-01 9.743924e-01 9.767357e-01 9.768463e-01 9.697460e-01 9.753657e-01 9.826947e-01 9.801154e-01 9.745597e-01 9.841696e-01 9.869270e-01 9.775969e-01 9.714325e-01 9.679418e-01 9.649500e-01 9.650646e-01 9.630920e-01 9.587145e-01 9.577802e-01 9.586327e-01 9.414036e-01 9.351144e-01 9.482223e-01 9.463888e-01 9.296763e-01
9.818068e-01 9.845051e-01 9.845799e-01 9.903524e-01 9.986752e-01 9.945070e-01 1.000266e+00 1.000645e+00 9.926807e-01 9.860078e-01 9.892780e-01 9.944509e-01 9.868886e-01 9.855465e-01 9.821435e-01 9.745439e-01 9.732311e-01 9.778749e-01 9.751848e-01 9.641317e-01 9.612863e-01 9.701324e-01 9.733574e-01 9.744152e-01 9.654145e-01 9.522458e-01 9.533465e-01 9.593443e-01 9.583980e-01 9.507862e-01 9.516954e-01 9.449648e-01 9.407776e-01 9.400892e-01 9.428053e-01 9.452034e-01 9.515419e-01 9.527028e-01 9.492072e-01 9.475257e-01 9.439134e-01 9.421133e-01 9.509816e-01 9.609689e-01 9.601928e-01 9.523679e-01 9.437020e-01 9.433287e-01 9.427897e-01 9.494610e-01 9.575336e-01 9.552909e-01 9.632505e-01 9.720713e-01 9.770256e-01 9.916598e-01 9.940665e-01 9.951795e-01 9.810602e-01 9.800274e-01 9.740580e-01 9.753956e-01 9.541640e-01 9.739428e-01 9.880907e-01 9.836099e-01 1.003043e+00 1.017804e+00 1.020192e+00 1.019278e+00 1.011432e+00 1.003411e+00 1.004926e+00 1.006846e+00 1.005834e+00 1.013907e+00 1.022938e+00 1.026910e+00 1.033382e+00 1.044165e+00 1.050926e+00 1.051049e+00 1.048160e+00 1.044916e+00 1.044053e+00 1.049682e+00 1.053180e+00 1.052202e+00 1.053346e+00 1.056369e+00 1.058849e+00 1.052457e+00 1.052933e+00 1.050885e+00 1.046984e+00 1.042797e+00 1.036636e+00 1.035142e+00 1.031898e+00 1.030104e+00 1.025688e+00 1.020173e+00 1.022325e+00 1.016227e+00 1.010012e+00 1.004437e+00 9.910666e-01 9.798146e-01 9.640033e-01 9.431546e-01 9.370706e-01 9.350094e-01 9.349675e-01 9.377272e-01 9.312301e-01 9.238561e-01 9.226674e-01 9.072828e-01 8.950033e-01 8.997412e-01 9.032253e-01 8.942518e-01 8.854740e-01 8.842570e-01 8.817908e-01 8.832497e-01 8.838157e-01 8.938149e-01 9.004102e-01 9.005081e-01 8.942125e-01 8.805311e-01 8.768456e-01 8.871571e-01 8.974096e-01 8.972226e-01 9.018902e-01 9.131728e-01 9.268187e-01 9.217398e-01 9.085252e-01 9.072115e-01 9.144462e-01 9.180769e-01 9.215325e-01 9.382160e-01 9.598010e-01 9.697515e-01 9.797766e-01 9.890217e-01 9.866531e-01 9.958911e-01 1.006141e+00 1.009679e+00 1.016106e+00 1.023387e+00 1.024938e+00 1.024699e+00 1.027329e+00 1.025571e+00 1.026652e+00 1.024847e+00 1.023403e+00 1.024570e+00 1.031599e+00 1.035291e+00 1.027613e+00 1.027523e+00 1.037607e+00 1.045048e+00 1.045289e+00 1.043728e+00 1.042980e+00 1.036311e+00 1.035293e+00 1.040092e+00 1.049906e+00 1.055604e+00 1.056686e+00 1.057689e+00 1.055501e+00 1.045778e+00 1.040826e+00 1.046148e+00 1.047976e+00 1.048379e+00 1.044988e+00 1.039192e+00 1.042540e+00 1.050404e+00 1.045175e+00 1.036144e+00 1.032249e+00 1.037507e+00 1.038481e+00 1.040584e+00 1.042647e+00 1.039653e+00 1.027034e+00 1.013519e+00 1.016646e+00 1.032838e+00 1.033889e+00 1.027268e+00 1.024822e+00 1.024403e+00 1.019085e+00 1.009976e+00 1.000121e+00 1.003105e+00 1.004563e+00 9.960573e-01 9.825060e-01 9.793783e-01 9.841481e-01 9.829322e-01 9.763808e-01 9.740584e-01 9.790166e-01 9.777793e-01 9.753490e-01 9.608192e-01 9.580985e-01 9.699299e-01 9.631056e-01 9.568870e-01 9.606359e-01 9.659160e-01 9.637566e-01 9.718741e-01 9.838452e-01 9.754078e-01 9.620641e-01 9.693846e-01 9.722615e-01 9.700224e-01 9.735161e-01 9.777380e-01 9.729912e-01 9.719889e-01 9.819877e-01 9.805230e-01 9.714023e-01 9.659485e-01 9.649969e-01 9.645386e-01 9.653118e-01 9.633461e-01 9.620526e-01 9.597818e-01 9.554597e-01 9.452630e-01 9.420168e-01 9.526783e-01 9.490628e-01 9.335139e-01
9.841762e-01 9.847246e-01 9.845017e-01 9.913613e-01 9.996880e-01 9.926145e-01 1.000053e+00 1.002222e+00 9.901035e-01 9.888993e-01 9.988028e-01 1.007115e+00 1.000292e+00 9.924850e-01 9.790012e-01 9.709036e-01 9.753957e-01 9.875872e-01 9.870125e-01 9.742379e-01 9.690359e-01 9.707789e-01 9.699401e-01 9.705175e-01 9.629669e-01 9.576195e-01 9.606667e-01 9.685391e-01 9.686300e-01 9.614924e-01 9.561448e-01 9.522393e-01 9.467726e-01 9.484456e-01 9.485043e-01 9.513613e-01 9.546702e-01 9.499103e-01 9.466645e-01 9.462563e-01 9.459062e-01 9.485356e-01 9.541095e-01 9.633821e-01 9.676749e-01 9.602653e-01 9.468943e-01 9.376376e-01 9.437467e-01 9.579851e-01 9.575652e-01 9.544591e-01 9.667010e-01 9.554183e-01 9.603183e-01 9.822358e-01 9.882919e-01 9.867545e-01 9.633772e-01 9.747754e-01 9.811271e-01 9.885639e-01 9.790922e-01 9.741490e-01 9.800035e-01 9.770947e-01 9.886209e-01 1.006306e+00 1.011806e+00 1.008533e+00 1.001676e+00 9.967088e-01 9.970921e-01 9.941125e-01 1.003524e+00 1.021703e+00 1.024693e+00 1.018546e+00 1.023049e+00 1.039155e+00 1.046159e+00 1.045073e+00 1.046287e+00 1.045318e+00 1.043298e+00 1.047284e+00 1.051292e+00 1.051236e+00 1.053906e+00 1.060723e+00 1.062177e+00 1.057459e+00 1.053246e+00 1.050379e+00 1.041176e+00 1.036422e+00 1.040553e+00 1.046139e+00 1.040785e+00 1.035526e+00 1.030254e+00 1.026632e+00 1.028331e+00 1.023795e+00 1.007614e+00 9.993957e-01 9.855252e-01 9.751955e-01 9.614634e-01 9.441625e-01 9.456290e-01 9.405234e-01 9.389693e-01 9.406395e-01 9.324830e-01 9.217203e-01 9.183462e-01 9.015073e-01 8.932471e-01 9.019883e-01 8.985099e-01 8.909492e-01 8.914771e-01 8.923739e-01 8.779591e-01 8.776651e-01 8.789523e-01 8.847420e-01 8.887345e-01 8.860245e-01 8.884802e-01 8.871143e-01 8.856311e-01 8.857180e-01 9.002894e-01 9.081311e-01 9.120251e-01 9.130980e-01 9.172320e-01 9.065268e-01 9.073412e-01 9.188473e-01 9.146689e-01 9.118125e-01 9.181361e-01 9.347205e-01 9.487742e-01 9.587196e-01 9.687940e-01 9.795402e-01 9.773443e-01 9.835673e-01 9.984515e-01 1.000607e+00 1.010068e+00 1.021093e+00 1.022756e+00 1.017269e+00 1.019990e+00 1.019830e+00 1.022545e+00 1.017748e+00 1.015423e+00 1.017946e+00 1.030799e+00 1.033844e+00 1.031744e+00 1.035518e+00 1.047566e+00 1.050443e+00 1.048892e+00 1.042429e+00 1.045206e+00 1.040323e+00 1.035972e+00 1.035641e+00 1.046219e+00 1.053413e+00 1.054501e+00 1.057373e+00 1.053394e+00 1.046641e+00 1.042769e+00 1.051402e+00 1.057643e+00 1.054309e+00 1.043222e+00 1.040250e+00 1.042035e+00 1.047684e+00 1.047827e+00 1.040011e+00 1.031010e+00 1.032324e+00 1.029587e+00 1.023132e+00 1.024681e+00 1.032334e+00 1.027169e+00 1.011716e+00 1.013675e+00 1.031259e+00 1.032628e+00 1.021567e+00 1.024431e+00 1.024116e+00 1.025651e+00 1.017704e+00 1.004923e+00 9.947688e-01 9.945719e-01 9.906039e-01 9.843421e-01 9.850433e-01 9.887543e-01 9.775226e-01 9.695014e-01 9.726875e-01 9.827440e-01 9.834101e-01 9.705172e-01 9.605286e-01 9.639322e-01 9.722649e-01 9.660097e-01 9.613301e-01 9.594951e-01 9.630764e-01 9.629148e-01 9.749069e-01 9.859672e-01 9.783879e-01 9.612684e-01 9.606492e-01 9.669385e-01 9.715350e-01 9.737177e-01 9.683468e-01 9.597929e-01 9.631338e-01 9.772167e-01 9.781215e-01 9.659977e-01 9.566306e-01 9.583709e-01 9.586022e-01 9.597663e-01 9.598495e-01 9.627545e-01 9.620768e-01 9.536370e-01 9.400409e-01 9.368276e-01 9.484115e-01 9.503936e-01 9.417630e-01
9.891270e-01 9.880618e-01 9.939444e-01 9.924528e-01 9.931076e-01 9.997289e-01 1.005691e+00 1.001386e+00 9.982549e-01 1.001069e+00 1.005020e+00 1.007899e+00 1.007347e+00 9.976966e-01 9.838960e-01 9.764280e-01 9.778920e-01 9.873024e-01 9.904801e-01 9.902808e-01 9.808849e-01 9.747980e-01 9.674270e-01 9.548635e-01 9.503318e-01 9.573715e-01 9.627579e-01 9.722208e-01 9.802653e-01 9.724758e-01 9.610597e-01 9.504558e-01 9.482198e-01 9.530091e-01 9.607446e-01 9.612334e-01 9.577725e-01 9.509855e-01 9.471881e-01 9.424803e-01 9.432985e-01 9.532664e-01 9.586275e-01 9.575996e-01 9.656434e-01 9.609132e-01 9.490883e-01 9.384136e-01 9.542904e-01 9.630980e-01 9.558878e-01 9.561504e-01 9.599568e-01 9.499158e-01 9.633421e-01 9.832548e-01 9.951766e-01 9.804277e-01 9.606475e-01 9.697114e-01 9.766296e-01 9.954658e-01 9.814784e-01 9.534312e-01 9.647132e-01 9.647508e-01 9.716458e-01 9.989926e-01 1.012914e+00 1.004801e+00 9.898594e-01 9.923884e-01 1.000223e+00 1.003070e+00 1.013028e+00 1.025343e+00 1.024691e+00 1.017581e+00 1.013824e+00 1.023784e+00 1.031266e+00 1.031301e+00 1.040927e+00 1.047368e+00 1.048173e+00 1.046624e+00 1.046574e+00 1.049968e+00 1.050893e+00 1.059323e+00 1.060967e+00 1.062578e+00 1.057538e+00 1.052054e+00 1.047750e+00 1.043266e+00 1.045382e+00 1.048605e+00 1.045520e+00 1.038480e+00 1.025267e+00 1.019760e+00 1.021448e+00 1.020000e+00 1.005528e+00 9.935887e-01 9.826726e-01 9.797049e-01 9.728130e-01 9.590993e-01 9.614145e-01 9.486459e-01 9.348506e-01 9.376704e-01 9.348288e-01 9.226183e-01 9.137198e-01 8.983861e-01 8.921318e-01 8.899654e-01 8.902863e-01 8.932341e-01 8.946389e-01 8.891140e-01 8.817114e-01 8.767944e-01 8.764272e-01 8.852834e-01 8.895931e-01 8.901860e-01 8.854735e-01 8.810688e-01 8.777614e-01 8.797874e-01 8.949111e-01 9.014412e-01 9.116092e-01 9.139794e-01 9.092604e-01 9.059428e-01 9.186049e-01 9.353068e-01 9.185610e-01 9.018146e-01 9.190696e-01 9.359876e-01 9.551958e-01 9.572554e-01 9.610560e-01 9.731706e-01 9.725886e-01 9.668180e-01 9.754696e-01 9.816793e-01 9.998534e-01 1.018294e+00 1.019599e+00 1.016528e+00 1.018637e+00 1.013969e+00 1.019127e+00 1.015656e+00 1.016582e+00 1.025330e+00 1.029589e+00 1.025397e+00 1.026709e+00 1.032763e+00 1.039540e+00 1.044517e+00 1.045023e+00 1.043048e+00 1.040783e+00 1.042447e+00 1.043631e+00 1.038323e+00 1.040306e+00 1.045426e+00 1.049300e+00 1.047942e+00 1.044011e+00 1.045768e+00 1.047894e+00 1.052693e+00 1.057105e+00 1.054144e+00 1.038057e+00 1.030139e+00 1.031167e+00 1.033816e+00 1.040326e+00 1.038696e+00 1.039392e+00 1.032100e+00 1.024545e+00 1.021679e+00 1.018388e+00 1.032547e+00 1.031259e+00 1.017848e+00 1.014870e+00 1.027919e+00 1.031835e+00 1.022088e+00 1.019011e+00 1.025632e+00 1.027312e+00 1.020509e+00 1.002277e+00 9.869815e-01 9.824805e-01 9.862852e-01 9.858414e-01 9.886686e-01 9.844466e-01 9.758902e-01 9.677469e-01 9.676192e-01 9.737871e-01 9.724029e-01 9.650330e-01 9.549668e-01 9.589426e-01 9.670912e-01 9.647432e-01 9.592789e-01 9.528983e-01 9.543797e-01 9.518363e-01 9.594573e-01 9.734795e-01 9.721900e-01 9.627676e-01 9.623033e-01 9.712103e-01 9.760882e-01 9.741500e-01 9.646558e-01 9.562665e-01 9.598349e-01 9.666383e-01 9.681120e-01 9.571764e-01 9.481345e-01 9.554703e-01 9.638629e-01 9.571096e-01 9.537677e-01 9.622347e-01 9.598770e-01 9.469723e-01 9.365537e-01 9.351666e-01 9.450541e-01 9.451396e-01 9.414791e-01
9.909955e-01 9.862718e-01 9.862199e-01 9.940917e-01 9.930473e-01 1.001182e+00 1.005846e+00 1.004339e+00 1.004717e+00 1.012166e+00 1.012232e+00 1.011635e+00 1.009435e+00 1.003372e+00 9.906873e-01 9.804472e-01 9.832081e-01 9.907035e-01 9.904953e-01 9.910535e-01 9.894595e-01 9.896635e-01 9.777241e-01 9.528236e-01 9.474378e-01 9.547207e-01 9.610851e-01 9.731274e-01 9.817670e-01 9.688445e-01 9.582675e-01 9.545650e-01 9.521049e-01 9.538801e-01 9.591716e-01 9.623861e-01 9.641694e-01 9.600925e-01 9.490174e-01 9.370580e-01 9.385524e-01 9.536954e-01 9.598050e-01 9.547075e-01 9.601420e-01 9.566618e-01 9.451553e-01 9.403655e-01 9.499907e-01 9.585781e-01 9.557400e-01 9.539682e-01 9.558060e-01 9.529265e-01 9.723666e-01 9.839728e-01 9.916305e-01 9.700944e-01 9.691467e-01 9.800068e-01 9.880480e-01 1.003727e+00 9.737687e-01 9.503663e-01 9.662634e-01 9.787521e-01 9.853721e-01 9.990277e-01 1.008262e+00 1.006694e+00 9.944327e-01 9.921782e-01 1.008269e+00 1.024521e+00 1.026150e+00 1.029011e+00 1.025588e+00 1.019445e+00 1.016514e+00 1.018695e+00 1.019714e+00 1.020137e+00 1.035417e+00 1.048584e+00 1.052553e+00 1.049042e+00 1.046336e+00 1.049625e+00 1.050086e+00 1.053187e+00 1.056190e+00 1.059932e+00 1.063834e+00 1.062327e+00 1.053165e+00 1.045597e+00 1.043456e+00 1.048666e+00 1.049126e+00 1.045615e+00 1.032644e+00 1.028057e+00 1.029301e+00 1.024550e+00 1.011769e+00 9.989077e-01 9.916861e-01 9.847509e-01 9.779072e-01 9.644364e-01 9.671189e-01 9.619507e-01 9.452153e-01 9.449728e-01 9.463500e-01 9.241137e-01 9.123964e-01 9.032208e-01 8.853905e-01 8.798933e-01 8.886902e-01 8.900078e-01 8.848464e-01 8.833635e-01 8.893958e-01 8.816524e-01 8.755235e-01 8.797067e-01 8.888528e-01 8.922055e-01 8.845307e-01 8.780776e-01 8.745517e-01 8.790983e-01 8.904298e-01 8.997788e-01 9.041877e-01 9.121559e-01 9.092319e-01 9.175653e-01 9.305041e-01 9.355212e-01 9.207881e-01 8.996040e-01 9.049425e-01 9.265526e-01 9.533007e-01 9.610174e-01 9.706726e-01 9.758786e-01 9.662390e-01 9.527646e-01 9.544387e-01 9.649961e-01 9.842624e-01 1.005946e+00 1.011681e+00 1.015275e+00 1.013534e+00 1.007281e+00 1.012006e+00 1.015084e+00 1.018974e+00 1.025735e+00 1.031694e+00 1.026291e+00 1.026111e+00 1.028194e+00 1.028588e+00 1.033153e+00 1.039194e+00 1.041597e+00 1.039487e+00 1.040010e+00 1.047237e+00 1.046630e+00 1.043485e+00 1.041862e+00 1.043888e+00 1.044113e+00 1.040437e+00 1.042332e+00 1.049305e+00 1.053725e+00 1.052928e+00 1.046107e+00 1.033926e+00 1.030336e+00 1.026445e+00 1.022665e+00 1.036603e+00 1.045702e+00 1.044474e+00 1.041002e+00 1.030575e+00 1.025695e+00 1.019310e+00 1.031942e+00 1.020349e+00 1.016035e+00 1.016883e+00 1.021059e+00 1.031625e+00 1.030282e+00 1.021678e+00 1.023627e+00 1.024987e+00 1.014046e+00 9.989426e-01 9.868200e-01 9.815131e-01 9.841592e-01 9.844456e-01 9.807696e-01 9.739070e-01 9.635365e-01 9.586933e-01 9.601852e-01 9.669247e-01 9.666392e-01 9.576798e-01 9.487095e-01 9.487026e-01 9.587879e-01 9.640279e-01 9.557623e-01 9.487197e-01 9.447438e-01 9.345375e-01 9.414104e-01 9.580801e-01 9.608344e-01 9.598250e-01 9.635265e-01 9.675905e-01 9.703996e-01 9.711003e-01 9.627213e-01 9.575753e-01 9.596760e-01 9.553405e-01 9.530997e-01 9.478961e-01 9.429339e-01 9.529687e-01 9.622864e-01 9.580470e-01 9.541510e-01 9.592351e-01 9.545333e-01 9.413416e-01 9.341224e-01 9.369839e-01 9.437366e-01 9.429581e-01 9.384001e-01
9.885373e-01 9.764913e-01 9.739007e-01 9.894854e-01 9.940941e-01 9.995285e-01 1.005869e+00 1.006503e+00 1.007228e+00 1.016317e+00 1.017264e+00 1.017040e+00 1.010485e+00 1.007974e+00 9.946319e-01 9.921697e-01 9.958217e-01 9.999520e-01 9.974205e-01 9.917685e-01 9.914327e-01 9.948415e-01 9.853969e-01 9.668580e-01 9.608988e-01 9.622611e-01 9.625410e-01 9.679353e-01 9.682907e-01 9.592028e-01 9.527072e-01 9.551114e-01 9.599950e-01 9.615129e-01 9.607788e-01 9.572515e-01 9.561557e-01 9.531506e-01 9.491792e-01 9.396197e-01 9.403413e-01 9.512679e-01 9.607307e-01 9.606180e-01 9.556481e-01 9.495509e-01 9.368863e-01 9.313182e-01 9.350975e-01 9.417316e-01 9.514318e-01 9.583535e-01 9.497133e-01 9.549611e-01 9.735838e-01 9.769822e-01 9.666522e-01 9.532249e-01 9.602223e-01 9.835883e-01 9.887720e-01 9.888726e-01 9.768475e-01 9.595478e-01 9.804042e-01 1.002978e+00 1.008371e+00 9.980094e-01 1.009212e+00 1.012519e+00 9.987075e-01 9.931715e-01 9.995872e-01 1.009733e+00 1.011388e+00 1.017688e+00 1.023844e+00 1.022598e+00 1.017223e+00 1.016741e+00 1.015155e+00 1.021892e+00 1.033191e+00 1.047709e+00 1.055555e+00 1.053007e+00 1.047903e+00 1.049699e+00 1.045487e+00 1.041768e+00 1.049817e+00 1.056443e+00 1.064987e+00 1.062847e+00 1.051582e+00 1.045562e+00 1.040902e+00 1.045276e+00 1.048699e+00 1.047754e+00 1.039860e+00 1.036984e+00 1.035796e+00 1.030090e+00 1.023178e+00 1.011101e+00 9.966328e-01 9.890358e-01 9.818720e-01 9.775437e-01 9.757403e-01 9.704405e-01 9.591350e-01 9.556617e-01 9.552013e-01 9.298571e-01 9.110562e-01 8.993918e-01 8.792261e-01 8.768268e-01 8.829267e-01 8.785870e-01 8.737847e-01 8.816503e-01 8.943567e-01 8.878012e-01 8.777281e-01 8.766373e-01 8.808872e-01 8.891054e-01 8.824853e-01 8.829057e-01 8.865780e-01 8.811806e-01 8.902051e-01 8.951140e-01 8.985239e-01 9.116088e-01 9.154394e-01 9.157534e-01 9.180205e-01 9.147067e-01 9.168339e-01 9.058203e-01 9.044635e-01 9.239323e-01 9.469921e-01 9.589353e-01 9.661534e-01 9.689370e-01 9.620439e-01 9.452956e-01 9.442300e-01 9.564065e-01 9.716772e-01 9.855085e-01 9.974156e-01 1.004124e+00 1.005756e+00 1.002937e+00 1.006148e+00 1.013786e+00 1.019057e+00 1.023425e+00 1.024939e+00 1.026696e+00 1.030353e+00 1.026245e+00 1.025667e+00 1.030602e+00 1.037023e+00 1.040956e+00 1.039403e+00 1.038690e+00 1.045696e+00 1.048359e+00 1.046105e+00 1.047132e+00 1.046602e+00 1.042628e+00 1.036588e+00 1.033523e+00 1.042514e+00 1.047199e+00 1.045490e+00 1.031913e+00 1.029477e+00 1.032548e+00 1.029622e+00 1.025996e+00 1.031034e+00 1.048039e+00 1.048014e+00 1.047125e+00 1.032464e+00 1.022252e+00 1.015596e+00 1.023944e+00 1.013965e+00 1.017599e+00 1.023429e+00 1.025003e+00 1.027757e+00 1.024248e+00 1.016160e+00 1.015702e+00 1.017293e+00 1.010542e+00 9.993421e-01 9.875129e-01 9.899700e-01 9.907078e-01 9.846855e-01 9.800486e-01 9.747854e-01 9.581724e-01 9.553680e-01 9.595008e-01 9.662797e-01 9.702039e-01 9.604977e-01 9.473718e-01 9.414314e-01 9.484911e-01 9.581823e-01 9.557810e-01 9.484369e-01 9.376299e-01 9.285188e-01 9.356771e-01 9.493701e-01 9.552301e-01 9.597226e-01 9.608226e-01 9.587011e-01 9.620638e-01 9.661311e-01 9.611660e-01 9.599091e-01 9.524622e-01 9.419644e-01 9.395359e-01 9.392633e-01 9.367794e-01 9.455960e-01 9.507042e-01 9.589128e-01 9.630553e-01 9.642925e-01 9.529161e-01 9.431133e-01 9.333267e-01 9.353924e-01 9.384932e-01 9.391141e-01 9.381357e-01
9.852258e-01 9.815350e-01 9.814671e-01 9.917175e-01 9.920683e-01 9.994858e-01 1.008626e+00 1.007489e+00 1.004968e+00 1.014826e+00 1.018123e+00 1.013157e+00 1.008914e+00 1.007027e+00 1.002056e+00 1.002221e+00 1.007897e+00 1.008888e+00 1.004702e+00 1.000198e+00 9.952826e-01 9.914254e-01 9.833261e-01 9.750857e-01 9.728869e-01 9.722688e-01 9.694325e-01 9.683014e-01 9.666780e-01 9.567647e-01 9.548576e-01 9.596811e-01 9.654026e-01 9.656569e-01 9.648321e-01 9.581128e-01 9.554815e-01 9.535597e-01 9.480404e-01 9.415716e-01 9.382777e-01 9.474567e-01 9.594727e-01 9.548430e-01 9.473233e-01 9.385614e-01 9.295559e-01 9.219342e-01 9.241303e-01 9.322536e-01 9.419295e-01 9.416556e-01 9.421107e-01 9.603107e-01 9.680198e-01 9.687650e-01 9.591474e-01 9.489322e-01 9.557817e-01 9.823843e-01 9.806539e-01 9.739487e-01 9.837370e-01 9.732473e-01 9.709581e-01 9.978297e-01 1.005146e+00 1.006768e+00 1.016866e+00 1.015502e+00 1.000225e+00 9.939904e-01 9.943439e-01 1.001721e+00 9.987857e-01 1.008489e+00 1.011118e+00 1.008752e+00 1.016213e+00 1.015815e+00 1.014244e+00 1.030968e+00 1.041585e+00 1.046959e+00 1.054007e+00 1.048548e+00 1.046829e+00 1.052428e+00 1.049859e+00 1.047142e+00 1.046400e+00 1.048245e+00 1.057596e+00 1.058668e+00 1.055801e+00 1.052589e+00 1.053308e+00 1.051461e+00 1.046869e+00 1.041405e+00 1.035871e+00 1.037258e+00 1.039590e+00 1.035981e+00 1.028811e+00 1.016962e+00 1.000240e+00 9.882371e-01 9.896268e-01 9.954837e-01 9.871486e-01 9.710059e-01 9.676330e-01 9.571164e-01 9.500215e-01 9.254447e-01 9.165618e-01 9.024596e-01 8.838822e-01 8.727891e-01 8.724824e-01 8.719538e-01 8.786588e-01 8.861351e-01 8.934631e-01 8.928920e-01 8.889250e-01 8.819113e-01 8.804777e-01 8.894759e-01 8.836218e-01 8.890783e-01 8.970814e-01 8.899569e-01 8.859608e-01 8.914302e-01 9.032112e-01 9.186690e-01 9.211969e-01 9.089273e-01 9.078802e-01 9.069641e-01 9.119945e-01 9.110619e-01 9.111742e-01 9.208398e-01 9.347922e-01 9.448592e-01 9.477203e-01 9.486755e-01 9.560981e-01 9.543781e-01 9.555518e-01 9.617372e-01 9.754922e-01 9.804214e-01 9.922168e-01 1.001372e+00 1.001524e+00 1.003705e+00 1.007647e+00 1.016532e+00 1.022104e+00 1.019265e+00 1.021083e+00 1.025037e+00 1.028471e+00 1.025934e+00 1.022028e+00 1.029204e+00 1.039057e+00 1.040297e+00 1.036643e+00 1.035937e+00 1.039312e+00 1.045203e+00 1.046362e+00 1.049838e+00 1.054259e+00 1.051880e+00 1.044713e+00 1.034115e+00 1.034438e+00 1.040025e+00 1.035508e+00 1.027898e+00 1.025122e+00 1.029190e+00 1.032203e+00 1.028156e+00 1.022326e+00 1.037411e+00 1.041179e+00 1.041042e+00 1.037539e+00 1.022675e+00 1.009416e+00 1.014138e+00 1.019688e+00 1.025343e+00 1.034253e+00 1.036149e+00 1.027157e+00 1.021387e+00 1.016583e+00 1.010884e+00 1.010211e+00 1.013079e+00 1.003892e+00 9.936081e-01 9.954394e-01 9.997008e-01 9.957199e-01 9.851298e-01 9.768426e-01 9.658445e-01 9.570988e-01 9.592844e-01 9.657137e-01 9.777464e-01 9.729421e-01 9.528049e-01 9.399028e-01 9.438068e-01 9.506945e-01 9.468720e-01 9.414805e-01 9.341885e-01 9.281074e-01 9.343939e-01 9.393430e-01 9.429786e-01 9.544102e-01 9.618517e-01 9.571253e-01 9.625937e-01 9.631255e-01 9.572639e-01 9.547542e-01 9.504587e-01 9.427359e-01 9.439436e-01 9.394301e-01 9.372693e-01 9.408042e-01 9.454154e-01 9.502795e-01 9.573526e-01 9.646181e-01 9.561512e-01 9.436786e-01 9.284689e-01 9.323235e-01 9.368961e-01 9.389074e-01 9.409255e-01
9.878196e-01 9.909695e-01 9.905609e-01 9.962936e-01 9.941008e-01 1.003073e+00 1.008567e+00 1.014540e+00 1.010447e+00 1.015536e+00 1.012230e+00 1.006148e+00 1.007284e+00 1.005161e+00 1.009340e+00 1.007493e+00 1.011611e+00 1.009666e+00 1.005829e+00 9.990789e-01 9.888315e-01 9.798135e-01 9.714830e-01 9.716731e-01 9.763470e-01 9.761564e-01 9.777423e-01 9.748645e-01 9.736405e-01 9.668328e-01 9.630040e-01 9.619114e-01 9.593467e-01 9.544745e-01 9.535274e-01 9.542976e-01 9.490635e-01 9.555394e-01 9.506833e-01 9.501105e-01 9.438003e-01 9.399067e-01 9.469754e-01 9.470106e-01 9.497933e-01 9.435986e-01 9.406137e-01 9.348286e-01 9.310790e-01 9.419267e-01 9.372923e-01 9.309243e-01 9.351100e-01 9.603248e-01 9.645147e-01 9.559133e-01 9.556315e-01 9.534708e-01 9.548566e-01 9.731068e-01 9.750103e-01 9.745925e-01 9.892786e-01 9.878306e-01 9.698086e-01 9.729219e-01 9.689269e-01 9.768645e-01 9.954541e-01 9.988558e-01 1.005479e+00 1.000176e+00 9.844139e-01 9.914879e-01 9.939497e-01 1.010995e+00 1.004636e+00 9.999721e-01 1.013855e+00 1.014720e+00 1.018067e+00 1.035233e+00 1.041266e+00 1.040495e+00 1.047912e+00 1.044635e+00 1.038821e+00 1.051606e+00 1.056051e+00 1.052953e+00 1.048024e+00 1.047510e+00 1.052686e+00 1.052333e+00 1.051204e+00 1.055334e+00 1.055849e+00 1.053032e+00 1.044974e+00 1.038135e+00 1.033649e+00 1.035062e+00 1.039435e+00 1.036311e+00 1.037075e+00 1.026746e+00 1.007567e+00 9.934383e-01 9.967420e-01 9.860617e-01 9.739283e-01 9.603552e-01 9.442260e-01 9.356948e-01 9.332078e-01 9.167817e-01 9.170346e-01 9.148231e-01 8.938091e-01 8.779747e-01 8.747846e-01 8.791855e-01 8.933235e-01 8.957243e-01 8.869559e-01 8.813659e-01 8.837626e-01 8.839238e-01 8.842807e-01 8.843170e-01 8.849745e-01 8.936226e-01 9.025788e-01 8.921059e-01 8.805978e-01 8.859553e-01 9.027351e-01 9.181984e-01 9.178653e-01 9.099957e-01 9.002891e-01 9.007517e-01 9.093016e-01 9.163346e-01 9.216051e-01 9.243499e-01 9.365674e-01 9.378530e-01 9.380400e-01 9.414846e-01 9.455871e-01 9.403136e-01 9.537527e-01 9.716986e-01 9.842813e-01 9.945565e-01 9.976492e-01 9.969432e-01 1.000564e+00 1.004057e+00 1.013169e+00 1.017293e+00 1.015730e+00 1.014331e+00 1.024330e+00 1.025728e+00 1.022621e+00 1.020289e+00 1.018020e+00 1.026175e+00 1.037346e+00 1.038371e+00 1.035096e+00 1.036590e+00 1.033549e+00 1.032527e+00 1.033268e+00 1.040499e+00 1.049413e+00 1.050948e+00 1.044337e+00 1.038141e+00 1.033063e+00 1.027445e+00 1.024521e+00 1.024797e+00 1.023887e+00 1.028579e+00 1.036692e+00 1.034910e+00 1.025572e+00 1.029624e+00 1.032554e+00 1.031358e+00 1.024930e+00 1.014220e+00 1.001883e+00 1.003371e+00 1.008657e+00 1.022716e+00 1.032173e+00 1.033453e+00 1.030396e+00 1.027854e+00 1.027504e+00 1.016279e+00 1.011871e+00 1.012982e+00 1.002038e+00 9.934961e-01 9.955261e-01 9.976630e-01 9.999126e-01 9.964661e-01 9.875748e-01 9.735768e-01 9.591697e-01 9.545035e-01 9.612360e-01 9.791139e-01 9.738704e-01 9.505398e-01 9.394581e-01 9.412182e-01 9.405712e-01 9.374282e-01 9.335070e-01 9.277514e-01 9.316610e-01 9.442902e-01 9.457632e-01 9.431967e-01 9.531679e-01 9.584921e-01 9.549497e-01 9.630166e-01 9.649222e-01 9.551677e-01 9.529402e-01 9.532558e-01 9.458997e-01 9.455859e-01 9.432631e-01 9.369722e-01 9.380952e-01 9.400982e-01 9.443678e-01 9.451759e-01 9.498619e-01 9.494500e-01 9.388157e-01 9.255362e-01 9.316941e-01 9.330083e-01 9.357353e-01 9.357358e-01
9.902394e-01 9.989266e-01 9.969894e-01 9.977933e-01 9.965062e-01 1.007537e+00 1.011912e+00 1.019366e+00 1.017907e+00 1.020358e+00 1.005095e+00 1.002603e+00 1.004929e+00 1.011491e+00 1.016120e+00 1.013540e+00 1.014377e+00 1.008991e+00 1.001122e+00 9.935044e-01 9.829103e-01 9.838248e-01 9.787771e-01 9.778987e-01 9.807369e-01 9.810427e-01 9.801332e-01 9.757742e-01 9.764660e-01 9.731929e-01 9.685187e-01 9.563102e-01 9.474204e-01 9.457090e-01 9.459453e-01 9.484032e-01 9.489885e-01 9.567554e-01 9.627277e-01 9.606676e-01 9.519669e-01 9.453765e-01 9.486569e-01 9.418595e-01 9.354217e-01 9.389786e-01 9.497666e-01 9.447451e-01 9.456775e-01 9.493586e-01 9.440635e-01 9.309365e-01 9.363948e-01 9.543404e-01 9.651380e-01 9.492831e-01 9.533187e-01 9.532925e-01 9.551652e-01 9.678794e-01 9.573942e-01 9.672598e-01 9.831176e-01 9.761713e-01 9.507339e-01 9.269829e-01 9.332012e-01 9.530061e-01 9.747978e-01 9.933386e-01 1.001477e+00 9.892651e-01 9.897180e-01 9.925992e-01 1.000043e+00 1.006441e+00 1.004519e+00 1.003306e+00 1.011140e+00 1.013031e+00 1.015390e+00 1.027218e+00 1.033874e+00 1.039311e+00 1.042499e+00 1.040213e+00 1.036820e+00 1.045975e+00 1.051677e+00 1.054183e+00 1.055752e+00 1.052647e+00 1.050446e+00 1.050954e+00 1.047815e+00 1.051174e+00 1.052423e+00 1.052070e+00 1.048970e+00 1.044596e+00 1.035474e+00 1.036731e+00 1.041486e+00 1.040417e+00 1.034426e+00 1.029517e+00 1.016738e+00 1.007177e+00 9.984164e-01 9.751292e-01 9.596794e-01 9.450448e-01 9.239983e-01 9.170980e-01 9.191261e-01 9.209341e-01 9.196944e-01 9.145451e-01 8.997284e-01 8.792657e-01 8.789527e-01 8.899052e-01 8.865107e-01 8.830011e-01 8.751563e-01 8.763855e-01 8.768982e-01 8.831335e-01 8.882362e-01 8.853780e-01 8.877102e-01 8.998563e-01 9.033990e-01 8.939581e-01 8.892746e-01 8.981540e-01 9.190359e-01 9.216621e-01 9.099821e-01 9.068767e-01 9.057865e-01 9.074862e-01 9.060215e-01 9.067866e-01 9.152638e-01 9.208113e-01 9.347466e-01 9.361222e-01 9.402285e-01 9.492511e-01 9.429176e-01 9.299892e-01 9.516822e-01 9.679940e-01 9.791288e-01 9.938024e-01 9.975712e-01 9.950619e-01 9.979707e-01 1.002688e+00 1.011662e+00 1.016269e+00 1.008891e+00 1.006290e+00 1.015613e+00 1.018589e+00 1.019155e+00 1.018121e+00 1.015236e+00 1.016602e+00 1.030483e+00 1.033336e+00 1.032734e+00 1.039966e+00 1.039139e+00 1.037248e+00 1.030362e+00 1.033378e+00 1.038942e+00 1.043106e+00 1.041652e+00 1.038761e+00 1.031763e+00 1.024851e+00 1.028850e+00 1.026456e+00 1.017320e+00 1.031357e+00 1.040905e+00 1.038946e+00 1.032118e+00 1.035493e+00 1.032977e+00 1.023114e+00 1.013972e+00 1.009250e+00 1.003032e+00 1.003638e+00 1.008167e+00 1.024584e+00 1.031976e+00 1.031267e+00 1.029848e+00 1.034564e+00 1.033538e+00 1.017402e+00 1.009586e+00 1.009198e+00 1.005364e+00 1.003567e+00 1.000610e+00 9.940107e-01 9.972749e-01 1.000567e+00 9.905415e-01 9.764348e-01 9.658648e-01 9.620198e-01 9.636003e-01 9.733350e-01 9.609132e-01 9.443879e-01 9.389262e-01 9.400411e-01 9.403747e-01 9.353706e-01 9.339210e-01 9.335124e-01 9.380431e-01 9.485842e-01 9.461182e-01 9.401199e-01 9.485605e-01 9.554169e-01 9.532052e-01 9.589639e-01 9.561303e-01 9.477771e-01 9.487880e-01 9.544915e-01 9.484239e-01 9.470045e-01 9.475285e-01 9.374481e-01 9.367394e-01 9.390495e-01 9.434916e-01 9.420873e-01 9.391663e-01 9.406382e-01 9.333332e-01 9.200171e-01 9.245764e-01 9.266005e-01 9.280835e-01 9.228341e-01
9.947829e-01 9.998672e-01 1.006140e+00 1.005794e+00 1.005458e+00 1.012907e+00 1.020564e+00 1.019891e+00 1.019096e+00 1.022664e+00 1.004950e+00 9.965893e-01 9.999027e-01 1.008315e+00 1.012448e+00 1.012107e+00 1.015251e+00 1.010177e+00 1.003529e+00 9.962097e-01 9.895657e-01 9.904041e-01 9.880336e-01 9.850848e-01 9.780667e-01 9.690809e-01 9.720850e-01 9.765947e-01 9.790631e-01 9.702445e-01 9.675838e-01 9.587816e-01 9.451048e-01 9.471704e-01 9.521434e-01 9.560462e-01 9.549963e-01 9.535643e-01 9.570910e-01 9.607822e-01 9.460559e-01 9.397242e-01 9.473794e-01 9.515485e-01 9.361096e-01 9.249566e-01 9.337016e-01 9.449070e-01 9.510589e-01 9.420533e-01 9.457000e-01 9.401768e-01 9.402005e-01 9.529009e-01 9.610247e-01 9.430384e-01 9.506121e-01 9.667786e-01 9.757043e-01 9.737650e-01 9.457191e-01 9.524280e-01 9.767317e-01 9.673474e-01 9.462663e-01 9.227290e-01 9.159909e-01 9.291072e-01 9.573648e-01 9.811771e-01 9.972799e-01 1.001372e+00 1.007684e+00 1.006471e+00 1.001791e+00 1.001237e+00 1.003894e+00 1.012403e+00 1.012932e+00 1.014392e+00 1.015031e+00 1.020713e+00 1.032400e+00 1.036184e+00 1.027402e+00 1.029834e+00 1.035394e+00 1.037883e+00 1.045658e+00 1.053939e+00 1.054694e+00 1.054969e+00 1.051335e+00 1.053796e+00 1.051251e+00 1.044018e+00 1.044551e+00 1.051957e+00 1.053893e+00 1.049295e+00 1.047304e+00 1.048465e+00 1.038117e+00 1.031895e+00 1.027807e+00 1.022521e+00 1.013324e+00 1.006400e+00 9.992350e-01 9.856623e-01 9.740573e-01 9.557403e-01 9.296928e-01 9.105203e-01 9.101758e-01 9.235786e-01 9.230181e-01 9.127946e-01 8.979750e-01 8.806334e-01 8.755401e-01 8.798484e-01 8.745735e-01 8.753557e-01 8.778793e-01 8.906024e-01 8.900706e-01 8.851426e-01 8.898966e-01 8.915064e-01 8.892170e-01 9.044730e-01 9.030240e-01 8.993090e-01 8.922445e-01 8.995673e-01 9.120357e-01 9.167005e-01 9.102042e-01 9.132575e-01 9.177998e-01 9.102225e-01 9.026588e-01 9.021397e-01 9.079015e-01 9.227246e-01 9.338976e-01 9.341497e-01 9.415836e-01 9.534107e-01 9.389594e-01 9.280065e-01 9.461478e-01 9.592425e-01 9.691443e-01 9.826102e-01 9.904327e-01 9.933047e-01 9.963440e-01 9.994242e-01 1.005865e+00 1.007858e+00 9.997992e-01 9.973217e-01 1.008358e+00 1.019368e+00 1.021151e+00 1.022083e+00 1.017228e+00 1.020460e+00 1.031113e+00 1.030694e+00 1.028821e+00 1.037573e+00 1.043458e+00 1.038337e+00 1.035877e+00 1.035347e+00 1.034055e+00 1.037438e+00 1.045022e+00 1.042448e+00 1.032273e+00 1.026992e+00 1.027933e+00 1.021658e+00 1.012491e+00 1.022834e+00 1.028018e+00 1.032318e+00 1.032685e+00 1.037934e+00 1.026940e+00 1.019272e+00 1.014791e+00 1.016622e+00 1.007929e+00 1.009102e+00 1.000944e+00 1.009458e+00 1.020656e+00 1.029291e+00 1.024836e+00 1.033866e+00 1.028024e+00 1.009385e+00 1.003098e+00 1.007412e+00 1.012965e+00 1.011670e+00 1.004111e+00 9.914070e-01 9.925994e-01 9.929240e-01 9.891287e-01 9.799893e-01 9.710962e-01 9.680431e-01 9.702345e-01 9.705642e-01 9.598743e-01 9.523019e-01 9.436960e-01 9.418677e-01 9.457934e-01 9.416897e-01 9.384024e-01 9.409975e-01 9.365811e-01 9.352846e-01 9.325938e-01 9.350505e-01 9.421498e-01 9.459881e-01 9.452811e-01 9.463680e-01 9.393968e-01 9.408099e-01 9.439772e-01 9.509600e-01 9.545463e-01 9.552768e-01 9.499907e-01 9.372503e-01 9.355347e-01 9.375786e-01 9.416257e-01 9.406357e-01 9.360792e-01 9.396333e-01 9.400328e-01 9.252328e-01 9.218789e-01 9.281505e-01 9.299936e-01 9.224922e-01
9.863220e-01 9.959579e-01 1.005538e+00 1.001528e+00 1.004813e+00 1.014615e+00 1.021514e+00 1.017165e+00 1.020541e+00 1.023883e+00 1.016594e+00 1.009081e+00 1.004749e+00 1.007496e+00 1.009893e+00 1.015585e+00 1.018695e+00 1.017139e+00 1.011283e+00 1.004076e+00 9.978604e-01 9.915352e-01 9.916494e-01 9.912213e-01 9.808033e-01 9.735918e-01 9.796201e-01 9.819443e-01 9.800766e-01 9.718319e-01 9.716365e-01 9.645404e-01 9.481089e-01 9.584994e-01 9.646443e-01 9.594676e-01 9.603891e-01 9.482414e-01 9.447074e-01 9.541138e-01 9.412580e-01 9.373326e-01 9.457791e-01 9.462838e-01 9.361685e-01 9.262666e-01 9.274417e-01 9.405958e-01 9.416659e-01 9.318590e-01 9.356812e-01 9.375091e-01 9.455267e-01 9.460418e-01 9.452841e-01 9.466089e-01 9.589398e-01 9.672840e-01 9.689038e-01 9.540322e-01 9.277450e-01 9.260868e-01 9.405107e-01 9.660697e-01 9.428198e-01 9.308224e-01 9.290502e-01 9.413013e-01 9.552768e-01 9.657602e-01 9.919927e-01 1.002073e+00 1.006393e+00 1.012877e+00 1.001834e+00 1.002263e+00 1.006156e+00 1.009586e+00 1.017738e+00 1.018199e+00 1.015646e+00 1.022244e+00 1.030763e+00 1.029657e+00 1.026294e+00 1.036949e+00 1.035886e+00 1.031682e+00 1.044481e+00 1.059406e+00 1.057357e+00 1.056193e+00 1.056994e+00 1.060412e+00 1.053416e+00 1.042571e+00 1.042633e+00 1.053405e+00 1.054951e+00 1.048681e+00 1.050589e+00 1.049617e+00 1.039477e+00 1.026962e+00 1.013624e+00 1.003181e+00 1.002264e+00 1.007147e+00 1.000712e+00 9.933768e-01 9.770553e-01 9.622355e-01 9.433159e-01 9.196538e-01 9.172233e-01 9.247748e-01 9.136466e-01 9.032164e-01 9.012063e-01 8.842522e-01 8.758435e-01 8.763525e-01 8.769614e-01 8.808050e-01 8.862130e-01 8.966184e-01 8.975272e-01 8.957927e-01 8.976005e-01 9.032707e-01 9.045570e-01 9.052290e-01 9.000008e-01 8.897794e-01 8.872613e-01 8.948596e-01 9.066956e-01 9.067984e-01 9.072810e-01 9.102365e-01 9.124972e-01 9.083577e-01 8.902244e-01 8.891832e-01 9.023025e-01 9.158996e-01 9.350494e-01 9.402605e-01 9.465173e-01 9.519855e-01 9.443190e-01 9.446105e-01 9.431496e-01 9.446869e-01 9.629409e-01 9.781131e-01 9.840283e-01 9.933396e-01 1.001694e+00 1.003030e+00 1.003379e+00 9.997680e-01 9.956468e-01 9.963852e-01 1.001531e+00 1.016658e+00 1.021379e+00 1.021007e+00 1.016778e+00 1.023501e+00 1.032688e+00 1.033381e+00 1.028446e+00 1.034413e+00 1.042697e+00 1.036380e+00 1.033391e+00 1.033492e+00 1.032188e+00 1.034739e+00 1.040204e+00 1.035871e+00 1.030475e+00 1.024138e+00 1.017292e+00 1.014867e+00 1.007541e+00 1.004723e+00 1.001589e+00 1.013881e+00 1.018206e+00 1.024066e+00 1.014044e+00 1.024963e+00 1.019969e+00 1.009137e+00 9.997403e-01 1.011946e+00 1.004686e+00 1.003388e+00 1.001206e+00 1.013222e+00 1.014597e+00 1.029840e+00 1.024553e+00 1.009453e+00 1.006950e+00 1.011289e+00 1.012559e+00 1.008291e+00 1.000236e+00 9.928295e-01 9.859374e-01 9.847872e-01 9.866702e-01 9.818944e-01 9.746266e-01 9.749272e-01 9.720448e-01 9.617840e-01 9.603745e-01 9.550862e-01 9.406229e-01 9.375900e-01 9.445313e-01 9.429470e-01 9.349468e-01 9.298630e-01 9.282510e-01 9.323150e-01 9.367585e-01 9.442423e-01 9.374587e-01 9.328746e-01 9.379480e-01 9.398637e-01 9.346734e-01 9.319749e-01 9.354273e-01 9.462368e-01 9.532958e-01 9.578153e-01 9.504426e-01 9.325833e-01 9.283324e-01 9.332395e-01 9.432056e-01 9.476078e-01 9.384797e-01 9.333153e-01 9.383284e-01 9.280885e-01 9.233499e-01 9.286631e-01 9.300359e-01 9.246931e-01
9.883205e-01 1.001848e+00 1.003716e+00 9.985882e-01 9.981503e-01 1.008861e+00 1.015584e+00 1.018744e+00 1.022950e+00 1.023387e+00 1.023783e+00 1.022734e+00 1.018754e+00 1.022287e+00 1.026170e+00 1.026910e+00 1.025793e+00 1.025464e+00 1.020512e+00 1.019709e+00 1.014061e+00 1.009259e+00 1.000645e+00 9.939229e-01 9.878232e-01 9.901558e-01 9.886767e-01 9.825673e-01 9.805763e-01 9.720645e-01 9.707481e-01 9.601501e-01 9.490705e-01 9.582739e-01 9.636687e-01 9.585781e-01 9.567504e-01 9.419742e-01 9.350842e-01 9.468085e-01 9.398792e-01 9.360833e-01 9.368542e-01 9.416251e-01 9.361054e-01 9.340683e-01 9.384008e-01 9.405999e-01 9.378504e-01 9.266310e-01 9.189124e-01 9.202302e-01 9.272638e-01 9.244266e-01 9.239344e-01 9.328178e-01 9.474666e-01 9.468986e-01 9.383130e-01 9.230538e-01 9.094634e-01 9.055691e-01 9.133404e-01 9.407302e-01 9.403764e-01 9.527294e-01 9.386395e-01 9.433511e-01 9.605049e-01 9.685055e-01 9.781672e-01 9.968811e-01 1.001235e+00 1.003158e+00 9.951165e-01 9.915190e-01 9.971961e-01 1.002117e+00 1.015926e+00 1.019397e+00 1.020047e+00 1.033715e+00 1.033897e+00 1.034354e+00 1.038632e+00 1.044263e+00 1.036199e+00 1.031479e+00 1.036637e+00 1.046684e+00 1.057938e+00 1.061657e+00 1.064097e+00 1.063021e+00 1.052744e+00 1.044186e+00 1.031599e+00 1.033759e+00 1.039467e+00 1.038738e+00 1.044962e+00 1.048938e+00 1.044198e+00 1.032559e+00 1.019359e+00 1.004033e+00 1.003385e+00 1.012557e+00 1.003418e+00 9.883360e-01 9.784856e-01 9.735030e-01 9.639529e-01 9.363028e-01 9.301754e-01 9.354362e-01 9.211476e-01 9.093786e-01 9.089892e-01 8.954691e-01 8.849770e-01 8.818840e-01 8.820388e-01 8.794655e-01 8.820776e-01 8.906932e-01 8.960116e-01 8.931003e-01 8.886414e-01 8.970373e-01 9.128631e-01 9.085470e-01 8.976982e-01 8.873863e-01 8.812816e-01 8.910072e-01 8.984366e-01 9.066045e-01 9.009824e-01 8.979238e-01 8.959200e-01 9.011768e-01 8.895717e-01 8.929938e-01 9.072890e-01 9.174078e-01 9.350420e-01 9.345544e-01 9.406568e-01 9.449705e-01 9.500170e-01 9.543852e-01 9.486742e-01 9.472311e-01 9.637893e-01 9.706137e-01 9.778131e-01 9.860641e-01 9.963093e-01 9.986134e-01 9.967339e-01 9.962485e-01 1.002088e+00 1.001685e+00 1.000874e+00 1.007670e+00 1.015622e+00 1.019588e+00 1.011270e+00 1.017704e+00 1.026019e+00 1.028448e+00 1.028560e+00 1.030934e+00 1.037878e+00 1.029537e+00 1.022641e+00 1.022104e+00 1.021308e+00 1.025610e+00 1.023211e+00 1.018888e+00 1.021283e+00 1.022376e+00 1.019038e+00 1.019887e+00 1.009782e+00 9.970120e-01 9.969435e-01 1.007251e+00 1.009169e+00 1.004040e+00 1.008118e+00 1.020885e+00 1.024351e+00 1.010059e+00 9.913663e-01 1.009372e+00 1.012036e+00 1.005165e+00 1.007037e+00 1.004185e+00 1.004932e+00 1.013946e+00 1.014133e+00 1.010900e+00 1.014062e+00 1.015269e+00 1.007079e+00 9.970873e-01 9.947712e-01 9.954158e-01 9.888684e-01 9.860342e-01 9.854500e-01 9.819107e-01 9.730667e-01 9.681011e-01 9.576570e-01 9.494178e-01 9.504038e-01 9.457998e-01 9.390891e-01 9.381182e-01 9.477640e-01 9.457244e-01 9.326044e-01 9.277415e-01 9.294949e-01 9.389474e-01 9.474955e-01 9.510128e-01 9.411443e-01 9.280952e-01 9.322540e-01 9.401897e-01 9.412843e-01 9.325863e-01 9.302857e-01 9.381623e-01 9.419664e-01 9.429482e-01 9.371056e-01 9.255195e-01 9.197771e-01 9.223839e-01 9.359472e-01 9.466501e-01 9.481738e-01 9.385310e-01 9.372051e-01 9.270925e-01 9.210894e-01 9.223536e-01 9.311890e-01 9.308180e-01
9.972786e-01 1.004142e+00 1.007114e+00 1.001596e+00 1.004653e+00 1.010679e+00 1.016785e+00 1.023482e+00 1.028026e+00 1.024740e+00 1.027886e+00 1.030094e+00 1.031555e+00 1.034455e+00 1.036737e+00 1.034218e+00 1.027929e+00 1.028355e+00 1.027906e+00 1.027326e+00 1.025394e+00 1.020697e+00 1.014844e+00 1.008422e+00 1.003821e+00 9.973326e-01 9.878414e-01 9.861935e-01 9.836985e-01 9.724520e-01 9.623176e-01 9.490756e-01 9.418101e-01 9.466743e-01 9.532101e-01 9.594320e-01 9.580649e-01 9.491028e-01 9.406316e-01 9.394181e-01 9.335051e-01 9.377697e-01 9.463625e-01 9.463474e-01 9.448506e-01 9.473009e-01 9.439818e-01 9.379514e-01 9.355054e-01 9.285562e-01 9.157525e-01 9.078070e-01 9.097316e-01 9.107862e-01 9.147747e-01 9.237127e-01 9.390293e-01 9.306895e-01 9.275128e-01 9.210275e-01 9.036222e-01 9.072682e-01 9.164153e-01 9.330733e-01 9.532306e-01 9.646977e-01 9.497005e-01 9.399315e-01 9.504276e-01 9.404255e-01 9.501348e-01 9.939394e-01 1.002876e+00 9.808546e-01 9.822335e-01 9.867336e-01 9.977251e-01 1.008944e+00 1.020367e+00 1.026031e+00 1.027879e+00 1.034111e+00 1.036707e+00 1.038809e+00 1.044194e+00 1.047504e+00 1.039673e+00 1.028008e+00 1.026125e+00 1.042012e+00 1.056216e+00 1.058708e+00 1.062581e+00 1.058189e+00 1.051609e+00 1.044799e+00 1.031043e+00 1.030731e+00 1.034830e+00 1.038207e+00 1.044632e+00 1.049832e+00 1.048492e+00 1.044324e+00 1.032668e+00 1.014453e+00 1.007265e+00 1.013496e+00 1.010679e+00 9.941109e-01 9.781295e-01 9.767875e-01 9.664956e-01 9.382689e-01 9.345692e-01 9.389330e-01 9.284236e-01 9.202697e-01 9.186922e-01 9.066830e-01 8.929809e-01 8.795861e-01 8.837107e-01 8.778528e-01 8.809735e-01 8.957104e-01 9.082304e-01 8.951672e-01 8.871018e-01 8.913313e-01 9.063491e-01 9.066200e-01 9.029276e-01 8.947079e-01 8.869551e-01 8.873242e-01 8.932707e-01 9.039318e-01 8.977522e-01 8.900433e-01 8.925275e-01 8.968372e-01 8.959028e-01 9.073853e-01 9.190514e-01 9.247887e-01 9.315844e-01 9.270912e-01 9.317395e-01 9.350763e-01 9.338051e-01 9.413610e-01 9.454926e-01 9.489861e-01 9.518739e-01 9.634461e-01 9.682927e-01 9.720314e-01 9.853093e-01 9.845723e-01 9.848766e-01 9.926255e-01 1.002716e+00 1.006366e+00 1.006654e+00 1.002954e+00 1.010132e+00 1.013153e+00 1.013616e+00 1.011544e+00 1.012628e+00 1.020992e+00 1.020829e+00 1.024448e+00 1.027093e+00 1.023398e+00 1.018405e+00 1.014464e+00 1.016059e+00 1.018013e+00 1.007037e+00 9.983280e-01 1.001743e+00 1.017413e+00 1.028331e+00 1.021737e+00 1.009402e+00 1.011144e+00 1.019205e+00 1.012424e+00 1.010095e+00 9.968289e-01 9.964468e-01 1.010010e+00 1.016574e+00 1.009448e+00 9.974878e-01 1.005102e+00 1.006855e+00 1.006072e+00 1.012450e+00 1.005845e+00 1.007945e+00 1.010153e+00 1.009314e+00 1.005872e+00 1.012451e+00 1.017607e+00 1.003561e+00 9.918563e-01 9.973278e-01 9.986081e-01 9.914953e-01 9.912739e-01 9.886382e-01 9.791390e-01 9.666991e-01 9.540510e-01 9.453585e-01 9.394714e-01 9.332117e-01 9.356256e-01 9.428800e-01 9.449348e-01 9.459037e-01 9.441017e-01 9.331040e-01 9.322549e-01 9.345033e-01 9.357601e-01 9.346106e-01 9.397838e-01 9.413127e-01 9.267817e-01 9.367436e-01 9.481356e-01 9.484462e-01 9.397191e-01 9.310749e-01 9.297798e-01 9.278897e-01 9.279292e-01 9.295387e-01 9.268892e-01 9.205942e-01 9.200553e-01 9.362381e-01 9.445907e-01 9.451191e-01 9.401054e-01 9.422583e-01 9.336368e-01 9.297377e-01 9.257454e-01 9.365308e-01 9.423349e-01
1.002569e+00 1.006855e+00 1.013758e+00 1.007056e+00 1.010207e+00 1.013263e+00 1.016648e+00 1.029158e+00 1.032904e+00 1.033044e+00 1.030480e+00 1.031012e+00 1.035489e+00 1.042521e+00 1.041519e+00 1.036445e+00 1.028337e+00 1.028524e+00 1.032037e+00 1.031520e+00 1.028212e+00 1.019936e+00 1.020632e+00 1.018667e+00 1.009863e+00 9.960001e-01 9.875911e-01 9.920790e-01 9.894487e-01 9.756612e-01 9.659984e-01 9.565096e-01 9.451163e-01 9.512978e-01 9.571908e-01 9.621293e-01 9.625358e-01 9.569171e-01 9.508410e-01 9.399565e-01 9.338368e-01 9.430458e-01 9.517740e-01 9.455122e-01 9.470470e-01 9.518808e-01 9.443403e-01 9.357046e-01 9.307101e-01 9.271933e-01 9.235681e-01 9.175122e-01 9.155442e-01 9.178522e-01 9.282539e-01 9.372638e-01 9.425168e-01 9.319844e-01 9.341793e-01 9.218550e-01 9.118678e-01 9.228292e-01 9.245783e-01 9.348720e-01 9.617519e-01 9.714146e-01 9.608834e-01 9.581445e-01 9.349707e-01 9.212928e-01 9.413490e-01 9.870609e-01 9.979784e-01 9.881785e-01 9.841687e-01 1.001471e+00 1.017237e+00 1.025799e+00 1.028833e+00 1.024713e+00 1.024961e+00 1.026704e+00 1.035478e+00 1.040216e+00 1.044403e+00 1.044070e+00 1.040367e+00 1.035590e+00 1.041648e+00 1.052813e+00 1.058253e+00 1.057654e+00 1.057578e+00 1.052658e+00 1.051474e+00 1.046680e+00 1.041132e+00 1.040039e+00 1.041580e+00 1.043435e+00 1.048189e+00 1.052065e+00 1.047029e+00 1.038842e+00 1.032012e+00 1.011458e+00 1.009291e+00 1.018348e+00 1.013621e+00 9.984800e-01 9.822360e-01 9.729601e-01 9.570813e-01 9.352232e-01 9.269506e-01 9.268302e-01 9.199384e-01 9.239820e-01 9.201147e-01 9.154345e-01 9.013544e-01 8.825816e-01 8.783401e-01 8.812605e-01 8.883917e-01 9.007912e-01 9.098827e-01 9.055548e-01 8.933979e-01 8.914137e-01 8.917896e-01 8.975367e-01 9.066318e-01 9.071047e-01 8.960894e-01 8.900370e-01 8.907223e-01 8.998067e-01 8.969842e-01 8.894483e-01 9.016726e-01 9.060841e-01 9.030057e-01 9.086899e-01 9.217346e-01 9.328377e-01 9.422505e-01 9.366208e-01 9.280103e-01 9.170387e-01 9.192105e-01 9.318753e-01 9.368859e-01 9.404126e-01 9.445188e-01 9.579331e-01 9.672108e-01 9.709280e-01 9.805760e-01 9.792505e-01 9.822192e-01 9.920583e-01 1.000889e+00 1.008793e+00 1.015201e+00 1.007718e+00 1.010108e+00 1.012685e+00 1.019837e+00 1.008643e+00 1.001587e+00 1.009606e+00 1.018159e+00 1.020354e+00 1.021186e+00 1.018390e+00 1.011546e+00 1.014205e+00 1.018754e+00 1.018206e+00 1.004733e+00 9.978625e-01 9.962921e-01 1.011987e+00 1.030837e+00 1.017311e+00 1.006548e+00 1.022177e+00 1.024620e+00 1.017694e+00 1.018091e+00 1.020571e+00 9.959783e-01 9.956414e-01 9.967585e-01 9.972740e-01 1.008647e+00 1.003858e+00 9.964929e-01 1.004185e+00 1.008925e+00 1.006869e+00 1.006854e+00 1.006684e+00 1.005556e+00 1.005385e+00 1.015174e+00 1.019886e+00 1.007704e+00 9.945052e-01 9.986379e-01 9.939432e-01 9.864528e-01 9.882193e-01 9.886364e-01 9.763181e-01 9.602758e-01 9.464487e-01 9.354429e-01 9.300509e-01 9.286690e-01 9.331532e-01 9.454446e-01 9.463578e-01 9.415498e-01 9.405782e-01 9.346274e-01 9.326074e-01 9.299462e-01 9.258713e-01 9.244537e-01 9.351137e-01 9.392564e-01 9.333079e-01 9.414634e-01 9.503620e-01 9.491129e-01 9.389535e-01 9.327716e-01 9.283260e-01 9.216709e-01 9.200985e-01 9.263825e-01 9.249003e-01 9.172773e-01 9.194202e-01 9.323454e-01 9.370859e-01 9.406289e-01 9.424101e-01 9.425920e-01 9.351036e-01 9.360631e-01 9.323899e-01 9.431878e-01 9.433116e-01
1.012039e+00 1.017843e+00 1.016940e+00 1.016237e+00 1.017120e+00 1.019444e+00 1.016908e+00 1.027452e+00 1.029329e+00 1.038479e+00 1.036140e+00 1.034482e+00 1.037770e+00 1.043999e+00 1.041641e+00 1.032122e+00 1.025473e+00 1.027460e+00 1.032208e+00 1.032840e+00 1.031683e+00 1.023121e+00 1.025993e+00 1.025103e+00 1.017294e+00 1.005477e+00 9.959735e-01 9.955814e-01 9.963717e-01 9.851507e-01 9.794685e-01 9.711015e-01 9.619589e-01 9.645676e-01 9.625575e-01 9.685084e-01 9.682029e-01 9.662780e-01 9.582086e-01 9.458618e-01 9.426644e-01 9.501566e-01 9.574270e-01 9.563221e-01 9.500602e-01 9.474486e-01 9.426005e-01 9.331620e-01 9.304926e-01 9.299107e-01 9.297451e-01 9.227418e-01 9.245006e-01 9.255212e-01 9.303393e-01 9.373924e-01 9.492136e-01 9.423026e-01 9.487326e-01 9.508005e-01 9.316150e-01 9.255672e-01 9.278382e-01 9.250095e-01 9.441529e-01 9.671561e-01 9.751505e-01 9.629913e-01 9.369158e-01 9.338502e-01 9.455038e-01 9.754910e-01 9.946121e-01 9.896097e-01 9.955249e-01 1.010187e+00 1.026538e+00 1.037284e+00 1.034548e+00 1.021844e+00 1.019849e+00 1.020266e+00 1.025048e+00 1.034325e+00 1.042933e+00 1.044887e+00 1.039235e+00 1.036288e+00 1.045516e+00 1.052507e+00 1.053666e+00 1.055758e+00 1.056484e+00 1.050615e+00 1.047567e+00 1.049046e+00 1.048445e+00 1.044517e+00 1.044778e+00 1.045973e+00 1.052452e+00 1.053843e+00 1.038403e+00 1.025772e+00 1.018345e+00 1.003692e+00 1.006664e+00 1.011594e+00 1.009641e+00 9.981650e-01 9.785600e-01 9.648271e-01 9.566935e-01 9.381938e-01 9.203525e-01 9.123127e-01 9.152347e-01 9.175090e-01 9.165874e-01 9.186352e-01 9.088917e-01 8.944497e-01 8.811609e-01 8.863161e-01 8.896139e-01 9.054899e-01 9.147694e-01 9.087371e-01 8.887376e-01 8.849959e-01 8.890751e-01 9.014968e-01 9.059716e-01 9.048104e-01 8.913622e-01 8.898194e-01 8.934469e-01 9.027112e-01 9.007974e-01 8.987576e-01 9.001056e-01 9.051659e-01 9.080330e-01 9.114610e-01 9.189578e-01 9.367155e-01 9.411743e-01 9.370048e-01 9.286265e-01 9.141809e-01 9.111723e-01 9.197457e-01 9.289795e-01 9.336009e-01 9.440594e-01 9.585314e-01 9.730672e-01 9.767165e-01 9.768636e-01 9.842855e-01 9.884758e-01 9.889450e-01 9.969772e-01 1.005164e+00 1.011818e+00 1.012053e+00 1.005474e+00 1.010649e+00 1.020185e+00 1.010692e+00 1.002995e+00 1.006131e+00 1.013336e+00 1.020231e+00 1.023086e+00 1.010393e+00 1.005846e+00 1.012599e+00 1.019478e+00 1.020976e+00 1.016818e+00 1.008270e+00 9.933587e-01 9.972029e-01 1.013762e+00 1.007080e+00 1.001787e+00 1.011974e+00 1.015299e+00 1.005083e+00 1.009096e+00 1.018000e+00 1.009210e+00 9.945475e-01 9.913086e-01 9.943095e-01 1.018690e+00 1.015574e+00 1.004738e+00 1.004629e+00 1.004078e+00 1.006732e+00 1.009694e+00 1.002787e+00 9.997330e-01 1.004425e+00 1.012254e+00 1.015365e+00 1.009265e+00 1.000916e+00 1.000661e+00 9.933585e-01 9.851514e-01 9.829875e-01 9.795725e-01 9.765187e-01 9.683771e-01 9.605452e-01 9.463704e-01 9.375995e-01 9.310312e-01 9.316158e-01 9.362004e-01 9.387222e-01 9.356197e-01 9.360096e-01 9.337806e-01 9.336324e-01 9.290252e-01 9.212034e-01 9.273089e-01 9.428951e-01 9.461569e-01 9.333466e-01 9.346330e-01 9.411608e-01 9.431471e-01 9.387345e-01 9.325171e-01 9.303572e-01 9.228303e-01 9.183688e-01 9.273468e-01 9.305441e-01 9.241775e-01 9.154641e-01 9.283122e-01 9.423945e-01 9.428152e-01 9.400816e-01 9.383293e-01 9.290887e-01 9.264017e-01 9.259539e-01 9.334155e-01 9.358143e-01
1.019775e+00 1.021291e+00 1.021000e+00 1.018094e+00 1.020307e+00 1.022062e+00 1.020680e+00 1.025281e+00 1.029361e+00 1.038623e+00 1.040126e+00 1.036520e+00 1.038766e+00 1.038392e+00 1.036534e+00 1.031277e+00 1.028517e+00 1.027356e+00 1.031256e+00 1.033697e+00 1.034890e+00 1.033665e+00 1.032661e+00 1.027268e+00 1.023231e+00 1.014819e+00 1.004394e+00 1.003907e+00 9.946274e-01 9.811396e-01 9.850519e-01 9.773653e-01 9.693666e-01 9.619582e-01 9.602369e-01 9.659336e-01 9.734567e-01 9.648707e-01 9.600919e-01 9.588840e-01 9.583368e-01 9.586717e-01 9.635191e-01 9.646787e-01 9.543489e-01 9.415154e-01 9.392360e-01 9.320132e-01 9.294913e-01 9.240458e-01 9.207455e-01 9.126998e-01 9.179124e-01 9.281634e-01 9.234775e-01 9.217701e-01 9.336519e-01 9.438203e-01 9.491665e-01 9.557861e-01 9.669098e-01 9.416734e-01 9.223334e-01 9.231397e-01 9.451715e-01 9.637619e-01 9.710131e-01 9.667630e-01 9.562321e-01 9.514935e-01 9.536680e-01 9.719651e-01 9.881948e-01 9.904882e-01 9.986538e-01 1.010242e+00 1.016071e+00 1.025810e+00 1.026304e+00 1.024521e+00 1.021782e+00 1.020320e+00 1.027108e+00 1.033125e+00 1.037268e+00 1.032923e+00 1.032154e+00 1.028107e+00 1.036679e+00 1.049213e+00 1.050619e+00 1.054281e+00 1.055498e+00 1.051692e+00 1.050598e+00 1.054220e+00 1.051409e+00 1.042066e+00 1.040977e+00 1.044866e+00 1.047926e+00 1.047240e+00 1.035965e+00 1.021450e+00 1.013032e+00 1.010219e+00 1.007111e+00 1.005421e+00 1.004175e+00 9.946983e-01 9.846942e-01 9.751847e-01 9.637455e-01 9.338352e-01 9.241813e-01 9.212256e-01 9.292657e-01 9.240112e-01 9.127650e-01 9.145579e-01 9.034898e-01 8.957059e-01 8.890674e-01 8.804248e-01 8.923175e-01 9.185666e-01 9.300711e-01 9.196985e-01 8.952593e-01 8.875988e-01 8.992102e-01 9.054615e-01 9.128574e-01 9.087439e-01 9.075121e-01 8.990856e-01 9.028124e-01 9.050541e-01 8.962403e-01 8.994744e-01 8.944285e-01 8.983035e-01 9.011332e-01 8.989231e-01 9.090784e-01 9.299318e-01 9.288166e-01 9.297446e-01 9.294731e-01 9.224545e-01 9.218011e-01 9.194695e-01 9.272220e-01 9.311391e-01 9.357561e-01 9.581303e-01 9.675587e-01 9.799192e-01 9.814691e-01 9.865974e-01 9.863609e-01 9.891558e-01 9.950330e-01 9.938039e-01 9.943902e-01 1.000994e+00 1.004070e+00 1.007046e+00 1.012747e+00 1.011656e+00 1.012260e+00 1.009305e+00 1.007136e+00 1.013746e+00 1.017815e+00 1.005235e+00 9.985437e-01 1.000412e+00 1.009733e+00 1.013245e+00 1.013806e+00 1.005651e+00 9.925977e-01 9.966137e-01 1.008590e+00 1.012839e+00 1.000823e+00 9.998503e-01 9.978995e-01 9.825279e-01 9.974900e-01 1.006559e+00 1.013634e+00 9.983674e-01 9.923855e-01 1.004353e+00 1.015193e+00 1.018408e+00 1.016111e+00 1.011277e+00 1.005372e+00 1.005137e+00 1.010475e+00 1.007818e+00 9.984092e-01 1.000890e+00 1.004931e+00 1.011490e+00 1.008441e+00 1.001490e+00 9.989005e-01 9.950439e-01 9.923484e-01 9.847455e-01 9.763394e-01 9.766371e-01 9.778230e-01 9.646461e-01 9.483853e-01 9.426325e-01 9.396744e-01 9.380614e-01 9.375029e-01 9.359660e-01 9.310272e-01 9.299287e-01 9.318601e-01 9.312617e-01 9.286535e-01 9.252161e-01 9.295084e-01 9.341158e-01 9.352568e-01 9.287134e-01 9.285021e-01 9.367640e-01 9.389852e-01 9.325147e-01 9.306637e-01 9.312199e-01 9.290141e-01 9.223706e-01 9.290141e-01 9.309818e-01 9.281390e-01 9.196830e-01 9.288475e-01 9.403904e-01 9.392789e-01 9.378402e-01 9.331886e-01 9.226295e-01 9.202203e-01 9.236100e-01 9.302440e-01 9.365510e-01
1.009713e+00 1.015683e+00 1.017444e+00 1.016736e+00 1.022718e+00 1.027373e+00 1.025867e+00 1.026167e+00 1.028078e+00 1.039566e+00 1.040455e+00 1.036700e+00 1.039934e+00 1.039720e+00 1.036669e+00 1.038318e+00 1.038370e+00 1.033731e+00 1.032007e+00 1.031942e+00 1.034035e+00 1.038152e+00 1.037556e+00 1.030962e+00 1.023180e+00 1.015193e+00 1.008209e+00 1.008980e+00 9.974562e-01 9.847554e-01 9.911658e-01 9.841100e-01 9.750241e-01 9.620406e-01 9.621986e-01 9.641949e-01 9.733734e-01 9.686986e-01 9.650239e-01 9.669142e-01 9.657874e-01 9.634940e-01 9.647192e-01 9.574708e-01 9.490723e-01 9.361166e-01 9.313617e-01 9.230255e-01 9.197575e-01 9.180697e-01 9.125621e-01 9.001532e-01 9.088103e-01 9.197528e-01 9.168020e-01 9.112834e-01 9.203863e-01 9.278231e-01 9.300177e-01 9.331422e-01 9.500583e-01 9.401631e-01 9.134601e-01 9.155827e-01 9.392548e-01 9.664808e-01 9.747385e-01 9.795831e-01 9.838431e-01 9.724426e-01 9.630277e-01 9.729880e-01 9.749900e-01 9.786415e-01 9.992287e-01 1.015913e+00 1.017788e+00 1.019142e+00 1.024900e+00 1.027818e+00 1.030822e+00 1.035581e+00 1.036049e+00 1.040012e+00 1.036563e+00 1.030241e+00 1.032734e+00 1.025380e+00 1.030394e+00 1.041246e+00 1.050936e+00 1.052428e+00 1.052098e+00 1.047119e+00 1.047368e+00 1.051240e+00 1.053796e+00 1.042524e+00 1.043539e+00 1.046192e+00 1.042891e+00 1.041388e+00 1.043021e+00 1.030680e+00 1.021272e+00 1.015847e+00 1.009447e+00 9.989300e-01 9.975307e-01 1.000127e+00 9.893016e-01 9.851694e-01 9.756733e-01 9.449999e-01 9.362628e-01 9.335082e-01 9.377251e-01 9.338376e-01 9.196021e-01 9.053060e-01 9.020209e-01 9.000602e-01 8.994376e-01 8.956671e-01 8.987288e-01 9.137129e-01 9.299786e-01 9.244917e-01 9.070603e-01 9.041855e-01 9.091765e-01 9.138554e-01 9.155166e-01 9.095323e-01 9.107386e-01 9.054536e-01 9.000020e-01 9.004781e-01 8.844263e-01 8.861215e-01 8.941855e-01 8.940591e-01 8.903583e-01 8.840535e-01 9.020738e-01 9.194127e-01 9.199573e-01 9.262371e-01 9.325857e-01 9.359136e-01 9.404595e-01 9.321130e-01 9.304207e-01 9.271218e-01 9.300618e-01 9.544094e-01 9.711202e-01 9.831939e-01 9.822040e-01 9.825375e-01 9.858243e-01 9.960697e-01 1.000883e+00 9.924735e-01 9.849619e-01 9.854447e-01 1.001161e+00 9.982541e-01 9.972988e-01 1.004268e+00 1.011860e+00 1.008620e+00 1.012298e+00 1.017745e+00 1.012588e+00 1.004135e+00 9.957197e-01 9.988837e-01 9.990087e-01 1.002779e+00 1.000921e+00 1.002856e+00 1.000530e+00 9.948071e-01 9.946299e-01 1.003273e+00 9.910204e-01 9.925973e-01 9.901010e-01 9.738284e-01 9.859973e-01 9.945946e-01 9.939547e-01 9.909141e-01 9.818673e-01 9.968115e-01 1.008494e+00 1.006975e+00 1.009542e+00 1.012255e+00 1.005659e+00 1.002820e+00 1.007780e+00 1.006788e+00 9.958006e-01 9.966353e-01 1.007264e+00 1.009206e+00 1.004081e+00 9.981326e-01 9.942020e-01 9.954259e-01 9.957581e-01 9.893415e-01 9.809444e-01 9.818422e-01 9.770423e-01 9.591456e-01 9.567387e-01 9.528606e-01 9.485002e-01 9.417962e-01 9.361711e-01 9.326330e-01 9.273456e-01 9.310254e-01 9.313874e-01 9.249486e-01 9.249033e-01 9.249307e-01 9.254794e-01 9.211128e-01 9.201643e-01 9.255690e-01 9.241208e-01 9.255891e-01 9.326141e-01 9.360220e-01 9.386480e-01 9.397452e-01 9.293346e-01 9.174644e-01 9.221779e-01 9.270712e-01 9.197893e-01 9.125215e-01 9.160299e-01 9.273943e-01 9.305981e-01 9.275726e-01 9.246230e-01 9.221981e-01 9.278079e-01 9.339205e-01 9.377447e-01 9.509517e-01
9.994839e-01 1.004872e+00 1.011500e+00 1.017670e+00 1.027554e+00 1.032550e+00 1.029075e+00 1.031104e+00 1.031878e+00 1.037431e+00 1.038946e+00 1.038487e+00 1.035455e+00 1.040956e+00 1.041488e+00 1.039544e+00 1.041264e+00 1.044161e+00 1.043144e+00 1.040562e+00 1.039102e+00 1.041990e+00 1.041813e+00 1.035616e+00 1.023066e+00 1.005130e+00 1.007228e+00 1.008101e+00 9.975983e-01 9.914831e-01 9.962822e-01 9.853971e-01 9.754276e-01 9.702070e-01 9.747210e-01 9.703857e-01 9.661709e-01 9.652479e-01 9.658917e-01 9.684225e-01 9.655899e-01 9.686527e-01 9.693375e-01 9.582368e-01 9.501578e-01 9.386050e-01 9.350238e-01 9.229922e-01 9.237986e-01 9.244335e-01 9.141299e-01 9.003327e-01 9.045466e-01 9.129571e-01 9.103655e-01 9.063513e-01 9.083504e-01 9.187377e-01 9.270768e-01 9.293067e-01 9.316140e-01 9.251527e-01 9.041759e-01 9.162087e-01 9.246207e-01 9.450737e-01 9.617571e-01 9.693977e-01 9.717500e-01 9.693941e-01 9.607555e-01 9.636542e-01 9.685348e-01 9.624306e-01 9.864358e-01 1.014537e+00 1.023893e+00 1.022063e+00 1.020895e+00 1.024079e+00 1.032801e+00 1.039022e+00 1.034444e+00 1.038540e+00 1.037151e+00 1.037561e+00 1.038631e+00 1.026145e+00 1.029560e+00 1.038377e+00 1.047110e+00 1.045384e+00 1.042867e+00 1.044030e+00 1.040553e+00 1.049055e+00 1.050826e+00 1.044060e+00 1.044598e+00 1.045401e+00 1.040957e+00 1.044593e+00 1.044995e+00 1.037926e+00 1.029370e+00 1.017493e+00 1.014554e+00 1.003740e+00 9.974754e-01 9.948976e-01 9.909644e-01 9.876333e-01 9.813948e-01 9.613897e-01 9.444168e-01 9.381861e-01 9.402206e-01 9.355757e-01 9.286661e-01 9.080943e-01 9.051261e-01 9.117523e-01 9.055468e-01 9.025962e-01 9.060891e-01 9.143904e-01 9.245066e-01 9.232789e-01 9.127867e-01 9.088802e-01 9.069041e-01 9.093034e-01 9.127431e-01 9.093437e-01 9.111151e-01 9.133189e-01 9.011787e-01 9.019421e-01 8.894587e-01 8.833038e-01 8.854868e-01 8.983109e-01 8.949755e-01 8.760861e-01 8.872715e-01 9.080682e-01 9.233483e-01 9.276664e-01 9.322982e-01 9.309023e-01 9.325556e-01 9.332933e-01 9.355997e-01 9.347798e-01 9.327505e-01 9.446193e-01 9.615518e-01 9.775449e-01 9.795413e-01 9.775754e-01 9.845391e-01 9.958625e-01 1.002153e+00 9.951603e-01 9.891215e-01 9.834368e-01 9.992281e-01 1.000729e+00 9.909691e-01 9.955757e-01 1.001512e+00 9.986022e-01 1.008068e+00 1.013295e+00 1.003057e+00 1.002916e+00 9.964135e-01 9.954302e-01 9.963117e-01 1.006337e+00 1.000274e+00 1.004551e+00 1.007420e+00 9.902934e-01 9.868709e-01 9.970765e-01 9.783702e-01 9.794179e-01 9.809039e-01 9.697151e-01 9.862251e-01 9.778384e-01 9.569141e-01 9.672111e-01 9.828502e-01 9.868616e-01 9.862947e-01 9.862293e-01 1.003160e+00 1.010858e+00 1.004474e+00 9.987880e-01 1.000332e+00 9.941915e-01 9.866624e-01 9.917795e-01 1.004893e+00 1.006644e+00 1.001391e+00 9.953570e-01 9.947829e-01 9.979020e-01 9.932628e-01 9.932964e-01 9.859132e-01 9.772915e-01 9.722884e-01 9.594157e-01 9.569013e-01 9.540442e-01 9.460015e-01 9.368291e-01 9.325645e-01 9.269463e-01 9.281114e-01 9.368256e-01 9.370247e-01 9.273211e-01 9.230506e-01 9.240689e-01 9.196498e-01 9.133520e-01 9.178078e-01 9.189602e-01 9.167456e-01 9.183657e-01 9.330126e-01 9.453771e-01 9.456575e-01 9.364152e-01 9.258020e-01 9.190994e-01 9.163798e-01 9.138052e-01 9.069343e-01 9.050100e-01 9.102838e-01 9.213762e-01 9.219158e-01 9.167293e-01 9.119366e-01 9.146132e-01 9.276816e-01 9.408322e-01 9.469226e-01 9.614568e-01
9.965980e-01 1.007285e+00 1.014402e+00 1.021015e+00 1.034791e+00 1.036970e+00 1.034846e+00 1.029924e+00 1.031334e+00 1.037076e+00 1.043584e+00 1.043833e+00 1.036068e+00 1.043329e+00 1.044659e+00 1.038349e+00 1.045673e+00 1.053866e+00 1.052373e+00 1.049531e+00 1.047861e+00 1.047188e+00 1.045130e+00 1.037366e+00 1.020404e+00 1.002852e+00 1.008514e+00 1.014361e+00 1.009979e+00 1.001223e+00 9.930926e-01 9.769112e-01 9.708504e-01 9.734018e-01 9.805684e-01 9.841603e-01 9.689434e-01 9.577296e-01 9.590387e-01 9.603825e-01 9.592728e-01 9.606973e-01 9.657066e-01 9.576140e-01 9.510602e-01 9.427029e-01 9.331652e-01 9.223277e-01 9.292775e-01 9.297954e-01 9.221679e-01 9.155910e-01 9.174508e-01 9.193426e-01 9.147508e-01 9.111558e-01 9.112216e-01 9.220046e-01 9.340661e-01 9.310466e-01 9.297071e-01 9.304708e-01 9.165339e-01 9.191422e-01 9.302422e-01 9.304112e-01 9.386657e-01 9.612926e-01 9.715936e-01 9.668654e-01 9.488315e-01 9.550763e-01 9.687064e-01 9.658990e-01 9.888629e-01 1.023399e+00 1.036657e+00 1.036256e+00 1.031544e+00 1.038520e+00 1.042631e+00 1.037570e+00 1.032304e+00 1.036410e+00 1.039259e+00 1.040221e+00 1.042579e+00 1.031628e+00 1.036410e+00 1.039049e+00 1.041288e+00 1.041182e+00 1.040200e+00 1.038686e+00 1.041502e+00 1.048009e+00 1.051870e+00 1.045184e+00 1.039497e+00 1.043180e+00 1.043206e+00 1.041782e+00 1.038557e+00 1.032325e+00 1.027217e+00 1.022310e+00 1.017792e+00 1.006107e+00 9.989050e-01 9.942228e-01 9.847645e-01 9.823322e-01 9.742454e-01 9.623211e-01 9.503654e-01 9.480127e-01 9.443457e-01 9.393145e-01 9.345090e-01 9.215885e-01 9.149138e-01 9.150030e-01 9.097733e-01 9.035800e-01 9.135553e-01 9.245478e-01 9.271055e-01 9.205003e-01 9.137964e-01 9.049470e-01 9.028726e-01 9.058999e-01 9.092546e-01 9.056869e-01 9.034739e-01 9.056478e-01 9.056645e-01 9.042038e-01 8.978246e-01 8.941834e-01 8.938509e-01 9.063674e-01 9.099129e-01 8.874035e-01 8.828386e-01 8.964269e-01 9.094102e-01 9.135357e-01 9.303440e-01 9.374069e-01 9.255591e-01 9.223322e-01 9.375435e-01 9.405952e-01 9.476185e-01 9.502693e-01 9.569072e-01 9.647847e-01 9.691279e-01 9.697415e-01 9.716485e-01 9.827530e-01 9.941773e-01 9.947236e-01 9.949162e-01 9.927419e-01 1.004397e+00 1.005160e+00 9.982575e-01 9.921158e-01 9.916785e-01 9.968829e-01 9.983314e-01 9.977192e-01 9.933526e-01 9.984362e-01 9.902632e-01 9.870916e-01 1.001861e+00 1.003341e+00 9.983823e-01 9.940419e-01 9.897070e-01 9.844151e-01 9.932887e-01 1.000640e+00 9.743281e-01 9.667537e-01 9.730675e-01 9.680554e-01 9.741710e-01 9.609775e-01 9.458923e-01 9.446617e-01 9.718423e-01 9.888566e-01 9.869066e-01 9.973392e-01 1.003523e+00 1.006932e+00 1.007573e+00 9.996053e-01 9.988361e-01 9.911042e-01 9.867853e-01 9.902741e-01 1.003626e+00 1.011194e+00 1.004883e+00 9.973257e-01 9.966264e-01 9.941639e-01 9.917684e-01 9.956955e-01 9.861522e-01 9.721755e-01 9.716952e-01 9.582649e-01 9.445589e-01 9.379999e-01 9.374049e-01 9.319175e-01 9.227601e-01 9.193290e-01 9.270208e-01 9.413750e-01 9.449812e-01 9.309317e-01 9.233100e-01 9.223953e-01 9.179854e-01 9.118157e-01 9.148464e-01 9.210302e-01 9.207540e-01 9.203639e-01 9.267923e-01 9.353403e-01 9.333101e-01 9.222680e-01 9.170736e-01 9.208610e-01 9.133968e-01 9.087173e-01 9.091302e-01 9.116773e-01 9.200482e-01 9.238271e-01 9.209275e-01 9.206291e-01 9.191740e-01 9.215459e-01 9.206405e-01 9.388721e-01 9.378002e-01 9.572495e-01
1.009144e+00 1.014540e+00 1.017579e+00 1.027156e+00 1.039130e+00 1.041364e+00 1.038393e+00 1.037493e+00 1.036442e+00 1.041163e+00 1.048003e+00 1.045735e+00 1.040025e+00 1.044812e+00 1.043040e+00 1.040449e+00 1.049634e+00 1.056065e+00 1.055638e+00 1.054953e+00 1.051323e+00 1.046333e+00 1.044271e+00 1.037695e+00 1.025266e+00 1.020442e+00 1.030185e+00 1.032639e+00 1.020643e+00 1.009315e+00 1.000270e+00 9.901481e-01 9.888778e-01 9.869242e-01 9.887271e-01 9.930168e-01 9.767911e-01 9.588810e-01 9.619115e-01 9.638767e-01 9.591095e-01 9.608924e-01 9.662459e-01 9.634629e-01 9.546644e-01 9.414427e-01 9.320588e-01 9.265768e-01 9.398004e-01 9.393056e-01 9.307917e-01 9.305978e-01 9.286687e-01 9.281705e-01 9.308324e-01 9.194238e-01 9.168704e-01 9.249418e-01 9.322263e-01 9.259312e-01 9.248288e-01 9.326093e-01 9.247048e-01 9.127448e-01 9.168884e-01 9.198248e-01 9.359890e-01 9.589493e-01 9.839956e-01 9.752139e-01 9.607980e-01 9.740215e-01 9.769605e-01 9.749005e-01 1.006950e+00 1.035843e+00 1.037625e+00 1.038543e+00 1.041729e+00 1.050101e+00 1.047377e+00 1.033875e+00 1.027716e+00 1.036290e+00 1.044187e+00 1.043554e+00 1.043278e+00 1.032998e+00 1.032197e+00 1.034215e+00 1.033486e+00 1.036159e+00 1.035135e+00 1.035594e+00 1.040899e+00 1.047545e+00 1.052439e+00 1.046805e+00 1.040265e+00 1.046187e+00 1.050017e+00 1.041229e+00 1.030960e+00 1.027949e+00 1.025571e+00 1.019831e+00 1.017668e+00 1.009716e+00 9.984549e-01 9.936419e-01 9.857595e-01 9.873885e-01 9.736169e-01 9.591022e-01 9.556416e-01 9.552163e-01 9.505246e-01 9.528587e-01 9.402456e-01 9.396091e-01 9.380413e-01 9.277369e-01 9.199992e-01 9.095125e-01 9.139102e-01 9.234657e-01 9.254746e-01 9.202700e-01 9.155182e-01 9.057363e-01 9.140415e-01 9.134605e-01 9.007650e-01 8.972675e-01 8.994220e-01 9.030980e-01 9.004073e-01 8.983290e-01 9.041111e-01 9.047162e-01 9.003040e-01 9.024477e-01 9.063347e-01 9.002388e-01 8.922327e-01 8.955469e-01 8.952435e-01 9.037483e-01 9.177823e-01 9.311639e-01 9.203501e-01 9.159728e-01 9.337267e-01 9.382800e-01 9.502106e-01 9.540299e-01 9.576795e-01 9.591180e-01 9.596895e-01 9.648898e-01 9.700100e-01 9.745733e-01 9.827580e-01 9.886494e-01 9.866861e-01 9.920938e-01 1.006642e+00 1.003457e+00 9.902894e-01 9.855558e-01 9.917420e-01 9.953582e-01 9.917493e-01 9.924179e-01 9.956490e-01 9.859710e-01 9.793229e-01 9.770928e-01 9.885168e-01 9.899532e-01 9.793998e-01 9.630381e-01 9.571696e-01 9.727837e-01 9.891956e-01 9.794018e-01 9.659072e-01 9.741209e-01 9.668180e-01 9.644414e-01 9.675840e-01 9.639339e-01 9.399472e-01 9.345756e-01 9.629457e-01 9.809023e-01 9.826465e-01 9.891893e-01 1.000320e+00 1.003265e+00 1.006289e+00 9.996769e-01 1.000381e+00 9.894150e-01 9.803203e-01 9.860008e-01 1.001472e+00 1.003347e+00 9.993334e-01 9.953192e-01 9.882170e-01 9.822791e-01 9.870507e-01 9.905066e-01 9.819787e-01 9.716994e-01 9.707584e-01 9.556745e-01 9.351019e-01 9.279431e-01 9.270583e-01 9.214983e-01 9.192311e-01 9.225223e-01 9.294230e-01 9.353640e-01 9.321679e-01 9.273669e-01 9.243165e-01 9.244993e-01 9.254752e-01 9.139895e-01 9.130694e-01 9.220298e-01 9.249581e-01 9.244703e-01 9.238902e-01 9.239492e-01 9.212388e-01 9.141481e-01 9.161204e-01 9.200110e-01 9.117591e-01 9.094245e-01 9.085566e-01 9.127051e-01 9.212244e-01 9.209024e-01 9.137135e-01 9.193659e-01 9.165964e-01 9.175415e-01 9.139500e-01 9.318902e-01 9.319149e-01 9.464294e-01
1.010654e+00 1.012038e+00 1.017336e+00 1.027707e+00 1.036731e+00 1.039323e+00 1.041028e+00 1.044171e+00 1.043993e+00 1.051043e+00 1.052606e+00 1.048245e+00 1.046443e+00 1.043928e+00 1.041257e+00 1.042949e+00 1.054928e+00 1.057499e+00 1.055040e+00 1.054885e+00 1.048291e+00 1.040657e+00 1.040891e+00 1.043973e+00 1.040957e+00 1.039667e+00 1.038638e+00 1.033935e+00 1.021235e+00 1.008465e+00 1.006473e+00 1.010361e+00 1.008800e+00 9.950253e-01 9.904241e-01 9.932867e-01 9.871151e-01 9.759768e-01 9.724157e-01 9.751447e-01 9.737326e-01 9.736854e-01 9.770613e-01 9.742140e-01 9.629384e-01 9.521496e-01 9.495407e-01 9.429953e-01 9.415122e-01 9.420094e-01 9.473824e-01 9.484534e-01 9.427151e-01 9.290023e-01 9.332654e-01 9.308009e-01 9.367917e-01 9.452578e-01 9.419817e-01 9.309372e-01 9.319237e-01 9.368837e-01 9.380824e-01 9.279921e-01 9.307766e-01 9.242322e-01 9.330647e-01 9.528405e-01 9.768251e-01 9.828242e-01 9.900301e-01 9.971147e-01 9.910179e-01 9.805841e-01 1.001747e+00 1.022700e+00 1.022056e+00 1.023753e+00 1.038627e+00 1.049958e+00 1.045950e+00 1.026715e+00 1.026542e+00 1.037333e+00 1.043903e+00 1.047041e+00 1.042706e+00 1.037785e+00 1.035312e+00 1.037632e+00 1.037647e+00 1.038771e+00 1.036943e+00 1.037986e+00 1.043031e+00 1.052745e+00 1.054538e+00 1.045729e+00 1.040393e+00 1.044974e+00 1.049528e+00 1.042081e+00 1.030495e+00 1.028137e+00 1.023912e+00 1.014072e+00 1.015858e+00 1.013386e+00 1.005616e+00 1.003898e+00 9.955508e-01 9.942952e-01 9.840865e-01 9.667323e-01 9.640981e-01 9.575967e-01 9.536992e-01 9.559701e-01 9.510120e-01 9.500320e-01 9.437615e-01 9.333266e-01 9.271095e-01 9.193321e-01 9.151619e-01 9.216616e-01 9.302747e-01 9.269555e-01 9.245632e-01 9.136103e-01 9.178433e-01 9.132984e-01 8.972991e-01 8.909365e-01 9.004308e-01 9.033043e-01 8.975322e-01 8.922433e-01 9.045631e-01 9.126537e-01 9.015692e-01 8.983584e-01 8.973122e-01 9.072824e-01 9.126385e-01 9.040593e-01 8.915067e-01 9.044539e-01 9.139507e-01 9.177710e-01 9.186625e-01 9.223023e-01 9.275122e-01 9.359404e-01 9.491733e-01 9.562880e-01 9.553705e-01 9.532242e-01 9.448710e-01 9.593121e-01 9.768844e-01 9.774016e-01 9.801320e-01 9.880318e-01 9.872200e-01 9.927188e-01 9.955351e-01 9.932427e-01 9.724547e-01 9.742817e-01 9.931437e-01 9.990463e-01 9.869648e-01 9.882757e-01 9.869597e-01 9.750925e-01 9.664648e-01 9.616173e-01 9.719110e-01 9.784957e-01 9.718554e-01 9.626817e-01 9.629276e-01 9.804929e-01 9.796866e-01 9.679659e-01 9.713314e-01 9.589265e-01 9.454297e-01 9.618306e-01 9.828650e-01 9.648241e-01 9.365526e-01 9.440750e-01 9.630690e-01 9.660744e-01 9.728055e-01 9.877222e-01 9.977117e-01 1.004072e+00 1.004738e+00 1.006684e+00 1.002891e+00 9.822611e-01 9.709590e-01 9.838935e-01 9.922925e-01 9.805986e-01 9.829116e-01 9.864100e-01 9.777789e-01 9.636958e-01 9.745664e-01 9.810258e-01 9.746131e-01 9.679083e-01 9.633024e-01 9.496580e-01 9.390103e-01 9.388174e-01 9.327269e-01 9.281159e-01 9.319150e-01 9.328531e-01 9.347432e-01 9.318522e-01 9.226907e-01 9.186495e-01 9.218289e-01 9.248150e-01 9.232780e-01 9.161162e-01 9.131730e-01 9.185168e-01 9.287755e-01 9.276603e-01 9.284865e-01 9.253411e-01 9.207951e-01 9.173017e-01 9.194417e-01 9.212902e-01 9.168472e-01 9.089183e-01 9.026416e-01 9.018235e-01 9.073233e-01 9.046239e-01 9.035116e-01 9.084822e-01 9.065990e-01 9.046493e-01 9.048887e-01 9.244257e-01 9.240718e-01 9.379568e-01
9.990745e-01 1.002341e+00 1.010064e+00 1.026129e+00 1.034156e+00 1.040046e+00 1.041240e+00 1.041100e+00 1.046736e+00 1.054094e+00 1.057628e+00 1.052600e+00 1.052237e+00 1.050876e+00 1.050832e+00 1.051179e+00 1.056435e+00 1.057959e+00 1.054096e+00 1.048121e+00 1.045391e+00 1.040960e+00 1.043834e+00 1.048748e+00 1.048542e+00 1.046315e+00 1.040179e+00 1.030724e+00 1.018866e+00 1.010949e+00 1.009310e+00 1.007190e+00 1.000548e+00 9.987696e-01 9.932424e-01 9.864051e-01 9.849550e-01 9.765836e-01 9.715005e-01 9.827819e-01 9.847998e-01 9.814535e-01 9.837988e-01 9.796503e-01 9.748535e-01 9.657179e-01 9.599612e-01 9.534878e-01 9.463452e-01 9.449633e-01 9.515700e-01 9.576203e-01 9.498130e-01 9.286534e-01 9.246786e-01 9.306681e-01 9.499098e-01 9.525013e-01 9.487219e-01 9.406792e-01 9.443927e-01 9.522581e-01 9.639444e-01 9.519889e-01 9.439040e-01 9.546192e-01 9.673653e-01 9.675193e-01 9.694430e-01 9.880244e-01 9.906418e-01 1.010536e+00 1.005133e+00 9.811823e-01 9.805951e-01 1.001480e+00 1.007567e+00 1.024305e+00 1.040686e+00 1.052853e+00 1.052494e+00 1.028055e+00 1.024571e+00 1.031114e+00 1.033189e+00 1.036463e+00 1.035347e+00 1.037452e+00 1.044424e+00 1.049437e+00 1.045298e+00 1.045006e+00 1.051507e+00 1.054891e+00 1.056947e+00 1.058154e+00 1.058224e+00 1.051525e+00 1.040998e+00 1.042875e+00 1.050174e+00 1.040654e+00 1.035487e+00 1.031857e+00 1.021983e+00 1.018184e+00 1.019578e+00 1.019585e+00 1.013968e+00 1.010555e+00 1.008062e+00 1.005496e+00 9.896445e-01 9.747111e-01 9.676983e-01 9.606684e-01 9.574267e-01 9.577729e-01 9.496272e-01 9.512237e-01 9.505417e-01 9.450700e-01 9.382594e-01 9.281582e-01 9.180126e-01 9.235007e-01 9.355329e-01 9.264730e-01 9.301923e-01 9.208415e-01 9.076830e-01 9.051268e-01 8.996343e-01 8.976363e-01 9.015387e-01 8.972301e-01 8.937244e-01 8.962397e-01 9.088200e-01 9.061500e-01 9.020227e-01 9.025751e-01 8.964855e-01 8.945648e-01 9.056785e-01 9.090833e-01 9.038740e-01 9.031558e-01 9.143122e-01 9.219993e-01 9.240171e-01 9.212061e-01 9.213045e-01 9.308606e-01 9.458237e-01 9.548831e-01 9.626438e-01 9.551537e-01 9.471066e-01 9.623987e-01 9.836035e-01 9.823636e-01 9.775153e-01 9.853218e-01 9.834637e-01 9.852406e-01 9.901581e-01 9.838009e-01 9.600413e-01 9.670346e-01 9.803255e-01 9.859208e-01 9.863449e-01 9.805986e-01 9.741250e-01 9.672090e-01 9.647308e-01 9.639938e-01 9.625153e-01 9.699438e-01 9.735177e-01 9.752370e-01 9.740797e-01 9.764072e-01 9.805344e-01 9.799059e-01 9.588901e-01 9.416597e-01 9.437609e-01 9.669567e-01 9.734002e-01 9.658118e-01 9.486092e-01 9.442450e-01 9.532120e-01 9.604679e-01 9.697747e-01 9.876040e-01 9.893516e-01 9.948667e-01 9.958509e-01 9.992532e-01 9.936202e-01 9.820023e-01 9.754851e-01 9.832949e-01 9.833417e-01 9.738041e-01 9.751884e-01 9.797432e-01 9.689781e-01 9.531420e-01 9.625684e-01 9.757676e-01 9.753919e-01 9.667105e-01 9.538057e-01 9.492936e-01 9.487286e-01 9.521944e-01 9.450282e-01 9.366817e-01 9.317361e-01 9.292967e-01 9.329270e-01 9.353712e-01 9.221554e-01 9.203591e-01 9.241145e-01 9.316419e-01 9.240316e-01 9.126499e-01 9.051411e-01 9.157935e-01 9.285913e-01 9.285730e-01 9.245301e-01 9.191015e-01 9.199601e-01 9.228150e-01 9.220361e-01 9.186326e-01 9.135695e-01 9.100347e-01 9.082935e-01 9.058062e-01 9.062597e-01 9.068440e-01 9.062866e-01 9.044491e-01 9.018818e-01 9.031462e-01 9.128164e-01 9.208279e-01 9.210910e-01 9.388122e-01
9.931965e-01 1.002541e+00 1.011122e+00 1.030736e+00 1.035814e+00 1.043773e+00 1.044971e+00 1.044004e+00 1.047232e+00 1.055602e+00 1.060098e+00 1.054275e+00 1.054101e+00 1.059632e+00 1.058004e+00 1.054313e+00 1.053790e+00 1.053862e+00 1.047226e+00 1.044402e+00 1.046196e+00 1.048112e+00 1.045805e+00 1.045653e+00 1.042628e+00 1.035408e+00 1.035126e+00 1.028572e+00 1.025489e+00 1.020120e+00 1.019365e+00 1.010989e+00 1.008083e+00 1.003749e+00 9.948549e-01 9.852381e-01 9.839142e-01 9.857258e-01 9.802498e-01 9.854811e-01 9.888793e-01 9.822156e-01 9.843577e-01 9.852620e-01 9.837003e-01 9.771492e-01 9.750423e-01 9.719387e-01 9.570438e-01 9.528885e-01 9.570841e-01 9.585260e-01 9.523381e-01 9.372935e-01 9.214663e-01 9.280655e-01 9.473571e-01 9.515404e-01 9.479566e-01 9.460564e-01 9.514217e-01 9.681742e-01 9.787189e-01 9.657548e-01 9.570250e-01 9.641718e-01 9.784477e-01 9.719979e-01 9.629584e-01 9.708484e-01 9.838451e-01 1.003433e+00 1.010566e+00 1.002686e+00 9.949741e-01 1.001019e+00 1.012199e+00 1.030005e+00 1.042777e+00 1.055226e+00 1.054255e+00 1.039557e+00 1.027691e+00 1.024571e+00 1.027696e+00 1.043768e+00 1.044056e+00 1.041984e+00 1.046226e+00 1.047482e+00 1.049746e+00 1.051389e+00 1.055487e+00 1.057221e+00 1.056223e+00 1.058655e+00 1.057793e+00 1.057405e+00 1.046147e+00 1.042890e+00 1.050948e+00 1.042988e+00 1.038093e+00 1.037886e+00 1.032729e+00 1.032335e+00 1.028696e+00 1.016019e+00 1.008978e+00 1.013133e+00 1.011422e+00 1.004797e+00 9.965343e-01 9.861826e-01 9.780885e-01 9.680000e-01 9.670825e-01 9.644406e-01 9.572734e-01 9.591694e-01 9.473282e-01 9.433160e-01 9.370829e-01 9.331989e-01 9.269713e-01 9.281727e-01 9.200670e-01 9.205736e-01 9.315578e-01 9.242759e-01 9.047014e-01 9.084243e-01 9.109671e-01 9.046953e-01 8.997886e-01 9.039170e-01 9.040284e-01 9.054359e-01 9.027090e-01 8.912991e-01 8.979343e-01 9.091061e-01 9.004594e-01 8.939049e-01 8.999731e-01 9.105859e-01 9.049197e-01 8.983483e-01 9.070284e-01 9.181287e-01 9.276866e-01 9.319466e-01 9.300492e-01 9.373914e-01 9.447489e-01 9.501495e-01 9.630857e-01 9.563457e-01 9.568686e-01 9.702167e-01 9.753753e-01 9.739257e-01 9.680310e-01 9.719695e-01 9.793019e-01 9.859748e-01 9.892521e-01 9.818862e-01 9.706169e-01 9.721254e-01 9.681894e-01 9.711329e-01 9.848459e-01 9.863198e-01 9.781471e-01 9.741189e-01 9.747530e-01 9.729130e-01 9.656323e-01 9.722574e-01 9.826955e-01 9.821244e-01 9.706014e-01 9.674326e-01 9.690145e-01 9.658009e-01 9.496091e-01 9.391750e-01 9.397689e-01 9.504639e-01 9.700040e-01 9.727043e-01 9.675861e-01 9.562746e-01 9.640706e-01 9.647234e-01 9.720964e-01 9.814131e-01 9.750189e-01 9.768665e-01 9.804588e-01 9.807270e-01 9.838448e-01 9.818680e-01 9.763135e-01 9.805446e-01 9.801611e-01 9.722329e-01 9.737631e-01 9.793943e-01 9.723410e-01 9.614608e-01 9.631655e-01 9.720404e-01 9.665344e-01 9.582393e-01 9.477355e-01 9.443055e-01 9.447034e-01 9.465641e-01 9.418079e-01 9.368199e-01 9.325501e-01 9.251900e-01 9.274167e-01 9.330077e-01 9.288243e-01 9.282936e-01 9.338571e-01 9.384430e-01 9.217205e-01 9.068511e-01 9.049109e-01 9.165477e-01 9.196684e-01 9.232163e-01 9.178830e-01 9.126891e-01 9.135610e-01 9.208270e-01 9.252499e-01 9.138550e-01 9.126778e-01 9.148533e-01 9.177739e-01 9.134715e-01 9.127754e-01 9.192093e-01 9.203652e-01 9.108586e-01 9.062027e-01 9.066916e-01 9.180428e-01 9.232315e-01 9.265175e-01 9.421953e-01
9.954903e-01 1.008192e+00 1.019942e+00 1.033927e+00 1.037545e+00 1.043843e+00 1.045802e+00 1.049164e+00 1.055558e+00 1.062101e+00 1.062890e+00 1.056861e+00 1.054717e+00 1.059134e+00 1.061155e+00 1.056792e+00 1.054538e+00 1.050028e+00 1.043787e+00 1.042365e+00 1.048849e+00 1.051784e+00 1.049907e+00 1.046221e+00 1.040031e+00 1.033003e+00 1.027985e+00 1.021861e+00 1.022370e+00 1.018561e+00 1.022057e+00 1.023120e+00 1.021896e+00 1.012138e+00 9.979604e-01 9.854125e-01 9.837741e-01 9.887047e-01 9.928079e-01 9.923321e-01 9.914666e-01 9.872937e-01 9.915036e-01 9.871413e-01 9.804637e-01 9.787516e-01 9.819391e-01 9.791302e-01 9.645444e-01 9.611434e-01 9.606036e-01 9.567849e-01 9.588305e-01 9.485960e-01 9.374441e-01 9.396121e-01 9.437037e-01 9.454945e-01 9.473554e-01 9.507938e-01 9.599260e-01 9.638945e-01 9.668667e-01 9.707898e-01 9.700491e-01 9.688169e-01 9.728450e-01 9.721195e-01 9.643458e-01 9.623937e-01 9.756557e-01 9.974048e-01 1.001950e+00 1.020845e+00 1.015723e+00 1.007061e+00 1.007687e+00 1.030243e+00 1.041787e+00 1.055393e+00 1.053458e+00 1.047037e+00 1.036911e+00 1.034338e+00 1.039802e+00 1.052613e+00 1.055492e+00 1.050411e+00 1.050139e+00 1.047718e+00 1.049393e+00 1.050743e+00 1.054774e+00 1.058982e+00 1.056892e+00 1.054416e+00 1.052061e+00 1.056741e+00 1.049152e+00 1.043398e+00 1.051924e+00 1.049772e+00 1.046458e+00 1.043407e+00 1.035440e+00 1.032009e+00 1.026193e+00 1.014778e+00 1.003333e+00 1.011826e+00 1.008008e+00 1.003760e+00 1.001389e+00 9.893866e-01 9.850972e-01 9.761772e-01 9.811511e-01 9.728364e-01 9.716582e-01 9.660226e-01 9.507346e-01 9.387324e-01 9.319768e-01 9.341645e-01 9.331275e-01 9.283936e-01 9.144032e-01 9.224168e-01 9.434077e-01 9.349741e-01 9.191895e-01 9.278584e-01 9.246288e-01 9.167889e-01 9.092418e-01 9.080418e-01 9.081064e-01 9.070081e-01 8.994404e-01 8.909872e-01 8.963763e-01 9.068753e-01 9.048858e-01 8.990500e-01 8.976973e-01 9.072953e-01 9.065021e-01 8.974622e-01 8.995524e-01 9.095747e-01 9.246933e-01 9.336677e-01 9.324208e-01 9.429712e-01 9.505427e-01 9.589351e-01 9.611530e-01 9.525489e-01 9.578594e-01 9.730449e-01 9.719592e-01 9.772636e-01 9.754844e-01 9.681829e-01 9.739707e-01 9.843302e-01 9.865276e-01 9.813277e-01 9.846601e-01 9.775028e-01 9.612444e-01 9.693885e-01 9.818029e-01 9.838015e-01 9.777342e-01 9.764925e-01 9.816290e-01 9.804500e-01 9.707167e-01 9.689578e-01 9.763394e-01 9.749810e-01 9.710873e-01 9.649729e-01 9.500364e-01 9.456062e-01 9.484115e-01 9.277546e-01 9.285527e-01 9.475903e-01 9.579105e-01 9.646978e-01 9.659843e-01 9.689514e-01 9.752297e-01 9.743745e-01 9.746501e-01 9.751130e-01 9.742867e-01 9.718851e-01 9.693761e-01 9.689981e-01 9.762464e-01 9.823281e-01 9.804988e-01 9.770105e-01 9.731331e-01 9.624707e-01 9.628981e-01 9.659172e-01 9.613107e-01 9.566528e-01 9.576682e-01 9.598394e-01 9.585448e-01 9.505404e-01 9.376107e-01 9.288746e-01 9.371515e-01 9.422019e-01 9.397838e-01 9.322146e-01 9.324287e-01 9.255064e-01 9.275079e-01 9.291621e-01 9.300233e-01 9.339926e-01 9.383211e-01 9.340620e-01 9.175245e-01 9.100596e-01 9.118826e-01 9.128196e-01 9.100413e-01 9.160468e-01 9.142520e-01 9.089752e-01 9.115932e-01 9.197136e-01 9.204256e-01 9.103193e-01 9.105705e-01 9.135967e-01 9.110968e-01 9.084967e-01 9.161627e-01 9.224235e-01 9.218488e-01 9.197201e-01 9.141742e-01 9.056042e-01 9.090647e-01 9.176813e-01 9.190258e-01 9.353071e-01
1.001757e+00 1.006729e+00 1.024372e+00 1.031611e+00 1.040319e+00 1.045079e+00 1.051047e+00 1.054967e+00 1.056828e+00 1.061810e+00 1.064302e+00 1.060390e+00 1.056976e+00 1.055056e+00 1.059262e+00 1.057704e+00 1.056204e+00 1.051727e+00 1.045087e+00 1.041467e+00 1.046473e+00 1.048972e+00 1.051875e+00 1.048806e+00 1.043732e+00 1.038147e+00 1.029694e+00 1.025733e+00 1.021394e+00 1.016897e+00 1.022980e+00 1.024611e+00 1.016517e+00 1.011454e+00 1.006381e+00 9.968117e-01 9.941206e-01 9.961559e-01 9.964960e-01 9.948742e-01 9.925866e-01 9.904531e-01 9.883438e-01 9.870437e-01 9.763475e-01 9.736722e-01 9.731951e-01 9.681087e-01 9.590712e-01 9.582802e-01 9.629745e-01 9.584373e-01 9.594382e-01 9.494536e-01 9.469178e-01 9.488123e-01 9.434696e-01 9.395129e-01 9.478031e-01 9.611662e-01 9.659414e-01 9.654434e-01 9.640917e-01 9.702249e-01 9.792604e-01 9.757174e-01 9.668713e-01 9.701253e-01 9.727908e-01 9.860136e-01 9.713839e-01 9.881890e-01 9.969797e-01 1.017617e+00 1.022772e+00 1.008006e+00 1.008139e+00 1.030007e+00 1.041632e+00 1.051869e+00 1.052918e+00 1.052037e+00 1.050225e+00 1.050881e+00 1.052210e+00 1.053814e+00 1.053526e+00 1.050336e+00 1.049503e+00 1.046984e+00 1.048272e+00 1.052808e+00 1.060097e+00 1.064216e+00 1.060026e+00 1.054641e+00 1.050792e+00 1.055542e+00 1.052583e+00 1.047895e+00 1.052460e+00 1.052043e+00 1.050237e+00 1.043537e+00 1.031867e+00 1.027247e+00 1.027630e+00 1.019989e+00 1.007937e+00 1.007875e+00 1.010043e+00 1.011047e+00 1.007912e+00 9.936152e-01 9.871392e-01 9.785281e-01 9.771010e-01 9.699847e-01 9.683217e-01 9.675811e-01 9.620127e-01 9.453522e-01 9.323583e-01 9.332027e-01 9.398674e-01 9.319263e-01 9.262469e-01 9.366676e-01 9.456178e-01 9.313466e-01 9.335904e-01 9.361649e-01 9.274576e-01 9.153923e-01 9.145410e-01 9.144258e-01 9.077579e-01 9.043706e-01 8.975577e-01 8.929946e-01 8.959179e-01 8.998517e-01 8.964401e-01 8.952172e-01 8.949389e-01 8.999704e-01 9.019625e-01 8.973097e-01 9.040948e-01 9.178433e-01 9.236422e-01 9.235840e-01 9.226849e-01 9.294610e-01 9.445301e-01 9.604769e-01 9.610849e-01 9.602118e-01 9.686528e-01 9.671402e-01 9.756240e-01 9.855198e-01 9.817421e-01 9.694999e-01 9.692155e-01 9.853966e-01 9.893000e-01 9.906865e-01 9.892239e-01 9.761221e-01 9.693551e-01 9.717019e-01 9.772859e-01 9.716280e-01 9.662564e-01 9.681077e-01 9.693888e-01 9.640045e-01 9.516563e-01 9.591146e-01 9.630145e-01 9.650220e-01 9.571344e-01 9.481859e-01 9.384100e-01 9.381722e-01 9.377741e-01 9.328054e-01 9.468847e-01 9.466417e-01 9.425640e-01 9.499579e-01 9.553919e-01 9.740053e-01 9.862483e-01 9.787800e-01 9.707915e-01 9.725865e-01 9.788175e-01 9.804382e-01 9.721259e-01 9.658166e-01 9.663321e-01 9.769668e-01 9.815563e-01 9.688664e-01 9.637392e-01 9.610999e-01 9.548351e-01 9.506174e-01 9.505075e-01 9.534764e-01 9.522260e-01 9.509072e-01 9.513321e-01 9.447767e-01 9.364464e-01 9.280838e-01 9.351898e-01 9.366397e-01 9.346222e-01 9.294305e-01 9.314874e-01 9.355264e-01 9.342877e-01 9.333673e-01 9.381838e-01 9.359006e-01 9.326444e-01 9.260888e-01 9.129980e-01 9.123288e-01 9.142008e-01 9.088027e-01 9.047314e-01 9.093291e-01 9.177796e-01 9.175731e-01 9.187769e-01 9.223269e-01 9.207055e-01 9.186457e-01 9.136266e-01 9.112426e-01 9.006948e-01 8.979282e-01 9.092753e-01 9.208459e-01 9.221432e-01 9.268910e-01 9.173542e-01 9.058254e-01 9.054734e-01 9.196117e-01 9.261103e-01 9.422916e-01
9.994081e-01 1.009780e+00 1.023993e+00 1.033767e+00 1.043004e+00 1.049175e+00 1.055056e+00 1.056966e+00 1.057697e+00 1.061120e+00 1.064069e+00 1.064492e+00 1.061792e+00 1.056177e+00 1.059587e+00 1.057508e+00 1.054466e+00 1.053930e+00 1.048864e+00 1.045408e+00 1.048344e+00 1.047276e+00 1.046380e+00 1.043601e+00 1.040633e+00 1.036720e+00 1.037231e+00 1.040542e+00 1.035658e+00 1.026182e+00 1.025441e+00 1.022531e+00 1.020803e+00 1.018265e+00 1.017743e+00 1.011676e+00 1.006267e+00 1.003813e+00 1.004383e+00 1.003759e+00 9.974437e-01 9.919648e-01 9.903841e-01 9.896306e-01 9.797659e-01 9.773453e-01 9.770392e-01 9.738713e-01 9.668958e-01 9.649682e-01 9.694132e-01 9.652133e-01 9.618621e-01 9.606993e-01 9.592484e-01 9.501462e-01 9.356340e-01 9.325786e-01 9.491857e-01 9.681967e-01 9.747530e-01 9.659384e-01 9.671001e-01 9.713036e-01 9.727331e-01 9.754381e-01 9.785509e-01 9.854702e-01 9.800072e-01 9.860011e-01 9.897305e-01 1.005101e+00 1.015623e+00 1.023330e+00 1.025972e+00 1.016398e+00 1.007102e+00 1.024527e+00 1.043828e+00 1.051039e+00 1.055528e+00 1.053033e+00 1.051418e+00 1.051682e+00 1.049684e+00 1.047818e+00 1.050936e+00 1.052249e+00 1.049191e+00 1.049215e+00 1.054575e+00 1.059725e+00 1.063929e+00 1.067492e+00 1.063898e+00 1.054696e+00 1.052410e+00 1.056946e+00 1.057550e+00 1.052898e+00 1.048513e+00 1.046435e+00 1.046430e+00 1.042886e+00 1.037154e+00 1.037216e+00 1.038331e+00 1.026885e+00 1.013701e+00 1.010354e+00 1.013169e+00 1.015974e+00 1.020351e+00 1.008669e+00 9.946626e-01 9.750341e-01 9.698981e-01 9.665951e-01 9.683810e-01 9.739897e-01 9.728854e-01 9.571050e-01 9.447854e-01 9.434984e-01 9.481165e-01 9.499895e-01 9.545922e-01 9.553606e-01 9.447776e-01 9.357661e-01 9.431865e-01 9.418874e-01 9.325457e-01 9.150352e-01 9.131565e-01 9.139032e-01 9.109525e-01 9.017940e-01 8.957165e-01 8.957163e-01 8.976148e-01 8.949300e-01 8.985113e-01 9.015685e-01 8.964593e-01 8.945606e-01 8.953812e-01 8.975248e-01 9.101575e-01 9.228384e-01 9.182457e-01 9.173772e-01 9.175782e-01 9.281197e-01 9.486685e-01 9.494845e-01 9.528948e-01 9.565763e-01 9.586830e-01 9.542422e-01 9.695713e-01 9.755244e-01 9.710082e-01 9.698544e-01 9.785963e-01 9.854254e-01 9.860744e-01 9.884896e-01 9.917175e-01 9.852967e-01 9.859789e-01 9.770014e-01 9.811296e-01 9.774356e-01 9.720637e-01 9.659947e-01 9.617759e-01 9.595225e-01 9.569182e-01 9.658581e-01 9.647200e-01 9.489344e-01 9.390129e-01 9.447899e-01 9.392274e-01 9.341872e-01 9.362139e-01 9.413852e-01 9.415407e-01 9.532391e-01 9.491112e-01 9.374424e-01 9.475056e-01 9.688904e-01 9.756160e-01 9.702272e-01 9.673425e-01 9.673598e-01 9.770378e-01 9.834678e-01 9.703782e-01 9.549688e-01 9.581605e-01 9.748890e-01 9.764466e-01 9.603875e-01 9.529333e-01 9.561744e-01 9.537140e-01 9.536173e-01 9.570612e-01 9.513674e-01 9.456538e-01 9.468344e-01 9.481582e-01 9.470245e-01 9.445182e-01 9.401903e-01 9.308547e-01 9.302923e-01 9.254603e-01 9.187382e-01 9.261383e-01 9.345365e-01 9.352978e-01 9.356424e-01 9.349390e-01 9.273738e-01 9.258116e-01 9.246008e-01 9.110737e-01 9.088485e-01 9.132707e-01 9.082344e-01 9.011421e-01 9.013240e-01 9.135276e-01 9.146523e-01 9.144738e-01 9.140202e-01 9.170789e-01 9.122315e-01 9.098210e-01 9.035130e-01 8.920560e-01 8.962126e-01 9.052850e-01 9.147549e-01 9.172856e-01 9.201124e-01 9.150224e-01 9.101359e-01 9.081879e-01 9.158007e-01 9.320571e-01 9.540331e-01
9.928017e-01 9.998547e-01 1.024833e+00 1.036493e+00 1.043706e+00 1.050286e+00 1.055061e+00 1.056614e+00 1.060213e+00 1.063575e+00 1.066013e+00 1.067431e+00 1.064788e+00 1.061080e+00 1.060689e+00 1.057194e+00 1.060493e+00 1.059070e+00 1.052507e+00 1.050901e+00 1.052562e+00 1.050253e+00 1.043615e+00 1.042932e+00 1.042183e+00 1.039530e+00 1.041838e+00 1.050660e+00 1.047881e+00 1.036908e+00 1.029782e+00 1.025639e+00 1.025870e+00 1.025533e+00 1.022471e+00 1.020020e+00 1.017130e+00 1.010225e+00 1.008952e+00 1.009513e+00 1.002485e+00 9.947497e-01 9.951501e-01 9.958316e-01 9.899008e-01 9.900898e-01 9.903214e-01 9.879047e-01 9.798117e-01 9.743164e-01 9.694164e-01 9.654185e-01 9.684151e-01 9.702355e-01 9.597340e-01 9.452626e-01 9.382562e-01 9.359990e-01 9.447765e-01 9.542636e-01 9.577278e-01 9.671016e-01 9.734486e-01 9.737862e-01 9.734135e-01 9.779574e-01 9.781958e-01 9.938578e-01 9.931527e-01 9.982458e-01 1.010360e+00 1.018895e+00 1.024827e+00 1.039799e+00 1.034609e+00 1.021375e+00 1.017518e+00 1.016716e+00 1.033661e+00 1.051020e+00 1.055631e+00 1.055386e+00 1.052274e+00 1.044600e+00 1.039740e+00 1.042501e+00 1.051818e+00 1.055026e+00 1.054438e+00 1.053672e+00 1.057451e+00 1.060055e+00 1.062256e+00 1.061730e+00 1.058785e+00 1.054958e+00 1.054811e+00 1.056672e+00 1.051520e+00 1.047693e+00 1.047459e+00 1.045413e+00 1.040351e+00 1.046024e+00 1.050061e+00 1.049303e+00 1.040724e+00 1.030381e+00 1.025531e+00 1.021154e+00 1.014745e+00 1.023433e+00 1.026050e+00 1.020964e+00 1.005030e+00 9.837797e-01 9.738733e-01 9.659829e-01 9.728214e-01 9.741305e-01 9.732296e-01 9.685560e-01 9.626774e-01 9.574679e-01 9.517242e-01 9.568047e-01 9.663668e-01 9.558275e-01 9.370559e-01 9.338979e-01 9.449876e-01 9.534280e-01 9.339664e-01 9.094569e-01 9.110861e-01 9.136937e-01 9.127959e-01 9.082530e-01 9.015536e-01 9.124764e-01 9.101639e-01 8.986850e-01 9.046571e-01 9.098358e-01 9.063426e-01 9.014601e-01 9.015494e-01 9.025704e-01 9.116386e-01 9.226726e-01 9.107594e-01 9.022711e-01 9.135341e-01 9.270231e-01 9.451181e-01 9.546325e-01 9.522463e-01 9.455326e-01 9.338104e-01 9.369609e-01 9.576403e-01 9.721392e-01 9.698315e-01 9.751474e-01 9.871808e-01 9.857997e-01 9.715753e-01 9.687262e-01 9.853343e-01 9.923937e-01 9.828860e-01 9.734345e-01 9.792123e-01 9.825239e-01 9.734482e-01 9.641554e-01 9.723587e-01 9.704161e-01 9.667937e-01 9.702757e-01 9.659616e-01 9.455181e-01 9.370415e-01 9.430624e-01 9.469179e-01 9.393672e-01 9.381989e-01 9.417469e-01 9.363210e-01 9.501466e-01 9.631454e-01 9.508016e-01 9.524906e-01 9.703966e-01 9.654599e-01 9.523213e-01 9.589247e-01 9.635461e-01 9.715171e-01 9.765264e-01 9.681594e-01 9.565216e-01 9.592025e-01 9.694987e-01 9.675896e-01 9.586939e-01 9.530812e-01 9.555927e-01 9.587699e-01 9.597945e-01 9.559500e-01 9.456404e-01 9.427159e-01 9.404366e-01 9.403452e-01 9.445868e-01 9.512190e-01 9.394512e-01 9.283628e-01 9.267051e-01 9.243777e-01 9.219518e-01 9.299914e-01 9.312719e-01 9.334974e-01 9.321147e-01 9.261658e-01 9.141020e-01 9.138395e-01 9.187108e-01 9.157685e-01 9.140902e-01 9.109293e-01 9.037362e-01 8.983810e-01 9.003678e-01 9.113586e-01 9.142048e-01 9.128533e-01 9.073241e-01 9.053985e-01 9.036072e-01 8.972750e-01 8.885339e-01 8.829336e-01 8.889598e-01 9.003242e-01 9.081567e-01 9.112312e-01 9.112467e-01 9.081616e-01 9.135212e-01 9.145613e-01 9.141729e-01 9.366087e-01 9.583709e-01
9.841587e-01 9.916483e-01 1.028128e+00 1.040300e+00 1.047125e+00 1.047692e+00 1.051755e+00 1.056096e+00 1.062963e+00 1.065163e+00 1.066866e+00 1.068113e+00 1.065085e+00 1.066111e+00 1.063678e+00 1.059793e+00 1.062301e+00 1.059775e+00 1.055638e+00 1.053537e+00 1.053491e+00 1.053826e+00 1.053784e+00 1.050684e+00 1.049229e+00 1.047664e+00 1.048014e+00 1.051746e+00 1.048863e+00 1.040044e+00 1.031430e+00 1.030895e+00 1.030167e+00 1.027136e+00 1.024497e+00 1.029088e+00 1.027596e+00 1.024290e+00 1.014714e+00 1.013790e+00 1.012933e+00 1.012286e+00 1.012747e+00 1.007973e+00 1.002443e+00 9.994055e-01 1.002456e+00 1.002587e+00 9.931236e-01 9.814446e-01 9.766432e-01 9.688231e-01 9.695073e-01 9.707674e-01 9.603522e-01 9.518011e-01 9.512345e-01 9.499670e-01 9.563720e-01 9.644325e-01 9.641526e-01 9.737242e-01 9.891568e-01 9.863583e-01 9.856187e-01 9.879771e-01 9.895213e-01 9.906986e-01 9.955801e-01 1.005426e+00 1.021873e+00 1.026629e+00 1.036535e+00 1.048470e+00 1.050903e+00 1.041260e+00 1.030990e+00 1.027830e+00 1.026056e+00 1.045823e+00 1.055441e+00 1.053179e+00 1.050587e+00 1.040395e+00 1.040618e+00 1.047512e+00 1.050092e+00 1.046820e+00 1.054396e+00 1.056063e+00 1.059411e+00 1.057415e+00 1.058988e+00 1.059836e+00 1.059823e+00 1.057792e+00 1.053152e+00 1.046756e+00 1.042918e+00 1.042037e+00 1.045694e+00 1.043542e+00 1.043382e+00 1.051399e+00 1.058525e+00 1.054495e+00 1.036596e+00 1.028397e+00 1.028800e+00 1.030167e+00 1.020316e+00 1.021540e+00 1.023918e+00 1.022656e+00 1.013462e+00 9.970849e-01 9.903837e-01 9.890065e-01 9.870512e-01 9.779809e-01 9.654101e-01 9.652081e-01 9.720594e-01 9.650765e-01 9.488554e-01 9.447014e-01 9.592012e-01 9.505404e-01 9.356542e-01 9.422772e-01 9.447389e-01 9.453438e-01 9.265307e-01 9.138507e-01 9.145395e-01 9.167433e-01 9.217818e-01 9.262691e-01 9.096811e-01 9.134908e-01 9.190982e-01 9.104027e-01 9.077783e-01 9.070883e-01 8.989871e-01 8.976713e-01 9.017020e-01 9.064451e-01 9.086152e-01 9.244792e-01 9.208991e-01 9.000342e-01 9.104924e-01 9.255370e-01 9.345540e-01 9.613578e-01 9.609650e-01 9.510801e-01 9.395483e-01 9.413332e-01 9.554293e-01 9.711085e-01 9.755329e-01 9.756941e-01 9.836287e-01 9.897433e-01 9.781415e-01 9.742510e-01 9.862325e-01 9.832878e-01 9.716355e-01 9.709116e-01 9.759540e-01 9.829572e-01 9.758603e-01 9.772611e-01 9.799491e-01 9.613570e-01 9.573621e-01 9.489218e-01 9.437734e-01 9.418457e-01 9.264617e-01 9.388522e-01 9.494994e-01 9.558504e-01 9.418113e-01 9.303172e-01 9.261215e-01 9.484632e-01 9.728429e-01 9.678415e-01 9.628939e-01 9.639152e-01 9.577856e-01 9.401285e-01 9.501283e-01 9.647111e-01 9.653044e-01 9.714658e-01 9.634664e-01 9.551299e-01 9.586409e-01 9.637380e-01 9.632535e-01 9.629788e-01 9.618896e-01 9.636460e-01 9.692873e-01 9.634477e-01 9.548427e-01 9.475642e-01 9.460164e-01 9.345329e-01 9.327625e-01 9.368857e-01 9.413804e-01 9.359257e-01 9.322177e-01 9.309408e-01 9.298556e-01 9.257066e-01 9.295818e-01 9.285812e-01 9.284163e-01 9.308743e-01 9.221629e-01 9.124506e-01 9.136794e-01 9.142403e-01 9.189931e-01 9.215334e-01 9.089828e-01 9.015229e-01 8.972027e-01 8.983352e-01 9.096009e-01 9.194624e-01 9.167737e-01 9.051992e-01 8.933555e-01 8.936054e-01 8.894774e-01 8.821692e-01 8.760617e-01 8.833395e-01 8.995774e-01 9.051902e-01 9.136655e-01 9.169031e-01 9.106941e-01 9.110113e-01 9.293944e-01 9.325998e-01 9.527164e-01 9.669250e-01
9.885940e-01 9.961248e-01 1.028876e+00 1.038351e+00 1.047446e+00 1.048452e+00 1.052492e+00 1.055857e+00 1.062095e+00 1.067425e+00 1.068972e+00 1.069189e+00 1.068308e+00 1.065258e+00 1.061531e+00 1.060261e+00 1.060372e+00 1.057691e+00 1.057137e+00 1.053966e+00 1.051571e+00 1.055267e+00 1.058221e+00 1.055020e+00 1.055319e+00 1.054666e+00 1.049789e+00 1.046432e+00 1.044376e+00 1.040732e+00 1.031305e+00 1.029817e+00 1.031968e+00 1.029901e+00 1.022416e+00 1.026736e+00 1.029205e+00 1.029720e+00 1.018256e+00 1.018242e+00 1.019453e+00 1.022605e+00 1.026932e+00 1.022013e+00 1.007533e+00 1.007431e+00 1.011703e+00 1.011870e+00 1.007946e+00 9.874037e-01 9.735611e-01 9.757091e-01 9.787397e-01 9.775683e-01 9.685762e-01 9.611907e-01 9.653701e-01 9.703074e-01 9.737807e-01 9.813950e-01 9.841211e-01 9.871823e-01 9.988940e-01 1.000752e+00 9.967320e-01 1.000149e+00 9.978957e-01 9.949189e-01 1.006150e+00 1.009249e+00 1.016618e+00 1.025980e+00 1.038733e+00 1.046832e+00 1.048759e+00 1.058822e+00 1.050281e+00 1.034227e+00 1.022714e+00 1.031790e+00 1.051482e+00 1.056756e+00 1.046191e+00 1.040240e+00 1.048118e+00 1.055870e+00 1.056541e+00 1.050687e+00 1.049409e+00 1.054111e+00 1.058286e+00 1.055599e+00 1.055187e+00 1.058318e+00 1.059080e+00 1.056464e+00 1.053845e+00 1.042798e+00 1.037980e+00 1.040718e+00 1.047575e+00 1.050938e+00 1.050589e+00 1.052832e+00 1.059533e+00 1.056707e+00 1.043228e+00 1.039937e+00 1.034310e+00 1.028493e+00 1.019914e+00 1.016092e+00 1.024271e+00 1.026874e+00 1.019410e+00 1.002135e+00 9.962049e-01 9.909223e-01 9.928588e-01 9.871727e-01 9.702149e-01 9.633847e-01 9.681976e-01 9.706835e-01 9.634578e-01 9.439507e-01 9.406778e-01 9.473431e-01 9.453530e-01 9.497229e-01 9.465794e-01 9.456396e-01 9.384448e-01 9.351503e-01 9.253820e-01 9.166820e-01 9.205969e-01 9.260399e-01 9.166925e-01 9.127429e-01 9.184205e-01 9.114179e-01 9.050069e-01 9.008653e-01 8.913501e-01 8.882480e-01 8.988115e-01 9.076163e-01 9.122609e-01 9.231556e-01 9.286349e-01 9.111760e-01 9.187580e-01 9.294086e-01 9.358033e-01 9.498502e-01 9.594774e-01 9.618067e-01 9.581640e-01 9.635188e-01 9.705513e-01 9.798089e-01 9.840007e-01 9.818634e-01 9.736043e-01 9.777273e-01 9.793286e-01 9.721000e-01 9.780756e-01 9.747785e-01 9.713974e-01 9.784583e-01 9.773700e-01 9.805238e-01 9.770363e-01 9.822584e-01 9.885622e-01 9.690073e-01 9.521423e-01 9.376143e-01 9.342564e-01 9.354616e-01 9.283669e-01 9.355979e-01 9.421676e-01 9.411226e-01 9.302478e-01 9.221302e-01 9.442564e-01 9.618589e-01 9.704570e-01 9.714256e-01 9.640238e-01 9.546454e-01 9.500152e-01 9.348470e-01 9.447438e-01 9.636757e-01 9.700990e-01 9.676947e-01 9.538110e-01 9.478640e-01 9.521547e-01 9.585546e-01 9.551129e-01 9.602570e-01 9.642506e-01 9.677080e-01 9.658394e-01 9.570708e-01 9.496374e-01 9.556988e-01 9.514457e-01 9.364086e-01 9.330735e-01 9.338402e-01 9.333303e-01 9.363509e-01 9.360752e-01 9.326128e-01 9.240523e-01 9.173123e-01 9.209765e-01 9.191480e-01 9.198453e-01 9.234948e-01 9.220822e-01 9.132720e-01 9.145226e-01 9.158130e-01 9.188073e-01 9.177384e-01 9.089450e-01 9.013644e-01 8.993438e-01 8.984929e-01 9.047291e-01 9.116809e-01 9.094577e-01 8.979664e-01 8.919720e-01 8.888324e-01 8.912235e-01 8.839627e-01 8.853078e-01 8.876803e-01 8.989748e-01 9.076867e-01 9.223863e-01 9.288885e-01 9.179834e-01 9.108718e-01 9.336860e-01 9.441716e-01 9.627978e-01 9.701988e-01
9.943469e-01 1.007601e+00 1.033041e+00 1.038083e+00 1.045977e+00 1.050674e+00 1.059107e+00 1.061358e+00 1.063133e+00 1.068907e+00 1.068800e+00 1.068231e+00 1.067630e+00 1.063980e+00 1.057788e+00 1.056896e+00 1.059368e+00 1.057697e+00 1.056253e+00 1.054330e+00 1.053937e+00 1.056738e+00 1.056479e+00 1.058673e+00 1.058035e+00 1.055626e+00 1.048739e+00 1.045188e+00 1.043895e+00 1.038853e+00 1.031583e+00 1.030982e+00 1.034099e+00 1.030818e+00 1.024756e+00 1.024213e+00 1.028589e+00 1.031581e+00 1.025811e+00 1.028589e+00 1.023665e+00 1.020872e+00 1.026611e+00 1.023852e+00 1.015959e+00 1.014730e+00 1.010538e+00 1.005824e+00 1.005667e+00 9.938729e-01 9.804717e-01 9.794953e-01 9.845224e-01 9.844930e-01 9.795061e-01 9.710642e-01 9.648517e-01 9.699485e-01 9.776616e-01 9.860545e-01 9.932948e-01 9.955437e-01 9.999872e-01 9.985645e-01 9.993302e-01 1.002706e+00 1.009493e+00 1.012754e+00 1.014233e+00 1.016246e+00 1.015676e+00 1.024446e+00 1.038980e+00 1.041724e+00 1.046898e+00 1.064552e+00 1.066309e+00 1.052099e+00 1.037250e+00 1.033136e+00 1.038713e+00 1.049898e+00 1.052105e+00 1.051437e+00 1.053131e+00 1.053420e+00 1.050486e+00 1.048551e+00 1.051341e+00 1.053636e+00 1.058280e+00 1.054802e+00 1.049178e+00 1.052509e+00 1.051334e+00 1.053383e+00 1.055538e+00 1.052056e+00 1.049620e+00 1.048778e+00 1.051708e+00 1.059182e+00 1.056688e+00 1.055834e+00 1.060680e+00 1.057203e+00 1.050840e+00 1.046964e+00 1.036780e+00 1.030977e+00 1.026594e+00 1.023077e+00 1.024930e+00 1.028508e+00 1.021533e+00 1.009880e+00 9.958424e-01 9.922498e-01 9.920062e-01 9.875766e-01 9.786386e-01 9.784914e-01 9.829964e-01 9.788532e-01 9.772426e-01 9.561042e-01 9.383963e-01 9.467684e-01 9.513174e-01 9.539468e-01 9.566255e-01 9.548039e-01 9.511805e-01 9.504458e-01 9.330452e-01 9.191122e-01 9.144664e-01 9.144880e-01 9.163806e-01 9.114629e-01 9.158518e-01 9.115266e-01 9.110426e-01 9.018323e-01 8.925651e-01 8.874580e-01 8.986571e-01 9.046259e-01 9.119235e-01 9.185314e-01 9.189351e-01 9.121063e-01 9.191214e-01 9.236898e-01 9.230310e-01 9.285617e-01 9.491228e-01 9.575128e-01 9.611928e-01 9.729596e-01 9.815376e-01 9.794933e-01 9.756432e-01 9.705381e-01 9.712650e-01 9.669926e-01 9.675888e-01 9.633720e-01 9.630351e-01 9.705347e-01 9.825602e-01 9.811433e-01 9.788414e-01 9.779935e-01 9.738241e-01 9.787120e-01 9.765647e-01 9.668849e-01 9.624618e-01 9.467617e-01 9.457657e-01 9.545314e-01 9.457979e-01 9.470967e-01 9.494028e-01 9.381171e-01 9.173531e-01 9.359258e-01 9.551134e-01 9.634604e-01 9.717435e-01 9.685234e-01 9.647574e-01 9.554295e-01 9.431407e-01 9.342822e-01 9.412274e-01 9.591755e-01 9.625590e-01 9.556791e-01 9.421087e-01 9.410741e-01 9.440225e-01 9.487894e-01 9.520512e-01 9.552802e-01 9.587499e-01 9.590818e-01 9.512461e-01 9.438325e-01 9.408910e-01 9.498722e-01 9.451613e-01 9.378877e-01 9.413589e-01 9.423633e-01 9.393390e-01 9.374271e-01 9.357752e-01 9.358643e-01 9.264644e-01 9.136381e-01 9.081185e-01 9.142900e-01 9.199001e-01 9.186746e-01 9.164434e-01 9.117639e-01 9.074039e-01 9.134554e-01 9.124574e-01 9.106810e-01 9.067650e-01 9.009020e-01 8.980018e-01 8.964104e-01 8.982356e-01 9.017766e-01 9.004640e-01 8.925387e-01 8.928800e-01 8.926808e-01 8.905413e-01 8.858701e-01 8.910803e-01 8.884402e-01 8.928636e-01 9.064655e-01 9.136750e-01 9.151663e-01 9.104533e-01 9.097810e-01 9.212980e-01 9.342973e-01 9.496639e-01 9.628284e-01
9.990279e-01 1.013125e+00 1.035572e+00 1.040044e+00 1.045433e+00 1.052503e+00 1.059939e+00 1.063497e+00 1.063717e+00 1.067637e+00 1.069083e+00 1.068717e+00 1.068441e+00 1.064307e+00 1.061255e+00 1.059142e+00 1.060366e+00 1.059878e+00 1.058552e+00 1.059103e+00 1.055696e+00 1.051094e+00 1.053248e+00 1.057275e+00 1.056382e+00 1.053468e+00 1.050610e+00 1.046624e+00 1.043637e+00 1.039308e+00 1.033644e+00 1.032044e+00 1.033753e+00 1.036922e+00 1.035421e+00 1.032856e+00 1.032260e+00 1.033787e+00 1.033647e+00 1.031615e+00 1.029196e+00 1.023512e+00 1.024413e+00 1.027234e+00 1.024939e+00 1.020747e+00 1.015218e+00 1.015726e+00 1.008489e+00 9.964792e-01 9.955294e-01 9.998320e-01 9.951473e-01 9.881299e-01 9.827709e-01 9.767636e-01 9.718462e-01 9.774052e-01 9.852419e-01 9.921494e-01 9.939758e-01 9.918643e-01 9.922386e-01 9.988648e-01 1.004188e+00 1.012882e+00 1.011811e+00 1.012407e+00 1.013702e+00 1.027868e+00 1.027211e+00 1.021319e+00 1.025946e+00 1.034481e+00 1.042598e+00 1.049060e+00 1.058154e+00 1.060702e+00 1.057082e+00 1.046649e+00 1.040227e+00 1.048456e+00 1.060028e+00 1.059382e+00 1.052632e+00 1.048490e+00 1.043109e+00 1.043820e+00 1.053585e+00 1.057782e+00 1.058816e+00 1.054899e+00 1.048730e+00 1.050882e+00 1.055122e+00 1.057456e+00 1.059926e+00 1.060944e+00 1.059615e+00 1.057716e+00 1.057185e+00 1.060743e+00 1.061352e+00 1.063396e+00 1.064999e+00 1.052770e+00 1.046838e+00 1.045164e+00 1.031443e+00 1.020127e+00 1.027023e+00 1.034060e+00 1.035048e+00 1.026868e+00 1.011146e+00 1.005091e+00 1.002833e+00 9.989153e-01 9.942234e-01 9.801115e-01 9.826304e-01 9.941709e-01 1.000709e+00 9.892545e-01 9.896481e-01 9.714654e-01 9.525177e-01 9.534296e-01 9.627340e-01 9.682096e-01 9.679235e-01 9.638162e-01 9.535708e-01 9.465053e-01 9.331353e-01 9.245175e-01 9.153280e-01 9.087299e-01 9.069102e-01 9.119178e-01 9.214277e-01 9.189166e-01 9.138590e-01 9.069805e-01 8.982286e-01 8.953516e-01 9.006717e-01 9.049158e-01 9.063972e-01 9.159992e-01 9.211861e-01 9.238259e-01 9.218699e-01 9.172560e-01 9.102020e-01 9.212715e-01 9.341091e-01 9.433693e-01 9.430314e-01 9.600786e-01 9.719001e-01 9.710844e-01 9.639676e-01 9.671398e-01 9.639788e-01 9.539096e-01 9.605135e-01 9.682902e-01 9.698040e-01 9.705070e-01 9.755032e-01 9.762404e-01 9.808815e-01 9.785177e-01 9.724779e-01 9.623666e-01 9.641684e-01 9.566480e-01 9.545938e-01 9.453871e-01 9.468868e-01 9.472588e-01 9.432733e-01 9.418861e-01 9.424387e-01 9.283253e-01 9.341381e-01 9.527435e-01 9.560253e-01 9.695930e-01 9.663504e-01 9.625013e-01 9.609426e-01 9.529662e-01 9.439484e-01 9.442006e-01 9.381866e-01 9.437591e-01 9.519729e-01 9.566892e-01 9.534420e-01 9.485675e-01 9.439214e-01 9.464663e-01 9.533415e-01 9.538667e-01 9.499596e-01 9.526128e-01 9.462386e-01 9.353881e-01 9.316280e-01 9.409544e-01 9.424062e-01 9.420601e-01 9.500698e-01 9.436662e-01 9.350025e-01 9.275233e-01 9.280190e-01 9.336610e-01 9.317983e-01 9.153870e-01 9.047302e-01 9.140021e-01 9.250469e-01 9.192043e-01 9.147877e-01 9.160901e-01 9.114003e-01 9.127364e-01 9.175931e-01 9.104463e-01 9.051012e-01 9.034259e-01 9.037802e-01 8.963194e-01 8.949471e-01 8.931615e-01 8.925669e-01 8.895967e-01 8.926834e-01 8.897374e-01 8.912481e-01 8.896179e-01 8.948475e-01 8.904967e-01 8.897418e-01 8.987729e-01 8.968264e-01 8.969762e-01 8.929805e-01 9.033039e-01 9.107343e-01 9.273815e-01 9.397756e-01 9.546365e-01
1.002147e+00 1.008339e+00 1.034539e+00 1.040149e+00 1.047246e+00 1.053308e+00 1.061175e+00 1.064686e+00 1.065756e+00 1.066882e+00 1.069214e+00 1.069878e+00 1.068383e+00 1.066088e+00 1.065150e+00 1.062621e+00 1.063477e+00 1.062701e+00 1.061327e+00 1.059132e+00 1.056172e+00 1.052066e+00 1.050771e+00 1.051948e+00 1.049752e+00 1.045666e+00 1.043899e+00 1.042062e+00 1.043805e+00 1.041147e+00 1.038636e+00 1.039788e+00 1.042102e+00 1.045883e+00 1.045445e+00 1.039499e+00 1.038825e+00 1.035218e+00 1.033355e+00 1.034643e+00 1.034126e+00 1.030044e+00 1.027557e+00 1.028897e+00 1.031353e+00 1.025928e+00 1.022166e+00 1.019338e+00 1.011448e+00 1.001483e+00 1.009157e+00 1.014044e+00 1.003485e+00 9.949043e-01 9.864113e-01 9.840176e-01 9.796544e-01 9.819286e-01 9.845100e-01 9.954616e-01 9.948133e-01 9.906565e-01 9.925977e-01 1.005939e+00 1.012785e+00 1.018294e+00 1.013332e+00 1.010450e+00 1.012075e+00 1.025558e+00 1.022246e+00 1.014931e+00 1.023535e+00 1.030917e+00 1.037904e+00 1.029730e+00 1.035704e+00 1.060147e+00 1.062737e+00 1.054971e+00 1.041981e+00 1.039959e+00 1.052569e+00 1.052744e+00 1.046600e+00 1.043826e+00 1.038409e+00 1.037546e+00 1.049588e+00 1.055711e+00 1.054062e+00 1.049769e+00 1.048833e+00 1.051236e+00 1.060108e+00 1.063975e+00 1.061988e+00 1.062707e+00 1.063288e+00 1.066005e+00 1.060873e+00 1.058729e+00 1.061953e+00 1.066020e+00 1.066929e+00 1.055816e+00 1.048272e+00 1.046091e+00 1.029262e+00 1.013013e+00 1.016413e+00 1.038476e+00 1.044446e+00 1.032542e+00 1.015997e+00 1.007833e+00 1.006405e+00 9.981443e-01 9.875055e-01 9.749010e-01 9.836636e-01 9.918587e-01 9.995474e-01 9.975231e-01 9.971643e-01 9.925548e-01 9.781530e-01 9.738584e-01 9.613602e-01 9.568798e-01 9.549158e-01 9.594731e-01 9.604489e-01 9.517634e-01 9.444901e-01 9.330073e-01 9.236458e-01 9.157619e-01 9.101819e-01 9.075439e-01 9.139961e-01 9.167106e-01 9.132504e-01 9.113910e-01 9.054133e-01 8.992749e-01 8.968766e-01 8.995136e-01 8.997695e-01 9.028207e-01 9.055881e-01 9.255244e-01 9.411478e-01 9.328238e-01 9.183724e-01 9.176085e-01 9.273694e-01 9.295748e-01 9.336162e-01 9.481087e-01 9.645652e-01 9.744122e-01 9.737456e-01 9.764014e-01 9.724056e-01 9.609894e-01 9.681055e-01 9.739829e-01 9.740632e-01 9.723029e-01 9.665892e-01 9.734994e-01 9.832700e-01 9.779286e-01 9.629170e-01 9.655658e-01 9.685101e-01 9.638625e-01 9.502410e-01 9.363980e-01 9.330437e-01 9.407439e-01 9.382949e-01 9.279863e-01 9.313378e-01 9.378517e-01 9.590256e-01 9.542587e-01 9.640024e-01 9.698951e-01 9.591901e-01 9.524811e-01 9.484831e-01 9.425367e-01 9.515638e-01 9.475189e-01 9.420717e-01 9.445598e-01 9.542934e-01 9.619014e-01 9.632497e-01 9.483839e-01 9.379802e-01 9.415793e-01 9.461893e-01 9.425251e-01 9.445696e-01 9.496478e-01 9.439274e-01 9.281798e-01 9.242739e-01 9.365236e-01 9.417512e-01 9.505239e-01 9.570602e-01 9.460307e-01 9.310636e-01 9.219786e-01 9.228744e-01 9.299499e-01 9.346710e-01 9.200002e-01 9.104549e-01 9.178246e-01 9.258347e-01 9.204371e-01 9.206892e-01 9.236422e-01 9.190636e-01 9.171004e-01 9.258872e-01 9.171763e-01 9.111075e-01 9.084409e-01 9.058569e-01 8.979023e-01 8.967501e-01 8.974708e-01 8.962348e-01 8.909245e-01 8.871406e-01 8.835956e-01 8.893694e-01 8.893313e-01 8.887984e-01 8.838298e-01 8.867443e-01 8.912078e-01 8.881574e-01 8.923755e-01 8.975332e-01 9.037917e-01 9.152979e-01 9.309837e-01 9.447932e-01 9.573958e-01
1.002702e+00 1.004232e+00 1.032340e+00 1.041755e+00 1.050664e+00 1.053820e+00 1.061152e+00 1.065710e+00 1.067767e+00 1.070057e+00 1.072427e+00 1.070726e+00 1.067630e+00 1.067508e+00 1.065925e+00 1.065473e+00 1.066334e+00 1.065539e+00 1.062363e+00 1.058324e+00 1.057904e+00 1.056646e+00 1.053743e+00 1.050525e+00 1.047368e+00 1.045171e+00 1.042258e+00 1.044032e+00 1.046827e+00 1.043803e+00 1.046293e+00 1.050199e+00 1.052766e+00 1.054110e+00 1.050421e+00 1.044469e+00 1.041453e+00 1.036896e+00 1.037914e+00 1.040071e+00 1.038115e+00 1.035595e+00 1.030248e+00 1.030306e+00 1.035575e+00 1.030903e+00 1.022858e+00 1.020754e+00 1.014763e+00 1.007254e+00 1.011361e+00 1.014860e+00 1.006790e+00 9.980955e-01 9.946631e-01 9.890478e-01 9.852796e-01 9.837198e-01 9.866448e-01 9.993947e-01 9.966462e-01 9.914062e-01 9.943814e-01 1.011853e+00 1.012638e+00 1.009984e+00 1.008714e+00 1.010454e+00 1.011563e+00 1.012707e+00 1.021747e+00 1.026112e+00 1.034984e+00 1.035041e+00 1.036391e+00 1.030749e+00 1.031149e+00 1.048071e+00 1.057294e+00 1.057284e+00 1.042189e+00 1.035926e+00 1.039790e+00 1.042956e+00 1.046340e+00 1.050925e+00 1.046507e+00 1.038349e+00 1.045160e+00 1.049939e+00 1.049362e+00 1.048812e+00 1.049486e+00 1.054100e+00 1.059766e+00 1.058941e+00 1.054827e+00 1.058258e+00 1.060647e+00 1.065119e+00 1.062263e+00 1.060399e+00 1.062130e+00 1.063647e+00 1.064392e+00 1.062132e+00 1.056664e+00 1.053792e+00 1.039068e+00 1.029206e+00 1.031827e+00 1.048197e+00 1.049433e+00 1.037716e+00 1.025823e+00 1.022470e+00 1.024518e+00 1.004697e+00 9.781737e-01 9.650578e-01 9.807467e-01 9.941508e-01 1.000215e+00 1.007764e+00 1.010914e+00 1.005932e+00 9.920856e-01 9.827031e-01 9.633865e-01 9.497406e-01 9.497199e-01 9.556479e-01 9.523631e-01 9.591749e-01 9.592826e-01 9.472176e-01 9.365296e-01 9.232860e-01 9.145107e-01 9.049151e-01 8.933086e-01 9.012592e-01 9.045156e-01 8.986968e-01 9.003437e-01 8.977275e-01 8.968328e-01 9.086922e-01 9.085869e-01 9.067215e-01 9.113900e-01 9.304633e-01 9.488296e-01 9.523774e-01 9.335218e-01 9.233961e-01 9.269332e-01 9.246752e-01 9.317440e-01 9.434776e-01 9.588335e-01 9.668262e-01 9.688942e-01 9.737056e-01 9.722411e-01 9.641544e-01 9.734163e-01 9.765192e-01 9.722269e-01 9.675308e-01 9.709589e-01 9.691858e-01 9.801861e-01 9.865907e-01 9.721851e-01 9.614609e-01 9.747949e-01 9.762133e-01 9.542935e-01 9.405999e-01 9.376749e-01 9.442161e-01 9.397348e-01 9.290883e-01 9.425735e-01 9.607682e-01 9.628038e-01 9.593523e-01 9.679624e-01 9.677331e-01 9.528025e-01 9.483589e-01 9.418330e-01 9.377963e-01 9.478682e-01 9.480342e-01 9.424620e-01 9.411365e-01 9.517595e-01 9.617332e-01 9.541271e-01 9.377947e-01 9.271490e-01 9.313277e-01 9.294862e-01 9.311441e-01 9.367737e-01 9.399926e-01 9.372987e-01 9.211706e-01 9.213430e-01 9.295443e-01 9.388919e-01 9.483382e-01 9.517407e-01 9.429862e-01 9.320364e-01 9.279967e-01 9.258724e-01 9.259568e-01 9.278570e-01 9.198652e-01 9.149393e-01 9.146299e-01 9.222918e-01 9.226483e-01 9.296594e-01 9.271432e-01 9.215246e-01 9.256985e-01 9.247410e-01 9.168624e-01 9.168366e-01 9.092026e-01 9.044449e-01 9.045620e-01 9.025671e-01 8.994474e-01 9.030123e-01 8.984309e-01 8.905623e-01 8.871132e-01 8.889404e-01 8.862610e-01 8.811831e-01 8.755703e-01 8.802046e-01 8.838306e-01 8.873596e-01 8.950369e-01 8.987300e-01 8.972849e-01 9.092923e-01 9.273904e-01 9.432366e-01 9.553131e-01
9.947397e-01 1.001214e+00 1.030020e+00 1.043021e+00 1.052300e+00 1.056041e+00 1.060988e+00 1.068879e+00 1.069752e+00 1.069667e+00 1.072243e+00 1.072630e+00 1.068692e+00 1.065403e+00 1.065492e+00 1.066884e+00 1.066029e+00 1.064898e+00 1.062605e+00 1.062217e+00 1.061844e+00 1.060176e+00 1.055453e+00 1.055662e+00 1.055887e+00 1.053631e+00 1.053432e+00 1.053749e+00 1.051780e+00 1.049858e+00 1.050738e+00 1.053323e+00 1.056219e+00 1.057230e+00 1.051604e+00 1.045107e+00 1.039459e+00 1.039404e+00 1.042832e+00 1.043711e+00 1.042397e+00 1.039143e+00 1.034858e+00 1.032779e+00 1.034099e+00 1.034778e+00 1.032473e+00 1.027188e+00 1.020561e+00 1.017472e+00 1.022529e+00 1.021207e+00 1.011071e+00 1.002705e+00 9.947383e-01 9.924749e-01 9.967647e-01 9.992974e-01 1.001733e+00 1.007936e+00 1.006922e+00 1.003793e+00 1.006890e+00 1.015287e+00 1.016342e+00 1.008574e+00 1.006688e+00 1.009902e+00 1.016191e+00 1.016223e+00 1.023748e+00 1.036942e+00 1.044203e+00 1.043289e+00 1.037470e+00 1.029916e+00 1.024923e+00 1.033016e+00 1.043672e+00 1.055488e+00 1.052801e+00 1.048958e+00 1.048150e+00 1.040097e+00 1.044156e+00 1.051472e+00 1.048024e+00 1.040405e+00 1.041867e+00 1.045193e+00 1.048529e+00 1.050338e+00 1.053885e+00 1.060598e+00 1.060237e+00 1.053468e+00 1.048513e+00 1.048695e+00 1.051168e+00 1.058567e+00 1.062744e+00 1.062811e+00 1.062298e+00 1.064609e+00 1.062896e+00 1.061023e+00 1.057108e+00 1.057571e+00 1.047555e+00 1.041103e+00 1.043258e+00 1.044526e+00 1.044820e+00 1.036888e+00 1.033826e+00 1.031602e+00 1.025595e+00 1.004189e+00 9.897507e-01 9.827191e-01 9.921246e-01 9.998593e-01 9.996008e-01 1.007450e+00 1.005715e+00 9.997992e-01 9.905791e-01 9.748133e-01 9.590318e-01 9.553501e-01 9.592474e-01 9.545098e-01 9.457818e-01 9.556553e-01 9.700860e-01 9.607633e-01 9.377771e-01 9.259149e-01 9.126617e-01 9.078817e-01 8.961220e-01 8.963207e-01 8.950231e-01 8.930463e-01 9.013712e-01 9.037711e-01 8.980437e-01 9.077955e-01 9.141607e-01 9.199234e-01 9.273587e-01 9.332768e-01 9.478171e-01 9.471645e-01 9.319693e-01 9.234099e-01 9.239495e-01 9.256420e-01 9.384264e-01 9.396465e-01 9.424511e-01 9.529592e-01 9.537826e-01 9.577242e-01 9.647536e-01 9.619577e-01 9.643258e-01 9.764301e-01 9.813421e-01 9.702021e-01 9.614072e-01 9.583064e-01 9.740444e-01 9.886468e-01 9.755815e-01 9.613901e-01 9.664548e-01 9.650912e-01 9.471586e-01 9.387096e-01 9.396535e-01 9.448946e-01 9.443269e-01 9.489530e-01 9.572505e-01 9.659696e-01 9.737090e-01 9.683395e-01 9.576105e-01 9.492837e-01 9.465421e-01 9.454030e-01 9.441647e-01 9.486626e-01 9.500503e-01 9.481078e-01 9.433411e-01 9.383886e-01 9.498797e-01 9.605326e-01 9.498379e-01 9.356861e-01 9.303752e-01 9.286076e-01 9.230097e-01 9.244835e-01 9.302633e-01 9.394882e-01 9.376254e-01 9.231246e-01 9.245462e-01 9.342492e-01 9.377298e-01 9.405022e-01 9.382640e-01 9.322661e-01 9.275712e-01 9.251490e-01 9.222570e-01 9.163617e-01 9.200997e-01 9.271308e-01 9.204196e-01 9.127204e-01 9.173168e-01 9.261053e-01 9.343385e-01 9.306620e-01 9.279939e-01 9.263310e-01 9.203177e-01 9.162722e-01 9.215991e-01 9.132802e-01 9.084502e-01 9.078473e-01 9.059135e-01 8.996766e-01 8.980877e-01 8.936920e-01 8.918828e-01 8.875357e-01 8.867393e-01 8.823382e-01 8.738891e-01 8.726568e-01 8.805328e-01 8.881582e-01 8.883859e-01 8.950648e-01 9.024568e-01 8.978956e-01 9.072259e-01 9.262840e-01 9.464351e-01 9.599981e-01
9.938338e-01 1.005788e+00 1.030472e+00 1.043322e+00 1.049895e+00 1.057866e+00 1.064409e+00 1.073128e+00 1.074173e+00 1.069384e+00 1.071335e+00 1.072490e+00 1.069235e+00 1.062818e+00 1.063385e+00 1.067323e+00 1.069561e+00 1.067776e+00 1.064927e+00 1.066756e+00 1.064304e+00 1.059655e+00 1.057703e+00 1.060191e+00 1.063003e+00 1.062585e+00 1.059719e+00 1.057168e+00 1.052677e+00 1.053233e+00 1.054681e+00 1.052611e+00 1.054375e+00 1.056430e+00 1.052203e+00 1.041656e+00 1.039232e+00 1.048898e+00 1.052369e+00 1.045998e+00 1.040415e+00 1.041184e+00 1.041349e+00 1.034079e+00 1.031500e+00 1.030602e+00 1.034009e+00 1.033921e+00 1.023838e+00 1.024142e+00 1.027431e+00 1.024970e+00 1.016557e+00 1.003835e+00 9.936468e-01 9.927104e-01 1.002374e+00 1.013315e+00 1.015298e+00 1.019753e+00 1.016423e+00 1.009156e+00 1.017162e+00 1.023343e+00 1.019650e+00 1.017038e+00 1.019640e+00 1.020064e+00 1.023562e+00 1.026189e+00 1.032119e+00 1.042460e+00 1.044987e+00 1.041428e+00 1.040198e+00 1.034396e+00 1.032982e+00 1.034100e+00 1.034156e+00 1.047049e+00 1.054121e+00 1.059482e+00 1.058298e+00 1.044280e+00 1.039993e+00 1.049483e+00 1.044829e+00 1.041853e+00 1.039259e+00 1.043088e+00 1.050421e+00 1.053696e+00 1.057638e+00 1.062913e+00 1.060750e+00 1.049201e+00 1.047123e+00 1.053060e+00 1.052976e+00 1.057362e+00 1.059632e+00 1.057164e+00 1.061540e+00 1.066709e+00 1.067375e+00 1.064229e+00 1.059805e+00 1.057182e+00 1.051533e+00 1.045277e+00 1.040161e+00 1.032304e+00 1.032604e+00 1.038836e+00 1.040566e+00 1.035568e+00 1.020296e+00 1.011958e+00 1.011162e+00 1.012007e+00 1.012020e+00 1.005634e+00 1.002352e+00 1.004177e+00 1.004549e+00 9.981756e-01 9.869042e-01 9.765076e-01 9.640581e-01 9.604210e-01 9.578291e-01 9.541805e-01 9.499539e-01 9.543860e-01 9.749941e-01 9.707001e-01 9.465958e-01 9.213698e-01 9.069677e-01 9.050633e-01 9.079433e-01 8.996741e-01 8.928469e-01 8.980992e-01 9.084155e-01 9.126453e-01 9.030706e-01 9.046541e-01 9.099406e-01 9.210155e-01 9.259070e-01 9.169636e-01 9.240724e-01 9.298549e-01 9.335217e-01 9.335269e-01 9.275590e-01 9.278119e-01 9.390718e-01 9.463134e-01 9.465707e-01 9.410950e-01 9.385579e-01 9.522545e-01 9.562433e-01 9.528580e-01 9.580518e-01 9.848351e-01 9.968178e-01 9.788357e-01 9.635595e-01 9.716482e-01 9.668652e-01 9.612355e-01 9.639588e-01 9.583772e-01 9.497895e-01 9.507629e-01 9.561647e-01 9.477229e-01 9.415486e-01 9.332250e-01 9.460300e-01 9.710405e-01 9.736533e-01 9.760501e-01 9.747045e-01 9.688129e-01 9.538804e-01 9.390683e-01 9.373320e-01 9.379423e-01 9.436604e-01 9.565014e-01 9.594156e-01 9.529800e-01 9.494325e-01 9.467840e-01 9.526934e-01 9.545913e-01 9.438167e-01 9.348761e-01 9.359272e-01 9.332584e-01 9.195235e-01 9.245471e-01 9.334522e-01 9.467162e-01 9.436551e-01 9.230469e-01 9.260408e-01 9.370577e-01 9.362316e-01 9.290249e-01 9.247113e-01 9.253478e-01 9.242043e-01 9.211496e-01 9.222366e-01 9.154847e-01 9.186549e-01 9.268164e-01 9.216129e-01 9.115767e-01 9.207886e-01 9.319631e-01 9.293199e-01 9.260654e-01 9.250852e-01 9.245761e-01 9.235733e-01 9.239565e-01 9.285992e-01 9.246235e-01 9.216284e-01 9.132785e-01 9.081742e-01 9.003894e-01 8.992393e-01 8.945859e-01 8.869421e-01 8.763548e-01 8.763199e-01 8.748828e-01 8.764507e-01 8.748024e-01 8.759494e-01 8.846932e-01 8.874508e-01 8.951348e-01 9.044513e-01 9.008464e-01 9.102500e-01 9.284219e-01 9.458820e-01 9.617219e-01
1.004668e+00 1.010499e+00 1.030318e+00 1.041538e+00 1.050420e+00 1.056850e+00 1.065627e+00 1.073540e+00 1.076000e+00 1.072149e+00 1.071096e+00 1.073365e+00 1.068904e+00 1.063907e+00 1.062698e+00 1.065481e+00 1.068224e+00 1.067503e+00 1.066911e+00 1.069392e+00 1.067859e+00 1.062822e+00 1.060031e+00 1.062419e+00 1.065192e+00 1.063995e+00 1.060036e+00 1.058239e+00 1.054854e+00 1.053259e+00 1.053597e+00 1.055643e+00 1.056915e+00 1.054639e+00 1.051015e+00 1.048388e+00 1.048263e+00 1.052800e+00 1.053742e+00 1.046531e+00 1.036878e+00 1.037800e+00 1.041436e+00 1.033830e+00 1.026343e+00 1.030692e+00 1.035413e+00 1.029404e+00 1.022877e+00 1.027335e+00 1.030678e+00 1.026781e+00 1.016208e+00 1.009115e+00 1.001969e+00 9.961067e-01 1.002069e+00 1.017922e+00 1.025023e+00 1.029182e+00 1.022973e+00 1.019884e+00 1.024127e+00 1.026774e+00 1.023629e+00 1.027194e+00 1.027361e+00 1.026127e+00 1.033872e+00 1.039666e+00 1.033975e+00 1.042936e+00 1.043122e+00 1.038992e+00 1.040686e+00 1.044268e+00 1.051192e+00 1.048000e+00 1.038453e+00 1.037460e+00 1.048499e+00 1.054359e+00 1.056435e+00 1.050578e+00 1.040655e+00 1.038363e+00 1.035432e+00 1.042178e+00 1.044673e+00 1.044652e+00 1.049261e+00 1.055135e+00 1.059182e+00 1.057670e+00 1.055548e+00 1.045704e+00 1.050050e+00 1.055157e+00 1.055575e+00 1.052302e+00 1.050909e+00 1.050087e+00 1.056917e+00 1.063335e+00 1.067659e+00 1.065841e+00 1.057876e+00 1.051023e+00 1.046714e+00 1.047031e+00 1.042857e+00 1.033326e+00 1.031412e+00 1.034470e+00 1.037703e+00 1.030341e+00 1.019134e+00 1.016979e+00 1.024084e+00 1.025268e+00 1.017423e+00 1.007790e+00 1.009552e+00 1.006465e+00 1.005894e+00 9.997094e-01 9.905238e-01 9.863521e-01 9.868144e-01 9.784034e-01 9.533619e-01 9.479536e-01 9.495748e-01 9.458201e-01 9.617009e-01 9.659394e-01 9.500675e-01 9.234904e-01 9.099223e-01 8.994509e-01 8.936459e-01 8.935091e-01 8.943650e-01 8.965298e-01 8.967108e-01 9.065402e-01 9.031085e-01 9.013965e-01 9.019552e-01 9.037827e-01 9.093806e-01 9.108252e-01 9.112213e-01 9.162223e-01 9.224221e-01 9.319155e-01 9.330301e-01 9.409825e-01 9.357522e-01 9.313835e-01 9.352724e-01 9.440055e-01 9.437218e-01 9.537072e-01 9.547583e-01 9.606026e-01 9.563865e-01 9.835037e-01 9.909114e-01 9.789451e-01 9.750921e-01 9.702463e-01 9.493938e-01 9.504555e-01 9.609032e-01 9.514756e-01 9.413546e-01 9.437553e-01 9.576258e-01 9.525425e-01 9.404441e-01 9.367267e-01 9.584692e-01 9.770365e-01 9.902115e-01 9.896347e-01 9.698889e-01 9.627816e-01 9.563947e-01 9.457253e-01 9.435196e-01 9.532034e-01 9.583859e-01 9.641615e-01 9.642144e-01 9.603211e-01 9.561962e-01 9.508356e-01 9.487306e-01 9.455504e-01 9.369500e-01 9.364204e-01 9.441445e-01 9.402811e-01 9.261858e-01 9.243605e-01 9.275660e-01 9.412494e-01 9.441549e-01 9.281472e-01 9.327556e-01 9.314778e-01 9.278075e-01 9.235678e-01 9.205807e-01 9.217826e-01 9.240991e-01 9.261464e-01 9.304264e-01 9.301322e-01 9.269426e-01 9.274527e-01 9.212462e-01 9.130355e-01 9.284095e-01 9.382753e-01 9.330682e-01 9.238251e-01 9.177904e-01 9.181524e-01 9.233230e-01 9.242058e-01 9.224935e-01 9.216825e-01 9.245100e-01 9.226702e-01 9.218578e-01 9.108628e-01 9.119057e-01 9.032210e-01 8.861355e-01 8.729229e-01 8.714588e-01 8.712962e-01 8.771735e-01 8.815943e-01 8.787366e-01 8.791718e-01 8.803467e-01 8.908604e-01 8.988394e-01 8.965085e-01 9.049187e-01 9.296300e-01 9.509029e-01 9.663545e-01
1.011348e+00 1.008618e+00 1.032441e+00 1.037790e+00 1.052639e+00 1.062605e+00 1.069864e+00 1.073604e+00 1.077327e+00 1.074625e+00 1.073310e+00 1.074411e+00 1.067981e+00 1.064002e+00 1.062057e+00 1.064215e+00 1.065696e+00 1.064293e+00 1.063379e+00 1.065509e+00 1.066633e+00 1.064986e+00 1.062487e+00 1.063519e+00 1.064627e+00 1.064073e+00 1.062328e+00 1.062735e+00 1.058185e+00 1.053584e+00 1.054937e+00 1.057869e+00 1.057632e+00 1.053850e+00 1.054187e+00 1.058199e+00 1.059047e+00 1.057665e+00 1.055295e+00 1.049922e+00 1.042258e+00 1.036980e+00 1.040133e+00 1.039831e+00 1.040716e+00 1.040612e+00 1.037135e+00 1.028343e+00 1.028762e+00 1.036097e+00 1.034867e+00 1.021938e+00 1.014716e+00 1.012943e+00 1.009182e+00 1.008192e+00 1.012512e+00 1.022361e+00 1.024505e+00 1.027143e+00 1.020592e+00 1.025911e+00 1.034177e+00 1.039818e+00 1.039194e+00 1.038551e+00 1.030357e+00 1.032643e+00 1.040756e+00 1.040813e+00 1.035314e+00 1.041725e+00 1.040909e+00 1.035830e+00 1.041505e+00 1.053839e+00 1.054470e+00 1.050953e+00 1.044339e+00 1.030995e+00 1.039250e+00 1.049572e+00 1.053532e+00 1.050933e+00 1.043227e+00 1.035896e+00 1.036098e+00 1.034027e+00 1.033710e+00 1.035180e+00 1.041995e+00 1.051506e+00 1.054875e+00 1.051799e+00 1.051762e+00 1.051335e+00 1.056808e+00 1.059704e+00 1.056888e+00 1.053335e+00 1.046926e+00 1.047318e+00 1.055957e+00 1.061489e+00 1.065302e+00 1.065600e+00 1.057279e+00 1.045474e+00 1.041090e+00 1.046977e+00 1.045460e+00 1.035976e+00 1.030881e+00 1.032583e+00 1.030648e+00 1.025566e+00 1.021017e+00 1.016838e+00 1.027214e+00 1.026477e+00 1.022319e+00 1.011269e+00 1.006120e+00 1.009869e+00 1.004142e+00 1.001175e+00 9.956967e-01 9.966768e-01 9.973087e-01 9.926256e-01 9.777831e-01 9.659471e-01 9.560658e-01 9.518978e-01 9.511028e-01 9.569348e-01 9.474920e-01 9.273429e-01 9.062285e-01 9.025939e-01 8.976173e-01 8.956491e-01 8.995563e-01 9.062165e-01 9.057547e-01 9.066380e-01 9.054930e-01 9.011945e-01 8.977560e-01 8.940654e-01 9.019597e-01 9.076787e-01 9.138531e-01 9.136638e-01 9.117844e-01 9.193154e-01 9.231850e-01 9.367226e-01 9.254444e-01 9.204593e-01 9.243164e-01 9.307244e-01 9.502347e-01 9.474388e-01 9.429082e-01 9.614015e-01 9.600700e-01 9.578938e-01 9.667188e-01 9.665896e-01 9.659598e-01 9.594547e-01 9.587054e-01 9.612373e-01 9.490411e-01 9.507787e-01 9.490597e-01 9.485074e-01 9.489907e-01 9.436418e-01 9.498533e-01 9.673232e-01 9.769763e-01 9.878379e-01 9.914603e-01 9.779003e-01 9.614056e-01 9.595426e-01 9.549810e-01 9.518720e-01 9.591744e-01 9.694141e-01 9.739383e-01 9.727511e-01 9.664322e-01 9.609841e-01 9.557809e-01 9.424191e-01 9.432488e-01 9.448742e-01 9.454856e-01 9.438172e-01 9.465961e-01 9.469826e-01 9.382902e-01 9.307798e-01 9.324728e-01 9.436269e-01 9.434217e-01 9.421232e-01 9.390773e-01 9.286594e-01 9.267932e-01 9.230620e-01 9.202368e-01 9.174973e-01 9.206655e-01 9.330048e-01 9.372907e-01 9.368390e-01 9.337189e-01 9.314573e-01 9.237944e-01 9.183767e-01 9.292721e-01 9.441815e-01 9.444674e-01 9.366123e-01 9.308307e-01 9.283406e-01 9.255624e-01 9.200036e-01 9.192190e-01 9.218516e-01 9.272715e-01 9.266744e-01 9.215002e-01 9.197825e-01 9.186599e-01 8.996742e-01 8.856059e-01 8.811635e-01 8.771048e-01 8.766731e-01 8.813590e-01 8.841104e-01 8.836178e-01 8.859582e-01 8.877988e-01 8.938649e-01 8.991524e-01 8.964359e-01 9.099833e-01 9.341788e-01 9.586864e-01 9.703789e-01
1.019095e+00 1.018599e+00 1.035977e+00 1.036416e+00 1.049821e+00 1.064294e+00 1.071867e+00 1.074459e+00 1.077330e+00 1.075643e+00 1.073591e+00 1.072578e+00 1.068987e+00 1.066274e+00 1.065820e+00 1.065254e+00 1.065136e+00 1.064918e+00 1.061489e+00 1.058434e+00 1.059897e+00 1.063186e+00 1.064603e+00 1.064527e+00 1.063380e+00 1.062905e+00 1.063706e+00 1.066298e+00 1.061561e+00 1.058685e+00 1.057684e+00 1.058783e+00 1.058497e+00 1.056083e+00 1.059389e+00 1.064160e+00 1.066723e+00 1.064592e+00 1.060967e+00 1.054114e+00 1.049430e+00 1.043638e+00 1.042436e+00 1.042763e+00 1.047150e+00 1.046939e+00 1.041340e+00 1.034531e+00 1.035012e+00 1.043848e+00 1.042406e+00 1.027679e+00 1.019437e+00 1.019922e+00 1.021054e+00 1.023878e+00 1.031109e+00 1.027045e+00 1.013274e+00 1.012577e+00 1.020557e+00 1.029750e+00 1.035127e+00 1.040209e+00 1.041639e+00 1.037943e+00 1.029577e+00 1.032052e+00 1.039865e+00 1.044008e+00 1.045972e+00 1.047610e+00 1.040257e+00 1.038180e+00 1.045420e+00 1.053975e+00 1.053410e+00 1.050154e+00 1.048153e+00 1.036648e+00 1.039962e+00 1.042926e+00 1.045321e+00 1.041814e+00 1.035767e+00 1.038893e+00 1.042863e+00 1.039069e+00 1.036312e+00 1.030608e+00 1.032988e+00 1.040665e+00 1.048882e+00 1.044974e+00 1.046851e+00 1.050823e+00 1.060427e+00 1.062787e+00 1.057099e+00 1.059707e+00 1.056844e+00 1.050801e+00 1.047078e+00 1.057323e+00 1.063248e+00 1.060342e+00 1.054440e+00 1.045309e+00 1.041284e+00 1.041336e+00 1.040690e+00 1.035256e+00 1.032930e+00 1.038093e+00 1.030998e+00 1.023324e+00 1.017725e+00 1.020322e+00 1.026872e+00 1.019711e+00 1.015654e+00 1.014585e+00 1.010820e+00 1.007046e+00 9.979920e-01 9.977025e-01 1.005857e+00 1.007202e+00 9.928263e-01 9.836686e-01 9.792455e-01 9.732568e-01 9.608822e-01 9.533252e-01 9.517559e-01 9.484034e-01 9.397731e-01 9.293977e-01 9.107107e-01 9.084329e-01 9.124674e-01 9.092513e-01 9.068262e-01 9.155605e-01 9.164299e-01 9.085450e-01 9.053785e-01 9.100008e-01 9.072181e-01 9.028621e-01 9.063340e-01 9.136186e-01 9.197560e-01 9.195848e-01 9.188421e-01 9.234756e-01 9.204223e-01 9.324379e-01 9.296417e-01 9.218566e-01 9.296784e-01 9.393280e-01 9.497571e-01 9.389188e-01 9.365101e-01 9.592434e-01 9.737090e-01 9.561725e-01 9.667394e-01 9.656256e-01 9.601788e-01 9.625862e-01 9.662593e-01 9.585921e-01 9.368224e-01 9.457312e-01 9.609103e-01 9.588212e-01 9.584661e-01 9.492238e-01 9.615849e-01 9.774057e-01 9.829103e-01 9.864460e-01 9.794643e-01 9.681657e-01 9.627898e-01 9.636591e-01 9.633470e-01 9.603127e-01 9.653414e-01 9.743683e-01 9.766728e-01 9.679821e-01 9.647216e-01 9.562596e-01 9.505911e-01 9.456046e-01 9.524266e-01 9.516038e-01 9.538168e-01 9.504833e-01 9.482576e-01 9.478847e-01 9.464893e-01 9.459553e-01 9.522492e-01 9.508975e-01 9.499516e-01 9.478052e-01 9.391700e-01 9.364386e-01 9.340396e-01 9.246163e-01 9.237044e-01 9.266686e-01 9.255208e-01 9.341126e-01 9.344919e-01 9.393987e-01 9.452193e-01 9.356126e-01 9.203783e-01 9.161301e-01 9.251289e-01 9.400238e-01 9.403946e-01 9.366007e-01 9.379970e-01 9.336658e-01 9.197009e-01 9.201038e-01 9.256682e-01 9.243310e-01 9.234049e-01 9.198074e-01 9.186866e-01 9.200946e-01 9.216629e-01 9.013599e-01 8.841000e-01 8.738315e-01 8.736561e-01 8.781878e-01 8.789899e-01 8.798831e-01 8.846838e-01 8.897665e-01 8.906270e-01 8.916777e-01 8.990185e-01 9.082471e-01 9.192514e-01 9.342875e-01 9.584685e-01 9.725565e-01
1.019499e+00 1.027771e+00 1.031778e+00 1.032224e+00 1.044204e+00 1.062516e+00 1.071526e+00 1.074231e+00 1.075980e+00 1.073519e+00 1.068936e+00 1.066416e+00 1.065695e+00 1.065339e+00 1.069081e+00 1.068116e+00 1.066381e+00 1.064438e+00 1.058793e+00 1.054599e+00 1.055861e+00 1.062770e+00 1.067348e+00 1.069121e+00 1.067769e+00 1.063493e+00 1.061329e+00 1.064695e+00 1.064769e+00 1.060527e+00 1.060121e+00 1.062460e+00 1.062634e+00 1.060224e+00 1.062120e+00 1.064101e+00 1.066063e+00 1.064600e+00 1.060143e+00 1.051818e+00 1.048280e+00 1.047742e+00 1.041720e+00 1.041624e+00 1.042506e+00 1.043371e+00 1.039662e+00 1.038634e+00 1.040287e+00 1.043317e+00 1.042787e+00 1.030933e+00 1.023732e+00 1.025270e+00 1.027935e+00 1.033308e+00 1.038826e+00 1.031006e+00 1.012838e+00 1.011960e+00 1.019657e+00 1.021720e+00 1.023383e+00 1.031968e+00 1.033692e+00 1.031726e+00 1.028618e+00 1.031603e+00 1.039465e+00 1.042341e+00 1.044941e+00 1.044717e+00 1.044646e+00 1.046499e+00 1.050529e+00 1.051745e+00 1.055354e+00 1.055529e+00 1.051410e+00 1.048574e+00 1.046681e+00 1.039073e+00 1.040257e+00 1.033169e+00 1.030509e+00 1.032941e+00 1.035643e+00 1.040758e+00 1.043485e+00 1.038366e+00 1.035287e+00 1.040252e+00 1.039814e+00 1.037681e+00 1.041713e+00 1.049685e+00 1.061041e+00 1.060680e+00 1.055550e+00 1.059148e+00 1.059289e+00 1.053204e+00 1.047450e+00 1.055161e+00 1.058064e+00 1.055987e+00 1.056190e+00 1.050087e+00 1.046577e+00 1.047433e+00 1.045752e+00 1.040316e+00 1.036739e+00 1.036043e+00 1.034300e+00 1.023371e+00 1.024168e+00 1.036597e+00 1.035987e+00 1.019279e+00 1.009316e+00 1.016473e+00 1.019381e+00 1.001709e+00 9.915197e-01 9.983952e-01 1.005683e+00 1.004620e+00 9.901053e-01 9.726024e-01 9.783810e-01 9.804736e-01 9.695263e-01 9.600912e-01 9.524071e-01 9.523073e-01 9.449983e-01 9.347754e-01 9.149113e-01 9.177210e-01 9.231970e-01 9.214196e-01 9.162009e-01 9.202709e-01 9.184380e-01 9.095713e-01 9.126960e-01 9.160417e-01 9.129012e-01 9.144658e-01 9.236396e-01 9.241550e-01 9.292119e-01 9.301341e-01 9.353134e-01 9.365202e-01 9.331865e-01 9.349515e-01 9.328705e-01 9.416060e-01 9.490593e-01 9.593788e-01 9.530262e-01 9.381169e-01 9.359496e-01 9.641812e-01 9.725919e-01 9.616908e-01 9.543431e-01 9.636201e-01 9.464595e-01 9.341213e-01 9.451898e-01 9.499589e-01 9.433827e-01 9.479647e-01 9.594933e-01 9.620216e-01 9.731842e-01 9.743633e-01 9.834558e-01 9.942600e-01 9.849849e-01 9.798872e-01 9.709413e-01 9.618244e-01 9.646208e-01 9.666559e-01 9.765184e-01 9.720532e-01 9.687737e-01 9.685695e-01 9.684857e-01 9.623564e-01 9.540562e-01 9.542368e-01 9.598005e-01 9.622511e-01 9.600371e-01 9.599174e-01 9.621458e-01 9.547862e-01 9.480200e-01 9.434698e-01 9.469520e-01 9.503163e-01 9.514920e-01 9.447592e-01 9.424272e-01 9.386406e-01 9.405632e-01 9.399107e-01 9.356418e-01 9.313211e-01 9.307700e-01 9.382088e-01 9.360782e-01 9.304935e-01 9.307268e-01 9.405345e-01 9.486625e-01 9.363519e-01 9.213172e-01 9.205158e-01 9.314386e-01 9.369068e-01 9.306900e-01 9.346854e-01 9.430327e-01 9.374463e-01 9.257161e-01 9.270571e-01 9.243368e-01 9.230654e-01 9.183258e-01 9.185402e-01 9.186124e-01 9.099221e-01 9.098684e-01 9.053737e-01 8.845984e-01 8.744411e-01 8.761742e-01 8.794112e-01 8.773541e-01 8.800869e-01 8.910468e-01 8.921307e-01 8.808235e-01 8.819315e-01 8.935853e-01 9.143271e-01 9.296666e-01 9.413387e-01 9.583654e-01 9.696427e-01
1.017758e+00 1.022770e+00 1.024706e+00 1.024486e+00 1.037758e+00 1.057102e+00 1.066319e+00 1.070551e+00 1.073328e+00 1.072178e+00 1.068177e+00 1.066107e+00 1.062518e+00 1.063856e+00 1.066922e+00 1.067736e+00 1.066933e+00 1.063297e+00 1.059976e+00 1.057018e+00 1.059168e+00 1.064896e+00 1.067941e+00 1.071036e+00 1.070383e+00 1.064307e+00 1.058353e+00 1.063245e+00 1.064416e+00 1.059858e+00 1.061075e+00 1.065245e+00 1.064514e+00 1.062150e+00 1.063716e+00 1.060330e+00 1.059260e+00 1.060529e+00 1.055568e+00 1.048054e+00 1.041226e+00 1.044970e+00 1.043809e+00 1.039104e+00 1.034399e+00 1.033538e+00 1.033114e+00 1.034985e+00 1.038898e+00 1.043185e+00 1.044229e+00 1.033935e+00 1.032482e+00 1.032000e+00 1.025598e+00 1.027328e+00 1.039743e+00 1.032159e+00 1.015355e+00 1.015906e+00 1.016931e+00 1.019811e+00 1.021985e+00 1.030450e+00 1.037182e+00 1.036741e+00 1.038027e+00 1.035395e+00 1.034817e+00 1.040639e+00 1.041059e+00 1.041072e+00 1.046567e+00 1.049783e+00 1.051489e+00 1.052816e+00 1.055578e+00 1.053703e+00 1.048955e+00 1.052485e+00 1.048399e+00 1.038936e+00 1.038243e+00 1.027100e+00 1.030197e+00 1.023335e+00 1.031310e+00 1.044504e+00 1.046901e+00 1.039117e+00 1.029824e+00 1.031443e+00 1.033188e+00 1.035440e+00 1.038117e+00 1.049085e+00 1.052445e+00 1.050584e+00 1.045057e+00 1.046705e+00 1.054407e+00 1.052099e+00 1.046794e+00 1.052869e+00 1.056196e+00 1.058501e+00 1.056449e+00 1.052811e+00 1.051843e+00 1.050210e+00 1.048807e+00 1.044289e+00 1.036505e+00 1.032608e+00 1.031931e+00 1.029608e+00 1.034433e+00 1.038278e+00 1.034524e+00 1.022410e+00 1.016652e+00 1.020490e+00 1.011615e+00 9.973341e-01 9.921625e-01 9.996606e-01 1.006001e+00 1.003268e+00 9.888651e-01 9.723989e-01 9.777367e-01 9.852150e-01 9.788244e-01 9.595866e-01 9.437638e-01 9.533610e-01 9.524119e-01 9.338844e-01 9.178823e-01 9.177375e-01 9.180596e-01 9.273310e-01 9.258345e-01 9.224708e-01 9.228387e-01 9.134390e-01 9.102514e-01 9.178193e-01 9.193465e-01 9.246786e-01 9.383626e-01 9.393958e-01 9.300851e-01 9.282339e-01 9.362870e-01 9.384077e-01 9.375954e-01 9.458944e-01 9.348547e-01 9.410391e-01 9.444355e-01 9.525598e-01 9.505169e-01 9.358387e-01 9.395266e-01 9.555525e-01 9.595791e-01 9.541122e-01 9.380717e-01 9.486750e-01 9.422694e-01 9.239773e-01 9.316842e-01 9.448454e-01 9.494041e-01 9.562887e-01 9.607882e-01 9.670645e-01 9.804311e-01 9.936752e-01 1.000360e+00 9.967949e-01 9.887859e-01 9.780943e-01 9.703607e-01 9.591185e-01 9.617240e-01 9.662672e-01 9.698708e-01 9.716150e-01 9.646229e-01 9.583443e-01 9.544831e-01 9.621836e-01 9.572477e-01 9.645718e-01 9.656122e-01 9.592599e-01 9.595115e-01 9.605063e-01 9.620150e-01 9.585931e-01 9.554321e-01 9.521182e-01 9.487345e-01 9.423793e-01 9.357399e-01 9.312862e-01 9.276423e-01 9.391886e-01 9.467421e-01 9.404197e-01 9.368146e-01 9.384159e-01 9.357910e-01 9.339139e-01 9.380092e-01 9.306561e-01 9.288517e-01 9.397521e-01 9.388200e-01 9.353684e-01 9.309730e-01 9.344624e-01 9.448887e-01 9.506157e-01 9.417041e-01 9.473156e-01 9.496891e-01 9.472253e-01 9.423456e-01 9.287164e-01 9.224494e-01 9.273738e-01 9.305257e-01 9.262391e-01 9.216189e-01 9.056051e-01 8.969524e-01 8.999858e-01 8.867861e-01 8.766778e-01 8.754556e-01 8.786380e-01 8.801179e-01 8.807576e-01 8.899122e-01 8.903000e-01 8.841231e-01 8.852558e-01 8.941060e-01 9.076762e-01 9.248525e-01 9.410078e-01 9.548324e-01 9.624678e-01
1.012800e+00 1.011544e+00 1.024575e+00 1.024214e+00 1.043092e+00 1.053009e+00 1.064822e+00 1.071207e+00 1.074856e+00 1.075919e+00 1.072144e+00 1.067515e+00 1.064434e+00 1.067333e+00 1.064673e+00 1.063073e+00 1.064187e+00 1.063617e+00 1.061937e+00 1.057786e+00 1.061768e+00 1.065069e+00 1.066132e+00 1.070225e+00 1.073519e+00 1.067388e+00 1.060131e+00 1.061839e+00 1.063538e+00 1.060486e+00 1.055866e+00 1.058997e+00 1.062651e+00 1.063373e+00 1.063626e+00 1.058632e+00 1.054240e+00 1.050681e+00 1.048261e+00 1.045208e+00 1.040675e+00 1.041706e+00 1.044097e+00 1.040432e+00 1.034267e+00 1.029766e+00 1.030697e+00 1.034875e+00 1.039891e+00 1.046539e+00 1.046641e+00 1.038003e+00 1.038402e+00 1.032536e+00 1.022459e+00 1.023116e+00 1.032997e+00 1.029171e+00 1.020804e+00 1.022358e+00 1.019603e+00 1.020784e+00 1.028858e+00 1.036501e+00 1.042313e+00 1.040587e+00 1.039316e+00 1.034607e+00 1.034302e+00 1.039391e+00 1.045067e+00 1.042300e+00 1.042019e+00 1.047665e+00 1.053297e+00 1.051626e+00 1.051906e+00 1.051158e+00 1.050428e+00 1.051916e+00 1.046421e+00 1.036324e+00 1.034411e+00 1.031565e+00 1.025880e+00 1.021045e+00 1.027967e+00 1.033979e+00 1.040433e+00 1.037819e+00 1.033231e+00 1.041535e+00 1.038198e+00 1.027930e+00 1.026150e+00 1.037204e+00 1.038647e+00 1.044507e+00 1.047807e+00 1.044828e+00 1.046981e+00 1.043500e+00 1.042664e+00 1.043799e+00 1.050141e+00 1.056662e+00 1.052559e+00 1.053649e+00 1.055241e+00 1.047030e+00 1.042220e+00 1.037113e+00 1.031445e+00 1.033403e+00 1.031708e+00 1.032834e+00 1.034153e+00 1.034776e+00 1.029781e+00 1.024215e+00 1.020976e+00 1.021679e+00 1.010213e+00 9.994802e-01 1.002655e+00 1.007928e+00 1.008955e+00 1.000507e+00 9.845393e-01 9.741009e-01 9.722576e-01 9.704041e-01 9.697226e-01 9.551090e-01 9.354696e-01 9.489778e-01 9.556053e-01 9.500127e-01 9.304252e-01 9.180679e-01 9.049300e-01 9.222681e-01 9.275482e-01 9.212409e-01 9.179275e-01 9.114369e-01 9.026009e-01 9.118124e-01 9.184160e-01 9.294684e-01 9.442908e-01 9.455734e-01 9.301593e-01 9.347362e-01 9.337525e-01 9.315630e-01 9.351710e-01 9.323495e-01 9.187006e-01 9.261646e-01 9.323868e-01 9.363220e-01 9.389561e-01 9.290783e-01 9.330364e-01 9.518188e-01 9.598049e-01 9.349399e-01 9.277044e-01 9.467839e-01 9.321650e-01 9.400182e-01 9.464412e-01 9.583936e-01 9.472175e-01 9.589044e-01 9.696583e-01 9.773769e-01 9.879791e-01 1.004612e+00 1.002085e+00 9.920384e-01 9.808862e-01 9.644690e-01 9.545130e-01 9.533938e-01 9.626678e-01 9.631085e-01 9.674482e-01 9.707286e-01 9.687168e-01 9.625621e-01 9.583816e-01 9.644866e-01 9.673418e-01 9.723067e-01 9.618623e-01 9.466444e-01 9.509381e-01 9.603564e-01 9.619317e-01 9.642658e-01 9.632991e-01 9.557292e-01 9.472128e-01 9.314353e-01 9.212817e-01 9.216313e-01 9.266222e-01 9.484093e-01 9.523378e-01 9.490635e-01 9.470125e-01 9.453769e-01 9.397737e-01 9.370168e-01 9.470257e-01 9.442383e-01 9.402745e-01 9.405622e-01 9.345060e-01 9.390751e-01 9.449344e-01 9.490327e-01 9.508143e-01 9.509182e-01 9.412155e-01 9.447594e-01 9.465894e-01 9.516153e-01 9.509702e-01 9.360954e-01 9.312522e-01 9.358153e-01 9.360923e-01 9.284630e-01 9.232086e-01 9.062831e-01 8.915787e-01 8.910944e-01 8.851672e-01 8.777343e-01 8.750039e-01 8.739772e-01 8.740828e-01 8.734874e-01 8.813615e-01 8.868030e-01 8.889363e-01 8.882106e-01 8.940923e-01 9.022269e-01 9.160383e-01 9.374003e-01 9.520901e-01 9.636023e-01
1.009014e+00 1.005675e+00 1.025126e+00 1.030228e+00 1.045567e+00 1.051728e+00 1.064204e+00 1.074258e+00 1.077828e+00 1.077483e+00 1.071234e+00 1.062526e+00 1.064627e+00 1.067338e+00 1.063845e+00 1.060638e+00 1.059589e+00 1.061845e+00 1.059500e+00 1.055733e+00 1.061028e+00 1.065639e+00 1.066015e+00 1.069545e+00 1.072319e+00 1.067035e+00 1.061518e+00 1.061226e+00 1.061937e+00 1.058105e+00 1.050436e+00 1.054131e+00 1.064433e+00 1.061718e+00 1.057505e+00 1.051592e+00 1.050867e+00 1.047269e+00 1.043712e+00 1.045382e+00 1.048459e+00 1.047532e+00 1.046773e+00 1.047173e+00 1.040280e+00 1.026098e+00 1.028371e+00 1.036396e+00 1.044340e+00 1.049497e+00 1.045323e+00 1.037645e+00 1.034886e+00 1.028260e+00 1.021763e+00 1.021830e+00 1.024708e+00 1.017487e+00 1.020360e+00 1.027451e+00 1.024160e+00 1.025150e+00 1.031713e+00 1.043778e+00 1.046303e+00 1.041320e+00 1.034515e+00 1.031767e+00 1.038055e+00 1.038700e+00 1.041321e+00 1.039327e+00 1.036456e+00 1.040907e+00 1.045880e+00 1.047064e+00 1.047920e+00 1.049656e+00 1.051634e+00 1.049757e+00 1.043648e+00 1.038775e+00 1.033041e+00 1.031683e+00 1.034287e+00 1.036036e+00 1.040654e+00 1.031075e+00 1.025173e+00 1.029297e+00 1.038364e+00 1.048315e+00 1.037565e+00 1.022100e+00 1.016873e+00 1.025395e+00 1.033602e+00 1.044112e+00 1.046067e+00 1.043700e+00 1.037891e+00 1.033459e+00 1.036130e+00 1.038749e+00 1.041941e+00 1.052613e+00 1.049817e+00 1.048540e+00 1.055111e+00 1.048597e+00 1.042940e+00 1.041185e+00 1.037329e+00 1.033052e+00 1.032149e+00 1.030260e+00 1.027341e+00 1.022971e+00 1.027135e+00 1.027375e+00 1.028319e+00 1.020993e+00 1.013858e+00 9.964147e-01 9.940782e-01 1.004145e+00 1.004632e+00 9.919675e-01 9.852595e-01 9.838637e-01 9.743956e-01 9.665745e-01 9.663801e-01 9.644507e-01 9.531214e-01 9.558855e-01 9.531238e-01 9.623211e-01 9.489939e-01 9.231257e-01 9.117994e-01 9.192640e-01 9.258977e-01 9.230922e-01 9.205920e-01 9.194835e-01 9.158489e-01 9.153832e-01 9.178166e-01 9.227517e-01 9.327409e-01 9.352444e-01 9.388828e-01 9.481934e-01 9.340593e-01 9.335783e-01 9.431497e-01 9.266489e-01 9.207571e-01 9.207604e-01 9.244551e-01 9.345911e-01 9.359090e-01 9.468446e-01 9.402556e-01 9.422721e-01 9.558026e-01 9.289479e-01 9.423304e-01 9.507187e-01 9.340701e-01 9.455642e-01 9.461781e-01 9.479224e-01 9.452605e-01 9.513351e-01 9.711680e-01 9.821621e-01 9.907727e-01 9.945650e-01 9.925337e-01 9.889601e-01 9.730518e-01 9.624493e-01 9.616863e-01 9.689061e-01 9.714457e-01 9.665025e-01 9.645145e-01 9.683938e-01 9.657344e-01 9.719644e-01 9.715749e-01 9.643210e-01 9.627497e-01 9.668935e-01 9.530784e-01 9.477543e-01 9.580132e-01 9.658363e-01 9.679365e-01 9.642011e-01 9.585921e-01 9.491265e-01 9.406991e-01 9.255902e-01 9.150435e-01 9.172546e-01 9.242390e-01 9.370564e-01 9.395335e-01 9.396991e-01 9.456347e-01 9.442330e-01 9.469993e-01 9.455106e-01 9.452069e-01 9.434854e-01 9.415038e-01 9.465922e-01 9.417558e-01 9.457815e-01 9.572501e-01 9.597753e-01 9.569573e-01 9.504966e-01 9.444601e-01 9.466243e-01 9.504973e-01 9.499475e-01 9.490414e-01 9.427122e-01 9.396296e-01 9.444515e-01 9.362796e-01 9.318103e-01 9.189024e-01 9.036395e-01 8.986450e-01 8.914747e-01 8.848711e-01 8.810628e-01 8.840287e-01 8.810883e-01 8.741066e-01 8.706005e-01 8.802950e-01 8.838786e-01 8.864227e-01 8.890080e-01 8.894280e-01 8.971086e-01 9.149382e-01 9.346690e-01 9.500048e-01 9.634550e-01
1.011731e+00 1.012029e+00 1.021475e+00 1.033468e+00 1.047994e+00 1.058128e+00 1.067635e+00 1.072052e+00 1.073902e+00 1.076473e+00 1.074600e+00 1.066439e+00 1.064215e+00 1.065413e+00 1.065939e+00 1.064822e+00 1.063442e+00 1.059303e+00 1.057315e+00 1.056275e+00 1.060062e+00 1.065601e+00 1.066674e+00 1.068457e+00 1.070114e+00 1.066455e+00 1.062012e+00 1.063329e+00 1.061389e+00 1.057145e+00 1.050486e+00 1.056509e+00 1.061401e+00 1.056753e+00 1.051552e+00 1.044881e+00 1.047679e+00 1.048948e+00 1.047491e+00 1.049689e+00 1.054399e+00 1.052331e+00 1.048152e+00 1.048274e+00 1.043151e+00 1.030044e+00 1.034501e+00 1.039647e+00 1.042564e+00 1.047405e+00 1.043939e+00 1.033752e+00 1.025352e+00 1.019535e+00 1.020885e+00 1.022452e+00 1.018144e+00 1.014117e+00 1.020197e+00 1.023877e+00 1.023201e+00 1.028125e+00 1.033108e+00 1.041305e+00 1.039282e+00 1.039546e+00 1.037159e+00 1.039490e+00 1.045963e+00 1.043240e+00 1.036639e+00 1.034065e+00 1.033270e+00 1.036761e+00 1.037592e+00 1.037639e+00 1.044393e+00 1.045050e+00 1.046042e+00 1.046939e+00 1.043360e+00 1.037864e+00 1.035677e+00 1.028217e+00 1.033109e+00 1.038643e+00 1.040852e+00 1.039974e+00 1.025532e+00 1.022449e+00 1.034739e+00 1.037635e+00 1.026609e+00 1.022106e+00 1.022905e+00 1.029811e+00 1.035042e+00 1.038440e+00 1.035352e+00 1.036901e+00 1.036802e+00 1.038515e+00 1.048554e+00 1.053993e+00 1.052695e+00 1.054687e+00 1.045390e+00 1.038786e+00 1.042983e+00 1.040814e+00 1.042133e+00 1.043563e+00 1.041493e+00 1.032806e+00 1.028939e+00 1.029827e+00 1.024089e+00 1.015917e+00 1.024890e+00 1.032070e+00 1.033534e+00 1.030966e+00 1.012584e+00 9.911371e-01 9.900135e-01 9.964305e-01 9.920455e-01 9.780644e-01 9.812064e-01 9.926155e-01 9.810606e-01 9.675909e-01 9.725654e-01 9.901608e-01 9.904276e-01 9.829860e-01 9.655230e-01 9.691525e-01 9.613257e-01 9.392743e-01 9.325039e-01 9.359144e-01 9.326922e-01 9.188601e-01 9.198490e-01 9.279273e-01 9.273271e-01 9.394324e-01 9.439999e-01 9.385990e-01 9.274318e-01 9.220632e-01 9.399034e-01 9.391218e-01 9.222826e-01 9.136703e-01 9.266188e-01 9.410687e-01 9.441792e-01 9.373067e-01 9.169152e-01 9.393244e-01 9.414976e-01 9.383250e-01 9.396538e-01 9.271042e-01 9.239089e-01 9.262650e-01 9.561296e-01 9.430194e-01 9.456632e-01 9.517636e-01 9.556612e-01 9.516327e-01 9.487141e-01 9.508314e-01 9.652029e-01 9.789302e-01 9.811214e-01 9.767479e-01 9.841781e-01 9.809821e-01 9.723477e-01 9.684192e-01 9.739048e-01 9.812203e-01 9.791546e-01 9.675045e-01 9.671563e-01 9.726381e-01 9.687528e-01 9.715493e-01 9.766276e-01 9.654641e-01 9.625185e-01 9.578950e-01 9.550267e-01 9.540755e-01 9.641785e-01 9.726195e-01 9.674273e-01 9.540008e-01 9.550385e-01 9.519848e-01 9.415643e-01 9.329933e-01 9.285942e-01 9.275714e-01 9.212378e-01 9.238225e-01 9.225272e-01 9.245296e-01 9.322249e-01 9.443274e-01 9.447247e-01 9.385660e-01 9.364188e-01 9.363660e-01 9.437695e-01 9.476407e-01 9.435689e-01 9.525557e-01 9.655883e-01 9.644312e-01 9.626316e-01 9.556592e-01 9.572055e-01 9.600668e-01 9.565704e-01 9.506115e-01 9.520974e-01 9.476511e-01 9.490477e-01 9.482307e-01 9.385250e-01 9.283451e-01 9.135164e-01 9.040984e-01 8.996531e-01 8.934938e-01 8.882883e-01 8.839792e-01 8.885379e-01 8.884019e-01 8.775898e-01 8.714612e-01 8.796843e-01 8.859869e-01 8.854464e-01 8.859373e-01 8.871635e-01 8.973243e-01 9.128778e-01 9.333499e-01 9.460252e-01 9.521276e-01
1.009259e+00 1.018686e+00 1.030422e+00 1.041820e+00 1.049563e+00 1.060257e+00 1.063487e+00 1.066095e+00 1.072187e+00 1.077628e+00 1.077836e+00 1.071927e+00 1.066635e+00 1.065688e+00 1.066589e+00 1.062259e+00 1.058307e+00 1.054381e+00 1.055462e+00 1.057529e+00 1.061327e+00 1.067588e+00 1.067411e+00 1.065898e+00 1.066084e+00 1.062044e+00 1.061399e+00 1.067555e+00 1.067151e+00 1.059994e+00 1.057425e+00 1.057938e+00 1.057870e+00 1.053846e+00 1.051621e+00 1.047559e+00 1.050279e+00 1.048696e+00 1.049313e+00 1.056320e+00 1.056143e+00 1.053046e+00 1.049030e+00 1.048722e+00 1.044587e+00 1.039494e+00 1.038670e+00 1.034233e+00 1.036568e+00 1.045745e+00 1.042445e+00 1.030712e+00 1.019778e+00 1.014749e+00 1.020547e+00 1.021954e+00 1.016650e+00 1.013288e+00 1.014449e+00 1.018344e+00 1.020452e+00 1.023668e+00 1.030217e+00 1.033253e+00 1.031117e+00 1.032784e+00 1.041643e+00 1.047058e+00 1.046855e+00 1.038112e+00 1.033823e+00 1.034355e+00 1.032522e+00 1.031769e+00 1.030204e+00 1.032885e+00 1.037946e+00 1.037178e+00 1.036827e+00 1.041114e+00 1.041211e+00 1.030959e+00 1.030277e+00 1.031969e+00 1.033375e+00 1.033920e+00 1.032546e+00 1.035021e+00 1.030585e+00 1.025780e+00 1.021151e+00 1.020254e+00 1.019203e+00 1.028134e+00 1.038375e+00 1.040032e+00 1.030746e+00 1.031337e+00 1.027911e+00 1.036838e+00 1.039809e+00 1.040833e+00 1.057716e+00 1.064807e+00 1.056448e+00 1.049614e+00 1.037589e+00 1.034989e+00 1.039034e+00 1.037682e+00 1.041015e+00 1.041607e+00 1.047958e+00 1.045248e+00 1.037352e+00 1.036773e+00 1.029441e+00 1.024745e+00 1.032369e+00 1.041254e+00 1.040888e+00 1.038560e+00 1.011198e+00 9.939454e-01 9.967451e-01 1.002382e+00 9.847978e-01 9.783283e-01 9.795840e-01 9.886014e-01 9.826673e-01 9.704335e-01 9.680371e-01 9.852879e-01 9.932734e-01 9.846065e-01 9.640907e-01 9.691836e-01 9.770186e-01 9.703928e-01 9.441798e-01 9.357883e-01 9.350165e-01 9.309513e-01 9.333348e-01 9.428588e-01 9.379039e-01 9.502287e-01 9.472852e-01 9.249669e-01 9.121760e-01 9.229486e-01 9.246026e-01 9.323437e-01 9.340135e-01 9.148992e-01 9.130502e-01 9.437867e-01 9.610960e-01 9.425618e-01 9.046050e-01 9.166434e-01 9.105977e-01 9.282054e-01 9.371897e-01 9.118792e-01 9.147003e-01 9.220902e-01 9.396780e-01 9.300973e-01 9.433284e-01 9.430597e-01 9.543799e-01 9.543282e-01 9.568624e-01 9.536862e-01 9.615973e-01 9.818156e-01 9.875473e-01 9.807155e-01 9.815086e-01 9.773896e-01 9.803378e-01 9.792907e-01 9.760655e-01 9.820556e-01 9.754685e-01 9.619291e-01 9.665142e-01 9.792815e-01 9.750961e-01 9.703072e-01 9.656273e-01 9.529377e-01 9.550235e-01 9.506745e-01 9.581265e-01 9.651926e-01 9.676549e-01 9.622321e-01 9.531033e-01 9.398561e-01 9.453756e-01 9.505305e-01 9.443831e-01 9.398485e-01 9.437915e-01 9.377198e-01 9.255193e-01 9.225548e-01 9.179389e-01 9.186044e-01 9.266586e-01 9.427032e-01 9.412470e-01 9.296209e-01 9.226876e-01 9.292889e-01 9.434959e-01 9.484164e-01 9.513335e-01 9.630608e-01 9.651132e-01 9.577430e-01 9.537534e-01 9.571893e-01 9.628153e-01 9.602001e-01 9.513591e-01 9.486721e-01 9.553565e-01 9.556390e-01 9.548059e-01 9.492351e-01 9.365029e-01 9.244036e-01 9.168371e-01 9.032806e-01 8.962743e-01 8.938724e-01 8.858790e-01 8.785704e-01 8.791131e-01 8.816985e-01 8.766879e-01 8.727109e-01 8.730748e-01 8.782016e-01 8.775541e-01 8.781154e-01 8.822775e-01 8.959897e-01 9.117280e-01 9.279884e-01 9.446039e-01 9.481092e-01
1.003959e+00 1.009063e+00 1.035377e+00 1.044615e+00 1.050467e+00 1.060640e+00 1.059613e+00 1.064383e+00 1.071517e+00 1.076066e+00 1.075578e+00 1.071589e+00 1.065402e+00 1.062560e+00 1.063698e+00 1.060498e+00 1.056319e+00 1.053997e+00 1.056227e+00 1.061921e+00 1.065072e+00 1.068242e+00 1.062523e+00 1.059745e+00 1.059020e+00 1.057926e+00 1.061759e+00 1.067868e+00 1.067487e+00 1.063223e+00 1.063811e+00 1.060423e+00 1.054909e+00 1.056041e+00 1.060084e+00 1.059219e+00 1.059065e+00 1.058079e+00 1.054872e+00 1.055355e+00 1.055548e+00 1.053191e+00 1.048087e+00 1.043696e+00 1.042650e+00 1.042435e+00 1.038194e+00 1.025182e+00 1.028421e+00 1.036644e+00 1.036300e+00 1.035178e+00 1.030966e+00 1.023598e+00 1.026615e+00 1.027417e+00 1.015414e+00 1.010840e+00 1.012260e+00 1.021791e+00 1.025517e+00 1.025435e+00 1.026372e+00 1.025270e+00 1.024156e+00 1.031497e+00 1.042959e+00 1.046811e+00 1.045176e+00 1.038960e+00 1.037073e+00 1.036610e+00 1.031374e+00 1.030415e+00 1.034079e+00 1.033734e+00 1.031934e+00 1.030473e+00 1.032819e+00 1.034023e+00 1.032687e+00 1.027645e+00 1.027752e+00 1.030303e+00 1.030805e+00 1.029611e+00 1.020759e+00 1.029213e+00 1.023900e+00 1.022834e+00 1.020370e+00 1.014854e+00 1.019282e+00 1.030877e+00 1.044996e+00 1.042508e+00 1.025452e+00 1.019138e+00 1.030303e+00 1.039799e+00 1.041350e+00 1.040068e+00 1.042773e+00 1.046295e+00 1.045612e+00 1.044458e+00 1.042399e+00 1.044540e+00 1.041236e+00 1.037083e+00 1.038999e+00 1.036921e+00 1.045505e+00 1.046316e+00 1.042196e+00 1.037789e+00 1.034893e+00 1.032443e+00 1.037360e+00 1.046561e+00 1.044336e+00 1.032361e+00 1.007614e+00 1.000322e+00 1.004147e+00 1.005110e+00 9.972579e-01 9.994326e-01 9.997913e-01 9.843788e-01 9.798939e-01 9.740444e-01 9.774022e-01 9.858191e-01 9.994518e-01 9.798844e-01 9.616008e-01 9.637700e-01 9.858027e-01 9.772098e-01 9.492104e-01 9.504831e-01 9.492037e-01 9.397128e-01 9.289083e-01 9.363735e-01 9.456053e-01 9.523513e-01 9.257138e-01 8.988870e-01 8.992854e-01 9.088000e-01 9.023333e-01 9.265083e-01 9.597005e-01 9.482722e-01 9.285995e-01 9.418124e-01 9.610270e-01 9.322975e-01 9.027063e-01 9.094492e-01 9.147986e-01 9.304876e-01 9.330881e-01 9.201244e-01 9.167670e-01 9.163764e-01 9.246988e-01 9.302771e-01 9.447847e-01 9.575458e-01 9.642473e-01 9.578883e-01 9.543716e-01 9.502420e-01 9.609214e-01 9.765109e-01 9.817022e-01 9.831756e-01 9.857345e-01 9.830344e-01 9.811842e-01 9.730148e-01 9.611528e-01 9.712042e-01 9.718996e-01 9.698880e-01 9.786309e-01 9.890769e-01 9.829178e-01 9.771308e-01 9.640349e-01 9.503895e-01 9.587024e-01 9.655448e-01 9.684432e-01 9.675246e-01 9.559913e-01 9.415190e-01 9.338812e-01 9.336212e-01 9.319689e-01 9.386948e-01 9.458545e-01 9.464127e-01 9.396878e-01 9.364492e-01 9.353136e-01 9.253867e-01 9.151549e-01 9.132224e-01 9.188918e-01 9.260466e-01 9.316056e-01 9.258427e-01 9.169247e-01 9.283792e-01 9.474245e-01 9.507127e-01 9.542992e-01 9.623364e-01 9.649220e-01 9.604751e-01 9.546596e-01 9.574688e-01 9.577132e-01 9.533492e-01 9.485743e-01 9.545652e-01 9.595138e-01 9.544007e-01 9.436337e-01 9.332730e-01 9.249417e-01 9.185989e-01 9.137123e-01 9.041146e-01 8.969665e-01 8.888116e-01 8.808237e-01 8.770840e-01 8.764918e-01 8.801745e-01 8.797434e-01 8.723676e-01 8.640844e-01 8.663284e-01 8.715975e-01 8.729589e-01 8.848410e-01 9.005041e-01 9.143262e-01 9.288347e-01 9.502702e-01 9.566107e-01
9.938371e-01 1.002916e+00 1.030447e+00 1.039078e+00 1.053548e+00 1.058659e+00 1.057880e+00 1.063893e+00 1.069021e+00 1.072723e+00 1.072992e+00 1.066387e+00 1.058556e+00 1.059770e+00 1.060745e+00 1.060462e+00 1.056117e+00 1.056045e+00 1.058841e+00 1.063026e+00 1.064635e+00 1.063544e+00 1.059309e+00 1.057952e+00 1.059788e+00 1.060347e+00 1.064842e+00 1.067909e+00 1.068613e+00 1.064003e+00 1.061060e+00 1.057999e+00 1.055470e+00 1.055942e+00 1.058306e+00 1.063102e+00 1.063095e+00 1.062325e+00 1.057868e+00 1.047690e+00 1.047485e+00 1.051875e+00 1.050577e+00 1.046146e+00 1.044132e+00 1.039834e+00 1.025769e+00 1.015660e+00 1.021624e+00 1.021618e+00 1.022758e+00 1.031708e+00 1.035299e+00 1.031276e+00 1.027750e+00 1.023752e+00 1.011813e+00 1.009681e+00 1.014803e+00 1.022316e+00 1.029069e+00 1.029774e+00 1.026265e+00 1.026017e+00 1.027615e+00 1.032107e+00 1.035230e+00 1.038983e+00 1.041633e+00 1.037878e+00 1.037645e+00 1.032919e+00 1.028532e+00 1.029642e+00 1.034783e+00 1.033994e+00 1.026702e+00 1.022173e+00 1.025204e+00 1.026953e+00 1.029662e+00 1.029422e+00 1.026401e+00 1.025419e+00 1.025224e+00 1.025669e+00 1.020305e+00 1.017452e+00 1.015633e+00 1.017065e+00 1.019727e+00 1.024713e+00 1.029987e+00 1.039006e+00 1.038741e+00 1.026587e+00 1.016800e+00 1.029225e+00 1.042051e+00 1.040655e+00 1.035711e+00 1.028368e+00 1.030181e+00 1.037086e+00 1.042382e+00 1.045711e+00 1.048443e+00 1.050972e+00 1.045666e+00 1.038842e+00 1.037256e+00 1.033813e+00 1.036881e+00 1.040449e+00 1.044744e+00 1.043153e+00 1.039174e+00 1.037024e+00 1.035755e+00 1.039587e+00 1.038705e+00 1.025746e+00 1.012866e+00 1.003186e+00 1.011217e+00 1.008088e+00 1.007539e+00 1.005361e+00 1.000144e+00 9.839730e-01 9.816819e-01 9.857555e-01 9.874055e-01 9.884275e-01 9.887140e-01 9.669278e-01 9.521781e-01 9.550040e-01 9.694871e-01 9.702438e-01 9.645805e-01 9.630527e-01 9.568851e-01 9.339915e-01 9.191700e-01 9.278351e-01 9.349908e-01 9.293133e-01 9.085446e-01 8.910949e-01 8.890853e-01 8.939944e-01 8.995242e-01 9.243999e-01 9.582403e-01 9.533048e-01 9.378259e-01 9.364835e-01 9.323825e-01 9.310965e-01 9.341104e-01 9.308058e-01 9.282231e-01 9.290233e-01 9.273290e-01 9.301471e-01 9.253689e-01 9.125853e-01 9.077241e-01 9.162070e-01 9.530100e-01 9.649543e-01 9.795809e-01 9.718278e-01 9.591205e-01 9.582384e-01 9.630067e-01 9.682810e-01 9.697747e-01 9.800654e-01 9.865951e-01 9.852912e-01 9.720085e-01 9.668139e-01 9.691181e-01 9.801201e-01 9.820929e-01 9.821894e-01 9.833567e-01 9.848216e-01 9.843035e-01 9.819490e-01 9.687529e-01 9.594425e-01 9.641161e-01 9.729913e-01 9.710156e-01 9.592386e-01 9.473750e-01 9.377586e-01 9.347625e-01 9.319567e-01 9.250628e-01 9.360915e-01 9.422526e-01 9.441015e-01 9.353526e-01 9.321399e-01 9.331988e-01 9.275491e-01 9.142061e-01 9.105009e-01 9.128895e-01 9.149976e-01 9.271601e-01 9.303930e-01 9.251495e-01 9.325395e-01 9.436896e-01 9.446127e-01 9.529416e-01 9.635377e-01 9.664023e-01 9.599171e-01 9.560918e-01 9.587424e-01 9.560397e-01 9.506150e-01 9.550998e-01 9.614606e-01 9.637882e-01 9.548813e-01 9.417899e-01 9.251949e-01 9.219523e-01 9.144016e-01 9.105933e-01 9.061795e-01 8.993010e-01 8.857597e-01 8.784090e-01 8.789018e-01 8.806382e-01 8.774067e-01 8.796790e-01 8.706502e-01 8.629984e-01 8.646867e-01 8.703530e-01 8.768222e-01 8.899511e-01 9.028006e-01 9.137878e-01 9.330379e-01 9.489887e-01 9.584794e-01
9.921646e-01 1.002058e+00 1.026075e+00 1.034483e+00 1.052133e+00 1.055609e+00 1.056161e+00 1.061397e+00 1.061935e+00 1.066832e+00 1.070735e+00 1.065263e+00 1.058501e+00 1.058448e+00 1.058269e+00 1.058765e+00 1.057049e+00 1.056865e+00 1.056693e+00 1.060511e+00 1.061822e+00 1.063103e+00 1.064169e+00 1.063091e+00 1.063548e+00 1.065581e+00 1.067489e+00 1.068441e+00 1.064085e+00 1.059312e+00 1.053496e+00 1.053285e+00 1.051569e+00 1.051183e+00 1.052184e+00 1.056619e+00 1.060338e+00 1.060157e+00 1.053185e+00 1.043003e+00 1.041453e+00 1.046951e+00 1.048987e+00 1.047467e+00 1.040090e+00 1.029821e+00 1.015298e+00 1.013049e+00 1.018170e+00 1.018576e+00 1.022019e+00 1.025786e+00 1.030530e+00 1.027810e+00 1.026041e+00 1.018400e+00 1.008805e+00 1.012298e+00 1.018401e+00 1.019719e+00 1.025535e+00 1.030585e+00 1.028179e+00 1.025247e+00 1.024348e+00 1.022501e+00 1.014789e+00 1.020482e+00 1.029156e+00 1.027761e+00 1.028123e+00 1.024865e+00 1.026084e+00 1.031939e+00 1.036370e+00 1.032079e+00 1.026225e+00 1.021166e+00 1.019885e+00 1.022765e+00 1.022497e+00 1.023113e+00 1.025277e+00 1.027199e+00 1.021873e+00 1.018769e+00 1.021163e+00 1.020671e+00 1.015200e+00 1.007704e+00 1.006447e+00 1.026482e+00 1.037745e+00 1.042287e+00 1.027451e+00 1.022095e+00 1.028046e+00 1.042992e+00 1.050501e+00 1.039890e+00 1.027588e+00 1.020257e+00 1.020894e+00 1.036002e+00 1.042549e+00 1.048205e+00 1.047492e+00 1.047228e+00 1.040762e+00 1.033932e+00 1.030388e+00 1.029815e+00 1.035769e+00 1.045336e+00 1.050282e+00 1.048373e+00 1.037508e+00 1.030978e+00 1.028054e+00 1.025288e+00 1.022816e+00 1.011690e+00 1.005153e+00 9.984600e-01 1.006085e+00 9.958655e-01 9.854109e-01 9.920000e-01 9.923285e-01 9.929248e-01 9.873673e-01 9.836661e-01 9.803087e-01 9.785085e-01 9.686164e-01 9.530106e-01 9.447410e-01 9.405608e-01 9.339615e-01 9.462443e-01 9.604886e-01 9.747174e-01 9.549204e-01 9.182346e-01 9.027998e-01 9.207812e-01 9.312556e-01 9.320097e-01 9.195774e-01 9.019086e-01 8.941925e-01 9.120028e-01 9.217983e-01 9.220954e-01 9.416199e-01 9.378217e-01 9.358747e-01 9.474118e-01 9.277756e-01 9.337850e-01 9.499568e-01 9.420673e-01 9.188489e-01 9.147757e-01 9.082965e-01 9.132945e-01 9.182749e-01 9.177316e-01 9.194502e-01 9.247470e-01 9.433367e-01 9.568409e-01 9.783632e-01 9.753900e-01 9.672313e-01 9.643790e-01 9.622907e-01 9.634066e-01 9.703536e-01 9.870262e-01 9.907672e-01 9.839768e-01 9.803496e-01 9.815221e-01 9.877989e-01 9.952678e-01 9.917090e-01 9.840654e-01 9.774173e-01 9.773283e-01 9.808001e-01 9.843765e-01 9.717486e-01 9.657798e-01 9.658292e-01 9.668293e-01 9.686555e-01 9.588015e-01 9.487712e-01 9.474381e-01 9.438213e-01 9.407916e-01 9.350967e-01 9.394962e-01 9.425184e-01 9.405779e-01 9.377977e-01 9.365296e-01 9.354880e-01 9.259486e-01 9.153899e-01 9.169621e-01 9.155717e-01 9.142275e-01 9.304410e-01 9.338358e-01 9.250557e-01 9.249515e-01 9.373693e-01 9.515581e-01 9.590425e-01 9.601351e-01 9.642013e-01 9.563668e-01 9.573042e-01 9.568604e-01 9.571575e-01 9.572961e-01 9.599426e-01 9.618738e-01 9.624395e-01 9.542426e-01 9.439129e-01 9.346436e-01 9.284105e-01 9.212958e-01 9.177331e-01 9.121638e-01 8.971878e-01 8.783318e-01 8.738581e-01 8.795372e-01 8.839952e-01 8.824789e-01 8.853766e-01 8.770065e-01 8.705314e-01 8.675843e-01 8.690783e-01 8.777819e-01 8.928215e-01 9.021358e-01 9.140271e-01 9.283072e-01 9.456537e-01 9.582488e-01
9.963075e-01 1.002673e+00 1.025943e+00 1.034905e+00 1.051329e+00 1.053937e+00 1.058039e+00 1.062366e+00 1.064331e+00 1.069594e+00 1.070351e+00 1.062965e+00 1.060697e+00 1.062653e+00 1.060848e+00 1.059407e+00 1.059487e+00 1.058421e+00 1.059403e+00 1.060400e+00 1.059770e+00 1.060772e+00 1.062327e+00 1.065592e+00 1.063795e+00 1.063896e+00 1.064059e+00 1.065921e+00 1.061743e+00 1.056665e+00 1.051217e+00 1.050472e+00 1.048998e+00 1.046666e+00 1.048052e+00 1.052140e+00 1.058753e+00 1.055335e+00 1.044967e+00 1.038142e+00 1.041265e+00 1.045731e+00 1.042381e+00 1.042591e+00 1.036057e+00 1.029457e+00 1.019225e+00 1.015929e+00 1.018439e+00 1.026055e+00 1.028252e+00 1.028144e+00 1.026528e+00 1.025544e+00 1.027429e+00 1.029860e+00 1.017681e+00 1.009085e+00 1.013861e+00 1.011807e+00 1.017872e+00 1.025994e+00 1.027595e+00 1.019192e+00 1.018475e+00 1.010223e+00 1.001855e+00 1.009583e+00 1.022896e+00 1.020418e+00 1.022393e+00 1.027406e+00 1.030604e+00 1.033196e+00 1.035134e+00 1.032246e+00 1.026074e+00 1.023650e+00 1.022566e+00 1.023955e+00 1.021139e+00 1.021196e+00 1.021436e+00 1.020950e+00 1.017768e+00 1.018402e+00 1.028031e+00 1.024528e+00 1.013109e+00 1.004574e+00 1.001471e+00 1.022268e+00 1.035964e+00 1.038358e+00 1.037978e+00 1.038612e+00 1.040321e+00 1.043133e+00 1.040791e+00 1.029529e+00 1.017417e+00 1.018347e+00 1.033474e+00 1.041331e+00 1.034143e+00 1.039674e+00 1.038700e+00 1.035299e+00 1.033823e+00 1.036629e+00 1.037936e+00 1.035781e+00 1.040657e+00 1.048595e+00 1.049793e+00 1.045711e+00 1.035121e+00 1.023442e+00 1.018489e+00 1.021760e+00 1.017089e+00 1.002968e+00 9.936668e-01 9.900872e-01 9.899016e-01 9.851192e-01 9.764418e-01 9.932343e-01 1.006719e+00 1.006984e+00 9.988683e-01 9.896257e-01 9.868578e-01 9.922769e-01 9.856915e-01 9.718143e-01 9.581707e-01 9.501123e-01 9.384787e-01 9.153977e-01 9.336626e-01 9.660344e-01 9.451168e-01 9.233595e-01 9.074391e-01 9.255966e-01 9.291036e-01 9.460104e-01 9.328698e-01 9.056923e-01 9.073449e-01 9.250886e-01 9.373303e-01 9.287115e-01 9.326415e-01 9.293208e-01 9.388567e-01 9.475999e-01 9.442374e-01 9.414539e-01 9.446760e-01 9.233389e-01 8.962345e-01 9.065931e-01 9.092048e-01 9.067233e-01 9.107426e-01 9.182782e-01 9.316893e-01 9.271278e-01 9.270199e-01 9.493949e-01 9.663164e-01 9.710650e-01 9.766416e-01 9.620150e-01 9.587637e-01 9.670836e-01 9.805980e-01 9.917055e-01 9.951910e-01 9.961441e-01 9.937016e-01 9.899337e-01 9.951631e-01 9.986702e-01 9.992212e-01 9.966265e-01 9.884712e-01 9.835455e-01 9.813246e-01 9.838299e-01 9.726239e-01 9.643617e-01 9.594247e-01 9.576254e-01 9.592783e-01 9.590210e-01 9.577987e-01 9.569394e-01 9.506193e-01 9.506522e-01 9.454293e-01 9.438919e-01 9.414441e-01 9.327521e-01 9.389136e-01 9.399207e-01 9.388990e-01 9.261793e-01 9.208236e-01 9.187355e-01 9.191993e-01 9.184707e-01 9.311826e-01 9.343426e-01 9.253882e-01 9.330287e-01 9.539257e-01 9.650520e-01 9.622479e-01 9.589370e-01 9.614525e-01 9.586434e-01 9.633635e-01 9.641058e-01 9.631656e-01 9.579990e-01 9.570116e-01 9.567161e-01 9.514077e-01 9.501485e-01 9.426669e-01 9.308050e-01 9.269329e-01 9.216892e-01 9.189301e-01 9.088407e-01 8.958406e-01 8.806080e-01 8.716536e-01 8.763446e-01 8.859100e-01 8.862722e-01 8.874668e-01 8.826548e-01 8.767996e-01 8.680131e-01 8.648562e-01 8.722181e-01 8.860692e-01 8.959724e-01 9.059449e-01 9.261448e-01 9.423094e-01 9.592550e-01
1.005027e+00 1.010511e+00 1.033931e+00 1.039523e+00 1.048272e+00 1.054918e+00 1.059901e+00 1.064171e+00 1.067087e+00 1.073154e+00 1.072354e+00 1.063899e+00 1.062527e+00 1.061862e+00 1.059330e+00 1.056880e+00 1.058368e+00 1.058049e+00 1.060903e+00 1.062727e+00 1.059021e+00 1.052723e+00 1.054820e+00 1.061177e+00 1.060994e+00 1.059180e+00 1.058883e+00 1.061158e+00 1.057999e+00 1.056961e+00 1.052325e+00 1.050000e+00 1.049457e+00 1.049022e+00 1.049543e+00 1.045873e+00 1.049593e+00 1.043406e+00 1.036725e+00 1.039534e+00 1.042059e+00 1.041231e+00 1.037098e+00 1.036719e+00 1.036076e+00 1.032584e+00 1.025748e+00 1.020050e+00 1.024528e+00 1.034471e+00 1.036683e+00 1.030068e+00 1.026411e+00 1.028901e+00 1.029952e+00 1.029481e+00 1.012187e+00 9.979368e-01 1.005970e+00 1.010274e+00 1.014602e+00 1.017252e+00 1.019748e+00 1.017599e+00 1.015937e+00 1.009232e+00 1.004143e+00 1.007432e+00 1.020532e+00 1.019492e+00 1.020078e+00 1.030249e+00 1.035976e+00 1.033996e+00 1.033059e+00 1.033940e+00 1.027413e+00 1.020702e+00 1.022051e+00 1.024054e+00 1.023936e+00 1.025722e+00 1.018933e+00 1.015790e+00 1.016506e+00 1.022537e+00 1.026401e+00 1.020921e+00 1.004476e+00 1.008069e+00 1.011521e+00 1.018224e+00 1.024681e+00 1.032787e+00 1.036963e+00 1.046698e+00 1.048258e+00 1.037842e+00 1.020820e+00 1.017623e+00 1.026639e+00 1.035752e+00 1.037350e+00 1.036173e+00 1.038094e+00 1.034745e+00 1.028144e+00 1.029175e+00 1.037213e+00 1.043385e+00 1.045528e+00 1.044239e+00 1.045492e+00 1.044023e+00 1.039404e+00 1.036632e+00 1.033211e+00 1.030643e+00 1.026607e+00 1.023368e+00 1.018436e+00 1.006062e+00 9.986711e-01 1.002296e+00 1.002738e+00 9.911355e-01 9.822697e-01 9.958455e-01 1.004633e+00 1.002964e+00 9.914697e-01 9.809727e-01 9.864598e-01 9.929975e-01 9.900122e-01 9.785473e-01 9.720874e-01 9.656597e-01 9.412240e-01 9.128097e-01 9.132311e-01 9.444953e-01 9.461517e-01 9.397683e-01 9.216366e-01 9.139465e-01 9.133688e-01 9.231000e-01 9.149423e-01 9.170426e-01 9.267479e-01 9.189892e-01 9.276543e-01 9.346230e-01 9.285923e-01 9.407193e-01 9.627463e-01 9.623033e-01 9.374344e-01 9.245718e-01 9.273347e-01 9.193711e-01 8.908085e-01 9.126192e-01 9.222772e-01 9.147136e-01 9.231397e-01 9.243208e-01 9.295479e-01 9.224255e-01 9.201931e-01 9.371455e-01 9.466915e-01 9.645170e-01 9.653555e-01 9.516156e-01 9.607872e-01 9.725810e-01 9.864077e-01 9.924083e-01 9.944810e-01 9.989092e-01 9.946706e-01 9.909104e-01 9.919214e-01 9.989498e-01 1.003997e+00 1.004030e+00 9.971617e-01 9.892476e-01 9.824136e-01 9.831535e-01 9.778765e-01 9.649540e-01 9.500834e-01 9.483675e-01 9.548858e-01 9.638164e-01 9.662504e-01 9.556698e-01 9.504737e-01 9.458679e-01 9.369168e-01 9.301626e-01 9.339452e-01 9.359730e-01 9.414493e-01 9.355872e-01 9.335132e-01 9.258360e-01 9.200505e-01 9.238949e-01 9.299227e-01 9.279459e-01 9.339649e-01 9.400070e-01 9.416751e-01 9.613070e-01 9.726997e-01 9.708010e-01 9.639641e-01 9.680461e-01 9.758794e-01 9.710253e-01 9.729159e-01 9.727298e-01 9.643220e-01 9.582019e-01 9.531265e-01 9.514527e-01 9.464104e-01 9.522002e-01 9.493930e-01 9.345567e-01 9.289403e-01 9.220008e-01 9.144090e-01 9.038057e-01 8.999243e-01 8.863592e-01 8.763884e-01 8.763722e-01 8.855121e-01 8.856667e-01 8.821239e-01 8.777899e-01 8.711100e-01 8.706414e-01 8.689958e-01 8.742369e-01 8.819177e-01 8.872068e-01 8.974003e-01 9.218207e-01 9.331569e-01 9.505180e-01
1.006688e+00 1.009845e+00 1.035228e+00 1.036686e+00 1.045124e+00 1.053943e+00 1.058815e+00 1.062258e+00 1.066289e+00 1.070315e+00 1.069692e+00 1.064996e+00 1.060325e+00 1.060866e+00 1.056400e+00 1.054088e+00 1.058238e+00 1.059428e+00 1.061466e+00 1.064283e+00 1.057573e+00 1.048533e+00 1.052293e+00 1.058866e+00 1.060107e+00 1.058276e+00 1.057423e+00 1.057615e+00 1.058667e+00 1.057487e+00 1.056868e+00 1.051754e+00 1.048933e+00 1.045596e+00 1.045675e+00 1.045166e+00 1.048226e+00 1.043725e+00 1.037562e+00 1.038971e+00 1.036258e+00 1.036879e+00 1.035501e+00 1.034346e+00 1.039480e+00 1.036753e+00 1.030945e+00 1.029653e+00 1.032346e+00 1.033970e+00 1.033866e+00 1.030104e+00 1.028046e+00 1.026617e+00 1.017899e+00 1.008041e+00 9.989100e-01 9.940249e-01 1.000471e+00 1.012162e+00 1.014292e+00 1.007872e+00 1.009448e+00 1.011765e+00 1.013669e+00 1.012138e+00 1.002804e+00 1.004712e+00 1.015863e+00 1.014454e+00 1.018364e+00 1.031003e+00 1.037503e+00 1.034350e+00 1.032989e+00 1.035298e+00 1.032352e+00 1.025213e+00 1.020343e+00 1.022020e+00 1.022449e+00 1.019195e+00 1.012702e+00 1.011903e+00 1.017102e+00 1.020771e+00 1.018395e+00 1.019670e+00 1.015302e+00 1.020722e+00 1.015572e+00 1.015272e+00 1.014526e+00 1.020584e+00 1.025142e+00 1.040295e+00 1.044965e+00 1.026869e+00 1.016298e+00 1.031043e+00 1.043381e+00 1.044018e+00 1.042216e+00 1.037595e+00 1.041931e+00 1.038010e+00 1.022924e+00 1.025435e+00 1.040227e+00 1.049688e+00 1.050228e+00 1.045950e+00 1.036889e+00 1.032474e+00 1.032978e+00 1.037181e+00 1.028893e+00 1.032581e+00 1.035814e+00 1.033037e+00 1.020218e+00 1.005372e+00 1.002757e+00 1.016145e+00 1.013299e+00 9.946851e-01 9.754089e-01 9.783917e-01 9.834586e-01 9.756506e-01 9.659877e-01 9.602697e-01 9.529681e-01 9.497054e-01 9.481810e-01 9.518871e-01 9.485843e-01 9.361847e-01 9.102830e-01 8.879433e-01 8.980569e-01 9.401473e-01 9.644889e-01 9.657963e-01 9.449047e-01 9.183704e-01 9.170545e-01 9.057477e-01 9.083124e-01 9.222756e-01 9.358903e-01 9.247529e-01 9.266233e-01 9.299286e-01 9.325174e-01 9.458013e-01 9.485689e-01 9.314814e-01 9.306084e-01 9.153636e-01 9.118069e-01 9.040212e-01 9.015171e-01 9.199619e-01 9.175564e-01 9.164237e-01 9.163814e-01 9.192818e-01 9.305763e-01 9.260244e-01 9.232498e-01 9.348993e-01 9.467269e-01 9.638311e-01 9.666916e-01 9.629818e-01 9.691656e-01 9.793074e-01 9.889549e-01 9.886050e-01 9.818835e-01 9.835536e-01 9.883638e-01 9.927127e-01 9.975821e-01 1.009035e+00 1.010025e+00 1.002983e+00 9.986604e-01 9.930294e-01 9.885405e-01 9.871132e-01 9.786818e-01 9.686580e-01 9.555381e-01 9.546027e-01 9.573708e-01 9.654344e-01 9.624119e-01 9.557027e-01 9.565081e-01 9.442466e-01 9.295740e-01 9.215509e-01 9.295174e-01 9.409125e-01 9.382982e-01 9.325258e-01 9.301654e-01 9.282025e-01 9.237312e-01 9.238855e-01 9.263900e-01 9.348525e-01 9.421435e-01 9.491406e-01 9.573470e-01 9.694043e-01 9.757978e-01 9.730003e-01 9.645820e-01 9.756359e-01 9.838193e-01 9.820380e-01 9.784796e-01 9.715663e-01 9.700733e-01 9.664925e-01 9.622241e-01 9.591179e-01 9.584417e-01 9.606178e-01 9.556862e-01 9.407310e-01 9.355267e-01 9.276079e-01 9.180589e-01 9.074166e-01 9.045454e-01 8.951618e-01 8.845203e-01 8.764625e-01 8.777963e-01 8.742922e-01 8.762897e-01 8.781384e-01 8.720505e-01 8.677704e-01 8.686326e-01 8.697978e-01 8.754662e-01 8.887358e-01 9.037704e-01 9.195378e-01 9.328299e-01 9.364468e-01
1.001532e+00 1.000178e+00 1.031712e+00 1.035472e+00 1.043421e+00 1.050877e+00 1.051588e+00 1.056284e+00 1.061231e+00 1.065091e+00 1.066960e+00 1.065819e+00 1.060390e+00 1.057003e+00 1.052922e+00 1.052013e+00 1.055152e+00 1.058073e+00 1.062625e+00 1.062727e+00 1.055480e+00 1.051158e+00 1.053930e+00 1.058837e+00 1.059552e+00 1.055938e+00 1.052148e+00 1.052004e+00 1.057115e+00 1.058306e+00 1.056954e+00 1.054037e+00 1.048205e+00 1.045478e+00 1.048946e+00 1.054142e+00 1.051609e+00 1.048949e+00 1.042860e+00 1.037818e+00 1.036111e+00 1.035290e+00 1.035953e+00 1.034032e+00 1.039292e+00 1.040160e+00 1.036410e+00 1.035004e+00 1.033178e+00 1.029750e+00 1.025789e+00 1.022868e+00 1.021864e+00 1.023193e+00 1.015451e+00 1.002632e+00 9.928902e-01 9.973372e-01 1.006076e+00 1.017213e+00 1.012033e+00 1.002019e+00 1.003989e+00 1.004253e+00 1.006163e+00 1.010568e+00 1.006775e+00 1.010952e+00 1.019118e+00 1.014114e+00 1.017800e+00 1.027478e+00 1.034645e+00 1.032655e+00 1.030938e+00 1.030579e+00 1.030707e+00 1.022307e+00 1.014814e+00 1.015940e+00 1.013740e+00 1.009400e+00 1.007897e+00 1.011890e+00 1.014686e+00 1.010071e+00 1.012969e+00 1.020094e+00 1.030539e+00 1.034032e+00 1.023132e+00 1.012420e+00 1.007388e+00 1.021400e+00 1.024800e+00 1.031165e+00 1.029567e+00 1.013992e+00 1.013768e+00 1.031905e+00 1.034635e+00 1.030686e+00 1.036700e+00 1.040783e+00 1.043949e+00 1.036057e+00 1.023743e+00 1.029212e+00 1.042528e+00 1.046260e+00 1.043061e+00 1.040185e+00 1.036875e+00 1.033294e+00 1.036594e+00 1.032393e+00 1.021617e+00 1.024545e+00 1.030796e+00 1.033468e+00 1.029184e+00 1.025548e+00 1.017601e+00 1.021969e+00 1.014812e+00 9.973500e-01 9.739131e-01 9.681892e-01 9.737332e-01 9.720936e-01 9.637043e-01 9.535714e-01 9.361773e-01 9.243181e-01 9.346103e-01 9.527107e-01 9.558201e-01 9.490268e-01 9.201843e-01 9.005365e-01 9.016147e-01 9.311422e-01 9.583580e-01 9.838666e-01 9.636354e-01 9.323334e-01 9.312309e-01 9.203562e-01 9.039454e-01 9.149029e-01 9.353878e-01 9.354599e-01 9.247294e-01 9.256137e-01 9.222308e-01 9.350440e-01 9.378936e-01 9.106767e-01 9.113447e-01 9.137107e-01 9.057558e-01 9.028883e-01 9.123244e-01 9.170867e-01 9.159173e-01 9.205284e-01 9.226833e-01 9.313844e-01 9.279583e-01 9.293304e-01 9.341210e-01 9.396166e-01 9.577437e-01 9.634559e-01 9.640505e-01 9.683628e-01 9.704191e-01 9.784304e-01 9.865848e-01 9.799749e-01 9.735821e-01 9.772603e-01 9.829941e-01 9.952639e-01 1.003134e+00 1.005836e+00 1.003944e+00 9.982530e-01 9.900444e-01 9.956336e-01 9.923174e-01 9.818485e-01 9.747587e-01 9.704781e-01 9.662836e-01 9.597454e-01 9.559451e-01 9.595064e-01 9.554850e-01 9.560680e-01 9.538651e-01 9.430248e-01 9.304603e-01 9.221569e-01 9.317616e-01 9.415494e-01 9.355073e-01 9.327124e-01 9.365851e-01 9.347326e-01 9.347846e-01 9.326193e-01 9.345439e-01 9.434671e-01 9.438061e-01 9.463636e-01 9.532932e-01 9.648945e-01 9.755188e-01 9.776277e-01 9.751599e-01 9.823911e-01 9.873382e-01 9.848856e-01 9.812999e-01 9.813889e-01 9.789674e-01 9.832400e-01 9.804117e-01 9.753404e-01 9.751109e-01 9.723474e-01 9.597502e-01 9.411590e-01 9.333085e-01 9.254659e-01 9.196475e-01 9.115213e-01 9.010848e-01 9.015056e-01 8.893274e-01 8.731514e-01 8.701253e-01 8.686023e-01 8.711653e-01 8.712798e-01 8.664858e-01 8.655174e-01 8.673532e-01 8.663533e-01 8.721432e-01 8.919564e-01 9.056047e-01 9.193477e-01 9.319188e-01 9.380337e-01
9.975927e-01 9.981233e-01 1.027740e+00 1.035665e+00 1.042646e+00 1.046834e+00 1.051521e+00 1.058447e+00 1.061256e+00 1.063387e+00 1.063510e+00 1.061072e+00 1.059845e+00 1.053046e+00 1.045374e+00 1.045281e+00 1.051345e+00 1.055393e+00 1.060209e+00 1.061258e+00 1.057071e+00 1.054568e+00 1.054325e+00 1.057140e+00 1.058162e+00 1.053427e+00 1.049059e+00 1.052081e+00 1.056349e+00 1.056234e+00 1.053711e+00 1.053208e+00 1.046308e+00 1.044534e+00 1.046915e+00 1.056443e+00 1.057125e+00 1.054800e+00 1.049501e+00 1.042837e+00 1.037811e+00 1.033062e+00 1.032684e+00 1.034834e+00 1.040111e+00 1.041852e+00 1.037947e+00 1.033412e+00 1.029982e+00 1.026181e+00 1.018957e+00 1.015668e+00 1.012713e+00 1.022391e+00 1.020937e+00 1.009356e+00 1.001586e+00 1.003733e+00 1.013325e+00 1.019341e+00 1.010872e+00 1.005036e+00 9.963657e-01 9.985315e-01 1.002586e+00 1.008289e+00 1.010550e+00 1.014310e+00 1.021681e+00 1.020692e+00 1.017637e+00 1.019907e+00 1.022328e+00 1.028906e+00 1.028118e+00 1.021755e+00 1.018445e+00 1.011335e+00 1.010250e+00 1.015036e+00 1.015970e+00 1.015391e+00 1.021234e+00 1.024975e+00 1.016990e+00 1.004370e+00 1.005789e+00 1.017735e+00 1.034594e+00 1.035221e+00 1.020764e+00 1.013654e+00 1.008456e+00 1.018725e+00 1.019535e+00 1.012627e+00 1.010532e+00 1.018017e+00 1.026254e+00 1.035468e+00 1.034553e+00 1.028269e+00 1.033998e+00 1.043361e+00 1.047181e+00 1.038482e+00 1.043330e+00 1.049981e+00 1.048578e+00 1.046805e+00 1.048076e+00 1.047495e+00 1.042448e+00 1.033807e+00 1.028344e+00 1.024735e+00 1.013860e+00 1.014535e+00 1.021186e+00 1.023856e+00 1.021473e+00 1.022084e+00 1.017251e+00 1.011134e+00 1.005531e+00 9.985706e-01 9.784705e-01 9.668781e-01 9.571620e-01 9.598734e-01 9.679912e-01 9.686143e-01 9.504074e-01 9.367346e-01 9.460123e-01 9.664526e-01 9.734613e-01 9.579330e-01 9.419397e-01 9.246482e-01 9.153320e-01 9.211239e-01 9.307006e-01 9.569066e-01 9.632385e-01 9.461774e-01 9.479904e-01 9.258053e-01 9.128166e-01 9.166828e-01 9.189091e-01 9.231743e-01 9.211209e-01 9.223256e-01 9.214561e-01 9.381503e-01 9.232840e-01 9.055654e-01 8.993239e-01 9.015731e-01 9.106247e-01 9.151089e-01 9.260258e-01 9.290655e-01 9.230675e-01 9.308079e-01 9.370062e-01 9.426120e-01 9.327400e-01 9.323316e-01 9.310160e-01 9.385759e-01 9.591413e-01 9.594268e-01 9.560426e-01 9.621894e-01 9.690330e-01 9.759387e-01 9.800346e-01 9.810001e-01 9.770495e-01 9.815829e-01 9.850112e-01 9.953640e-01 9.925821e-01 9.950297e-01 9.949100e-01 9.875508e-01 9.907509e-01 9.958329e-01 9.899460e-01 9.775210e-01 9.686517e-01 9.704042e-01 9.721621e-01 9.658871e-01 9.597197e-01 9.541024e-01 9.501287e-01 9.512192e-01 9.489058e-01 9.457673e-01 9.341380e-01 9.201557e-01 9.272652e-01 9.366445e-01 9.393774e-01 9.444743e-01 9.480918e-01 9.421559e-01 9.430913e-01 9.446985e-01 9.444247e-01 9.451148e-01 9.435268e-01 9.449898e-01 9.553086e-01 9.708498e-01 9.758502e-01 9.785916e-01 9.833155e-01 9.859502e-01 9.810304e-01 9.827736e-01 9.784962e-01 9.756696e-01 9.763188e-01 9.832404e-01 9.796517e-01 9.711766e-01 9.789184e-01 9.819416e-01 9.759449e-01 9.527884e-01 9.341158e-01 9.222481e-01 9.151040e-01 9.106393e-01 9.065899e-01 8.965294e-01 8.781144e-01 8.633010e-01 8.610090e-01 8.626658e-01 8.618301e-01 8.635871e-01 8.622515e-01 8.654600e-01 8.664196e-01 8.703223e-01 8.779103e-01 8.954411e-01 9.082081e-01 9.247057e-01 9.359384e-01 9.444016e-01
9.978161e-01 1.000581e+00 1.029133e+00 1.035397e+00 1.042094e+00 1.048112e+00 1.055258e+00 1.059087e+00 1.061638e+00 1.061928e+00 1.061864e+00 1.059460e+00 1.058177e+00 1.052844e+00 1.049288e+00 1.048619e+00 1.052061e+00 1.049846e+00 1.055067e+00 1.061128e+00 1.058603e+00 1.054409e+00 1.051898e+00 1.053990e+00 1.053525e+00 1.054862e+00 1.052184e+00 1.054715e+00 1.056933e+00 1.054903e+00 1.048427e+00 1.048478e+00 1.043829e+00 1.039117e+00 1.041550e+00 1.048403e+00 1.052113e+00 1.051660e+00 1.050381e+00 1.045891e+00 1.038553e+00 1.029114e+00 1.029545e+00 1.035959e+00 1.035984e+00 1.036014e+00 1.030377e+00 1.025787e+00 1.024419e+00 1.020225e+00 1.014435e+00 1.011472e+00 1.002183e+00 1.021033e+00 1.028579e+00 1.015723e+00 1.006994e+00 1.015268e+00 1.017011e+00 1.015167e+00 1.011056e+00 1.004128e+00 9.951098e-01 1.004984e+00 1.007596e+00 1.013156e+00 1.018176e+00 1.020656e+00 1.023218e+00 1.016357e+00 1.011254e+00 1.015450e+00 1.018006e+00 1.026837e+00 1.030143e+00 1.020882e+00 1.017683e+00 1.012752e+00 1.009445e+00 1.015920e+00 1.022468e+00 1.028334e+00 1.028165e+00 1.030376e+00 1.019424e+00 1.002693e+00 1.003229e+00 1.018113e+00 1.024374e+00 1.019742e+00 1.015249e+00 1.021144e+00 1.015724e+00 1.018788e+00 1.013055e+00 1.007099e+00 1.014691e+00 1.033601e+00 1.041503e+00 1.036309e+00 1.031603e+00 1.036658e+00 1.040568e+00 1.049163e+00 1.045582e+00 1.041874e+00 1.052428e+00 1.054640e+00 1.051469e+00 1.049544e+00 1.051442e+00 1.049757e+00 1.047784e+00 1.034757e+00 1.023023e+00 1.016576e+00 1.002891e+00 1.007283e+00 1.013176e+00 1.020346e+00 1.015057e+00 1.009361e+00 1.006360e+00 1.001836e+00 9.980909e-01 9.938690e-01 9.849935e-01 9.744979e-01 9.692258e-01 9.804966e-01 9.907396e-01 9.900928e-01 9.789390e-01 9.622812e-01 9.637206e-01 9.726586e-01 9.703254e-01 9.448432e-01 9.325287e-01 9.273245e-01 9.157158e-01 9.079144e-01 9.189383e-01 9.365456e-01 9.537380e-01 9.554616e-01 9.432361e-01 9.309244e-01 9.237060e-01 9.299088e-01 9.249629e-01 9.102085e-01 9.123136e-01 9.202947e-01 9.149056e-01 9.060900e-01 9.043238e-01 9.042262e-01 8.972721e-01 8.976303e-01 9.126858e-01 9.202600e-01 9.343591e-01 9.332542e-01 9.193562e-01 9.244558e-01 9.383670e-01 9.422449e-01 9.381025e-01 9.412624e-01 9.399843e-01 9.427129e-01 9.600559e-01 9.525800e-01 9.493826e-01 9.606921e-01 9.702910e-01 9.711863e-01 9.756201e-01 9.829839e-01 9.828832e-01 9.846429e-01 9.931187e-01 9.943968e-01 9.956072e-01 9.993162e-01 9.960194e-01 9.900365e-01 9.943877e-01 9.937561e-01 9.879146e-01 9.775302e-01 9.699535e-01 9.692299e-01 9.734334e-01 9.803553e-01 9.694245e-01 9.520109e-01 9.468638e-01 9.507952e-01 9.507838e-01 9.504049e-01 9.318295e-01 9.204143e-01 9.293039e-01 9.420569e-01 9.515586e-01 9.512936e-01 9.473182e-01 9.342911e-01 9.421007e-01 9.503486e-01 9.522589e-01 9.488963e-01 9.501890e-01 9.539561e-01 9.583699e-01 9.705426e-01 9.790051e-01 9.823456e-01 9.865167e-01 9.898887e-01 9.871477e-01 9.872295e-01 9.814011e-01 9.739049e-01 9.664716e-01 9.713123e-01 9.688630e-01 9.690442e-01 9.808146e-01 9.848566e-01 9.753898e-01 9.523686e-01 9.324362e-01 9.155682e-01 9.067821e-01 9.049728e-01 9.058030e-01 8.910553e-01 8.730729e-01 8.632849e-01 8.568071e-01 8.550490e-01 8.583097e-01 8.637463e-01 8.648270e-01 8.664020e-01 8.698805e-01 8.774239e-01 8.823245e-01 8.901404e-01 9.081256e-01 9.308029e-01 9.431158e-01 9.496577e-01
1.000764e+00 1.007445e+00 1.029196e+00 1.032351e+00 1.040231e+00 1.046366e+00 1.052569e+00 1.056308e+00 1.061098e+00 1.061730e+00 1.062093e+00 1.059750e+00 1.056880e+00 1.054698e+00 1.049688e+00 1.047635e+00 1.049523e+00 1.046158e+00 1.048960e+00 1.052747e+00 1.051216e+00 1.051943e+00 1.049047e+00 1.051870e+00 1.056229e+00 1.059854e+00 1.054771e+00 1.052859e+00 1.054744e+00 1.053877e+00 1.047592e+00 1.043043e+00 1.040927e+00 1.037971e+00 1.038181e+00 1.041875e+00 1.050197e+00 1.046108e+00 1.043768e+00 1.038356e+00 1.029467e+00 1.020353e+00 1.021776e+00 1.024911e+00 1.024228e+00 1.025504e+00 1.013879e+00 1.010664e+00 1.015449e+00 1.017439e+00 1.010741e+00 1.001898e+00 9.968191e-01 1.017225e+00 1.025844e+00 1.015649e+00 1.013250e+00 1.019867e+00 1.017337e+00 1.012289e+00 1.013875e+00 1.004191e+00 1.001471e+00 1.006783e+00 1.013442e+00 1.018728e+00 1.020925e+00 1.024230e+00 1.018471e+00 1.006884e+00 1.009789e+00 1.019849e+00 1.023705e+00 1.023877e+00 1.021706e+00 1.017618e+00 1.020608e+00 1.021171e+00 1.017291e+00 1.023818e+00 1.025956e+00 1.022680e+00 1.021876e+00 1.021862e+00 1.010587e+00 1.001481e+00 1.004030e+00 1.020809e+00 1.023631e+00 1.016311e+00 1.014915e+00 1.019540e+00 1.017109e+00 1.012539e+00 1.008074e+00 1.009561e+00 1.019079e+00 1.029411e+00 1.034327e+00 1.028878e+00 1.031278e+00 1.038654e+00 1.046603e+00 1.045989e+00 1.042615e+00 1.048324e+00 1.052713e+00 1.053514e+00 1.045222e+00 1.044681e+00 1.047296e+00 1.044209e+00 1.044335e+00 1.037211e+00 1.031355e+00 1.022647e+00 1.013081e+00 1.015935e+00 1.018144e+00 1.022600e+00 1.026805e+00 1.026258e+00 1.020367e+00 1.008527e+00 1.000198e+00 9.993608e-01 9.940839e-01 9.831904e-01 9.767886e-01 9.852850e-01 9.998928e-01 9.982941e-01 9.877993e-01 9.770043e-01 9.681691e-01 9.683715e-01 9.593832e-01 9.547968e-01 9.534638e-01 9.351452e-01 9.151491e-01 9.144487e-01 9.224040e-01 9.307509e-01 9.335782e-01 9.348612e-01 9.344127e-01 9.371597e-01 9.364906e-01 9.249651e-01 9.084031e-01 8.958820e-01 9.096437e-01 9.224437e-01 9.132995e-01 8.967758e-01 9.040058e-01 9.098802e-01 9.095837e-01 9.106391e-01 9.152280e-01 9.175313e-01 9.384162e-01 9.329687e-01 9.155306e-01 9.172066e-01 9.316062e-01 9.412537e-01 9.481466e-01 9.483493e-01 9.452426e-01 9.498264e-01 9.569263e-01 9.511102e-01 9.458699e-01 9.628515e-01 9.771146e-01 9.771930e-01 9.866115e-01 9.928809e-01 9.864574e-01 9.821426e-01 9.911422e-01 9.925478e-01 1.001500e+00 1.006084e+00 9.966116e-01 9.944050e-01 9.935936e-01 9.886227e-01 9.861039e-01 9.833060e-01 9.737614e-01 9.618704e-01 9.700712e-01 9.825113e-01 9.706628e-01 9.500797e-01 9.415817e-01 9.447919e-01 9.537116e-01 9.517447e-01 9.313598e-01 9.199322e-01 9.345142e-01 9.474812e-01 9.505778e-01 9.439082e-01 9.386178e-01 9.312720e-01 9.377887e-01 9.499846e-01 9.604693e-01 9.579608e-01 9.581006e-01 9.628310e-01 9.610433e-01 9.672276e-01 9.789593e-01 9.874811e-01 9.915165e-01 9.938790e-01 9.956465e-01 9.897297e-01 9.807504e-01 9.731447e-01 9.673042e-01 9.686624e-01 9.743233e-01 9.768800e-01 9.771741e-01 9.738590e-01 9.648224e-01 9.435428e-01 9.301676e-01 9.168405e-01 9.043533e-01 9.071456e-01 9.018537e-01 8.923933e-01 8.787856e-01 8.704569e-01 8.606741e-01 8.570470e-01 8.599176e-01 8.667302e-01 8.719187e-01 8.741431e-01 8.728903e-01 8.735433e-01 8.785245e-01 8.871375e-01 9.054018e-01 9.279117e-01 9.403206e-01 9.527596e-01
9.941373e-01 1.001808e+00 1.023754e+00 1.028860e+00 1.037283e+00 1.041252e+00 1.048680e+00 1.055479e+00 1.059569e+00 1.060111e+00 1.056861e+00 1.055368e+00 1.052161e+00 1.050268e+00 1.041972e+00 1.039840e+00 1.047810e+00 1.051850e+00 1.050431e+00 1.049132e+00 1.050881e+00 1.051101e+00 1.045761e+00 1.047861e+00 1.055750e+00 1.057593e+00 1.054397e+00 1.052128e+00 1.053445e+00 1.050926e+00 1.045061e+00 1.038413e+00 1.037914e+00 1.034045e+00 1.032627e+00 1.033413e+00 1.040510e+00 1.038333e+00 1.033456e+00 1.027839e+00 1.018887e+00 1.013648e+00 1.012370e+00 1.009871e+00 1.013347e+00 1.015570e+00 1.000669e+00 9.977707e-01 1.000063e+00 1.009526e+00 1.005354e+00 9.919410e-01 9.903696e-01 1.013580e+00 1.022128e+00 1.012661e+00 1.013436e+00 1.014062e+00 1.006266e+00 1.000319e+00 1.002699e+00 1.003708e+00 1.006933e+00 1.008170e+00 1.012011e+00 1.017760e+00 1.026521e+00 1.028824e+00 1.018764e+00 1.010386e+00 1.015470e+00 1.023117e+00 1.020125e+00 1.016768e+00 1.016572e+00 1.016945e+00 1.018811e+00 1.019726e+00 1.023606e+00 1.032305e+00 1.027869e+00 1.017206e+00 1.016656e+00 1.015783e+00 1.008313e+00 1.008238e+00 1.008259e+00 1.017778e+00 1.020261e+00 1.018863e+00 1.015822e+00 1.015041e+00 1.013168e+00 1.009511e+00 1.010073e+00 1.020215e+00 1.021219e+00 1.020801e+00 1.022304e+00 1.026126e+00 1.030458e+00 1.042320e+00 1.045953e+00 1.041057e+00 1.043268e+00 1.045823e+00 1.049153e+00 1.048132e+00 1.038471e+00 1.040043e+00 1.038264e+00 1.032915e+00 1.030309e+00 1.036116e+00 1.035903e+00 1.026392e+00 1.023165e+00 1.027014e+00 1.018688e+00 1.021413e+00 1.021187e+00 1.019944e+00 1.014091e+00 1.004302e+00 9.955148e-01 9.936448e-01 9.915617e-01 9.861862e-01 9.879669e-01 9.923468e-01 9.947248e-01 9.869621e-01 9.801463e-01 9.701571e-01 9.609869e-01 9.630840e-01 9.676946e-01 9.701040e-01 9.743951e-01 9.576266e-01 9.419554e-01 9.496236e-01 9.573669e-01 9.484854e-01 9.307932e-01 9.206458e-01 9.237283e-01 9.239534e-01 9.216291e-01 9.117925e-01 9.065745e-01 9.092799e-01 9.169630e-01 9.168434e-01 9.031392e-01 8.942878e-01 9.022840e-01 9.062254e-01 9.141831e-01 9.181110e-01 9.113065e-01 9.165591e-01 9.389936e-01 9.373120e-01 9.230353e-01 9.187759e-01 9.233700e-01 9.339299e-01 9.391905e-01 9.349108e-01 9.319069e-01 9.501688e-01 9.646190e-01 9.627660e-01 9.560098e-01 9.666847e-01 9.857053e-01 9.919161e-01 9.979143e-01 9.988546e-01 9.864674e-01 9.814286e-01 9.869299e-01 9.936094e-01 1.007311e+00 1.012774e+00 9.989803e-01 9.910104e-01 9.912435e-01 9.901583e-01 9.935140e-01 9.971681e-01 9.831865e-01 9.713294e-01 9.721639e-01 9.767110e-01 9.698592e-01 9.542146e-01 9.460397e-01 9.501864e-01 9.577274e-01 9.495900e-01 9.362063e-01 9.276061e-01 9.376417e-01 9.468381e-01 9.504452e-01 9.463809e-01 9.416870e-01 9.394982e-01 9.472938e-01 9.614444e-01 9.702495e-01 9.620190e-01 9.589828e-01 9.693703e-01 9.693677e-01 9.682597e-01 9.820513e-01 9.900861e-01 9.933494e-01 9.971147e-01 9.974656e-01 9.916026e-01 9.884761e-01 9.904069e-01 9.839219e-01 9.756109e-01 9.765896e-01 9.743896e-01 9.727279e-01 9.653751e-01 9.553655e-01 9.377540e-01 9.266803e-01 9.154732e-01 9.082073e-01 9.043000e-01 9.007072e-01 8.986529e-01 8.947869e-01 8.805813e-01 8.713096e-01 8.679791e-01 8.638169e-01 8.660290e-01 8.733491e-01 8.748375e-01 8.727732e-01 8.746158e-01 8.816978e-01 8.897840e-01 9.002768e-01 9.131202e-01 9.306400e-01 9.473097e-01
9.820514e-01 9.927811e-01 1.014386e+00 1.021189e+00 1.027497e+00 1.040420e+00 1.045115e+00 1.049392e+00 1.051066e+00 1.050480e+00 1.048002e+00 1.045034e+00 1.044333e+00 1.046658e+00 1.041800e+00 1.043689e+00 1.049523e+00 1.053394e+00 1.053611e+00 1.054641e+00 1.051472e+00 1.048438e+00 1.045349e+00 1.047814e+00 1.047047e+00 1.048115e+00 1.051184e+00 1.051277e+00 1.048765e+00 1.047079e+00 1.043573e+00 1.043733e+00 1.042937e+00 1.034451e+00 1.028359e+00 1.029676e+00 1.031210e+00 1.033269e+00 1.030152e+00 1.025451e+00 1.021870e+00 1.013432e+00 1.007274e+00 1.002941e+00 1.014069e+00 1.015917e+00 1.006500e+00 1.005748e+00 1.011009e+00 1.010447e+00 1.004960e+00 9.956425e-01 9.959784e-01 1.012150e+00 1.015953e+00 1.005230e+00 1.006199e+00 1.002269e+00 9.940986e-01 9.861070e-01 9.933388e-01 1.005810e+00 1.014301e+00 1.017559e+00 1.010959e+00 1.012182e+00 1.021664e+00 1.024069e+00 1.012560e+00 1.012527e+00 1.020287e+00 1.025239e+00 1.020138e+00 1.015136e+00 1.016180e+00 1.018604e+00 1.021503e+00 1.026718e+00 1.030533e+00 1.031998e+00 1.024502e+00 1.017244e+00 1.020345e+00 1.021384e+00 1.018473e+00 1.013866e+00 1.007351e+00 1.010401e+00 1.012266e+00 1.016456e+00 1.012199e+00 1.012121e+00 1.013715e+00 1.013812e+00 1.015267e+00 1.024243e+00 1.027462e+00 1.021257e+00 1.020290e+00 1.024484e+00 1.031304e+00 1.039375e+00 1.035736e+00 1.033611e+00 1.031885e+00 1.029436e+00 1.036620e+00 1.043810e+00 1.039183e+00 1.038258e+00 1.032804e+00 1.023138e+00 1.022027e+00 1.026992e+00 1.034615e+00 1.027333e+00 1.022812e+00 1.021757e+00 1.009778e+00 1.004539e+00 1.005995e+00 1.007821e+00 9.959847e-01 9.880283e-01 9.821538e-01 9.774449e-01 9.765772e-01 9.771177e-01 9.829199e-01 9.815190e-01 9.740334e-01 9.672968e-01 9.646778e-01 9.609995e-01 9.509609e-01 9.564738e-01 9.703349e-01 9.692562e-01 9.597330e-01 9.460571e-01 9.407696e-01 9.427710e-01 9.481593e-01 9.471630e-01 9.343469e-01 9.190798e-01 9.260743e-01 9.344182e-01 9.313691e-01 9.230760e-01 9.230501e-01 9.243172e-01 9.201986e-01 9.076022e-01 8.976628e-01 9.011837e-01 9.131542e-01 9.265200e-01 9.284680e-01 9.292582e-01 9.225693e-01 9.258612e-01 9.355618e-01 9.352769e-01 9.294013e-01 9.276705e-01 9.294274e-01 9.305640e-01 9.305528e-01 9.274956e-01 9.285865e-01 9.447891e-01 9.600853e-01 9.709452e-01 9.687597e-01 9.737504e-01 9.869682e-01 9.934058e-01 9.990005e-01 9.948976e-01 9.846504e-01 9.829654e-01 9.865149e-01 1.001118e+00 1.011894e+00 1.007692e+00 9.982288e-01 9.962884e-01 9.991371e-01 9.964641e-01 9.990450e-01 9.995354e-01 9.921572e-01 9.873657e-01 9.794561e-01 9.714218e-01 9.625896e-01 9.533806e-01 9.482148e-01 9.550615e-01 9.580683e-01 9.527128e-01 9.444330e-01 9.354341e-01 9.383101e-01 9.428291e-01 9.406140e-01 9.494182e-01 9.559735e-01 9.493022e-01 9.513779e-01 9.653655e-01 9.668466e-01 9.591589e-01 9.670057e-01 9.812675e-01 9.864447e-01 9.826544e-01 9.911522e-01 9.983031e-01 9.927734e-01 9.992458e-01 1.004352e+00 9.962463e-01 9.917930e-01 9.896067e-01 9.866656e-01 9.790873e-01 9.734253e-01 9.717128e-01 9.662865e-01 9.611378e-01 9.505757e-01 9.392045e-01 9.259417e-01 9.137294e-01 9.102420e-01 9.044568e-01 8.985900e-01 8.939487e-01 8.950438e-01 8.859385e-01 8.841645e-01 8.784801e-01 8.706822e-01 8.683270e-01 8.672376e-01 8.667550e-01 8.691071e-01 8.726241e-01 8.792494e-01 8.847691e-01 8.941678e-01 9.032882e-01 9.243947e-01 9.387851e-01
9.831326e-01 9.895172e-01 1.010812e+00 1.009119e+00 1.020169e+00 1.036471e+00 1.044896e+00 1.045915e+00 1.043990e+00 1.044981e+00 1.045678e+00 1.041374e+00 1.041881e+00 1.046661e+00 1.047150e+00 1.045617e+00 1.048615e+00 1.049319e+00 1.050668e+00 1.051478e+00 1.047619e+00 1.043986e+00 1.043789e+00 1.043553e+00 1.041406e+00 1.042113e+00 1.047605e+00 1.048838e+00 1.046453e+00 1.046418e+00 1.043046e+00 1.046271e+00 1.046754e+00 1.040704e+00 1.033343e+00 1.034471e+00 1.030864e+00 1.036502e+00 1.038829e+00 1.033484e+00 1.024740e+00 1.014573e+00 1.010812e+00 1.015581e+00 1.021723e+00 1.020381e+00 1.017553e+00 1.019215e+00 1.019148e+00 1.019342e+00 1.011172e+00 1.001636e+00 1.007571e+00 1.013575e+00 1.016686e+00 1.010245e+00 1.006518e+00 9.982134e-01 9.944334e-01 9.947795e-01 1.007486e+00 1.012488e+00 1.018264e+00 1.018716e+00 1.011925e+00 1.015382e+00 1.020089e+00 1.015613e+00 1.004680e+00 1.009167e+00 1.022534e+00 1.020345e+00 1.014477e+00 1.020820e+00 1.020207e+00 1.016125e+00 1.019950e+00 1.025458e+00 1.026263e+00 1.026635e+00 1.022722e+00 1.020393e+00 1.024005e+00 1.026163e+00 1.023365e+00 1.014678e+00 1.004321e+00 9.991749e-01 1.006043e+00 1.013980e+00 1.016441e+00 1.015298e+00 1.013520e+00 1.014850e+00 1.018390e+00 1.022663e+00 1.031443e+00 1.032319e+00 1.029457e+00 1.028153e+00 1.033259e+00 1.033280e+00 1.031038e+00 1.028805e+00 1.022117e+00 1.018984e+00 1.031310e+00 1.042259e+00 1.041381e+00 1.034226e+00 1.017135e+00 1.004414e+00 1.008741e+00 1.021155e+00 1.029945e+00 1.028751e+00 1.023619e+00 1.018577e+00 1.006990e+00 1.004370e+00 1.001060e+00 1.000011e+00 9.910501e-01 9.877200e-01 9.813813e-01 9.776074e-01 9.743078e-01 9.767920e-01 9.812518e-01 9.858307e-01 9.848377e-01 9.754183e-01 9.674369e-01 9.530411e-01 9.466895e-01 9.588370e-01 9.670536e-01 9.582276e-01 9.480742e-01 9.346843e-01 9.268209e-01 9.219984e-01 9.151835e-01 9.143854e-01 9.165595e-01 9.161900e-01 9.335673e-01 9.452767e-01 9.428527e-01 9.446772e-01 9.460320e-01 9.337018e-01 9.186575e-01 9.077086e-01 9.095855e-01 9.219677e-01 9.315109e-01 9.338441e-01 9.355416e-01 9.361935e-01 9.352787e-01 9.413328e-01 9.423734e-01 9.405094e-01 9.376011e-01 9.336968e-01 9.371922e-01 9.355379e-01 9.260302e-01 9.284149e-01 9.386960e-01 9.471529e-01 9.602212e-01 9.707540e-01 9.705202e-01 9.693325e-01 9.756982e-01 9.873585e-01 9.947003e-01 9.947025e-01 9.866279e-01 9.840515e-01 9.895594e-01 1.005914e+00 1.013626e+00 1.015761e+00 1.007752e+00 1.000470e+00 9.992208e-01 9.972876e-01 9.954056e-01 9.877761e-01 9.888164e-01 9.932069e-01 9.864583e-01 9.713274e-01 9.644065e-01 9.587778e-01 9.586092e-01 9.608327e-01 9.567698e-01 9.559360e-01 9.541689e-01 9.429458e-01 9.409210e-01 9.414175e-01 9.422941e-01 9.508128e-01 9.584195e-01 9.606389e-01 9.608270e-01 9.650407e-01 9.637899e-01 9.673606e-01 9.801897e-01 9.927722e-01 9.973738e-01 9.966482e-01 1.000357e+00 1.005467e+00 9.995414e-01 1.003199e+00 1.008077e+00 9.989667e-01 9.874918e-01 9.851537e-01 9.826896e-01 9.802424e-01 9.797798e-01 9.723822e-01 9.584019e-01 9.493705e-01 9.425800e-01 9.398887e-01 9.297228e-01 9.232769e-01 9.160008e-01 9.076878e-01 8.945410e-01 8.896860e-01 8.926194e-01 8.923173e-01 8.922752e-01 8.825741e-01 8.753127e-01 8.713149e-01 8.633838e-01 8.587763e-01 8.676327e-01 8.799561e-01 8.848761e-01 8.946786e-01 9.049954e-01 9.138202e-01 9.260606e-01 9.391309e-01
9.934147e-01 9.961322e-01 1.014235e+00 1.015856e+00 1.024362e+00 1.032220e+00 1.039132e+00 1.039946e+00 1.041144e+00 1.044094e+00 1.049466e+00 1.048724e+00 1.043955e+00 1.045238e+00 1.042820e+00 1.040906e+00 1.043541e+00 1.042129e+00 1.044447e+00 1.044970e+00 1.044151e+00 1.044276e+00 1.043411e+00 1.045526e+00 1.043968e+00 1.043194e+00 1.047726e+00 1.049454e+00 1.047867e+00 1.046562e+00 1.044646e+00 1.047246e+00 1.049130e+00 1.046030e+00 1.040991e+00 1.040367e+00 1.034161e+00 1.032194e+00 1.032892e+00 1.029649e+00 1.023631e+00 1.016770e+00 1.018926e+00 1.021532e+00 1.014810e+00 1.008207e+00 1.008029e+00 1.013505e+00 1.015261e+00 1.009764e+00 1.006364e+00 1.003968e+00 1.008393e+00 1.016859e+00 1.022541e+00 1.024332e+00 1.020050e+00 1.014689e+00 1.010363e+00 1.007552e+00 1.010559e+00 1.011936e+00 1.010297e+00 1.000171e+00 9.993106e-01 1.008812e+00 1.015821e+00 1.012684e+00 1.004705e+00 1.006835e+00 1.016973e+00 1.013943e+00 1.014600e+00 1.021970e+00 1.016921e+00 1.014393e+00 1.016205e+00 1.018752e+00 1.022516e+00 1.022452e+00 1.014533e+00 1.010473e+00 1.013271e+00 1.014045e+00 1.017122e+00 1.015437e+00 1.009416e+00 1.012593e+00 1.015001e+00 1.013162e+00 1.015798e+00 1.014920e+00 1.009540e+00 1.009458e+00 1.011775e+00 1.022940e+00 1.026504e+00 1.025966e+00 1.020804e+00 1.021872e+00 1.032072e+00 1.032658e+00 1.025875e+00 1.023213e+00 1.021860e+00 1.025001e+00 1.034656e+00 1.040568e+00 1.038626e+00 1.032553e+00 1.019319e+00 1.006252e+00 1.000062e+00 1.011353e+00 1.024463e+00 1.028593e+00 1.022958e+00 1.017536e+00 1.002364e+00 9.937732e-01 9.962707e-01 9.998409e-01 9.996334e-01 9.965420e-01 9.821257e-01 9.756346e-01 9.753327e-01 9.826026e-01 9.778464e-01 9.766369e-01 9.800621e-01 9.817172e-01 9.716008e-01 9.541280e-01 9.495835e-01 9.520943e-01 9.558403e-01 9.561797e-01 9.549932e-01 9.414126e-01 9.286383e-01 9.289381e-01 9.204325e-01 9.175435e-01 9.216887e-01 9.250165e-01 9.393052e-01 9.563526e-01 9.544380e-01 9.507834e-01 9.503103e-01 9.350417e-01 9.225107e-01 9.245069e-01 9.390550e-01 9.458227e-01 9.445860e-01 9.390349e-01 9.370833e-01 9.381550e-01 9.383773e-01 9.427815e-01 9.442495e-01 9.424373e-01 9.398807e-01 9.399720e-01 9.420592e-01 9.291242e-01 9.184048e-01 9.315040e-01 9.501877e-01 9.525990e-01 9.598836e-01 9.656779e-01 9.725967e-01 9.696702e-01 9.745238e-01 9.901166e-01 9.982303e-01 9.967622e-01 9.909543e-01 9.867066e-01 9.936529e-01 1.005060e+00 1.015160e+00 1.020168e+00 1.009007e+00 9.981232e-01 9.976066e-01 9.936639e-01 9.918295e-01 9.870081e-01 9.890457e-01 9.941496e-01 9.836322e-01 9.701036e-01 9.633210e-01 9.680470e-01 9.684530e-01 9.610513e-01 9.588596e-01 9.589297e-01 9.494810e-01 9.339403e-01 9.358607e-01 9.406338e-01 9.448676e-01 9.524719e-01 9.614747e-01 9.690019e-01 9.736037e-01 9.699782e-01 9.710810e-01 9.803784e-01 9.830396e-01 9.909257e-01 9.983652e-01 9.994755e-01 1.005074e+00 1.012664e+00 1.012663e+00 1.007048e+00 1.004081e+00 9.940308e-01 9.837837e-01 9.836171e-01 9.887344e-01 9.897116e-01 9.929639e-01 9.775622e-01 9.494717e-01 9.330972e-01 9.368950e-01 9.372709e-01 9.335503e-01 9.293666e-01 9.222576e-01 9.057534e-01 8.903773e-01 8.858963e-01 8.940170e-01 8.940495e-01 8.837700e-01 8.756744e-01 8.716006e-01 8.693859e-01 8.636474e-01 8.620058e-01 8.766364e-01 8.834288e-01 8.890162e-01 9.046391e-01 9.135003e-01 9.157944e-01 9.237934e-01 9.378600e-01
9.960641e-01 9.995516e-01 1.009494e+00 1.014186e+00 1.023800e+00 1.028001e+00 1.031706e+00 1.040776e+00 1.043735e+00 1.046204e+00 1.050191e+00 1.050282e+00 1.044670e+00 1.043981e+00 1.039706e+00 1.031030e+00 1.029922e+00 1.033547e+00 1.037276e+00 1.041368e+00 1.044186e+00 1.046684e+00 1.047970e+00 1.049657e+00 1.047354e+00 1.047279e+00 1.048365e+00 1.049349e+00 1.049158e+00 1.045414e+00 1.042473e+00 1.045428e+00 1.046253e+00 1.046195e+00 1.042533e+00 1.038268e+00 1.032544e+00 1.023409e+00 1.024345e+00 1.022978e+00 1.017800e+00 1.011763e+00 1.007344e+00 1.006173e+00 1.002920e+00 1.007935e+00 1.008036e+00 1.014682e+00 1.013428e+00 1.005467e+00 1.004372e+00 1.006581e+00 1.008396e+00 1.015600e+00 1.021054e+00 1.025676e+00 1.023191e+00 1.017990e+00 1.013001e+00 1.007354e+00 1.006493e+00 1.012498e+00 1.002365e+00 9.887936e-01 9.927415e-01 9.993899e-01 1.011230e+00 1.012422e+00 1.011837e+00 1.019319e+00 1.026123e+00 1.022344e+00 1.020439e+00 1.023205e+00 1.018104e+00 1.018399e+00 1.025832e+00 1.018754e+00 1.017723e+00 1.020489e+00 1.015386e+00 1.004992e+00 1.002064e+00 1.001060e+00 1.006862e+00 1.018220e+00 1.019509e+00 1.022362e+00 1.019260e+00 1.013747e+00 1.016038e+00 1.014487e+00 1.006000e+00 1.005729e+00 1.012450e+00 1.024188e+00 1.026618e+00 1.021449e+00 1.015362e+00 1.011951e+00 1.024284e+00 1.032413e+00 1.031672e+00 1.030014e+00 1.032073e+00 1.036992e+00 1.037698e+00 1.037994e+00 1.040402e+00 1.041784e+00 1.035858e+00 1.018687e+00 1.009782e+00 1.017517e+00 1.025045e+00 1.021805e+00 1.017764e+00 1.013743e+00 1.004571e+00 9.949537e-01 9.991235e-01 1.005461e+00 1.001258e+00 9.969113e-01 9.891669e-01 9.800120e-01 9.786642e-01 9.766029e-01 9.681830e-01 9.685017e-01 9.697600e-01 9.700338e-01 9.649800e-01 9.594358e-01 9.553686e-01 9.526641e-01 9.538345e-01 9.580228e-01 9.631609e-01 9.561232e-01 9.462628e-01 9.374664e-01 9.300388e-01 9.300869e-01 9.323922e-01 9.384755e-01 9.468112e-01 9.572542e-01 9.499103e-01 9.450690e-01 9.469886e-01 9.431527e-01 9.387609e-01 9.424869e-01 9.539413e-01 9.544605e-01 9.512358e-01 9.439551e-01 9.339999e-01 9.338418e-01 9.380858e-01 9.387848e-01 9.436564e-01 9.439803e-01 9.463877e-01 9.499022e-01 9.426014e-01 9.256597e-01 9.206986e-01 9.344453e-01 9.560081e-01 9.619564e-01 9.643984e-01 9.694825e-01 9.721382e-01 9.709057e-01 9.834909e-01 9.995346e-01 9.998375e-01 9.944198e-01 9.920645e-01 9.932803e-01 9.978619e-01 1.006326e+00 1.018609e+00 1.021111e+00 1.015209e+00 1.007903e+00 1.001909e+00 1.002927e+00 1.005340e+00 1.001060e+00 1.002993e+00 1.002431e+00 9.932359e-01 9.796782e-01 9.723730e-01 9.726295e-01 9.640356e-01 9.503838e-01 9.532176e-01 9.568040e-01 9.440011e-01 9.364959e-01 9.387502e-01 9.386629e-01 9.390725e-01 9.541306e-01 9.729488e-01 9.748263e-01 9.713940e-01 9.680446e-01 9.771899e-01 9.851388e-01 9.813137e-01 9.850325e-01 9.984555e-01 1.003290e+00 1.007181e+00 1.015750e+00 1.016710e+00 1.014402e+00 1.005382e+00 9.909689e-01 9.870296e-01 9.897720e-01 9.982613e-01 9.983173e-01 9.976114e-01 9.769816e-01 9.515956e-01 9.399742e-01 9.436612e-01 9.448493e-01 9.397436e-01 9.335380e-01 9.207253e-01 9.056095e-01 8.931853e-01 8.915622e-01 8.906199e-01 8.913110e-01 8.806736e-01 8.762432e-01 8.727839e-01 8.702486e-01 8.650200e-01 8.654819e-01 8.757128e-01 8.893696e-01 8.898884e-01 9.027898e-01 9.042612e-01 9.074345e-01 9.175167e-01 9.354081e-01
9.912537e-01 9.966152e-01 1.006279e+00 1.009706e+00 1.021487e+00 1.031006e+00 1.031278e+00 1.037440e+00 1.042849e+00 1.045937e+00 1.051423e+00 1.049692e+00 1.048440e+00 1.043525e+00 1.034655e+00 1.027459e+00 1.025265e+00 1.029958e+00 1.033141e+00 1.038224e+00 1.042150e+00 1.045349e+00 1.049651e+00 1.050997e+00 1.047962e+00 1.045986e+00 1.047379e+00 1.048526e+00 1.046022e+00 1.040161e+00 1.037786e+00 1.044282e+00 1.045156e+00 1.044465e+00 1.040680e+00 1.038179e+00 1.033053e+00 1.027834e+00 1.026631e+00 1.022430e+00 1.019175e+00 1.012234e+00 1.005325e+00 1.002308e+00 1.007831e+00 1.011158e+00 1.010363e+00 1.013776e+00 1.009587e+00 1.007112e+00 1.003228e+00 1.001933e+00 1.001977e+00 1.012386e+00 1.016195e+00 1.016270e+00 1.018019e+00 1.020608e+00 1.016743e+00 1.008023e+00 1.005484e+00 1.011347e+00 1.006298e+00 9.977995e-01 1.000143e+00 1.002724e+00 1.014841e+00 1.020184e+00 1.022475e+00 1.027847e+00 1.031304e+00 1.031016e+00 1.030968e+00 1.024514e+00 1.019188e+00 1.022936e+00 1.027500e+00 1.018892e+00 1.015899e+00 1.019759e+00 1.015994e+00 1.005832e+00 1.004739e+00 1.007732e+00 1.010993e+00 1.014302e+00 1.014443e+00 1.016959e+00 1.020245e+00 1.014515e+00 1.014135e+00 1.012986e+00 1.008433e+00 1.009609e+00 1.015950e+00 1.021797e+00 1.022586e+00 1.020899e+00 1.018794e+00 1.019894e+00 1.023290e+00 1.026610e+00 1.033070e+00 1.034933e+00 1.030046e+00 1.029943e+00 1.032504e+00 1.035022e+00 1.038031e+00 1.041610e+00 1.039625e+00 1.028193e+00 1.026459e+00 1.027993e+00 1.023048e+00 1.016589e+00 1.010821e+00 1.013310e+00 1.011132e+00 1.005990e+00 1.006822e+00 1.007393e+00 1.002893e+00 1.000526e+00 9.960097e-01 9.910434e-01 9.875975e-01 9.796040e-01 9.700493e-01 9.627759e-01 9.679292e-01 9.654055e-01 9.599939e-01 9.671949e-01 9.693146e-01 9.597901e-01 9.585420e-01 9.586918e-01 9.588633e-01 9.551733e-01 9.469867e-01 9.362135e-01 9.351444e-01 9.420782e-01 9.511726e-01 9.575824e-01 9.571905e-01 9.540803e-01 9.448837e-01 9.372481e-01 9.397594e-01 9.422390e-01 9.428859e-01 9.442399e-01 9.490126e-01 9.519535e-01 9.505021e-01 9.470137e-01 9.428786e-01 9.376508e-01 9.346295e-01 9.389960e-01 9.459732e-01 9.482362e-01 9.527127e-01 9.534115e-01 9.450061e-01 9.446899e-01 9.433452e-01 9.479657e-01 9.559453e-01 9.625378e-01 9.682657e-01 9.706570e-01 9.662001e-01 9.625056e-01 9.838054e-01 1.003569e+00 1.003387e+00 9.973449e-01 9.981180e-01 1.002868e+00 9.979875e-01 1.001710e+00 1.011865e+00 1.018260e+00 1.018046e+00 1.009713e+00 1.010009e+00 1.016684e+00 1.014967e+00 1.005933e+00 1.004085e+00 1.009142e+00 1.009011e+00 9.893315e-01 9.758224e-01 9.725701e-01 9.601241e-01 9.480224e-01 9.549190e-01 9.581487e-01 9.527304e-01 9.559763e-01 9.570492e-01 9.404426e-01 9.411551e-01 9.602685e-01 9.750761e-01 9.765141e-01 9.744231e-01 9.771779e-01 9.816828e-01 9.841489e-01 9.856656e-01 9.924577e-01 1.003180e+00 1.009518e+00 1.008505e+00 1.011816e+00 1.011401e+00 1.010425e+00 1.006492e+00 9.875426e-01 9.786401e-01 9.842369e-01 9.969660e-01 9.910191e-01 9.810034e-01 9.691179e-01 9.612627e-01 9.557314e-01 9.547229e-01 9.505273e-01 9.412564e-01 9.268028e-01 9.129533e-01 9.079436e-01 9.055404e-01 9.008691e-01 8.913932e-01 8.812597e-01 8.784606e-01 8.765326e-01 8.821062e-01 8.775067e-01 8.639725e-01 8.636066e-01 8.768893e-01 8.786091e-01 8.797866e-01 8.918263e-01 8.933495e-01 9.060616e-01 9.200436e-01 9.331774e-01
9.893895e-01 9.974920e-01 1.002376e+00 1.009071e+00 1.022887e+00 1.030251e+00 1.030579e+00 1.032742e+00 1.033717e+00 1.039627e+00 1.045100e+00 1.048658e+00 1.050466e+00 1.044550e+00 1.034478e+00 1.029701e+00 1.030843e+00 1.030516e+00 1.034450e+00 1.039681e+00 1.042341e+00 1.043114e+00 1.044986e+00 1.046294e+00 1.043521e+00 1.045629e+00 1.044084e+00 1.042275e+00 1.040358e+00 1.038200e+00 1.038150e+00 1.046489e+00 1.045874e+00 1.045124e+00 1.040425e+00 1.037359e+00 1.034060e+00 1.029889e+00 1.025327e+00 1.015150e+00 1.008698e+00 1.008929e+00 1.010356e+00 1.010885e+00 1.011829e+00 1.012501e+00 1.007864e+00 1.011123e+00 1.011540e+00 1.014286e+00 1.012882e+00 1.007172e+00 1.000625e+00 1.003498e+00 1.009474e+00 1.013182e+00 1.015302e+00 1.016854e+00 1.009485e+00 1.009007e+00 1.014108e+00 1.010031e+00 1.005686e+00 1.006895e+00 1.010427e+00 1.013669e+00 1.026147e+00 1.031466e+00 1.031894e+00 1.031266e+00 1.032309e+00 1.031392e+00 1.029692e+00 1.025819e+00 1.024369e+00 1.024167e+00 1.024902e+00 1.018273e+00 1.015345e+00 1.019552e+00 1.019272e+00 1.009959e+00 1.014269e+00 1.019250e+00 1.016003e+00 1.013836e+00 1.014446e+00 1.017312e+00 1.019534e+00 1.016982e+00 1.016104e+00 1.010011e+00 1.009264e+00 1.017587e+00 1.021927e+00 1.022470e+00 1.023830e+00 1.021810e+00 1.023414e+00 1.022380e+00 1.020351e+00 1.021754e+00 1.031467e+00 1.031970e+00 1.024157e+00 1.026974e+00 1.032862e+00 1.028838e+00 1.026001e+00 1.032366e+00 1.033443e+00 1.027964e+00 1.031046e+00 1.028331e+00 1.023126e+00 1.016388e+00 1.010905e+00 1.011784e+00 1.013267e+00 1.012534e+00 1.006798e+00 1.003256e+00 1.003932e+00 1.010389e+00 1.008780e+00 1.003629e+00 9.966694e-01 9.876919e-01 9.803998e-01 9.773762e-01 9.853387e-01 9.795257e-01 9.776643e-01 9.841205e-01 9.779389e-01 9.618493e-01 9.610776e-01 9.597722e-01 9.540863e-01 9.527814e-01 9.438710e-01 9.410439e-01 9.448217e-01 9.562892e-01 9.652045e-01 9.657037e-01 9.649209e-01 9.535634e-01 9.468366e-01 9.429738e-01 9.525980e-01 9.540792e-01 9.518197e-01 9.528756e-01 9.443551e-01 9.408839e-01 9.491543e-01 9.586370e-01 9.514750e-01 9.402927e-01 9.360974e-01 9.459899e-01 9.545413e-01 9.572045e-01 9.570637e-01 9.552537e-01 9.517016e-01 9.591596e-01 9.582158e-01 9.554687e-01 9.530396e-01 9.656068e-01 9.681622e-01 9.680619e-01 9.656677e-01 9.671672e-01 9.810411e-01 9.933770e-01 9.983896e-01 9.999765e-01 1.010191e+00 1.009935e+00 1.000195e+00 9.934071e-01 1.002929e+00 1.012535e+00 1.016232e+00 1.012172e+00 1.015407e+00 1.015781e+00 1.007154e+00 9.942264e-01 9.997710e-01 1.011525e+00 1.011582e+00 9.966475e-01 9.797407e-01 9.688863e-01 9.579780e-01 9.576067e-01 9.653150e-01 9.672770e-01 9.651771e-01 9.676353e-01 9.700286e-01 9.554620e-01 9.493346e-01 9.640622e-01 9.759448e-01 9.747533e-01 9.750079e-01 9.783962e-01 9.851363e-01 9.930767e-01 9.968916e-01 1.001198e+00 1.005870e+00 1.007034e+00 1.003624e+00 1.004726e+00 1.006237e+00 1.007490e+00 1.003478e+00 9.928557e-01 9.784640e-01 9.829297e-01 9.872616e-01 9.762440e-01 9.703199e-01 9.691188e-01 9.618168e-01 9.670570e-01 9.646655e-01 9.504077e-01 9.386575e-01 9.265950e-01 9.210665e-01 9.193099e-01 9.140823e-01 9.041929e-01 8.963031e-01 8.815774e-01 8.754316e-01 8.781604e-01 8.854929e-01 8.821734e-01 8.745640e-01 8.748706e-01 8.819576e-01 8.827464e-01 8.803689e-01 8.889915e-01 8.975018e-01 9.156996e-01 9.284903e-01 9.346925e-01
9.796473e-01 9.884774e-01 9.984968e-01 1.011080e+00 1.023440e+00 1.026970e+00 1.027797e+00 1.027724e+00 1.028171e+00 1.030704e+00 1.034224e+00 1.041493e+00 1.046886e+00 1.042510e+00 1.035642e+00 1.034986e+00 1.038093e+00 1.035929e+00 1.037490e+00 1.045070e+00 1.048008e+00 1.046593e+00 1.045286e+00 1.045541e+00 1.043942e+00 1.042658e+00 1.039346e+00 1.036628e+00 1.035591e+00 1.036507e+00 1.041023e+00 1.044058e+00 1.041760e+00 1.042836e+00 1.040346e+00 1.031871e+00 1.025677e+00 1.022342e+00 1.024678e+00 1.019797e+00 1.017712e+00 1.017182e+00 1.015755e+00 1.008854e+00 1.005646e+00 1.001615e+00 9.993556e-01 1.007533e+00 1.011073e+00 1.015623e+00 1.020642e+00 1.020372e+00 1.007440e+00 1.003238e+00 1.001624e+00 1.010643e+00 1.014616e+00 1.020735e+00 1.016109e+00 1.012045e+00 1.016372e+00 1.009836e+00 1.005940e+00 1.011625e+00 1.012955e+00 1.018659e+00 1.028169e+00 1.025826e+00 1.026814e+00 1.026630e+00 1.025545e+00 1.026052e+00 1.025073e+00 1.022920e+00 1.021490e+00 1.016181e+00 1.014536e+00 1.014580e+00 1.019583e+00 1.022157e+00 1.022700e+00 1.016701e+00 1.016257e+00 1.015639e+00 1.011877e+00 1.010477e+00 1.013918e+00 1.019880e+00 1.015960e+00 1.016266e+00 1.015626e+00 1.006616e+00 1.007352e+00 1.013535e+00 1.021796e+00 1.023599e+00 1.026253e+00 1.029252e+00 1.025459e+00 1.021590e+00 1.016267e+00 1.008908e+00 1.019856e+00 1.029004e+00 1.032721e+00 1.033602e+00 1.031748e+00 1.027398e+00 1.026439e+00 1.026724e+00 1.025362e+00 1.022161e+00 1.029483e+00 1.031511e+00 1.025355e+00 1.013219e+00 1.004854e+00 1.006036e+00 1.015847e+00 1.022453e+00 1.012318e+00 9.997046e-01 1.004678e+00 1.011861e+00 1.007141e+00 1.000238e+00 9.910988e-01 9.846731e-01 9.783641e-01 9.850820e-01 9.949919e-01 9.874830e-01 9.829662e-01 9.868042e-01 9.813452e-01 9.659454e-01 9.578893e-01 9.471218e-01 9.481689e-01 9.471179e-01 9.388950e-01 9.332345e-01 9.485197e-01 9.656875e-01 9.679551e-01 9.637260e-01 9.613770e-01 9.563560e-01 9.519695e-01 9.585823e-01 9.643317e-01 9.592499e-01 9.567802e-01 9.543139e-01 9.379203e-01 9.288557e-01 9.468030e-01 9.618226e-01 9.578920e-01 9.461908e-01 9.408647e-01 9.441444e-01 9.486789e-01 9.477190e-01 9.462316e-01 9.488689e-01 9.502636e-01 9.556536e-01 9.580698e-01 9.610539e-01 9.613190e-01 9.640588e-01 9.585681e-01 9.588159e-01 9.652230e-01 9.749624e-01 9.844792e-01 9.907961e-01 1.003781e+00 1.009450e+00 1.018085e+00 1.014352e+00 1.002152e+00 9.927729e-01 1.000297e+00 1.008868e+00 1.013602e+00 1.013020e+00 1.021796e+00 1.018911e+00 1.010677e+00 9.979078e-01 9.989976e-01 1.011439e+00 1.014686e+00 1.000111e+00 9.807010e-01 9.686962e-01 9.567748e-01 9.629949e-01 9.706866e-01 9.688684e-01 9.607305e-01 9.580657e-01 9.625298e-01 9.584787e-01 9.557963e-01 9.627932e-01 9.706378e-01 9.733620e-01 9.700847e-01 9.799815e-01 9.926966e-01 9.995059e-01 9.997746e-01 1.002404e+00 1.011630e+00 1.005901e+00 1.000305e+00 1.005698e+00 1.006533e+00 1.005127e+00 1.005839e+00 9.999763e-01 9.858953e-01 9.842744e-01 9.744132e-01 9.730390e-01 9.846838e-01 9.665463e-01 9.514719e-01 9.616905e-01 9.627042e-01 9.475762e-01 9.336506e-01 9.250096e-01 9.250794e-01 9.254827e-01 9.186760e-01 9.139148e-01 9.039208e-01 8.865353e-01 8.788091e-01 8.787012e-01 8.883370e-01 8.847178e-01 8.798002e-01 8.794160e-01 8.811642e-01 8.825459e-01 8.791289e-01 8.850155e-01 8.938954e-01 9.100791e-01 9.237186e-01 9.331384e-01
9.751322e-01 9.845048e-01 1.003156e+00 1.011284e+00 1.017958e+00 1.020573e+00 1.021973e+00 1.024517e+00 1.022071e+00 1.025384e+00 1.031728e+00 1.038062e+00 1.043989e+00 1.044602e+00 1.039386e+00 1.037108e+00 1.039403e+00 1.036546e+00 1.041693e+00 1.048451e+00 1.052037e+00 1.049384e+00 1.048311e+00 1.046956e+00 1.045437e+00 1.043260e+00 1.038670e+00 1.035387e+00 1.034407e+00 1.037415e+00 1.039567e+00 1.038240e+00 1.035807e+00 1.037364e+00 1.040201e+00 1.036006e+00 1.023910e+00 1.014926e+00 1.023347e+00 1.024622e+00 1.021606e+00 1.020695e+00 1.020248e+00 1.014816e+00 1.010669e+00 1.006701e+00 1.003308e+00 1.008977e+00 1.009459e+00 1.018453e+00 1.026101e+00 1.022058e+00 1.013072e+00 1.010212e+00 1.008724e+00 1.015059e+00 1.020893e+00 1.025849e+00 1.024968e+00 1.018986e+00 1.018056e+00 1.012263e+00 1.004743e+00 1.008626e+00 1.015019e+00 1.023870e+00 1.018832e+00 1.012123e+00 1.012495e+00 1.018692e+00 1.022959e+00 1.024372e+00 1.024777e+00 1.023514e+00 1.020484e+00 1.010150e+00 1.001872e+00 1.001534e+00 1.015053e+00 1.023302e+00 1.022323e+00 1.016334e+00 1.010638e+00 1.006782e+00 1.008652e+00 1.007843e+00 1.018242e+00 1.026294e+00 1.019699e+00 1.015206e+00 1.014423e+00 1.011512e+00 1.010673e+00 1.012786e+00 1.018912e+00 1.019890e+00 1.018879e+00 1.024801e+00 1.023874e+00 1.022530e+00 1.017659e+00 1.011962e+00 1.018878e+00 1.029635e+00 1.040354e+00 1.040923e+00 1.031923e+00 1.024014e+00 1.023990e+00 1.023234e+00 1.020689e+00 1.027621e+00 1.033983e+00 1.035005e+00 1.026314e+00 1.017029e+00 1.004965e+00 9.999982e-01 1.010236e+00 1.020763e+00 1.010717e+00 1.002091e+00 1.005060e+00 1.006335e+00 1.003479e+00 9.931071e-01 9.836840e-01 9.794112e-01 9.813018e-01 9.883161e-01 9.907675e-01 9.904524e-01 9.877256e-01 9.816136e-01 9.720332e-01 9.655294e-01 9.508350e-01 9.482449e-01 9.504833e-01 9.539005e-01 9.509093e-01 9.437431e-01 9.480668e-01 9.585109e-01 9.634126e-01 9.711682e-01 9.663068e-01 9.625378e-01 9.614148e-01 9.634788e-01 9.552835e-01 9.479738e-01 9.468008e-01 9.561354e-01 9.420516e-01 9.335375e-01 9.466164e-01 9.603717e-01 9.624343e-01 9.519750e-01 9.485337e-01 9.484991e-01 9.525414e-01 9.518745e-01 9.529095e-01 9.495062e-01 9.515644e-01 9.590842e-01 9.651364e-01 9.655356e-01 9.673173e-01 9.615232e-01 9.579026e-01 9.655117e-01 9.741022e-01 9.819301e-01 9.899993e-01 9.955493e-01 1.006199e+00 1.015246e+00 1.020327e+00 1.018702e+00 1.014552e+00 1.014144e+00 1.010788e+00 1.013795e+00 1.016817e+00 1.017636e+00 1.023737e+00 1.024026e+00 1.018978e+00 1.004427e+00 1.001915e+00 1.007348e+00 1.005502e+00 9.912483e-01 9.787347e-01 9.782681e-01 9.726901e-01 9.738361e-01 9.741854e-01 9.695717e-01 9.625452e-01 9.618495e-01 9.631293e-01 9.570618e-01 9.575520e-01 9.671385e-01 9.715220e-01 9.681786e-01 9.652495e-01 9.853413e-01 1.000329e+00 1.004327e+00 1.003586e+00 1.005969e+00 1.014151e+00 1.008690e+00 9.974992e-01 9.992729e-01 1.004432e+00 9.969943e-01 9.986141e-01 9.990574e-01 9.941872e-01 9.876793e-01 9.726589e-01 9.776160e-01 9.867010e-01 9.730703e-01 9.465303e-01 9.429494e-01 9.526902e-01 9.575102e-01 9.424296e-01 9.179978e-01 9.150546e-01 9.153447e-01 9.152327e-01 9.094664e-01 9.041581e-01 8.955952e-01 8.857295e-01 8.805780e-01 8.893236e-01 8.892878e-01 8.791574e-01 8.783524e-01 8.759094e-01 8.760494e-01 8.823309e-01 8.941755e-01 8.993114e-01 9.104810e-01 9.211040e-01 9.323235e-01
9.774442e-01 9.846733e-01 1.001017e+00 1.008374e+00 1.016145e+00 1.015898e+00 1.015214e+00 1.019744e+00 1.021856e+00 1.029078e+00 1.033413e+00 1.034585e+00 1.036643e+00 1.041308e+00 1.039190e+00 1.035288e+00 1.037818e+00 1.035888e+00 1.039175e+00 1.043927e+00 1.047599e+00 1.043208e+00 1.046636e+00 1.050427e+00 1.046856e+00 1.040143e+00 1.034566e+00 1.033266e+00 1.036748e+00 1.043848e+00 1.044215e+00 1.042013e+00 1.039481e+00 1.036524e+00 1.038917e+00 1.036124e+00 1.027840e+00 1.025357e+00 1.026167e+00 1.020203e+00 1.013232e+00 1.013908e+00 1.016807e+00 1.015823e+00 1.014053e+00 1.013419e+00 1.007782e+00 1.009522e+00 1.010071e+00 1.021509e+00 1.023874e+00 1.018007e+00 1.016322e+00 1.016107e+00 1.015825e+00 1.017473e+00 1.024578e+00 1.030452e+00 1.026288e+00 1.024029e+00 1.019770e+00 1.010657e+00 1.003088e+00 1.002893e+00 1.012131e+00 1.019452e+00 1.014599e+00 1.010543e+00 1.012084e+00 1.014821e+00 1.023867e+00 1.026102e+00 1.024157e+00 1.026930e+00 1.026942e+00 1.015219e+00 1.005306e+00 1.003958e+00 1.014113e+00 1.023704e+00 1.026019e+00 1.019253e+00 1.013557e+00 1.012631e+00 1.008839e+00 1.005898e+00 1.015993e+00 1.023871e+00 1.018000e+00 1.016032e+00 1.017526e+00 1.016233e+00 1.007686e+00 1.006713e+00 1.020012e+00 1.023226e+00 1.014949e+00 1.012229e+00 1.015050e+00 1.018487e+00 1.024773e+00 1.023798e+00 1.023897e+00 1.029540e+00 1.039636e+00 1.040982e+00 1.033023e+00 1.024079e+00 1.021142e+00 1.022089e+00 1.022050e+00 1.034257e+00 1.040443e+00 1.038830e+00 1.028925e+00 1.013976e+00 1.003807e+00 1.003303e+00 1.011150e+00 1.015152e+00 1.009372e+00 1.005293e+00 9.964706e-01 9.972943e-01 9.967873e-01 9.913168e-01 9.840927e-01 9.800820e-01 9.798251e-01 9.830694e-01 9.803071e-01 9.772903e-01 9.750161e-01 9.680281e-01 9.619313e-01 9.573468e-01 9.476632e-01 9.539417e-01 9.523737e-01 9.494469e-01 9.488286e-01 9.552220e-01 9.565771e-01 9.560370e-01 9.655184e-01 9.770145e-01 9.696795e-01 9.687445e-01 9.696762e-01 9.678993e-01 9.631641e-01 9.524532e-01 9.551718e-01 9.644871e-01 9.595105e-01 9.506178e-01 9.530340e-01 9.591411e-01 9.569082e-01 9.520183e-01 9.495229e-01 9.587676e-01 9.631720e-01 9.626948e-01 9.546698e-01 9.511450e-01 9.568843e-01 9.600829e-01 9.611768e-01 9.637695e-01 9.651712e-01 9.684600e-01 9.751865e-01 9.853572e-01 9.916716e-01 9.989346e-01 1.003756e+00 1.002977e+00 9.988373e-01 1.010054e+00 1.021262e+00 1.026099e+00 1.020413e+00 1.021262e+00 1.021295e+00 1.018217e+00 1.016494e+00 1.021844e+00 1.024351e+00 1.023974e+00 1.020770e+00 1.009747e+00 1.003721e+00 1.008361e+00 1.000380e+00 9.894166e-01 9.882637e-01 9.938684e-01 9.858568e-01 9.813705e-01 9.746220e-01 9.662951e-01 9.647964e-01 9.666106e-01 9.683640e-01 9.614530e-01 9.612047e-01 9.745079e-01 9.709203e-01 9.665064e-01 9.729108e-01 9.886324e-01 9.995624e-01 1.005643e+00 1.005663e+00 1.009176e+00 1.007218e+00 9.993351e-01 9.899434e-01 9.919579e-01 9.931762e-01 9.897174e-01 9.880695e-01 9.940988e-01 9.945437e-01 9.847340e-01 9.754730e-01 9.785224e-01 9.716132e-01 9.683762e-01 9.530918e-01 9.425171e-01 9.540359e-01 9.619753e-01 9.454445e-01 9.156144e-01 9.126482e-01 9.119080e-01 9.101881e-01 9.074492e-01 9.014534e-01 8.998737e-01 8.877314e-01 8.799775e-01 8.926816e-01 8.878090e-01 8.791683e-01 8.782839e-01 8.789075e-01 8.850243e-01 8.921959e-01 9.068902e-01 9.154742e-01 9.214786e-01 9.309139e-01 9.349087e-01
9.849133e-01 9.819681e-01 9.992434e-01 1.005862e+00 1.016683e+00 1.013538e+00 1.011833e+00 1.012349e+00 1.019777e+00 1.028619e+00 1.029599e+00 1.028251e+00 1.031259e+00 1.036720e+00 1.034160e+00 1.030297e+00 1.035148e+00 1.037759e+00 1.040756e+00 1.038452e+00 1.040010e+00 1.040853e+00 1.048602e+00 1.054553e+00 1.050595e+00 1.041031e+00 1.028908e+00 1.027668e+00 1.035340e+00 1.044987e+00 1.047941e+00 1.046211e+00 1.043691e+00 1.040103e+00 1.041288e+00 1.040634e+00 1.034154e+00 1.030986e+00 1.029975e+00 1.018113e+00 1.007900e+00 1.008356e+00 1.013840e+00 1.021301e+00 1.024401e+00 1.013191e+00 1.008520e+00 1.009854e+00 1.012688e+00 1.020688e+00 1.016792e+00 1.013604e+00 1.012755e+00 1.015224e+00 1.015047e+00 1.017488e+00 1.020519e+00 1.021586e+00 1.017292e+00 1.018239e+00 1.010115e+00 1.001476e+00 1.002630e+00 1.007315e+00 1.010744e+00 1.015259e+00 1.018616e+00 1.017894e+00 1.013138e+00 1.014121e+00 1.024603e+00 1.027068e+00 1.024135e+00 1.029098e+00 1.027992e+00 1.020061e+00 1.018951e+00 1.018876e+00 1.018999e+00 1.028998e+00 1.031506e+00 1.026152e+00 1.021875e+00 1.016827e+00 1.008715e+00 1.002623e+00 1.007232e+00 1.007613e+00 1.007439e+00 1.014014e+00 1.017039e+00 1.009510e+00 9.990483e-01 1.005973e+00 1.014913e+00 1.015303e+00 1.009495e+00 1.008889e+00 1.015707e+00 1.018495e+00 1.030279e+00 1.035513e+00 1.031467e+00 1.032785e+00 1.037330e+00 1.037649e+00 1.034904e+00 1.032045e+00 1.024615e+00 1.025487e+00 1.024343e+00 1.030188e+00 1.041149e+00 1.037006e+00 1.033373e+00 1.015240e+00 1.004945e+00 1.002742e+00 1.004236e+00 1.004903e+00 1.006666e+00 1.003616e+00 9.892613e-01 9.870473e-01 9.858645e-01 9.805401e-01 9.739285e-01 9.731330e-01 9.701965e-01 9.707556e-01 9.755976e-01 9.738538e-01 9.678382e-01 9.625783e-01 9.553525e-01 9.565664e-01 9.592279e-01 9.633201e-01 9.599210e-01 9.541107e-01 9.578512e-01 9.737169e-01 9.708152e-01 9.601988e-01 9.694756e-01 9.822022e-01 9.788735e-01 9.684424e-01 9.630527e-01 9.666418e-01 9.754555e-01 9.721718e-01 9.713111e-01 9.716988e-01 9.716430e-01 9.670054e-01 9.651095e-01 9.633405e-01 9.623556e-01 9.533261e-01 9.418657e-01 9.558133e-01 9.689727e-01 9.621294e-01 9.573776e-01 9.591194e-01 9.613346e-01 9.634596e-01 9.609414e-01 9.629850e-01 9.688339e-01 9.766173e-01 9.841284e-01 9.903482e-01 1.000571e+00 1.014537e+00 1.016457e+00 1.011657e+00 1.004990e+00 1.010810e+00 1.024918e+00 1.027400e+00 1.018856e+00 1.017633e+00 1.025868e+00 1.024016e+00 1.017577e+00 1.018820e+00 1.019192e+00 1.018641e+00 1.023814e+00 1.012324e+00 1.002114e+00 1.006541e+00 1.009706e+00 1.003703e+00 1.001154e+00 9.993955e-01 9.843888e-01 9.740423e-01 9.646766e-01 9.544684e-01 9.596716e-01 9.638696e-01 9.667471e-01 9.652144e-01 9.729434e-01 9.790184e-01 9.684022e-01 9.636614e-01 9.812909e-01 9.949490e-01 9.982882e-01 9.992114e-01 9.979786e-01 9.987575e-01 9.972472e-01 9.942887e-01 9.920799e-01 9.924436e-01 9.883039e-01 9.844751e-01 9.884841e-01 9.935112e-01 9.869486e-01 9.799236e-01 9.813535e-01 9.775336e-01 9.655871e-01 9.662033e-01 9.695090e-01 9.546553e-01 9.536024e-01 9.538968e-01 9.410683e-01 9.313881e-01 9.250658e-01 9.293171e-01 9.220046e-01 9.218669e-01 9.131243e-01 9.108889e-01 8.978215e-01 8.943135e-01 9.011725e-01 8.923085e-01 8.804793e-01 8.791305e-01 8.806487e-01 8.903100e-01 8.976550e-01 9.072521e-01 9.190760e-01 9.325986e-01 9.298617e-01 9.333802e-01
9.806918e-01 9.835193e-01 9.958018e-01 9.984199e-01 1.011861e+00 1.011214e+00 1.009673e+00 1.005867e+00 1.009882e+00 1.021966e+00 1.028307e+00 1.030964e+00 1.037947e+00 1.037499e+00 1.033642e+00 1.032280e+00 1.036057e+00 1.040941e+00 1.040823e+00 1.039814e+00 1.040071e+00 1.041611e+00 1.047246e+00 1.051393e+00 1.050859e+00 1.040810e+00 1.028346e+00 1.029601e+00 1.033943e+00 1.036819e+00 1.041255e+00 1.043241e+00 1.044523e+00 1.041615e+00 1.038929e+00 1.037605e+00 1.030910e+00 1.032676e+00 1.030520e+00 1.025522e+00 1.022067e+00 1.012317e+00 1.013181e+00 1.023051e+00 1.028276e+00 1.013072e+00 1.009327e+00 1.022488e+00 1.032446e+00 1.028200e+00 1.017064e+00 1.011123e+00 1.012015e+00 1.017930e+00 1.021154e+00 1.017679e+00 1.013421e+00 1.009739e+00 1.010168e+00 1.017981e+00 1.009015e+00 9.994428e-01 9.963311e-01 9.996458e-01 1.014312e+00 1.022752e+00 1.025339e+00 1.026186e+00 1.020405e+00 1.023430e+00 1.028893e+00 1.026907e+00 1.027519e+00 1.032261e+00 1.032329e+00 1.026867e+00 1.030362e+00 1.031006e+00 1.024313e+00 1.025913e+00 1.028251e+00 1.034280e+00 1.026461e+00 1.015571e+00 1.007389e+00 1.004235e+00 9.992708e-01 9.962121e-01 1.005474e+00 1.005890e+00 1.005263e+00 1.001435e+00 1.001714e+00 1.006933e+00 1.015246e+00 1.013060e+00 1.010060e+00 1.012614e+00 1.015865e+00 1.018929e+00 1.033847e+00 1.038916e+00 1.034212e+00 1.032738e+00 1.034850e+00 1.033610e+00 1.033283e+00 1.036405e+00 1.034230e+00 1.030766e+00 1.022486e+00 1.024063e+00 1.036603e+00 1.032138e+00 1.031654e+00 1.022163e+00 1.008478e+00 9.963077e-01 9.973549e-01 1.003444e+00 9.992196e-01 9.938136e-01 9.902627e-01 9.852068e-01 9.780384e-01 9.701225e-01 9.652765e-01 9.723208e-01 9.754588e-01 9.713500e-01 9.761426e-01 9.690913e-01 9.609901e-01 9.595665e-01 9.553060e-01 9.613087e-01 9.664730e-01 9.690281e-01 9.694533e-01 9.709637e-01 9.762971e-01 9.846956e-01 9.841772e-01 9.662641e-01 9.718141e-01 9.795415e-01 9.803027e-01 9.644660e-01 9.638148e-01 9.671475e-01 9.796599e-01 9.838114e-01 9.706775e-01 9.623324e-01 9.707438e-01 9.719077e-01 9.614466e-01 9.585398e-01 9.606632e-01 9.573423e-01 9.514965e-01 9.605557e-01 9.702225e-01 9.661744e-01 9.713019e-01 9.782330e-01 9.742862e-01 9.696113e-01 9.679031e-01 9.683083e-01 9.681420e-01 9.743463e-01 9.798293e-01 9.840633e-01 9.959856e-01 1.010709e+00 1.010042e+00 1.009757e+00 1.007424e+00 1.010590e+00 1.018243e+00 1.019940e+00 1.015123e+00 1.009391e+00 1.016451e+00 1.020912e+00 1.018064e+00 1.014281e+00 1.010693e+00 1.007627e+00 1.016048e+00 1.016249e+00 1.011845e+00 1.009717e+00 1.006796e+00 9.993963e-01 1.002826e+00 1.003258e+00 9.853924e-01 9.684039e-01 9.653683e-01 9.609573e-01 9.581810e-01 9.616989e-01 9.641629e-01 9.693620e-01 9.754130e-01 9.727380e-01 9.625595e-01 9.679682e-01 9.897828e-01 1.002515e+00 9.987193e-01 9.953860e-01 9.939164e-01 9.901702e-01 9.933706e-01 9.950385e-01 9.996556e-01 9.940417e-01 9.908924e-01 9.878318e-01 9.900985e-01 9.868544e-01 9.806105e-01 9.807776e-01 9.856615e-01 9.804915e-01 9.692920e-01 9.695674e-01 9.756715e-01 9.632432e-01 9.445096e-01 9.411959e-01 9.381630e-01 9.392089e-01 9.395643e-01 9.479911e-01 9.465423e-01 9.380990e-01 9.260875e-01 9.149914e-01 9.050973e-01 9.015465e-01 9.005188e-01 9.014412e-01 8.960812e-01 8.870289e-01 8.927449e-01 9.048018e-01 9.062985e-01 9.090412e-01 9.220646e-01 9.389721e-01 9.343806e-01 9.405932e-01
9.708077e-01 9.771869e-01 9.826360e-01 9.927889e-01 1.006210e+00 1.007289e+00 1.005645e+00 1.008565e+00 1.009838e+00 1.016586e+00 1.024057e+00 1.027176e+00 1.034899e+00 1.032291e+00 1.031473e+00 1.030313e+00 1.031449e+00 1.042416e+00 1.045941e+00 1.049051e+00 1.047790e+00 1.046163e+00 1.047560e+00 1.050690e+00 1.050049e+00 1.041897e+00 1.031506e+00 1.032180e+00 1.021279e+00 1.020772e+00 1.031031e+00 1.040870e+00 1.046750e+00 1.043934e+00 1.038129e+00 1.035043e+00 1.031008e+00 1.034786e+00 1.033240e+00 1.027336e+00 1.028224e+00 1.018117e+00 1.009816e+00 1.021447e+00 1.026858e+00 1.015188e+00 1.014062e+00 1.032588e+00 1.036549e+00 1.029401e+00 1.019957e+00 1.016747e+00 1.016423e+00 1.025879e+00 1.027605e+00 1.017248e+00 1.011429e+00 1.011512e+00 1.020532e+00 1.016656e+00 1.011486e+00 1.011437e+00 1.006104e+00 1.003151e+00 1.015921e+00 1.024509e+00 1.026256e+00 1.029639e+00 1.031324e+00 1.034355e+00 1.033900e+00 1.026129e+00 1.027885e+00 1.033911e+00 1.032667e+00 1.031336e+00 1.033774e+00 1.032655e+00 1.026312e+00 1.019599e+00 1.022906e+00 1.031862e+00 1.031660e+00 1.018053e+00 1.012147e+00 1.007615e+00 9.974886e-01 9.929935e-01 9.966325e-01 1.001839e+00 1.006884e+00 1.008488e+00 1.012395e+00 1.016748e+00 1.022975e+00 1.020563e+00 1.018108e+00 1.019219e+00 1.018627e+00 1.018696e+00 1.035299e+00 1.044225e+00 1.038132e+00 1.029850e+00 1.029299e+00 1.030357e+00 1.034160e+00 1.036240e+00 1.035724e+00 1.032283e+00 1.026535e+00 1.029355e+00 1.033721e+00 1.025764e+00 1.028507e+00 1.026646e+00 1.002225e+00 9.939945e-01 9.991502e-01 1.001249e+00 9.892014e-01 9.811187e-01 9.819295e-01 9.814807e-01 9.775413e-01 9.753666e-01 9.712697e-01 9.756955e-01 9.784367e-01 9.762798e-01 9.715447e-01 9.666827e-01 9.641378e-01 9.599063e-01 9.560040e-01 9.682022e-01 9.815686e-01 9.759428e-01 9.687049e-01 9.750724e-01 9.791029e-01 9.807922e-01 9.808646e-01 9.707415e-01 9.767278e-01 9.772857e-01 9.814163e-01 9.796383e-01 9.808035e-01 9.733620e-01 9.838902e-01 9.911507e-01 9.779730e-01 9.734102e-01 9.798059e-01 9.821482e-01 9.801242e-01 9.733595e-01 9.683146e-01 9.705099e-01 9.718753e-01 9.758902e-01 9.745513e-01 9.721417e-01 9.767318e-01 9.839188e-01 9.767187e-01 9.718425e-01 9.699811e-01 9.756159e-01 9.768599e-01 9.826852e-01 9.824544e-01 9.804683e-01 9.890085e-01 9.960376e-01 9.960087e-01 9.974114e-01 1.003749e+00 1.010507e+00 1.014882e+00 1.013009e+00 1.006109e+00 1.005041e+00 1.009899e+00 1.019739e+00 1.025708e+00 1.022960e+00 1.010779e+00 9.988703e-01 1.007745e+00 1.008669e+00 1.006819e+00 1.001509e+00 9.949222e-01 9.945849e-01 1.008118e+00 1.004257e+00 9.790738e-01 9.683738e-01 9.715377e-01 9.768124e-01 9.699088e-01 9.728210e-01 9.740153e-01 9.714605e-01 9.699329e-01 9.602471e-01 9.606603e-01 9.739977e-01 9.925470e-01 9.999502e-01 9.921877e-01 9.893450e-01 9.948025e-01 9.978988e-01 9.907480e-01 9.920933e-01 9.978983e-01 9.943160e-01 9.980053e-01 9.950910e-01 9.881563e-01 9.885514e-01 9.816346e-01 9.740852e-01 9.852648e-01 9.871827e-01 9.799210e-01 9.747432e-01 9.701821e-01 9.655935e-01 9.492692e-01 9.419609e-01 9.355768e-01 9.469950e-01 9.557251e-01 9.631193e-01 9.591831e-01 9.462803e-01 9.350894e-01 9.158280e-01 9.085680e-01 9.067050e-01 9.058744e-01 9.112327e-01 9.081778e-01 9.003636e-01 9.074350e-01 9.221534e-01 9.197473e-01 9.201349e-01 9.288235e-01 9.454266e-01 9.474757e-01 9.484280e-01
9.688669e-01 9.668019e-01 9.756585e-01 9.854484e-01 9.961971e-01 1.000215e+00 1.004915e+00 1.012561e+00 1.015533e+00 1.017318e+00 1.019750e+00 1.023066e+00 1.025316e+00 1.028933e+00 1.029105e+00 1.025943e+00 1.034351e+00 1.041980e+00 1.046794e+00 1.049649e+00 1.051023e+00 1.046213e+00 1.047679e+00 1.052046e+00 1.049651e+00 1.040341e+00 1.035638e+00 1.029089e+00 1.022144e+00 1.022698e+00 1.031719e+00 1.037731e+00 1.044704e+00 1.047053e+00 1.040169e+00 1.037982e+00 1.037357e+00 1.037247e+00 1.039203e+00 1.030671e+00 1.025284e+00 1.021803e+00 1.015435e+00 1.018323e+00 1.019739e+00 1.015630e+00 1.016291e+00 1.028027e+00 1.033128e+00 1.022022e+00 1.017139e+00 1.014759e+00 1.014385e+00 1.020174e+00 1.024232e+00 1.018764e+00 1.017070e+00 1.018378e+00 1.029111e+00 1.023865e+00 1.019276e+00 1.018116e+00 1.014817e+00 1.014825e+00 1.018913e+00 1.024428e+00 1.030534e+00 1.030436e+00 1.031509e+00 1.034055e+00 1.032176e+00 1.030091e+00 1.027418e+00 1.032408e+00 1.028615e+00 1.027542e+00 1.034944e+00 1.033644e+00 1.025862e+00 1.017825e+00 1.018002e+00 1.026718e+00 1.030341e+00 1.020668e+00 1.009753e+00 1.006311e+00 1.002895e+00 1.002524e+00 1.000598e+00 1.001470e+00 1.007640e+00 1.015103e+00 1.011791e+00 1.014372e+00 1.020684e+00 1.025691e+00 1.026328e+00 1.024554e+00 1.020396e+00 1.019899e+00 1.032132e+00 1.044031e+00 1.040241e+00 1.031979e+00 1.030915e+00 1.029742e+00 1.029765e+00 1.033500e+00 1.038658e+00 1.034736e+00 1.029231e+00 1.024918e+00 1.028526e+00 1.026932e+00 1.033083e+00 1.027048e+00 9.990900e-01 9.935642e-01 9.939896e-01 9.895810e-01 9.826640e-01 9.820181e-01 9.801843e-01 9.800224e-01 9.784487e-01 9.733168e-01 9.697226e-01 9.711475e-01 9.727860e-01 9.712291e-01 9.651031e-01 9.666333e-01 9.673199e-01 9.605184e-01 9.598943e-01 9.754931e-01 9.873008e-01 9.721732e-01 9.617155e-01 9.691585e-01 9.738823e-01 9.761565e-01 9.748442e-01 9.793217e-01 9.956579e-01 9.884562e-01 9.818140e-01 9.890999e-01 9.913445e-01 9.890779e-01 9.905747e-01 9.927391e-01 9.885958e-01 9.888209e-01 9.955417e-01 9.950286e-01 9.944733e-01 9.847363e-01 9.771776e-01 9.718702e-01 9.721403e-01 9.736573e-01 9.658808e-01 9.651091e-01 9.689357e-01 9.779838e-01 9.749225e-01 9.713819e-01 9.736601e-01 9.800345e-01 9.799512e-01 9.844479e-01 9.886962e-01 9.855713e-01 9.909707e-01 9.954230e-01 9.940524e-01 9.946730e-01 1.007341e+00 1.018946e+00 1.017112e+00 1.016900e+00 1.014653e+00 1.010593e+00 1.015259e+00 1.026985e+00 1.032870e+00 1.032096e+00 1.024695e+00 1.009185e+00 9.985104e-01 9.967845e-01 1.002560e+00 1.002616e+00 1.000009e+00 1.000939e+00 1.004279e+00 9.970143e-01 9.787142e-01 9.723961e-01 9.747025e-01 9.800169e-01 9.751948e-01 9.729120e-01 9.678258e-01 9.658585e-01 9.696591e-01 9.677267e-01 9.668298e-01 9.728361e-01 9.868807e-01 9.877929e-01 9.828352e-01 9.862979e-01 9.963872e-01 9.974038e-01 9.964955e-01 1.003823e+00 1.003448e+00 1.000263e+00 1.005027e+00 9.974197e-01 9.863604e-01 9.866089e-01 9.847900e-01 9.663901e-01 9.725093e-01 9.806046e-01 9.825076e-01 9.778378e-01 9.684645e-01 9.594777e-01 9.548463e-01 9.516389e-01 9.486712e-01 9.555968e-01 9.687583e-01 9.772945e-01 9.741108e-01 9.612429e-01 9.440963e-01 9.265109e-01 9.157671e-01 9.157867e-01 9.144602e-01 9.091476e-01 9.105058e-01 9.106690e-01 9.090253e-01 9.171719e-01 9.205714e-01 9.217266e-01 9.302236e-01 9.434139e-01 9.521044e-01 9.505914e-01
9.692377e-01 9.644204e-01 9.752643e-01 9.761135e-01 9.879960e-01 9.911764e-01 9.984855e-01 1.015656e+00 1.025607e+00 1.025184e+00 1.022826e+00 1.017248e+00 1.018322e+00 1.024284e+00 1.027324e+00 1.028235e+00 1.036240e+00 1.038462e+00 1.043951e+00 1.045877e+00 1.045515e+00 1.042928e+00 1.044114e+00 1.050351e+00 1.051553e+00 1.044224e+00 1.034751e+00 1.029710e+00 1.026608e+00 1.032464e+00 1.039312e+00 1.039657e+00 1.042509e+00 1.044830e+00 1.038648e+00 1.037129e+00 1.040190e+00 1.040015e+00 1.040552e+00 1.033729e+00 1.026564e+00 1.023595e+00 1.018697e+00 1.010477e+00 1.012614e+00 1.012396e+00 1.018519e+00 1.029487e+00 1.028666e+00 1.016042e+00 1.018292e+00 1.013039e+00 1.008212e+00 1.015665e+00 1.010522e+00 1.011814e+00 1.019289e+00 1.024375e+00 1.031873e+00 1.033189e+00 1.029921e+00 1.028095e+00 1.020559e+00 1.019813e+00 1.025488e+00 1.031389e+00 1.037585e+00 1.033855e+00 1.025290e+00 1.025450e+00 1.028451e+00 1.029876e+00 1.028105e+00 1.032743e+00 1.029836e+00 1.029829e+00 1.036087e+00 1.030269e+00 1.019337e+00 1.013806e+00 1.014588e+00 1.022607e+00 1.026185e+00 1.018867e+00 1.001583e+00 1.001775e+00 1.005566e+00 1.006488e+00 1.005871e+00 1.005047e+00 1.005178e+00 1.011785e+00 1.007732e+00 1.006315e+00 1.012483e+00 1.022039e+00 1.026617e+00 1.025841e+00 1.019045e+00 1.018250e+00 1.029590e+00 1.036292e+00 1.032594e+00 1.031978e+00 1.030386e+00 1.026502e+00 1.025555e+00 1.034067e+00 1.038439e+00 1.035228e+00 1.027953e+00 1.023142e+00 1.029565e+00 1.029544e+00 1.032577e+00 1.024179e+00 1.001015e+00 9.957280e-01 9.912416e-01 9.869909e-01 9.845498e-01 9.837943e-01 9.849684e-01 9.907659e-01 9.812694e-01 9.673795e-01 9.620211e-01 9.628217e-01 9.647659e-01 9.616511e-01 9.647582e-01 9.693907e-01 9.724517e-01 9.657055e-01 9.717926e-01 9.771271e-01 9.788585e-01 9.627910e-01 9.554735e-01 9.695360e-01 9.695813e-01 9.634879e-01 9.677955e-01 9.804192e-01 9.930297e-01 9.957587e-01 9.909211e-01 9.887236e-01 9.926305e-01 9.944409e-01 9.962629e-01 9.958450e-01 9.941756e-01 9.939267e-01 9.960977e-01 9.953291e-01 9.874951e-01 9.815387e-01 9.743536e-01 9.642531e-01 9.676348e-01 9.711163e-01 9.634191e-01 9.654663e-01 9.714801e-01 9.809877e-01 9.831173e-01 9.797616e-01 9.815496e-01 9.849274e-01 9.881132e-01 9.909753e-01 9.959378e-01 9.952281e-01 9.958873e-01 1.004072e+00 1.008341e+00 1.000198e+00 1.010233e+00 1.017570e+00 1.013984e+00 1.012437e+00 1.014272e+00 1.013927e+00 1.015528e+00 1.022317e+00 1.022423e+00 1.025606e+00 1.023316e+00 1.010786e+00 1.004321e+00 1.005579e+00 1.000771e+00 9.947652e-01 1.004182e+00 1.004818e+00 1.004006e+00 9.884070e-01 9.708385e-01 9.742585e-01 9.785461e-01 9.835418e-01 9.764024e-01 9.687984e-01 9.654490e-01 9.658392e-01 9.767780e-01 9.817775e-01 9.789296e-01 9.727582e-01 9.815896e-01 9.850187e-01 9.831163e-01 9.906271e-01 9.986385e-01 9.957630e-01 9.986618e-01 1.007929e+00 1.005431e+00 1.005368e+00 1.004975e+00 9.885643e-01 9.786872e-01 9.838920e-01 9.847108e-01 9.677544e-01 9.683949e-01 9.699107e-01 9.744968e-01 9.740419e-01 9.647530e-01 9.581078e-01 9.643289e-01 9.721204e-01 9.659307e-01 9.737913e-01 9.844204e-01 9.837807e-01 9.731041e-01 9.526244e-01 9.419131e-01 9.399194e-01 9.254676e-01 9.231098e-01 9.240140e-01 9.209787e-01 9.205338e-01 9.186560e-01 9.134929e-01 9.234056e-01 9.359275e-01 9.395352e-01 9.343396e-01 9.472631e-01 9.564427e-01 9.538095e-01
9.707684e-01 9.671297e-01 9.740095e-01 9.728506e-01 9.854531e-01 9.872363e-01 9.959688e-01 1.014857e+00 1.025545e+00 1.027314e+00 1.023734e+00 1.019689e+00 1.018699e+00 1.023051e+00 1.031384e+00 1.037681e+00 1.032483e+00 1.028533e+00 1.033728e+00 1.039442e+00 1.041162e+00 1.042495e+00 1.042931e+00 1.050079e+00 1.050413e+00 1.045797e+00 1.037041e+00 1.032979e+00 1.032164e+00 1.040646e+00 1.039568e+00 1.037655e+00 1.036667e+00 1.031698e+00 1.033254e+00 1.034717e+00 1.036324e+00 1.041988e+00 1.039755e+00 1.032473e+00 1.026848e+00 1.021841e+00 1.008743e+00 9.952830e-01 1.003070e+00 1.010278e+00 1.019552e+00 1.024227e+00 1.021029e+00 1.013536e+00 1.015759e+00 1.018669e+00 1.016534e+00 1.015842e+00 1.004992e+00 1.010492e+00 1.018939e+00 1.024070e+00 1.032088e+00 1.032388e+00 1.032033e+00 1.029621e+00 1.025108e+00 1.019439e+00 1.018296e+00 1.020059e+00 1.030100e+00 1.030933e+00 1.018079e+00 1.012923e+00 1.021517e+00 1.032822e+00 1.032262e+00 1.032789e+00 1.029647e+00 1.029755e+00 1.030264e+00 1.023226e+00 1.012751e+00 1.009122e+00 1.014762e+00 1.019384e+00 1.021778e+00 1.019970e+00 1.007907e+00 1.007969e+00 1.007431e+00 1.004975e+00 1.007999e+00 1.012226e+00 1.009826e+00 1.009993e+00 1.005252e+00 1.001233e+00 1.010998e+00 1.020382e+00 1.024088e+00 1.021907e+00 1.019639e+00 1.022134e+00 1.028412e+00 1.029193e+00 1.023148e+00 1.028531e+00 1.032029e+00 1.030859e+00 1.032840e+00 1.037924e+00 1.039700e+00 1.036164e+00 1.028681e+00 1.024400e+00 1.027080e+00 1.030864e+00 1.036506e+00 1.038324e+00 1.020813e+00 9.971249e-01 9.895939e-01 9.872856e-01 9.879165e-01 9.927852e-01 9.952127e-01 9.963124e-01 9.877250e-01 9.778259e-01 9.680559e-01 9.693911e-01 9.729766e-01 9.704178e-01 9.699447e-01 9.723955e-01 9.745412e-01 9.751325e-01 9.781520e-01 9.790898e-01 9.719462e-01 9.620491e-01 9.653473e-01 9.755283e-01 9.744374e-01 9.713033e-01 9.763106e-01 9.756156e-01 9.732080e-01 9.850757e-01 9.939986e-01 9.899885e-01 9.853671e-01 9.922962e-01 9.993708e-01 1.000320e+00 9.913794e-01 9.873690e-01 9.851027e-01 9.817567e-01 9.763200e-01 9.780738e-01 9.667429e-01 9.513684e-01 9.618806e-01 9.753372e-01 9.710550e-01 9.685951e-01 9.793593e-01 9.856991e-01 9.838337e-01 9.876090e-01 9.960643e-01 1.003121e+00 9.986614e-01 9.975481e-01 9.976723e-01 1.001443e+00 1.005316e+00 1.014287e+00 1.018004e+00 1.012067e+00 1.013672e+00 1.011919e+00 1.011564e+00 1.010999e+00 1.014905e+00 1.018610e+00 1.015286e+00 1.014241e+00 1.012050e+00 1.011836e+00 1.011535e+00 1.011637e+00 1.014186e+00 1.013922e+00 1.004174e+00 9.980085e-01 1.009169e+00 1.013296e+00 1.001694e+00 9.788635e-01 9.673587e-01 9.701271e-01 9.736962e-01 9.729322e-01 9.686548e-01 9.687799e-01 9.697410e-01 9.710882e-01 9.816331e-01 9.891917e-01 9.844593e-01 9.710180e-01 9.760308e-01 9.825096e-01 9.878339e-01 9.849154e-01 9.910047e-01 9.947079e-01 1.001830e+00 1.003463e+00 1.002584e+00 9.962905e-01 9.974980e-01 9.881063e-01 9.834165e-01 9.855966e-01 9.783947e-01 9.710085e-01 9.728102e-01 9.645771e-01 9.599127e-01 9.650211e-01 9.600543e-01 9.660879e-01 9.721766e-01 9.740488e-01 9.755360e-01 9.836867e-01 9.900188e-01 9.811653e-01 9.612049e-01 9.431555e-01 9.385143e-01 9.421807e-01 9.369386e-01 9.379295e-01 9.405130e-01 9.321778e-01 9.267672e-01 9.248506e-01 9.239640e-01 9.309108e-01 9.499477e-01 9.582408e-01 9.504854e-01 9.593127e-01 9.589832e-01 9.510872e-01
9.734460e-01 9.767621e-01 9.795414e-01 9.858061e-01 9.917726e-01 9.871235e-01 9.972323e-01 1.014312e+00 1.026657e+00 1.029300e+00 1.026789e+00 1.023844e+00 1.019656e+00 1.025621e+00 1.036428e+00 1.038885e+00 1.034303e+00 1.031411e+00 1.035138e+00 1.038425e+00 1.041204e+00 1.040842e+00 1.038988e+00 1.043621e+00 1.049150e+00 1.048473e+00 1.044734e+00 1.040427e+00 1.036032e+00 1.038288e+00 1.037492e+00 1.037597e+00 1.035075e+00 1.032358e+00 1.033396e+00 1.031223e+00 1.033234e+00 1.035784e+00 1.035573e+00 1.032474e+00 1.032122e+00 1.025175e+00 1.013460e+00 1.008868e+00 1.008631e+00 1.010299e+00 1.017206e+00 1.018047e+00 1.017526e+00 1.014354e+00 1.020208e+00 1.027497e+00 1.021344e+00 1.017688e+00 1.010303e+00 1.012414e+00 1.018338e+00 1.020535e+00 1.023032e+00 1.025140e+00 1.027425e+00 1.024561e+00 1.020423e+00 1.012514e+00 1.008021e+00 1.009989e+00 1.021034e+00 1.026482e+00 1.016512e+00 1.013810e+00 1.021708e+00 1.031222e+00 1.034809e+00 1.035058e+00 1.029125e+00 1.025158e+00 1.024741e+00 1.023592e+00 1.018414e+00 1.016520e+00 1.017803e+00 1.017901e+00 1.019586e+00 1.024557e+00 1.022729e+00 1.012807e+00 1.006122e+00 1.004581e+00 1.009440e+00 1.014941e+00 1.007474e+00 9.998710e-01 9.978058e-01 1.001658e+00 1.012917e+00 1.022941e+00 1.022466e+00 1.017161e+00 1.016317e+00 1.018353e+00 1.021487e+00 1.019256e+00 1.014363e+00 1.021772e+00 1.033463e+00 1.040560e+00 1.042948e+00 1.042639e+00 1.044584e+00 1.041114e+00 1.029346e+00 1.023908e+00 1.022383e+00 1.023707e+00 1.037013e+00 1.046501e+00 1.033428e+00 1.003224e+00 9.848299e-01 9.815108e-01 9.818894e-01 9.966810e-01 1.005963e+00 9.996697e-01 9.900444e-01 9.836041e-01 9.798009e-01 9.794903e-01 9.819672e-01 9.783482e-01 9.719978e-01 9.758393e-01 9.792647e-01 9.789354e-01 9.803082e-01 9.828610e-01 9.745749e-01 9.759740e-01 9.780717e-01 9.824402e-01 9.868889e-01 9.786755e-01 9.842733e-01 9.828990e-01 9.691644e-01 9.720405e-01 9.823920e-01 9.882643e-01 9.867282e-01 9.950039e-01 1.004543e+00 1.005773e+00 9.957045e-01 9.910802e-01 9.797242e-01 9.679701e-01 9.740837e-01 9.827228e-01 9.639459e-01 9.542128e-01 9.641841e-01 9.776564e-01 9.791284e-01 9.810014e-01 9.921714e-01 9.951733e-01 9.918490e-01 9.926324e-01 9.971525e-01 1.008518e+00 1.001857e+00 9.963948e-01 1.002641e+00 1.007668e+00 1.013066e+00 1.022628e+00 1.026462e+00 1.019549e+00 1.018828e+00 1.020646e+00 1.024429e+00 1.017297e+00 1.018317e+00 1.019030e+00 1.012933e+00 1.010622e+00 1.005691e+00 1.004544e+00 1.004238e+00 1.006951e+00 1.015893e+00 1.021960e+00 1.011424e+00 1.005034e+00 1.012329e+00 1.009728e+00 9.971299e-01 9.743990e-01 9.640502e-01 9.712460e-01 9.697619e-01 9.611173e-01 9.645908e-01 9.675577e-01 9.729329e-01 9.770353e-01 9.793484e-01 9.736730e-01 9.697976e-01 9.705292e-01 9.779540e-01 9.837618e-01 9.843363e-01 9.783193e-01 9.812351e-01 9.843807e-01 9.885731e-01 9.907626e-01 9.938442e-01 9.917783e-01 9.849699e-01 9.855692e-01 9.848129e-01 9.811054e-01 9.769731e-01 9.765112e-01 9.733006e-01 9.607979e-01 9.579633e-01 9.578962e-01 9.570642e-01 9.761093e-01 9.767616e-01 9.780087e-01 9.847852e-01 9.929888e-01 9.906551e-01 9.809535e-01 9.681112e-01 9.594404e-01 9.632043e-01 9.533168e-01 9.413915e-01 9.392706e-01 9.423693e-01 9.229355e-01 9.103724e-01 9.184705e-01 9.223669e-01 9.218789e-01 9.377051e-01 9.537120e-01 9.589666e-01 9.568150e-01 9.509940e-01 9.440160e-01
9.694141e-01 9.758680e-01 9.800432e-01 9.896353e-01 9.907119e-01 9.900681e-01 9.966441e-01 1.011209e+00 1.024420e+00 1.025930e+00 1.022720e+00 1.021662e+00 1.016425e+00 1.026043e+00 1.035532e+00 1.036838e+00 1.036859e+00 1.038802e+00 1.037902e+00 1.039089e+00 1.043597e+00 1.043738e+00 1.043430e+00 1.042791e+00 1.044161e+00 1.047229e+00 1.049478e+00 1.045774e+00 1.041179e+00 1.039605e+00 1.043901e+00 1.044664e+00 1.042948e+00 1.042446e+00 1.039787e+00 1.037679e+00 1.036323e+00 1.035537e+00 1.036658e+00 1.035820e+00 1.033495e+00 1.025165e+00 1.024302e+00 1.022715e+00 1.023681e+00 1.025846e+00 1.026340e+00 1.022215e+00 1.021171e+00 1.019848e+00 1.026999e+00 1.036428e+00 1.032769e+00 1.028472e+00 1.023833e+00 1.027369e+00 1.021979e+00 1.013621e+00 1.011034e+00 1.017812e+00 1.021233e+00 1.021539e+00 1.016072e+00 9.992914e-01 9.997296e-01 1.008960e+00 1.021456e+00 1.027683e+00 1.023241e+00 1.023570e+00 1.027969e+00 1.030379e+00 1.037009e+00 1.037551e+00 1.029910e+00 1.022804e+00 1.021612e+00 1.024122e+00 1.025876e+00 1.025721e+00 1.022720e+00 1.016022e+00 1.013918e+00 1.022631e+00 1.025134e+00 1.012915e+00 1.002340e+00 1.003570e+00 1.015128e+00 1.016949e+00 1.007266e+00 9.979076e-01 9.996591e-01 1.004668e+00 1.015217e+00 1.020482e+00 1.021354e+00 1.020289e+00 1.016818e+00 1.015413e+00 1.017416e+00 1.014982e+00 1.007305e+00 1.015038e+00 1.030218e+00 1.041057e+00 1.045400e+00 1.044577e+00 1.042830e+00 1.037705e+00 1.026884e+00 1.021628e+00 1.016321e+00 1.020300e+00 1.034296e+00 1.042768e+00 1.035006e+00 1.009188e+00 9.816869e-01 9.666800e-01 9.740323e-01 9.914947e-01 1.002953e+00 9.999861e-01 9.914494e-01 9.840324e-01 9.819384e-01 9.808604e-01 9.804927e-01 9.821567e-01 9.758435e-01 9.757312e-01 9.811180e-01 9.761183e-01 9.749634e-01 9.828668e-01 9.726035e-01 9.766352e-01 9.830332e-01 9.935049e-01 9.914088e-01 9.807552e-01 9.843135e-01 9.893861e-01 9.796022e-01 9.817055e-01 9.887391e-01 9.891071e-01 9.851765e-01 9.913605e-01 1.001168e+00 1.002604e+00 9.949214e-01 9.937008e-01 9.807603e-01 9.651562e-01 9.716958e-01 9.856822e-01 9.782952e-01 9.693519e-01 9.751700e-01 9.817937e-01 9.830874e-01 9.863953e-01 9.933222e-01 9.949016e-01 9.892819e-01 9.851308e-01 9.938689e-01 1.004118e+00 1.001674e+00 1.005066e+00 1.008677e+00 1.007282e+00 1.007949e+00 1.016128e+00 1.020918e+00 1.016608e+00 1.015396e+00 1.024934e+00 1.028273e+00 1.021875e+00 1.021819e+00 1.014178e+00 1.007529e+00 1.012190e+00 1.009725e+00 1.006458e+00 1.010944e+00 1.013433e+00 1.013716e+00 1.013095e+00 1.006563e+00 1.004826e+00 1.010730e+00 1.011977e+00 9.958881e-01 9.671293e-01 9.647021e-01 9.759908e-01 9.681833e-01 9.614650e-01 9.634079e-01 9.633099e-01 9.656630e-01 9.698001e-01 9.653189e-01 9.567101e-01 9.600113e-01 9.659675e-01 9.772572e-01 9.822132e-01 9.788313e-01 9.759234e-01 9.787273e-01 9.758316e-01 9.751834e-01 9.780950e-01 9.847144e-01 9.916237e-01 9.861786e-01 9.917312e-01 9.891437e-01 9.823383e-01 9.825294e-01 9.818584e-01 9.810535e-01 9.786093e-01 9.671538e-01 9.594931e-01 9.667466e-01 9.812920e-01 9.807300e-01 9.844366e-01 9.894806e-01 9.904652e-01 9.818473e-01 9.755244e-01 9.669022e-01 9.598600e-01 9.672152e-01 9.539205e-01 9.397181e-01 9.397843e-01 9.378847e-01 9.219938e-01 9.167089e-01 9.228252e-01 9.253087e-01 9.253978e-01 9.331867e-01 9.503224e-01 9.572926e-01 9.529927e-01 9.505894e-01 9.484694e-01
9.674016e-01 9.629646e-01 9.661263e-01 9.773866e-01 9.841028e-01 9.925738e-01 9.919988e-01 1.002210e+00 1.016969e+00 1.021195e+00 1.016755e+00 1.018083e+00 1.018020e+00 1.023835e+00 1.028558e+00 1.031514e+00 1.034876e+00 1.039744e+00 1.039217e+00 1.041921e+00 1.045958e+00 1.043036e+00 1.042856e+00 1.043241e+00 1.046994e+00 1.047466e+00 1.051509e+00 1.053475e+00 1.048197e+00 1.046112e+00 1.044827e+00 1.044607e+00 1.043846e+00 1.043778e+00 1.040957e+00 1.037959e+00 1.038181e+00 1.039892e+00 1.041426e+00 1.036964e+00 1.033581e+00 1.031755e+00 1.034362e+00 1.031945e+00 1.031765e+00 1.035166e+00 1.032529e+00 1.024961e+00 1.021610e+00 1.021369e+00 1.030851e+00 1.034525e+00 1.033297e+00 1.027856e+00 1.027082e+00 1.029687e+00 1.019554e+00 1.010810e+00 1.008849e+00 1.011729e+00 1.014108e+00 1.016592e+00 1.009587e+00 9.943136e-01 9.996123e-01 1.007347e+00 1.021252e+00 1.030924e+00 1.032989e+00 1.033008e+00 1.038560e+00 1.033324e+00 1.036293e+00 1.037308e+00 1.033965e+00 1.027318e+00 1.022747e+00 1.017922e+00 1.023740e+00 1.031592e+00 1.027921e+00 1.018300e+00 1.016631e+00 1.018261e+00 1.016665e+00 1.009920e+00 1.003619e+00 1.006145e+00 1.013403e+00 1.011429e+00 1.004999e+00 1.002044e+00 1.004844e+00 1.012302e+00 1.018735e+00 1.020789e+00 1.020138e+00 1.020243e+00 1.015105e+00 1.016526e+00 1.017537e+00 1.011933e+00 1.005952e+00 1.016021e+00 1.028871e+00 1.036016e+00 1.042692e+00 1.045409e+00 1.043058e+00 1.031223e+00 1.025916e+00 1.024818e+00 1.019563e+00 1.023491e+00 1.031136e+00 1.030355e+00 1.022056e+00 1.009852e+00 9.837945e-01 9.641406e-01 9.716948e-01 9.902893e-01 9.997057e-01 9.893956e-01 9.756278e-01 9.750419e-01 9.809287e-01 9.859994e-01 9.786581e-01 9.764401e-01 9.783914e-01 9.765348e-01 9.732354e-01 9.727178e-01 9.751781e-01 9.815865e-01 9.806626e-01 9.744186e-01 9.790653e-01 9.916883e-01 9.902266e-01 9.866691e-01 9.941218e-01 9.952603e-01 9.950702e-01 1.007530e+00 1.012271e+00 1.007429e+00 1.001027e+00 1.002003e+00 1.000093e+00 1.003004e+00 1.007676e+00 1.003260e+00 9.904639e-01 9.775351e-01 9.777600e-01 9.925293e-01 9.969416e-01 9.916162e-01 9.824695e-01 9.820424e-01 9.839293e-01 9.833300e-01 9.825832e-01 9.817171e-01 9.868721e-01 9.877372e-01 9.921780e-01 9.924075e-01 9.980151e-01 1.013645e+00 1.011389e+00 9.995931e-01 1.001560e+00 1.009313e+00 1.011235e+00 1.014595e+00 1.020652e+00 1.025101e+00 1.025281e+00 1.020495e+00 1.013750e+00 1.003594e+00 1.002219e+00 1.007936e+00 1.004637e+00 1.004729e+00 1.011311e+00 1.018126e+00 1.010845e+00 1.013682e+00 1.010877e+00 1.004634e+00 1.010050e+00 1.011563e+00 9.939873e-01 9.724292e-01 9.786045e-01 9.778591e-01 9.670370e-01 9.674591e-01 9.701495e-01 9.730353e-01 9.653416e-01 9.581778e-01 9.586057e-01 9.546853e-01 9.640068e-01 9.682240e-01 9.681323e-01 9.714129e-01 9.745417e-01 9.757293e-01 9.750013e-01 9.747890e-01 9.760850e-01 9.768039e-01 9.796906e-01 9.833909e-01 9.919961e-01 1.000099e+00 1.001540e+00 9.961561e-01 9.911177e-01 9.849903e-01 9.857248e-01 9.885002e-01 9.834241e-01 9.755129e-01 9.841462e-01 9.896243e-01 9.914260e-01 9.898570e-01 9.863201e-01 9.803888e-01 9.769991e-01 9.742517e-01 9.656509e-01 9.589410e-01 9.576926e-01 9.563374e-01 9.460773e-01 9.422638e-01 9.469584e-01 9.410093e-01 9.376081e-01 9.463230e-01 9.461251e-01 9.404200e-01 9.456968e-01 9.578137e-01 9.586906e-01 9.606867e-01 9.597650e-01 9.558979e-01
9.645195e-01 9.534224e-01 9.604293e-01 9.623811e-01 9.715210e-01 9.798076e-01 9.822500e-01 9.915437e-01 1.007726e+00 1.014513e+00 1.015435e+00 1.020059e+00 1.022453e+00 1.028318e+00 1.034320e+00 1.036456e+00 1.038602e+00 1.040001e+00 1.038637e+00 1.038290e+00 1.042738e+00 1.046015e+00 1.043537e+00 1.042271e+00 1.043126e+00 1.045249e+00 1.048023e+00 1.053970e+00 1.052382e+00 1.045926e+00 1.039682e+00 1.035770e+00 1.037139e+00 1.039605e+00 1.036932e+00 1.033774e+00 1.038879e+00 1.039075e+00 1.039230e+00 1.039620e+00 1.037691e+00 1.034339e+00 1.035092e+00 1.034025e+00 1.030800e+00 1.025738e+00 1.027314e+00 1.022423e+00 1.014333e+00 1.017877e+00 1.028138e+00 1.033714e+00 1.033111e+00 1.026934e+00 1.019186e+00 1.017666e+00 1.017685e+00 1.018100e+00 1.018790e+00 1.011936e+00 1.007091e+00 1.013716e+00 1.009267e+00 1.002578e+00 1.006685e+00 1.008901e+00 1.023327e+00 1.033944e+00 1.034661e+00 1.034086e+00 1.042850e+00 1.039748e+00 1.033677e+00 1.037350e+00 1.039410e+00 1.028476e+00 1.015545e+00 1.006165e+00 1.012255e+00 1.028985e+00 1.029012e+00 1.019485e+00 1.016801e+00 1.016852e+00 1.017127e+00 1.019600e+00 1.015858e+00 1.012714e+00 1.009868e+00 9.993963e-01 9.972547e-01 1.005693e+00 1.008675e+00 1.013303e+00 1.020255e+00 1.022447e+00 1.016897e+00 1.013250e+00 1.009174e+00 1.015646e+00 1.015936e+00 1.013942e+00 1.011207e+00 1.015944e+00 1.024825e+00 1.031374e+00 1.038312e+00 1.045789e+00 1.041469e+00 1.028500e+00 1.029760e+00 1.024852e+00 1.019669e+00 1.025704e+00 1.032428e+00 1.026792e+00 1.020482e+00 1.014763e+00 9.904480e-01 9.730206e-01 9.741012e-01 9.897375e-01 9.925062e-01 9.755769e-01 9.628122e-01 9.574664e-01 9.735357e-01 9.856651e-01 9.805729e-01 9.813573e-01 9.835045e-01 9.814725e-01 9.784802e-01 9.767791e-01 9.859060e-01 9.874007e-01 9.857801e-01 9.738712e-01 9.758610e-01 9.862117e-01 9.935965e-01 9.932635e-01 9.972787e-01 9.973060e-01 1.002565e+00 1.009758e+00 1.006051e+00 1.011625e+00 1.015504e+00 1.013132e+00 1.004988e+00 1.009336e+00 1.014687e+00 1.008315e+00 9.986180e-01 9.873723e-01 9.882725e-01 1.000004e+00 9.987066e-01 9.936823e-01 9.863333e-01 9.851996e-01 9.834023e-01 9.822193e-01 9.788527e-01 9.770584e-01 9.855470e-01 9.906344e-01 9.920785e-01 9.875038e-01 9.918017e-01 1.001208e+00 9.966186e-01 1.003614e+00 1.007732e+00 1.006545e+00 1.002473e+00 1.011075e+00 1.017178e+00 1.024177e+00 1.021496e+00 1.010593e+00 1.003555e+00 1.001845e+00 1.004730e+00 1.007620e+00 1.007726e+00 9.996093e-01 1.007008e+00 1.016461e+00 1.012676e+00 1.009031e+00 1.006358e+00 1.003996e+00 1.005189e+00 1.000802e+00 9.946543e-01 9.957222e-01 9.978394e-01 9.929080e-01 9.801118e-01 9.718989e-01 9.815841e-01 9.909896e-01 9.739689e-01 9.630082e-01 9.609075e-01 9.623411e-01 9.785141e-01 9.831160e-01 9.759065e-01 9.718226e-01 9.824040e-01 9.841970e-01 9.754739e-01 9.804922e-01 9.864278e-01 9.923450e-01 9.882086e-01 9.930918e-01 1.002180e+00 1.004326e+00 1.005013e+00 9.956398e-01 9.899018e-01 9.881666e-01 9.885867e-01 9.948086e-01 1.002898e+00 9.955366e-01 9.963481e-01 9.962413e-01 9.982275e-01 9.901885e-01 9.873753e-01 9.827149e-01 9.804717e-01 9.779075e-01 9.722540e-01 9.679605e-01 9.615501e-01 9.603040e-01 9.460382e-01 9.488640e-01 9.526450e-01 9.473903e-01 9.494402e-01 9.602919e-01 9.565385e-01 9.546098e-01 9.609258e-01 9.717757e-01 9.687280e-01 9.689094e-01 9.701950e-01 9.647078e-01
9.575044e-01 9.478749e-01 9.529853e-01 9.535431e-01 9.613113e-01 9.665777e-01 9.728870e-01 9.877865e-01 1.000937e+00 1.012843e+00 1.017855e+00 1.020709e+00 1.021786e+00 1.034168e+00 1.037147e+00 1.036112e+00 1.038650e+00 1.042089e+00 1.041738e+00 1.042073e+00 1.045805e+00 1.045895e+00 1.046419e+00 1.046399e+00 1.043684e+00 1.046137e+00 1.050898e+00 1.054308e+00 1.055836e+00 1.054328e+00 1.042285e+00 1.034768e+00 1.037477e+00 1.036178e+00 1.032797e+00 1.034566e+00 1.039808e+00 1.041614e+00 1.041890e+00 1.043153e+00 1.040420e+00 1.032079e+00 1.027991e+00 1.032529e+00 1.030253e+00 1.020789e+00 1.015930e+00 1.016348e+00 1.014354e+00 1.022273e+00 1.030846e+00 1.036935e+00 1.038357e+00 1.031712e+00 1.018580e+00 1.011731e+00 1.018678e+00 1.019027e+00 1.023428e+00 1.019997e+00 1.016981e+00 1.014284e+00 1.012041e+00 1.014906e+00 1.015679e+00 1.016902e+00 1.031029e+00 1.033992e+00 1.032393e+00 1.030128e+00 1.033220e+00 1.029800e+00 1.022908e+00 1.032367e+00 1.039792e+00 1.028088e+00 1.008761e+00 1.002718e+00 1.013805e+00 1.026949e+00 1.033565e+00 1.027190e+00 1.022169e+00 1.023149e+00 1.022988e+00 1.021193e+00 1.018906e+00 1.014789e+00 1.010699e+00 9.964266e-01 9.930695e-01 1.006567e+00 1.010252e+00 1.014818e+00 1.020908e+00 1.018029e+00 1.015333e+00 1.012722e+00 1.014710e+00 1.021061e+00 1.019243e+00 1.018894e+00 1.015887e+00 1.017199e+00 1.021602e+00 1.027239e+00 1.032062e+00 1.038827e+00 1.034537e+00 1.027492e+00 1.028316e+00 1.021564e+00 1.015475e+00 1.020217e+00 1.026881e+00 1.027343e+00 1.026641e+00 1.009925e+00 9.924549e-01 9.828575e-01 9.812853e-01 9.874797e-01 9.814113e-01 9.689904e-01 9.608950e-01 9.597039e-01 9.765671e-01 9.862283e-01 9.819240e-01 9.867166e-01 9.928982e-01 9.929649e-01 9.920422e-01 9.880142e-01 9.902307e-01 9.849017e-01 9.796131e-01 9.723337e-01 9.791352e-01 9.920902e-01 9.945511e-01 9.982725e-01 1.001082e+00 9.987381e-01 9.979471e-01 1.001594e+00 1.000937e+00 1.004363e+00 1.008320e+00 1.008664e+00 1.008175e+00 1.015143e+00 1.012933e+00 1.006428e+00 9.986349e-01 9.942390e-01 9.989317e-01 1.005265e+00 1.001004e+00 9.934382e-01 9.922405e-01 9.824579e-01 9.782289e-01 9.800649e-01 9.820154e-01 9.797637e-01 9.848700e-01 9.948417e-01 1.002422e+00 9.968033e-01 9.952727e-01 9.931855e-01 9.922170e-01 1.000906e+00 1.006718e+00 1.001665e+00 9.977974e-01 1.008230e+00 1.014025e+00 1.025448e+00 1.018116e+00 1.008451e+00 1.009579e+00 1.009487e+00 1.012046e+00 1.016963e+00 1.014804e+00 1.008062e+00 1.013631e+00 1.021745e+00 1.015410e+00 9.999667e-01 9.943107e-01 1.003418e+00 1.003871e+00 1.000294e+00 1.000456e+00 1.003042e+00 1.004267e+00 1.001798e+00 9.841142e-01 9.749083e-01 9.904653e-01 9.942151e-01 9.806762e-01 9.741454e-01 9.766514e-01 9.876183e-01 9.940554e-01 1.000979e+00 9.879238e-01 9.813954e-01 9.876450e-01 9.892506e-01 9.866730e-01 9.939600e-01 9.967993e-01 9.943106e-01 9.976133e-01 1.008214e+00 1.011343e+00 1.007167e+00 9.989703e-01 9.844846e-01 9.831806e-01 9.857678e-01 9.916706e-01 9.982451e-01 1.004903e+00 9.977062e-01 9.961984e-01 1.001232e+00 9.983363e-01 9.898258e-01 9.886532e-01 9.969926e-01 9.929541e-01 9.875031e-01 9.787534e-01 9.798335e-01 9.836646e-01 9.736697e-01 9.560257e-01 9.488059e-01 9.457648e-01 9.575114e-01 9.727358e-01 9.699251e-01 9.607125e-01 9.641876e-01 9.692957e-01 9.761730e-01 9.735835e-01 9.748479e-01 9.772580e-01 9.726380e-01
9.491929e-01 9.427556e-01 9.460353e-01 9.497161e-01 9.558078e-01 9.565184e-01 9.676989e-01 9.852676e-01 9.984992e-01 1.010119e+00 1.014261e+00 1.017957e+00 1.022762e+00 1.035540e+00 1.035837e+00 1.035964e+00 1.033709e+00 1.037991e+00 1.041628e+00 1.044210e+00 1.045690e+00 1.044101e+00 1.044756e+00 1.047866e+00 1.049025e+00 1.053341e+00 1.052260e+00 1.054035e+00 1.058636e+00 1.056676e+00 1.046545e+00 1.041438e+00 1.041118e+00 1.044699e+00 1.037495e+00 1.038275e+00 1.046622e+00 1.049376e+00 1.046732e+00 1.047465e+00 1.041296e+00 1.032819e+00 1.031124e+00 1.033029e+00 1.030080e+00 1.022010e+00 1.017679e+00 1.015616e+00 1.012711e+00 1.019738e+00 1.023012e+00 1.029564e+00 1.034890e+00 1.028246e+00 1.017621e+00 1.012963e+00 1.018039e+00 1.017531e+00 1.022958e+00 1.020842e+00 1.013228e+00 1.012186e+00 1.013549e+00 1.016028e+00 1.019549e+00 1.019591e+00 1.025201e+00 1.025505e+00 1.022061e+00 1.015868e+00 1.017727e+00 1.020971e+00 1.024160e+00 1.029789e+00 1.029384e+00 1.017106e+00 1.009686e+00 1.009688e+00 1.020489e+00 1.024554e+00 1.031923e+00 1.029841e+00 1.020865e+00 1.022344e+00 1.025139e+00 1.018866e+00 1.014062e+00 1.009229e+00 1.004467e+00 9.948674e-01 9.930449e-01 1.000162e+00 1.007320e+00 1.012041e+00 1.013439e+00 1.009754e+00 1.009597e+00 1.013796e+00 1.020769e+00 1.021898e+00 1.016310e+00 1.013492e+00 1.013118e+00 1.015753e+00 1.021840e+00 1.022352e+00 1.024947e+00 1.028592e+00 1.027457e+00 1.028641e+00 1.024006e+00 1.021677e+00 1.019817e+00 1.020856e+00 1.024938e+00 1.029435e+00 1.028719e+00 1.003962e+00 9.859550e-01 9.830157e-01 9.864090e-01 9.890687e-01 9.853106e-01 9.757546e-01 9.633828e-01 9.731441e-01 9.852681e-01 9.926530e-01 9.928002e-01 9.977780e-01 9.980428e-01 9.912194e-01 9.952299e-01 9.949382e-01 9.887622e-01 9.769572e-01 9.716013e-01 9.734711e-01 9.876008e-01 9.966263e-01 1.001570e+00 1.004015e+00 1.002501e+00 9.957231e-01 9.939718e-01 1.001108e+00 1.008353e+00 1.004846e+00 1.003725e+00 1.007179e+00 1.009825e+00 1.019779e+00 1.017760e+00 1.009133e+00 1.002674e+00 9.990929e-01 1.002527e+00 1.003293e+00 9.988390e-01 9.902135e-01 9.880908e-01 9.814030e-01 9.787136e-01 9.860997e-01 9.939814e-01 9.857761e-01 9.864596e-01 1.000694e+00 1.007858e+00 1.003275e+00 1.001475e+00 1.002303e+00 1.008394e+00 1.009353e+00 1.007362e+00 9.988602e-01 9.994723e-01 1.005902e+00 1.018055e+00 1.022325e+00 1.015086e+00 1.018340e+00 1.023487e+00 1.017230e+00 1.016688e+00 1.013566e+00 1.009761e+00 1.012290e+00 1.020982e+00 1.019867e+00 1.004668e+00 9.922866e-01 9.922235e-01 1.008800e+00 1.008679e+00 1.005649e+00 1.003730e+00 9.999074e-01 9.970198e-01 9.953946e-01 9.842942e-01 9.753414e-01 9.885782e-01 9.862943e-01 9.839630e-01 9.880157e-01 9.962393e-01 1.000581e+00 1.002063e+00 9.973763e-01 9.888119e-01 9.793739e-01 9.834367e-01 9.842883e-01 9.832087e-01 9.938546e-01 9.953403e-01 9.933211e-01 1.000651e+00 1.011006e+00 1.011472e+00 1.003493e+00 9.951400e-01 9.891297e-01 9.849839e-01 9.833794e-01 9.901856e-01 1.000792e+00 9.937029e-01 9.877362e-01 9.961725e-01 1.002641e+00 1.001399e+00 9.953219e-01 9.938572e-01 9.997735e-01 9.917672e-01 9.871952e-01 9.780687e-01 9.820608e-01 9.864800e-01 9.747802e-01 9.654488e-01 9.553763e-01 9.577013e-01 9.789251e-01 9.867091e-01 9.758992e-01 9.694085e-01 9.690397e-01 9.744671e-01 9.765295e-01 9.738925e-01 9.760759e-01 9.776340e-01 9.753516e-01
9.499593e-01 9.411031e-01 9.503080e-01 9.549338e-01 9.599375e-01 9.577568e-01 9.687927e-01 9.851225e-01 1.000134e+00 1.011777e+00 1.016224e+00 1.015412e+00 1.019417e+00 1.027769e+00 1.031807e+00 1.030564e+00 1.031967e+00 1.038386e+00 1.041493e+00 1.045806e+00 1.047313e+00 1.044874e+00 1.042168e+00 1.043126e+00 1.047353e+00 1.048747e+00 1.045644e+00 1.051974e+00 1.058807e+00 1.053258e+00 1.048458e+00 1.050289e+00 1.050263e+00 1.051163e+00 1.043804e+00 1.041261e+00 1.047727e+00 1.056488e+00 1.053178e+00 1.049376e+00 1.043116e+00 1.041188e+00 1.041939e+00 1.037674e+00 1.036797e+00 1.026845e+00 1.020677e+00 1.019956e+00 1.016339e+00 1.019042e+00 1.020002e+00 1.022632e+00 1.028977e+00 1.024569e+00 1.017875e+00 1.020802e+00 1.018209e+00 1.014680e+00 1.019755e+00 1.015532e+00 1.005140e+00 1.004851e+00 1.002678e+00 1.006966e+00 1.018330e+00 1.015928e+00 1.013435e+00 1.014587e+00 1.017110e+00 1.005726e+00 1.014952e+00 1.022511e+00 1.028733e+00 1.030007e+00 1.026178e+00 1.016957e+00 1.019728e+00 1.021849e+00 1.024239e+00 1.025732e+00 1.031944e+00 1.031842e+00 1.023504e+00 1.020115e+00 1.015932e+00 1.007812e+00 1.002799e+00 9.992461e-01 9.991148e-01 9.937394e-01 9.904185e-01 9.880127e-01 9.944869e-01 9.992697e-01 1.009251e+00 1.013707e+00 1.013815e+00 1.013259e+00 1.012820e+00 1.006622e+00 1.007442e+00 1.011083e+00 1.009727e+00 1.016813e+00 1.025179e+00 1.018833e+00 1.022833e+00 1.030144e+00 1.028715e+00 1.025555e+00 1.020949e+00 1.022540e+00 1.023854e+00 1.018456e+00 1.018965e+00 1.024735e+00 1.022938e+00 1.003829e+00 9.858677e-01 9.770325e-01 9.810129e-01 9.877629e-01 9.922554e-01 9.866089e-01 9.754246e-01 9.778860e-01 9.912102e-01 9.941931e-01 9.920474e-01 9.989723e-01 9.984258e-01 9.893119e-01 9.862295e-01 9.854994e-01 9.847120e-01 9.842914e-01 9.835047e-01 9.854071e-01 9.958693e-01 9.968409e-01 1.003734e+00 1.013728e+00 1.012717e+00 1.000920e+00 9.955261e-01 1.005346e+00 1.010810e+00 1.004977e+00 1.002546e+00 1.006371e+00 1.007576e+00 1.013896e+00 1.015077e+00 1.009230e+00 1.009492e+00 1.002408e+00 9.953464e-01 9.911575e-01 9.904641e-01 9.873800e-01 9.817210e-01 9.802869e-01 9.825701e-01 9.922741e-01 9.945630e-01 9.906052e-01 9.909408e-01 1.002688e+00 1.005877e+00 1.005447e+00 1.007139e+00 1.011673e+00 1.015374e+00 1.014468e+00 1.007302e+00 1.005154e+00 1.012516e+00 1.017303e+00 1.027150e+00 1.027082e+00 1.027488e+00 1.025471e+00 1.029323e+00 1.023277e+00 1.016980e+00 1.015133e+00 1.015394e+00 1.021754e+00 1.023420e+00 1.015537e+00 1.005415e+00 1.005851e+00 1.003356e+00 1.005208e+00 1.010172e+00 1.008296e+00 1.004456e+00 1.004782e+00 1.004960e+00 1.007709e+00 9.981510e-01 9.918943e-01 9.967391e-01 9.879251e-01 9.870650e-01 9.947023e-01 1.000369e+00 9.931526e-01 9.905462e-01 9.856997e-01 9.837639e-01 9.833247e-01 9.877932e-01 9.928463e-01 9.942762e-01 9.985226e-01 9.976525e-01 1.004709e+00 1.010076e+00 1.011312e+00 1.007178e+00 1.005282e+00 1.002833e+00 1.007743e+00 9.995572e-01 9.919947e-01 9.965157e-01 9.963461e-01 9.839518e-01 9.864090e-01 1.002222e+00 1.011614e+00 1.006114e+00 9.989606e-01 1.003201e+00 9.978313e-01 9.929006e-01 9.889729e-01 9.812616e-01 9.841354e-01 9.832748e-01 9.773573e-01 9.712525e-01 9.629213e-01 9.656045e-01 9.754798e-01 9.808737e-01 9.754425e-01 9.691464e-01 9.708918e-01 9.713446e-01 9.730951e-01 9.707732e-01 9.687068e-01 9.709718e-01 9.723496e-01
9.513276e-01 9.421582e-01 9.544229e-01 9.604450e-01 9.672196e-01 9.641711e-01 9.739005e-01 9.878791e-01 9.988009e-01 1.010759e+00 1.013511e+00 1.012913e+00 1.013255e+00 1.020160e+00 1.030488e+00 1.027497e+00 1.030227e+00 1.036433e+00 1.043569e+00 1.047654e+00 1.050199e+00 1.045320e+00 1.042325e+00 1.044182e+00 1.045435e+00 1.038627e+00 1.037067e+00 1.046894e+00 1.056278e+00 1.057249e+00 1.054290e+00 1.049206e+00 1.052331e+00 1.056066e+00 1.054839e+00 1.050755e+00 1.055048e+00 1.059305e+00 1.059059e+00 1.054324e+00 1.050090e+00 1.048597e+00 1.047220e+00 1.040721e+00 1.036354e+00 1.029575e+00 1.027955e+00 1.024835e+00 1.019947e+00 1.017079e+00 1.025087e+00 1.026708e+00 1.025586e+00 1.018617e+00 1.019025e+00 1.022233e+00 1.012889e+00 1.011320e+00 1.011435e+00 1.010676e+00 1.007992e+00 1.004190e+00 9.965321e-01 9.995060e-01 1.009609e+00 1.009944e+00 1.006530e+00 1.009039e+00 1.009324e+00 1.008440e+00 1.018822e+00 1.023310e+00 1.026318e+00 1.020686e+00 1.019654e+00 1.016592e+00 1.022340e+00 1.026610e+00 1.027262e+00 1.028750e+00 1.032600e+00 1.028261e+00 1.024662e+00 1.014941e+00 1.009248e+00 1.005102e+00 1.000386e+00 9.964852e-01 9.985456e-01 9.929168e-01 9.884750e-01 9.864082e-01 9.923539e-01 9.912317e-01 1.008693e+00 1.019531e+00 1.022237e+00 1.015209e+00 1.007267e+00 1.001268e+00 1.004579e+00 1.011938e+00 1.008765e+00 1.012312e+00 1.018368e+00 1.019840e+00 1.023189e+00 1.029301e+00 1.031707e+00 1.025977e+00 1.020463e+00 1.020800e+00 1.019389e+00 1.011207e+00 1.011425e+00 1.016581e+00 1.019741e+00 1.009360e+00 9.967016e-01 9.820812e-01 9.837930e-01 9.898881e-01 9.911062e-01 9.891178e-01 9.857594e-01 9.860718e-01 9.924016e-01 9.924340e-01 9.902878e-01 9.950525e-01 9.958318e-01 9.906074e-01 9.855388e-01 9.884364e-01 9.899909e-01 9.910676e-01 9.890347e-01 9.926202e-01 9.954662e-01 9.945006e-01 1.004925e+00 1.018868e+00 1.017204e+00 1.009078e+00 1.010580e+00 1.012085e+00 1.010843e+00 1.007557e+00 1.006210e+00 1.005964e+00 1.009213e+00 1.016913e+00 1.017869e+00 1.009227e+00 1.003664e+00 1.000923e+00 9.970295e-01 9.920661e-01 9.852489e-01 9.912248e-01 9.855196e-01 9.767396e-01 9.769483e-01 9.867488e-01 9.896054e-01 9.980727e-01 9.973582e-01 1.000309e+00 1.004844e+00 1.005674e+00 1.005834e+00 1.011641e+00 1.015961e+00 1.014083e+00 1.019467e+00 1.020265e+00 1.024544e+00 1.027831e+00 1.032263e+00 1.032861e+00 1.031385e+00 1.024654e+00 1.029956e+00 1.028883e+00 1.014054e+00 1.009372e+00 1.017390e+00 1.022730e+00 1.019583e+00 1.015526e+00 1.015436e+00 1.016528e+00 1.007725e+00 1.002506e+00 1.004471e+00 1.004012e+00 1.008821e+00 1.010976e+00 1.007934e+00 1.002434e+00 1.004820e+00 1.007887e+00 1.001339e+00 9.883453e-01 9.879394e-01 9.909294e-01 9.926419e-01 9.832509e-01 9.817186e-01 9.857507e-01 9.848743e-01 9.900115e-01 9.998783e-01 1.005773e+00 1.007314e+00 1.006618e+00 1.006098e+00 1.009728e+00 1.016012e+00 1.012043e+00 1.012487e+00 1.011050e+00 1.015998e+00 1.019079e+00 1.009024e+00 1.000433e+00 1.000129e+00 1.001547e+00 9.995698e-01 1.000026e+00 1.002969e+00 1.008220e+00 1.010394e+00 1.010962e+00 1.013735e+00 1.011403e+00 1.004439e+00 9.973263e-01 9.956409e-01 1.000172e+00 1.000173e+00 9.947311e-01 9.829912e-01 9.741364e-01 9.718569e-01 9.740965e-01 9.794069e-01 9.785721e-01 9.804535e-01 9.802120e-01 9.808358e-01 9.766050e-01 9.795697e-01 9.781424e-01 9.793469e-01 9.797510e-01
9.416031e-01 9.381242e-01 9.525040e-01 9.607960e-01 9.672427e-01 9.655048e-01 9.753778e-01 9.904971e-01 1.000912e+00 1.012221e+00 1.015187e+00 1.011892e+00 1.008258e+00 1.020113e+00 1.030098e+00 1.029836e+00 1.027252e+00 1.036976e+00 1.044883e+00 1.048402e+00 1.048094e+00 1.043946e+00 1.042509e+00 1.046493e+00 1.044532e+00 1.036913e+00 1.035091e+00 1.043259e+00 1.050142e+00 1.054158e+00 1.053834e+00 1.050330e+00 1.054774e+00 1.057677e+00 1.057486e+00 1.054806e+00 1.056536e+00 1.059182e+00 1.061138e+00 1.054079e+00 1.049974e+00 1.047103e+00 1.046914e+00 1.043206e+00 1.040193e+00 1.035257e+00 1.033388e+00 1.029873e+00 1.025426e+00 1.020871e+00 1.023898e+00 1.022909e+00 1.023717e+00 1.019020e+00 1.018895e+00 1.021934e+00 1.014128e+00 1.009082e+00 1.010748e+00 1.015578e+00 1.016537e+00 1.012725e+00 1.003199e+00 9.972062e-01 1.003422e+00 1.011871e+00 1.003933e+00 9.978393e-01 9.992345e-01 1.012604e+00 1.023966e+00 1.023597e+00 1.023897e+00 1.024893e+00 1.019078e+00 1.015315e+00 1.018278e+00 1.023299e+00 1.026182e+00 1.030599e+00 1.036183e+00 1.029968e+00 1.019223e+00 1.007573e+00 1.003704e+00 1.000749e+00 1.001640e+00 1.004591e+00 1.010329e+00 1.000831e+00 9.922655e-01 9.968625e-01 9.973183e-01 9.987136e-01 1.011393e+00 1.024443e+00 1.025923e+00 1.019514e+00 1.011701e+00 1.007210e+00 1.008479e+00 1.012847e+00 1.012296e+00 1.008403e+00 1.009410e+00 1.014241e+00 1.022251e+00 1.029236e+00 1.030313e+00 1.025874e+00 1.020306e+00 1.016006e+00 1.012581e+00 1.012794e+00 1.013395e+00 1.010645e+00 1.014096e+00 1.007758e+00 1.001229e+00 9.933369e-01 9.979380e-01 9.966648e-01 9.888862e-01 9.928010e-01 9.972863e-01 9.970941e-01 9.975974e-01 9.953915e-01 9.936110e-01 9.946911e-01 9.993914e-01 9.944632e-01 9.950404e-01 9.938935e-01 9.875868e-01 9.872953e-01 9.911067e-01 9.922788e-01 9.913560e-01 9.951472e-01 1.003948e+00 1.010883e+00 1.007629e+00 1.007873e+00 1.011238e+00 1.013241e+00 1.010435e+00 1.008790e+00 1.009690e+00 1.010220e+00 1.013201e+00 1.022510e+00 1.022335e+00 1.014042e+00 1.001587e+00 1.006348e+00 1.005436e+00 9.935991e-01 9.921095e-01 1.002570e+00 9.905711e-01 9.816113e-01 9.888176e-01 1.000626e+00 1.001784e+00 1.007356e+00 1.001919e+00 1.005099e+00 1.011296e+00 1.012200e+00 1.015448e+00 1.016613e+00 1.017376e+00 1.018913e+00 1.026951e+00 1.027111e+00 1.026688e+00 1.025673e+00 1.031820e+00 1.032610e+00 1.025902e+00 1.023038e+00 1.029202e+00 1.022779e+00 1.006603e+00 1.005442e+00 1.014945e+00 1.019170e+00 1.018490e+00 1.018105e+00 1.014150e+00 1.012065e+00 1.010153e+00 1.005482e+00 1.001019e+00 9.994394e-01 1.007277e+00 1.011519e+00 1.003663e+00 9.972334e-01 1.007299e+00 1.016328e+00 1.007992e+00 9.904463e-01 9.856437e-01 9.912888e-01 9.888619e-01 9.836777e-01 9.866033e-01 9.926341e-01 9.979913e-01 9.999900e-01 1.009578e+00 1.011801e+00 1.010772e+00 1.008126e+00 1.017534e+00 1.020928e+00 1.020243e+00 1.022268e+00 1.025548e+00 1.030222e+00 1.029403e+00 1.025329e+00 1.019753e+00 1.008659e+00 1.002823e+00 1.007270e+00 1.006401e+00 1.007070e+00 1.008530e+00 1.016108e+00 1.021046e+00 1.021739e+00 1.025289e+00 1.022367e+00 1.015480e+00 1.002679e+00 9.979427e-01 1.008526e+00 1.009751e+00 9.953028e-01 9.809275e-01 9.713611e-01 9.684380e-01 9.836561e-01 9.886236e-01 9.878228e-01 9.892260e-01 9.905006e-01 9.946387e-01 9.903309e-01 9.880694e-01 9.902455e-01 9.900821e-01 9.862854e-01
9.342968e-01 9.355227e-01 9.529027e-01 9.588798e-01 9.660549e-01 9.674938e-01 9.816700e-01 9.932577e-01 1.002762e+00 1.011518e+00 1.017119e+00 1.014494e+00 1.017139e+00 1.026284e+00 1.033277e+00 1.030623e+00 1.033987e+00 1.043678e+00 1.042680e+00 1.040137e+00 1.043612e+00 1.045190e+00 1.046307e+00 1.051873e+00 1.050800e+00 1.046440e+00 1.046851e+00 1.049570e+00 1.051051e+00 1.052256e+00 1.049696e+00 1.050304e+00 1.056430e+00 1.057723e+00 1.056565e+00 1.051946e+00 1.051859e+00 1.055022e+00 1.056182e+00 1.048733e+00 1.047475e+00 1.046952e+00 1.042006e+00 1.040119e+00 1.042802e+00 1.038799e+00 1.031814e+00 1.028477e+00 1.031021e+00 1.025550e+00 1.018424e+00 1.016853e+00 1.019482e+00 1.016292e+00 1.013792e+00 1.018045e+00 1.011528e+00 1.003708e+00 1.010310e+00 1.019838e+00 1.024616e+00 1.020833e+00 1.007905e+00 1.000527e+00 1.011540e+00 1.018974e+00 1.010793e+00 1.001489e+00 1.005683e+00 1.014364e+00 1.027370e+00 1.030745e+00 1.033286e+00 1.034216e+00 1.025815e+00 1.018780e+00 1.017038e+00 1.020900e+00 1.024592e+00 1.030051e+00 1.039551e+00 1.033691e+00 1.014975e+00 1.001059e+00 1.000709e+00 1.004680e+00 1.010552e+00 1.015433e+00 1.018890e+00 1.005058e+00 9.982607e-01 1.004678e+00 1.007145e+00 1.011246e+00 1.014751e+00 1.018764e+00 1.015856e+00 1.014698e+00 1.016442e+00 1.013603e+00 1.010815e+00 1.011201e+00 1.008046e+00 1.009366e+00 1.010107e+00 1.018168e+00 1.025384e+00 1.018067e+00 1.011992e+00 1.012804e+00 1.017799e+00 1.015772e+00 1.019253e+00 1.024217e+00 1.022030e+00 1.014068e+00 1.011329e+00 1.008923e+00 1.004766e+00 1.000968e+00 1.000680e+00 9.972486e-01 9.968932e-01 1.003098e+00 1.003371e+00 9.974540e-01 9.899966e-01 9.888477e-01 9.943811e-01 1.000771e+00 9.993231e-01 9.897954e-01 9.930327e-01 9.932060e-01 9.851937e-01 9.867295e-01 9.977135e-01 9.977489e-01 1.001076e+00 1.007135e+00 1.009182e+00 1.002519e+00 9.996405e-01 1.007600e+00 1.011721e+00 1.008862e+00 1.005575e+00 1.005389e+00 1.012269e+00 1.012233e+00 1.013622e+00 1.018470e+00 1.018009e+00 1.003906e+00 9.933230e-01 1.007389e+00 1.006838e+00 9.999759e-01 1.008796e+00 1.011820e+00 9.901948e-01 9.899648e-01 1.003410e+00 1.012675e+00 1.016545e+00 1.013917e+00 1.008832e+00 1.019373e+00 1.025606e+00 1.024005e+00 1.024245e+00 1.022910e+00 1.019172e+00 1.020324e+00 1.023489e+00 1.019573e+00 1.016530e+00 1.019271e+00 1.023885e+00 1.024687e+00 1.019189e+00 1.020535e+00 1.026198e+00 1.015478e+00 1.004278e+00 1.007988e+00 1.013658e+00 1.022503e+00 1.023512e+00 1.018637e+00 1.007493e+00 1.003769e+00 1.006463e+00 1.007747e+00 1.006248e+00 1.006794e+00 1.008442e+00 1.009810e+00 1.002863e+00 9.986424e-01 1.010940e+00 1.020592e+00 1.008166e+00 9.888254e-01 9.810198e-01 9.929945e-01 9.925652e-01 9.963030e-01 9.985425e-01 1.006411e+00 1.010115e+00 1.017808e+00 1.025160e+00 1.023646e+00 1.021128e+00 1.019226e+00 1.023995e+00 1.029234e+00 1.027740e+00 1.037169e+00 1.045645e+00 1.045741e+00 1.034053e+00 1.030195e+00 1.030459e+00 1.019618e+00 1.006979e+00 1.008578e+00 1.013654e+00 1.015461e+00 1.018922e+00 1.023326e+00 1.024803e+00 1.031353e+00 1.029738e+00 1.023593e+00 1.011277e+00 1.002597e+00 9.997465e-01 1.008241e+00 1.009295e+00 9.872656e-01 9.761261e-01 9.686048e-01 9.756870e-01 9.902902e-01 9.932080e-01 9.903152e-01 9.903598e-01 9.864426e-01 9.946480e-01 9.926555e-01 9.900267e-01 9.946107e-01 9.908817e-01 9.862211e-01
9.321872e-01 9.327072e-01 9.553198e-01 9.611207e-01 9.731536e-01 9.771891e-01 9.847868e-01 9.943686e-01 1.001819e+00 1.007976e+00 1.020040e+00 1.023322e+00 1.026145e+00 1.030261e+00 1.031231e+00 1.029013e+00 1.039154e+00 1.047957e+00 1.046565e+00 1.042862e+00 1.046672e+00 1.045981e+00 1.045143e+00 1.054027e+00 1.056638e+00 1.054060e+00 1.054151e+00 1.055626e+00 1.054922e+00 1.053414e+00 1.052038e+00 1.054006e+00 1.054192e+00 1.055189e+00 1.053458e+00 1.050650e+00 1.053684e+00 1.057384e+00 1.052052e+00 1.043360e+00 1.044925e+00 1.047174e+00 1.044723e+00 1.042084e+00 1.044151e+00 1.035415e+00 1.029235e+00 1.029515e+00 1.032706e+00 1.026847e+00 1.020375e+00 1.015079e+00 1.014585e+00 1.010289e+00 1.014107e+00 1.016572e+00 1.009088e+00 1.002329e+00 1.008972e+00 1.016484e+00 1.020105e+00 1.012699e+00 1.003300e+00 1.005178e+00 1.022683e+00 1.027123e+00 1.021915e+00 1.017034e+00 1.021941e+00 1.025401e+00 1.028675e+00 1.029483e+00 1.035275e+00 1.035532e+00 1.027932e+00 1.018036e+00 1.018891e+00 1.022802e+00 1.022575e+00 1.028310e+00 1.038514e+00 1.039341e+00 1.025850e+00 1.011012e+00 1.008542e+00 1.011624e+00 1.021790e+00 1.032447e+00 1.029378e+00 1.013345e+00 1.006453e+00 1.013378e+00 1.017335e+00 1.015860e+00 1.012834e+00 1.016010e+00 1.016683e+00 1.017185e+00 1.020068e+00 1.019575e+00 1.011526e+00 1.003982e+00 1.003141e+00 1.012047e+00 1.016013e+00 1.023448e+00 1.021358e+00 1.008744e+00 9.980704e-01 1.000084e+00 1.010308e+00 1.016838e+00 1.025197e+00 1.030676e+00 1.025635e+00 1.019030e+00 1.018292e+00 1.018126e+00 1.011911e+00 1.007165e+00 9.989058e-01 9.916729e-01 9.942965e-01 9.997300e-01 1.006182e+00 9.963449e-01 9.819456e-01 9.842521e-01 9.921107e-01 9.937642e-01 9.922338e-01 9.886755e-01 9.912935e-01 9.914185e-01 9.906348e-01 9.970384e-01 1.003143e+00 1.009115e+00 1.007531e+00 1.012477e+00 1.016116e+00 1.004860e+00 1.005818e+00 1.009987e+00 1.010903e+00 1.005654e+00 1.004284e+00 1.008286e+00 1.015267e+00 1.016672e+00 1.014870e+00 1.013129e+00 1.007428e+00 9.954041e-01 9.940102e-01 1.000964e+00 1.005870e+00 1.008538e+00 1.016401e+00 1.019647e+00 1.005692e+00 1.005288e+00 1.004288e+00 1.007464e+00 1.012800e+00 1.015185e+00 1.017075e+00 1.023480e+00 1.026065e+00 1.024104e+00 1.021706e+00 1.019387e+00 1.018070e+00 1.019836e+00 1.026215e+00 1.021427e+00 1.018059e+00 1.015239e+00 1.020526e+00 1.030650e+00 1.026126e+00 1.021957e+00 1.021654e+00 1.016865e+00 1.014533e+00 1.019498e+00 1.020329e+00 1.023271e+00 1.023483e+00 1.022722e+00 1.012911e+00 1.003888e+00 1.010827e+00 1.017130e+00 1.018521e+00 1.009158e+00 1.003881e+00 1.005800e+00 1.001866e+00 1.003867e+00 1.012934e+00 1.016015e+00 1.008309e+00 9.966562e-01 9.940722e-01 9.988397e-01 1.005383e+00 1.012287e+00 1.011657e+00 1.012757e+00 1.013778e+00 1.024909e+00 1.032379e+00 1.033289e+00 1.030171e+00 1.031615e+00 1.029470e+00 1.034085e+00 1.040570e+00 1.045626e+00 1.053170e+00 1.050166e+00 1.040426e+00 1.037855e+00 1.031439e+00 1.020611e+00 1.014676e+00 1.012842e+00 1.017051e+00 1.024066e+00 1.026817e+00 1.026767e+00 1.029375e+00 1.032675e+00 1.023093e+00 1.016551e+00 1.008104e+00 1.001498e+00 1.000032e+00 1.004339e+00 9.988731e-01 9.897127e-01 9.888920e-01 9.833995e-01 9.841552e-01 9.970053e-01 1.000558e+00 9.932316e-01 9.820068e-01 9.808809e-01 9.945560e-01 1.000031e+00 1.000558e+00 9.992595e-01 9.986191e-01 9.986730e-01
9.338907e-01 9.406309e-01 9.596673e-01 9.631602e-01 9.738328e-01 9.711061e-01 9.784620e-01 9.894496e-01 9.925161e-01 1.001817e+00 1.017652e+00 1.025101e+00 1.026261e+00 1.029863e+00 1.026733e+00 1.026318e+00 1.036366e+00 1.042620e+00 1.043066e+00 1.046847e+00 1.049364e+00 1.044959e+00 1.046534e+00 1.054068e+00 1.058331e+00 1.057511e+00 1.058717e+00 1.056641e+00 1.054397e+00 1.054240e+00 1.053086e+00 1.053584e+00 1.051979e+00 1.047514e+00 1.046739e+00 1.056585e+00 1.063215e+00 1.059579e+00 1.052209e+00 1.043860e+00 1.045505e+00 1.051211e+00 1.051529e+00 1.050946e+00 1.048034e+00 1.041938e+00 1.037530e+00 1.037827e+00 1.037311e+00 1.028299e+00 1.024801e+00 1.019883e+00 1.019534e+00 1.022571e+00 1.022447e+00 1.021203e+00 1.013152e+00 1.005392e+00 1.007087e+00 1.006257e+00 1.003764e+00 9.986111e-01 9.986371e-01 1.007966e+00 1.025755e+00 1.029187e+00 1.028971e+00 1.028039e+00 1.027864e+00 1.022789e+00 1.022804e+00 1.024697e+00 1.029715e+00 1.029413e+00 1.020936e+00 1.017664e+00 1.014763e+00 1.021755e+00 1.023758e+00 1.031016e+00 1.040672e+00 1.038973e+00 1.031852e+00 1.027271e+00 1.025389e+00 1.022182e+00 1.029954e+00 1.036209e+00 1.030072e+00 1.018503e+00 1.016955e+00 1.018766e+00 1.016189e+00 1.018083e+00 1.019829e+00 1.014201e+00 1.010532e+00 1.012605e+00 1.015211e+00 1.016531e+00 1.014554e+00 1.005254e+00 9.996477e-01 1.008088e+00 1.013571e+00 1.013774e+00 1.005630e+00 9.969395e-01 9.977109e-01 1.000001e+00 1.012564e+00 1.019160e+00 1.021446e+00 1.025847e+00 1.023842e+00 1.017559e+00 1.018747e+00 1.016538e+00 1.011398e+00 1.010619e+00 1.004478e+00 9.950758e-01 9.873520e-01 9.868087e-01 1.001198e+00 9.928176e-01 9.825986e-01 9.879424e-01 9.931653e-01 9.898991e-01 9.891937e-01 9.859665e-01 9.909154e-01 9.958531e-01 1.007095e+00 1.014282e+00 1.013743e+00 1.014963e+00 1.011868e+00 1.014219e+00 1.017875e+00 1.015977e+00 1.021146e+00 1.022662e+00 1.022100e+00 1.017617e+00 1.012959e+00 1.012670e+00 1.015883e+00 1.019989e+00 1.017254e+00 1.015437e+00 1.010159e+00 1.007258e+00 1.007278e+00 1.009492e+00 1.011792e+00 1.017090e+00 1.021580e+00 1.021822e+00 1.016263e+00 1.010420e+00 1.006494e+00 1.006196e+00 1.002638e+00 1.005488e+00 1.016647e+00 1.020315e+00 1.015666e+00 1.017600e+00 1.013201e+00 1.015074e+00 1.018685e+00 1.023450e+00 1.029755e+00 1.024852e+00 1.018289e+00 1.016757e+00 1.025064e+00 1.034590e+00 1.034927e+00 1.031645e+00 1.026905e+00 1.024903e+00 1.026719e+00 1.027999e+00 1.022004e+00 1.023584e+00 1.026207e+00 1.025672e+00 1.020993e+00 1.015184e+00 1.014504e+00 1.017171e+00 1.016682e+00 1.006717e+00 1.000388e+00 1.004074e+00 1.006299e+00 1.009604e+00 1.014075e+00 1.017745e+00 1.016791e+00 1.013354e+00 1.006754e+00 1.004051e+00 1.010854e+00 1.014427e+00 1.015136e+00 1.006736e+00 1.011757e+00 1.020559e+00 1.027764e+00 1.029055e+00 1.032770e+00 1.037935e+00 1.040082e+00 1.042837e+00 1.046160e+00 1.044641e+00 1.048530e+00 1.046981e+00 1.042045e+00 1.037631e+00 1.031141e+00 1.022107e+00 1.021345e+00 1.015724e+00 1.021672e+00 1.024558e+00 1.026236e+00 1.029159e+00 1.029073e+00 1.027006e+00 1.017466e+00 1.012068e+00 1.011597e+00 1.009362e+00 1.012377e+00 1.011395e+00 1.000901e+00 9.944682e-01 9.995365e-01 9.950008e-01 9.960952e-01 1.009606e+00 1.008894e+00 9.955043e-01 9.803281e-01 9.901150e-01 1.007274e+00 1.013039e+00 1.009200e+00 1.008665e+00 1.008651e+00 1.005711e+00
9.380755e-01 9.385210e-01 9.541228e-01 9.668099e-01 9.736215e-01 9.679976e-01 9.781804e-01 9.874408e-01 9.936371e-01 1.000840e+00 1.011161e+00 1.017662e+00 1.021761e+00 1.026905e+00 1.027076e+00 1.027985e+00 1.033478e+00 1.037012e+00 1.040536e+00 1.045646e+00 1.045512e+00 1.044654e+00 1.048062e+00 1.054783e+00 1.056661e+00 1.058191e+00 1.059405e+00 1.053943e+00 1.051988e+00 1.053435e+00 1.055217e+00 1.057601e+00 1.052418e+00 1.046769e+00 1.048222e+00 1.058550e+00 1.063807e+00 1.061176e+00 1.054293e+00 1.045925e+00 1.043455e+00 1.048810e+00 1.052474e+00 1.054652e+00 1.049320e+00 1.043537e+00 1.039417e+00 1.039260e+00 1.038392e+00 1.030293e+00 1.031017e+00 1.030003e+00 1.030182e+00 1.027902e+00 1.021048e+00 1.017385e+00 1.008588e+00 1.004124e+00 1.005172e+00 1.002713e+00 1.000074e+00 9.996303e-01 1.000255e+00 1.010615e+00 1.027795e+00 1.032631e+00 1.029889e+00 1.025808e+00 1.021811e+00 1.019635e+00 1.015433e+00 1.015450e+00 1.017849e+00 1.019852e+00 1.019109e+00 1.023637e+00 1.021455e+00 1.020486e+00 1.022993e+00 1.031891e+00 1.038099e+00 1.035814e+00 1.031856e+00 1.028848e+00 1.029479e+00 1.026090e+00 1.028501e+00 1.033752e+00 1.024586e+00 1.015147e+00 1.014681e+00 1.015858e+00 1.011052e+00 1.019525e+00 1.022438e+00 1.014464e+00 1.009508e+00 1.008485e+00 1.010188e+00 1.010722e+00 1.012198e+00 1.008544e+00 1.006472e+00 1.017234e+00 1.019707e+00 1.010269e+00 9.998497e-01 9.965734e-01 1.001703e+00 1.006767e+00 1.009409e+00 1.008654e+00 1.012240e+00 1.017136e+00 1.014583e+00 1.012288e+00 1.015175e+00 1.011306e+00 1.006707e+00 1.009204e+00 1.009559e+00 1.001211e+00 9.889355e-01 9.955269e-01 1.001642e+00 9.920534e-01 9.931119e-01 9.996402e-01 9.997245e-01 9.943088e-01 9.935386e-01 9.893758e-01 9.957320e-01 1.006415e+00 1.006888e+00 1.010279e+00 1.012587e+00 1.012617e+00 1.011877e+00 1.016379e+00 1.023171e+00 1.021058e+00 1.024043e+00 1.025835e+00 1.022922e+00 1.025110e+00 1.025947e+00 1.021685e+00 1.021139e+00 1.017950e+00 1.017050e+00 1.021019e+00 1.019474e+00 1.013252e+00 1.012159e+00 1.013191e+00 1.011052e+00 1.021500e+00 1.025505e+00 1.025195e+00 1.015239e+00 1.011876e+00 1.009531e+00 1.009107e+00 1.004057e+00 1.001276e+00 1.004266e+00 1.002638e+00 1.001574e+00 1.009220e+00 1.008164e+00 1.011982e+00 1.019525e+00 1.024819e+00 1.027051e+00 1.025231e+00 1.025441e+00 1.021204e+00 1.027661e+00 1.039803e+00 1.039365e+00 1.036337e+00 1.025598e+00 1.023693e+00 1.030958e+00 1.029586e+00 1.024833e+00 1.028908e+00 1.027473e+00 1.027971e+00 1.028351e+00 1.023314e+00 1.015124e+00 1.012996e+00 1.012319e+00 1.009014e+00 1.009106e+00 1.008615e+00 1.012741e+00 1.020044e+00 1.026041e+00 1.028809e+00 1.029634e+00 1.021735e+00 1.014878e+00 1.014368e+00 1.015831e+00 1.017124e+00 1.013301e+00 1.005636e+00 1.013386e+00 1.022549e+00 1.029865e+00 1.031635e+00 1.033356e+00 1.044123e+00 1.050992e+00 1.049312e+00 1.044129e+00 1.040678e+00 1.041255e+00 1.042132e+00 1.046886e+00 1.041293e+00 1.035851e+00 1.025112e+00 1.023662e+00 1.021531e+00 1.020529e+00 1.024261e+00 1.029759e+00 1.037542e+00 1.039024e+00 1.033714e+00 1.026306e+00 1.019998e+00 1.017775e+00 1.017717e+00 1.021515e+00 1.023128e+00 1.014584e+00 1.008489e+00 1.010466e+00 1.005145e+00 1.002316e+00 1.010010e+00 1.009749e+00 1.001038e+00 9.945230e-01 1.002316e+00 1.012782e+00 1.018711e+00 1.014526e+00 1.013337e+00 1.008461e+00 1.005627e+00
9.388625e-01 9.396263e-01 9.515902e-01 9.580268e-01 9.645882e-01 9.628778e-01 9.751744e-01 9.895012e-01 1.001071e+00 1.001971e+00 1.012062e+00 1.017556e+00 1.022044e+00 1.024654e+00 1.030003e+00 1.030386e+00 1.029534e+00 1.032638e+00 1.039852e+00 1.045196e+00 1.046918e+00 1.046973e+00 1.045926e+00 1.050364e+00 1.052952e+00 1.053136e+00 1.052975e+00 1.045934e+00 1.048138e+00 1.051349e+00 1.055268e+00 1.057141e+00 1.051575e+00 1.046998e+00 1.053754e+00 1.057877e+00 1.059294e+00 1.059701e+00 1.058980e+00 1.050114e+00 1.047463e+00 1.052169e+00 1.059649e+00 1.058014e+00 1.052849e+00 1.048395e+00 1.042521e+00 1.036803e+00 1.031392e+00 1.026142e+00 1.031991e+00 1.036315e+00 1.035740e+00 1.030906e+00 1.027376e+00 1.019995e+00 1.008840e+00 1.007349e+00 1.004760e+00 1.000282e+00 9.960344e-01 1.002359e+00 1.008004e+00 1.012564e+00 1.021310e+00 1.025379e+00 1.022632e+00 1.023008e+00 1.018816e+00 1.012686e+00 1.005553e+00 1.006391e+00 1.010685e+00 1.014472e+00 1.021069e+00 1.025487e+00 1.022927e+00 1.025378e+00 1.028857e+00 1.031304e+00 1.035469e+00 1.034361e+00 1.027198e+00 1.023719e+00 1.021767e+00 1.023767e+00 1.023008e+00 1.031605e+00 1.026518e+00 1.019629e+00 1.016020e+00 1.014915e+00 1.020333e+00 1.023570e+00 1.019493e+00 1.013624e+00 1.018106e+00 1.012362e+00 1.010857e+00 1.010803e+00 1.010577e+00 1.010031e+00 1.010710e+00 1.017484e+00 1.020938e+00 1.017059e+00 1.007236e+00 1.005959e+00 1.011519e+00 1.009722e+00 9.985415e-01 9.964847e-01 1.000663e+00 1.006274e+00 1.004329e+00 1.001713e+00 1.003897e+00 1.003841e+00 1.003730e+00 1.006129e+00 1.012664e+00 1.010528e+00 1.004561e+00 1.012761e+00 1.003849e+00 9.996675e-01 1.003843e+00 1.010083e+00 1.010165e+00 1.012536e+00 1.009109e+00 1.007959e+00 1.014672e+00 1.013960e+00 1.009511e+00 1.012968e+00 1.011056e+00 1.010774e+00 1.014218e+00 1.019036e+00 1.024184e+00 1.023854e+00 1.024146e+00 1.026426e+00 1.022491e+00 1.023096e+00 1.027390e+00 1.027305e+00 1.022829e+00 1.022076e+00 1.028194e+00 1.029968e+00 1.027331e+00 1.021401e+00 1.015640e+00 1.009946e+00 1.006492e+00 1.016717e+00 1.023637e+00 1.018089e+00 1.006103e+00 1.008811e+00 1.003920e+00 1.006439e+00 1.006375e+00 1.004686e+00 9.975713e-01 9.969218e-01 1.004197e+00 1.011138e+00 1.012698e+00 1.016251e+00 1.020843e+00 1.025177e+00 1.026047e+00 1.023762e+00 1.025148e+00 1.023275e+00 1.024287e+00 1.028362e+00 1.026013e+00 1.025010e+00 1.024237e+00 1.025486e+00 1.026095e+00 1.022111e+00 1.022392e+00 1.022807e+00 1.019648e+00 1.016982e+00 1.023042e+00 1.023044e+00 1.018620e+00 1.013026e+00 1.015117e+00 1.016849e+00 1.016942e+00 1.012114e+00 1.011567e+00 1.016862e+00 1.026566e+00 1.030379e+00 1.030213e+00 1.024126e+00 1.016814e+00 1.020454e+00 1.025081e+00 1.027794e+00 1.022001e+00 1.023515e+00 1.027475e+00 1.029538e+00 1.037381e+00 1.040226e+00 1.040593e+00 1.048341e+00 1.049285e+00 1.043818e+00 1.037995e+00 1.036231e+00 1.033584e+00 1.040947e+00 1.044201e+00 1.040573e+00 1.033591e+00 1.022875e+00 1.025158e+00 1.026198e+00 1.024125e+00 1.028346e+00 1.036169e+00 1.043011e+00 1.043574e+00 1.040055e+00 1.034520e+00 1.027416e+00 1.026297e+00 1.024541e+00 1.028608e+00 1.026834e+00 1.021063e+00 1.015612e+00 1.012778e+00 1.006616e+00 9.985881e-01 9.979548e-01 9.952675e-01 1.001664e+00 1.006256e+00 1.010804e+00 1.013853e+00 1.017142e+00 1.018129e+00 1.012207e+00 1.009254e+00 1.007213e+00
9.380689e-01 9.379619e-01 9.466674e-01 9.473533e-01 9.562655e-01 9.628355e-01 9.792117e-01 9.954303e-01 1.003858e+00 1.004175e+00 1.007504e+00 1.015181e+00 1.023924e+00 1.023877e+00 1.032059e+00 1.031389e+00 1.028870e+00 1.032344e+00 1.035681e+00 1.042644e+00 1.047899e+00 1.048564e+00 1.044607e+00 1.048261e+00 1.052553e+00 1.050742e+00 1.049363e+00 1.046957e+00 1.044370e+00 1.051934e+00 1.055455e+00 1.054297e+00 1.049914e+00 1.053575e+00 1.059917e+00 1.058938e+00 1.057340e+00 1.062353e+00 1.061202e+00 1.052910e+00 1.055407e+00 1.060346e+00 1.063681e+00 1.059265e+00 1.053752e+00 1.049376e+00 1.044024e+00 1.038072e+00 1.031686e+00 1.034857e+00 1.042178e+00 1.038379e+00 1.035015e+00 1.038447e+00 1.034137e+00 1.025500e+00 1.014767e+00 1.011210e+00 1.006098e+00 1.005171e+00 9.995919e-01 1.005098e+00 1.010715e+00 1.010235e+00 1.016808e+00 1.020221e+00 1.017962e+00 1.016038e+00 1.013705e+00 1.008722e+00 1.011432e+00 1.012189e+00 1.013567e+00 1.017084e+00 1.020247e+00 1.016420e+00 1.015821e+00 1.022508e+00 1.024429e+00 1.029001e+00 1.034334e+00 1.033970e+00 1.027968e+00 1.023384e+00 1.021267e+00 1.020805e+00 1.026691e+00 1.033713e+00 1.030541e+00 1.027281e+00 1.020863e+00 1.019881e+00 1.027638e+00 1.028206e+00 1.020958e+00 1.016701e+00 1.017215e+00 1.014556e+00 1.015781e+00 1.020796e+00 1.015478e+00 1.012849e+00 1.015837e+00 1.021066e+00 1.024032e+00 1.016752e+00 1.006141e+00 1.011713e+00 1.018191e+00 1.011235e+00 1.003183e+00 9.999281e-01 9.964769e-01 9.949966e-01 9.938995e-01 9.953020e-01 9.953668e-01 1.004319e+00 1.011820e+00 1.009194e+00 1.012406e+00 1.011943e+00 1.013228e+00 1.020305e+00 1.015554e+00 1.009323e+00 1.015322e+00 1.016024e+00 1.018565e+00 1.028859e+00 1.024320e+00 1.020314e+00 1.019278e+00 1.021158e+00 1.027630e+00 1.025265e+00 1.012815e+00 1.009143e+00 1.014193e+00 1.025368e+00 1.030371e+00 1.031370e+00 1.031497e+00 1.032416e+00 1.027496e+00 1.026261e+00 1.032307e+00 1.032388e+00 1.033015e+00 1.034109e+00 1.034167e+00 1.033520e+00 1.034960e+00 1.031065e+00 1.030980e+00 1.019555e+00 1.013268e+00 1.018518e+00 1.020823e+00 1.005542e+00 1.000230e+00 9.989817e-01 1.001497e+00 1.010759e+00 1.010420e+00 9.988257e-01 9.937629e-01 9.958314e-01 1.003615e+00 1.013302e+00 1.016153e+00 1.021180e+00 1.022182e+00 1.022388e+00 1.024767e+00 1.023014e+00 1.013771e+00 1.010063e+00 1.011270e+00 1.011562e+00 1.012559e+00 1.017724e+00 1.025078e+00 1.024577e+00 1.022726e+00 1.016619e+00 1.013198e+00 1.012206e+00 1.016541e+00 1.016928e+00 1.014964e+00 1.017533e+00 1.017429e+00 1.015610e+00 1.017876e+00 1.018423e+00 1.015418e+00 1.008882e+00 1.012087e+00 1.021219e+00 1.025322e+00 1.024949e+00 1.022418e+00 1.018454e+00 1.021597e+00 1.032004e+00 1.034044e+00 1.024836e+00 1.024151e+00 1.035290e+00 1.043509e+00 1.041960e+00 1.041884e+00 1.038849e+00 1.042330e+00 1.045098e+00 1.043297e+00 1.042245e+00 1.041618e+00 1.036091e+00 1.028702e+00 1.032924e+00 1.039806e+00 1.038189e+00 1.029719e+00 1.023806e+00 1.024161e+00 1.025534e+00 1.023121e+00 1.031506e+00 1.037465e+00 1.042109e+00 1.042929e+00 1.038898e+00 1.038292e+00 1.035141e+00 1.033371e+00 1.029824e+00 1.030368e+00 1.030363e+00 1.018278e+00 1.013872e+00 1.006397e+00 1.001792e+00 9.964916e-01 9.892693e-01 9.898155e-01 1.004934e+00 1.015298e+00 1.017602e+00 1.016552e+00 1.018923e+00 1.018831e+00 1.009553e+00 1.006423e+00 1.009559e+00
9.347266e-01 9.405724e-01 9.426315e-01 9.468939e-01 9.541031e-01 9.599567e-01 9.861228e-01 1.006944e+00 1.008019e+00 1.006438e+00 1.007314e+00 1.013976e+00 1.025124e+00 1.032919e+00 1.037296e+00 1.035061e+00 1.031663e+00 1.035770e+00 1.039081e+00 1.042832e+00 1.047228e+00 1.047675e+00 1.045833e+00 1.048400e+00 1.051128e+00 1.052314e+00 1.050985e+00 1.047518e+00 1.046224e+00 1.054890e+00 1.054225e+00 1.051438e+00 1.053793e+00 1.059903e+00 1.063309e+00 1.059880e+00 1.058652e+00 1.066531e+00 1.061744e+00 1.055077e+00 1.060655e+00 1.064110e+00 1.060544e+00 1.053684e+00 1.051690e+00 1.049300e+00 1.045053e+00 1.036894e+00 1.031451e+00 1.041573e+00 1.047318e+00 1.040185e+00 1.034029e+00 1.034407e+00 1.034062e+00 1.033114e+00 1.024134e+00 1.013868e+00 1.008637e+00 1.007811e+00 1.003777e+00 1.003871e+00 1.008311e+00 1.011164e+00 1.009416e+00 1.013591e+00 1.013442e+00 1.006557e+00 1.011611e+00 1.008434e+00 1.011786e+00 1.014580e+00 1.018778e+00 1.017844e+00 1.020106e+00 1.015968e+00 1.014861e+00 1.018960e+00 1.020249e+00 1.020868e+00 1.026828e+00 1.028380e+00 1.026992e+00 1.026885e+00 1.023276e+00 1.015615e+00 1.022461e+00 1.026240e+00 1.021723e+00 1.017190e+00 1.011286e+00 1.012120e+00 1.016627e+00 1.019237e+00 1.015677e+00 1.016567e+00 1.012328e+00 1.012366e+00 1.018002e+00 1.023972e+00 1.018710e+00 1.011195e+00 1.014871e+00 1.024446e+00 1.023377e+00 1.008488e+00 1.005534e+00 1.012163e+00 1.014317e+00 1.006891e+00 1.003699e+00 1.002501e+00 9.910804e-01 9.833063e-01 9.861013e-01 9.946350e-01 1.000733e+00 1.011226e+00 1.017947e+00 1.018791e+00 1.017909e+00 1.015397e+00 1.025955e+00 1.028032e+00 1.021811e+00 1.017291e+00 1.029393e+00 1.027189e+00 1.025559e+00 1.024943e+00 1.022417e+00 1.022352e+00 1.018839e+00 1.026834e+00 1.037945e+00 1.033810e+00 1.022500e+00 1.018743e+00 1.025909e+00 1.035289e+00 1.037313e+00 1.037338e+00 1.035631e+00 1.033233e+00 1.033285e+00 1.033568e+00 1.040927e+00 1.043111e+00 1.039856e+00 1.039104e+00 1.033001e+00 1.030093e+00 1.034844e+00 1.035754e+00 1.033240e+00 1.027678e+00 1.020058e+00 1.021004e+00 1.011396e+00 1.002361e+00 9.970885e-01 9.968180e-01 1.007572e+00 1.011093e+00 1.012405e+00 1.002230e+00 1.002467e+00 1.007715e+00 1.006016e+00 1.007925e+00 1.017714e+00 1.020430e+00 1.020842e+00 1.018985e+00 1.017865e+00 1.013800e+00 1.006447e+00 1.000065e+00 1.005166e+00 1.003910e+00 1.006353e+00 1.013500e+00 1.019653e+00 1.018047e+00 1.020314e+00 1.016384e+00 1.009392e+00 1.012750e+00 1.014444e+00 1.011957e+00 1.010435e+00 1.009907e+00 1.006699e+00 1.014707e+00 1.016859e+00 1.015732e+00 1.015557e+00 1.015087e+00 1.018075e+00 1.021472e+00 1.021974e+00 1.024451e+00 1.022090e+00 1.017268e+00 1.025450e+00 1.036251e+00 1.036064e+00 1.029478e+00 1.031170e+00 1.042243e+00 1.046565e+00 1.043716e+00 1.040878e+00 1.035694e+00 1.037749e+00 1.042770e+00 1.039866e+00 1.035484e+00 1.042456e+00 1.039297e+00 1.036131e+00 1.039399e+00 1.041502e+00 1.038857e+00 1.036044e+00 1.029949e+00 1.022638e+00 1.025016e+00 1.023320e+00 1.027313e+00 1.030030e+00 1.037993e+00 1.037935e+00 1.038240e+00 1.041579e+00 1.043466e+00 1.039014e+00 1.031129e+00 1.030612e+00 1.021777e+00 1.008729e+00 1.009254e+00 1.006572e+00 1.004971e+00 1.005134e+00 9.996144e-01 9.985101e-01 1.008091e+00 1.018268e+00 1.026315e+00 1.022761e+00 1.021907e+00 1.015402e+00 1.006386e+00 1.002725e+00 1.009046e+00
9.343691e-01 9.404830e-01 9.486052e-01 9.569617e-01 9.615427e-01 9.686089e-01 9.925388e-01 1.011876e+00 1.009766e+00 1.003515e+00 1.007309e+00 1.018399e+00 1.029880e+00 1.038316e+00 1.040583e+00 1.035267e+00 1.036874e+00 1.039806e+00 1.043870e+00 1.047817e+00 1.048510e+00 1.049609e+00 1.049951e+00 1.048860e+00 1.051616e+00 1.053391e+00 1.054119e+00 1.051868e+00 1.054658e+00 1.057012e+00 1.054272e+00 1.052936e+00 1.056464e+00 1.061085e+00 1.060763e+00 1.056039e+00 1.059153e+00 1.065627e+00 1.062690e+00 1.058600e+00 1.061645e+00 1.062227e+00 1.055967e+00 1.048190e+00 1.047691e+00 1.048240e+00 1.045193e+00 1.034614e+00 1.038517e+00 1.049212e+00 1.048336e+00 1.042201e+00 1.035349e+00 1.030605e+00 1.028365e+00 1.029944e+00 1.021937e+00 1.012345e+00 1.007016e+00 1.008043e+00 1.010185e+00 1.010731e+00 1.007503e+00 1.006661e+00 1.006879e+00 1.007599e+00 1.010159e+00 1.009182e+00 1.016011e+00 1.017096e+00 1.018233e+00 1.016721e+00 1.014362e+00 1.013121e+00 1.020530e+00 1.021347e+00 1.015912e+00 1.016137e+00 1.019751e+00 1.019754e+00 1.025638e+00 1.028794e+00 1.030658e+00 1.035660e+00 1.029715e+00 1.017186e+00 1.019095e+00 1.020132e+00 1.013694e+00 1.009522e+00 1.005612e+00 1.009588e+00 1.015574e+00 1.021516e+00 1.025576e+00 1.021533e+00 1.015025e+00 1.015570e+00 1.021420e+00 1.022702e+00 1.020866e+00 1.016054e+00 1.018123e+00 1.027472e+00 1.025960e+00 1.015026e+00 1.011109e+00 1.009431e+00 1.009734e+00 1.004099e+00 1.008644e+00 1.008451e+00 9.952130e-01 9.870982e-01 9.958376e-01 1.005315e+00 1.005253e+00 1.009754e+00 1.017483e+00 1.024534e+00 1.022137e+00 1.025631e+00 1.034878e+00 1.026114e+00 1.017488e+00 1.020661e+00 1.027507e+00 1.030419e+00 1.028026e+00 1.020923e+00 1.017945e+00 1.023521e+00 1.026648e+00 1.029392e+00 1.032933e+00 1.035950e+00 1.033454e+00 1.028880e+00 1.028685e+00 1.038323e+00 1.039823e+00 1.040144e+00 1.041561e+00 1.040473e+00 1.038525e+00 1.041147e+00 1.047544e+00 1.046390e+00 1.048293e+00 1.044744e+00 1.032426e+00 1.028553e+00 1.036939e+00 1.037418e+00 1.034979e+00 1.032174e+00 1.025428e+00 1.021114e+00 1.013768e+00 1.006108e+00 9.949712e-01 9.963835e-01 1.002537e+00 1.008008e+00 1.009616e+00 1.002256e+00 9.994845e-01 1.005099e+00 1.001871e+00 9.975009e-01 1.009391e+00 1.020890e+00 1.018520e+00 1.013319e+00 1.009348e+00 1.004298e+00 1.006180e+00 1.004258e+00 1.004019e+00 1.004564e+00 1.011747e+00 1.022751e+00 1.018914e+00 1.015108e+00 1.017682e+00 1.014380e+00 1.004459e+00 1.007755e+00 1.008898e+00 1.012854e+00 1.015487e+00 1.013758e+00 1.006499e+00 1.007638e+00 1.008046e+00 1.012938e+00 1.020996e+00 1.023668e+00 1.022324e+00 1.024213e+00 1.026308e+00 1.034734e+00 1.033125e+00 1.026569e+00 1.024873e+00 1.032239e+00 1.035705e+00 1.036060e+00 1.033805e+00 1.035156e+00 1.037206e+00 1.036416e+00 1.036078e+00 1.030874e+00 1.032334e+00 1.039421e+00 1.037607e+00 1.036912e+00 1.040984e+00 1.043315e+00 1.043717e+00 1.041349e+00 1.041379e+00 1.041993e+00 1.033808e+00 1.029598e+00 1.026353e+00 1.020461e+00 1.016791e+00 1.020789e+00 1.026869e+00 1.031086e+00 1.032958e+00 1.035975e+00 1.040978e+00 1.043062e+00 1.037143e+00 1.030372e+00 1.025505e+00 1.018730e+00 1.011261e+00 1.009627e+00 1.010589e+00 1.008127e+00 1.009676e+00 1.007126e+00 1.003696e+00 1.004559e+00 1.015151e+00 1.025234e+00 1.021167e+00 1.015032e+00 1.005569e+00 1.005576e+00 9.979717e-01 1.007740e+00
9.340734e-01 9.368497e-01 9.477796e-01 9.564900e-01 9.614434e-01 9.699401e-01 9.978626e-01 1.010004e+00 1.007876e+00 1.000086e+00 1.001565e+00 1.007008e+00 1.025894e+00 1.038503e+00 1.039467e+00 1.039594e+00 1.041994e+00 1.041822e+00 1.043002e+00 1.045887e+00 1.052800e+00 1.052281e+00 1.048509e+00 1.052046e+00 1.055100e+00 1.057424e+00 1.056945e+00 1.056529e+00 1.057272e+00 1.058179e+00 1.055768e+00 1.050692e+00 1.053371e+00 1.053879e+00 1.053437e+00 1.050987e+00 1.058314e+00 1.065534e+00 1.061610e+00 1.057840e+00 1.062176e+00 1.061097e+00 1.056764e+00 1.045752e+00 1.043693e+00 1.047255e+00 1.042747e+00 1.036915e+00 1.043398e+00 1.045499e+00 1.040865e+00 1.035596e+00 1.030690e+00 1.028242e+00 1.029511e+00 1.028156e+00 1.020907e+00 1.013828e+00 1.008525e+00 1.011867e+00 1.013682e+00 1.010316e+00 1.000499e+00 9.981589e-01 1.002022e+00 1.004396e+00 1.005396e+00 1.010785e+00 1.016314e+00 1.019445e+00 1.020152e+00 1.015864e+00 1.012145e+00 1.012561e+00 1.010392e+00 1.004037e+00 1.008821e+00 1.014975e+00 1.020183e+00 1.022192e+00 1.027144e+00 1.026582e+00 1.033429e+00 1.040062e+00 1.038033e+00 1.026729e+00 1.016794e+00 1.017026e+00 1.017630e+00 1.011683e+00 1.011704e+00 1.019743e+00 1.029897e+00 1.030479e+00 1.032005e+00 1.029096e+00 1.021620e+00 1.018224e+00 1.022369e+00 1.025960e+00 1.025826e+00 1.021844e+00 1.018612e+00 1.020460e+00 1.023821e+00 1.017786e+00 1.010025e+00 1.010106e+00 1.013124e+00 1.014246e+00 1.013917e+00 1.001825e+00 9.888386e-01 9.913828e-01 1.003325e+00 1.005154e+00 1.005345e+00 1.010302e+00 1.011585e+00 1.015928e+00 1.017073e+00 1.032017e+00 1.033751e+00 1.014594e+00 1.007889e+00 1.021861e+00 1.026337e+00 1.032794e+00 1.033999e+00 1.024251e+00 1.020097e+00 1.027172e+00 1.035957e+00 1.035323e+00 1.034137e+00 1.036515e+00 1.037179e+00 1.036229e+00 1.035463e+00 1.039885e+00 1.041538e+00 1.043357e+00 1.045670e+00 1.043672e+00 1.039774e+00 1.044234e+00 1.047637e+00 1.049981e+00 1.053706e+00 1.049241e+00 1.037765e+00 1.032687e+00 1.033661e+00 1.034844e+00 1.033016e+00 1.035030e+00 1.027127e+00 1.022831e+00 1.020055e+00 1.004634e+00 9.911081e-01 9.953912e-01 9.969465e-01 9.983703e-01 1.005332e+00 9.976205e-01 9.928077e-01 9.997067e-01 9.981827e-01 9.969837e-01 1.008892e+00 1.021596e+00 1.015541e+00 1.005981e+00 9.975674e-01 9.946177e-01 1.008106e+00 1.011350e+00 1.005709e+00 1.007405e+00 1.018193e+00 1.022957e+00 1.013520e+00 1.015277e+00 1.011729e+00 1.005767e+00 1.006386e+00 1.004055e+00 1.004858e+00 1.011569e+00 1.013460e+00 1.015836e+00 1.008164e+00 1.001349e+00 1.003810e+00 1.013410e+00 1.017673e+00 1.020646e+00 1.023069e+00 1.027157e+00 1.033908e+00 1.039179e+00 1.038689e+00 1.035289e+00 1.031148e+00 1.035348e+00 1.039354e+00 1.038155e+00 1.030211e+00 1.028115e+00 1.028979e+00 1.034365e+00 1.035719e+00 1.031488e+00 1.031192e+00 1.036369e+00 1.040390e+00 1.044202e+00 1.046897e+00 1.046811e+00 1.046202e+00 1.046044e+00 1.044169e+00 1.041904e+00 1.034855e+00 1.033502e+00 1.030633e+00 1.019662e+00 1.013528e+00 1.020954e+00 1.022512e+00 1.024417e+00 1.025754e+00 1.027830e+00 1.033920e+00 1.036525e+00 1.034249e+00 1.027305e+00 1.021688e+00 1.015072e+00 1.017255e+00 1.011380e+00 1.006288e+00 1.005907e+00 1.007735e+00 1.006551e+00 1.004142e+00 1.005018e+00 1.017542e+00 1.021323e+00 1.016000e+00 1.010229e+00 1.006740e+00 1.004392e+00 9.981483e-01 1.005394e+00
9.315649e-01 9.414195e-01 9.481333e-01 9.589392e-01 9.677490e-01 9.738941e-01 9.964067e-01 1.006498e+00 1.004116e+00 1.002176e+00 1.001010e+00 1.006654e+00 1.024764e+00 1.031793e+00 1.032802e+00 1.039083e+00 1.044016e+00 1.039642e+00 1.042441e+00 1.043103e+00 1.049020e+00 1.050632e+00 1.048422e+00 1.049968e+00 1.051582e+00 1.054754e+00 1.058958e+00 1.062149e+00 1.060679e+00 1.059761e+00 1.059205e+00 1.054502e+00 1.051487e+00 1.051500e+00 1.049613e+00 1.045482e+00 1.052709e+00 1.059388e+00 1.056605e+00 1.053334e+00 1.059853e+00 1.064041e+00 1.057695e+00 1.045302e+00 1.041699e+00 1.042322e+00 1.038341e+00 1.035535e+00 1.037816e+00 1.035876e+00 1.031027e+00 1.026310e+00 1.025883e+00 1.029582e+00 1.031761e+00 1.026541e+00 1.019073e+00 1.013034e+00 1.006050e+00 1.005881e+00 1.004982e+00 1.000839e+00 9.907908e-01 9.895826e-01 9.946896e-01 9.928477e-01 9.892777e-01 9.939174e-01 1.001474e+00 1.006176e+00 1.003884e+00 1.007582e+00 1.013359e+00 1.008780e+00 1.003984e+00 1.003460e+00 1.016174e+00 1.020791e+00 1.018588e+00 1.021615e+00 1.025408e+00 1.025905e+00 1.034882e+00 1.042012e+00 1.042383e+00 1.037922e+00 1.030614e+00 1.026837e+00 1.024812e+00 1.021514e+00 1.022988e+00 1.029884e+00 1.039117e+00 1.036122e+00 1.037408e+00 1.033160e+00 1.023701e+00 1.020256e+00 1.022070e+00 1.025054e+00 1.027672e+00 1.024367e+00 1.016080e+00 1.012379e+00 1.016944e+00 1.010680e+00 1.001332e+00 1.003489e+00 1.009534e+00 1.014111e+00 1.010538e+00 9.991254e-01 9.928585e-01 9.974662e-01 1.004196e+00 9.993214e-01 1.005448e+00 1.012325e+00 1.008442e+00 1.011993e+00 1.017147e+00 1.026945e+00 1.025942e+00 1.003893e+00 1.009874e+00 1.027091e+00 1.030167e+00 1.032307e+00 1.035749e+00 1.032113e+00 1.028185e+00 1.031473e+00 1.040394e+00 1.042755e+00 1.043124e+00 1.040099e+00 1.041885e+00 1.042966e+00 1.044119e+00 1.046446e+00 1.049037e+00 1.055314e+00 1.055445e+00 1.048457e+00 1.043786e+00 1.046785e+00 1.051322e+00 1.054421e+00 1.052843e+00 1.048382e+00 1.044026e+00 1.039299e+00 1.033474e+00 1.033889e+00 1.035777e+00 1.033143e+00 1.025332e+00 1.020416e+00 1.015816e+00 1.011703e+00 1.003838e+00 9.995647e-01 9.964490e-01 9.968835e-01 1.006962e+00 1.002900e+00 9.991779e-01 9.987919e-01 9.980156e-01 9.965844e-01 1.011731e+00 1.023294e+00 1.017614e+00 1.005164e+00 9.994079e-01 9.979957e-01 1.011302e+00 1.014697e+00 1.007762e+00 1.008665e+00 1.018056e+00 1.016010e+00 1.010530e+00 1.004739e+00 9.987611e-01 1.001156e+00 1.003135e+00 1.002786e+00 1.007589e+00 1.015166e+00 1.013607e+00 1.012998e+00 1.006680e+00 1.003748e+00 1.006435e+00 1.010825e+00 1.011434e+00 1.016743e+00 1.027505e+00 1.029117e+00 1.032241e+00 1.034967e+00 1.035419e+00 1.027517e+00 1.025578e+00 1.035241e+00 1.041952e+00 1.038305e+00 1.033574e+00 1.027403e+00 1.028959e+00 1.033659e+00 1.034521e+00 1.035160e+00 1.040478e+00 1.044321e+00 1.047331e+00 1.050789e+00 1.051540e+00 1.045177e+00 1.039159e+00 1.044115e+00 1.050769e+00 1.047183e+00 1.035391e+00 1.035688e+00 1.031412e+00 1.017011e+00 1.015855e+00 1.023449e+00 1.024877e+00 1.023149e+00 1.024919e+00 1.027586e+00 1.026078e+00 1.031448e+00 1.035819e+00 1.031931e+00 1.022315e+00 1.016879e+00 1.011350e+00 1.008358e+00 1.005740e+00 1.007741e+00 1.007256e+00 1.002592e+00 9.996729e-01 1.008420e+00 1.018818e+00 1.019348e+00 1.016480e+00 1.013617e+00 1.014120e+00 1.010168e+00 1.006391e+00 1.010182e+00
9.302785e-01 9.392372e-01 9.535274e-01 9.618720e-01 9.790065e-01 9.884677e-01 1.002436e+00 1.012614e+00 1.008738e+00 1.002592e+00 1.001265e+00 1.009918e+00 1.024257e+00 1.029327e+00 1.031819e+00 1.034641e+00 1.040005e+00 1.038305e+00 1.039776e+00 1.043741e+00 1.047331e+00 1.046875e+00 1.044828e+00 1.047210e+00 1.050383e+00 1.052609e+00 1.055879e+00 1.061608e+00 1.062173e+00 1.061197e+00 1.058823e+00 1.055982e+00 1.050379e+00 1.050584e+00 1.048163e+00 1.043875e+00 1.045606e+00 1.051060e+00 1.052050e+00 1.051209e+00 1.056122e+00 1.059056e+00 1.054831e+00 1.048584e+00 1.046824e+00 1.038166e+00 1.032952e+00 1.032897e+00 1.029821e+00 1.029249e+00 1.026337e+00 1.023527e+00 1.023467e+00 1.028182e+00 1.029969e+00 1.026156e+00 1.019634e+00 1.016029e+00 1.008560e+00 1.009576e+00 1.008283e+00 1.001285e+00 9.949692e-01 9.970084e-01 9.986476e-01 9.908456e-01 9.825111e-01 9.838614e-01 9.903132e-01 9.849837e-01 9.894788e-01 9.959899e-01 1.003012e+00 1.001314e+00 1.003382e+00 1.013138e+00 1.023740e+00 1.026311e+00 1.021893e+00 1.018504e+00 1.022899e+00 1.029138e+00 1.036946e+00 1.041174e+00 1.038640e+00 1.038204e+00 1.037800e+00 1.032086e+00 1.030869e+00 1.030460e+00 1.032718e+00 1.039620e+00 1.044449e+00 1.042557e+00 1.041364e+00 1.033582e+00 1.025487e+00 1.018990e+00 1.016351e+00 1.019913e+00 1.023747e+00 1.025098e+00 1.019511e+00 1.013086e+00 1.008116e+00 9.971304e-01 9.904368e-01 9.984295e-01 1.008148e+00 1.012281e+00 1.005057e+00 9.939581e-01 9.892528e-01 9.948795e-01 1.004080e+00 1.005053e+00 1.015543e+00 1.023077e+00 1.013681e+00 1.011119e+00 1.018406e+00 1.024226e+00 1.020843e+00 1.011362e+00 1.015771e+00 1.030721e+00 1.036765e+00 1.041632e+00 1.040973e+00 1.036485e+00 1.039034e+00 1.041101e+00 1.045687e+00 1.053464e+00 1.052045e+00 1.046879e+00 1.051349e+00 1.051650e+00 1.049006e+00 1.051746e+00 1.054771e+00 1.062213e+00 1.063333e+00 1.055336e+00 1.049671e+00 1.049215e+00 1.055737e+00 1.055621e+00 1.048267e+00 1.045820e+00 1.046926e+00 1.042789e+00 1.037032e+00 1.037725e+00 1.037484e+00 1.033520e+00 1.028005e+00 1.020070e+00 1.018301e+00 1.018669e+00 1.007534e+00 1.006728e+00 1.001278e+00 9.955441e-01 1.009632e+00 1.011775e+00 1.009395e+00 1.006121e+00 9.996467e-01 9.957499e-01 1.004380e+00 1.012447e+00 1.009429e+00 1.001943e+00 1.000231e+00 1.004359e+00 1.013403e+00 1.016017e+00 1.011232e+00 1.004796e+00 1.007578e+00 1.005430e+00 1.000944e+00 9.937844e-01 9.997090e-01 1.002429e+00 1.000597e+00 1.005028e+00 1.014621e+00 1.013275e+00 1.005926e+00 1.002518e+00 1.003474e+00 1.007701e+00 1.008397e+00 1.006252e+00 1.007735e+00 1.018374e+00 1.026913e+00 1.026172e+00 1.020111e+00 1.018838e+00 1.025718e+00 1.018568e+00 1.018700e+00 1.035731e+00 1.038879e+00 1.031030e+00 1.031094e+00 1.032885e+00 1.036973e+00 1.035268e+00 1.031370e+00 1.034482e+00 1.042317e+00 1.045853e+00 1.048125e+00 1.048448e+00 1.046083e+00 1.036220e+00 1.027755e+00 1.031909e+00 1.039333e+00 1.040654e+00 1.036693e+00 1.031531e+00 1.026581e+00 1.020374e+00 1.023790e+00 1.027248e+00 1.025612e+00 1.021675e+00 1.026789e+00 1.025667e+00 1.020011e+00 1.026934e+00 1.036708e+00 1.035559e+00 1.020556e+00 1.008786e+00 1.002149e+00 1.007958e+00 1.009566e+00 1.011079e+00 1.011353e+00 1.004196e+00 1.002429e+00 1.010996e+00 1.020426e+00 1.020354e+00 1.018591e+00 1.017279e+00 1.016423e+00 1.012035e+00 1.010488e+00 1.012113e+00
9.286372e-01 9.345804e-01 9.586253e-01 9.680551e-01 9.824495e-01 9.917076e-01 1.001979e+00 1.011850e+00 1.010549e+00 1.006178e+00 1.013284e+00 1.020778e+00 1.028545e+00 1.029464e+00 1.029362e+00 1.034171e+00 1.039712e+00 1.042402e+00 1.042933e+00 1.049088e+00 1.051288e+00 1.047063e+00 1.047296e+00 1.050070e+00 1.050050e+00 1.049152e+00 1.052584e+00 1.058644e+00 1.059855e+00 1.057215e+00 1.054993e+00 1.052136e+00 1.050839e+00 1.050311e+00 1.052275e+00 1.048941e+00 1.047793e+00 1.052683e+00 1.055307e+00 1.055215e+00 1.054180e+00 1.056091e+00 1.056923e+00 1.056973e+00 1.051715e+00 1.042337e+00 1.029679e+00 1.025925e+00 1.025231e+00 1.026659e+00 1.028317e+00 1.026896e+00 1.022836e+00 1.031554e+00 1.036791e+00 1.028963e+00 1.019764e+00 1.016445e+00 1.012717e+00 1.013044e+00 1.010561e+00 1.004631e+00 9.971760e-01 1.000561e+00 1.005540e+00 1.004554e+00 1.000928e+00 9.980129e-01 9.949268e-01 9.868460e-01 9.928679e-01 9.964424e-01 9.995867e-01 9.983997e-01 1.002281e+00 1.006698e+00 1.016451e+00 1.020415e+00 1.017412e+00 1.014598e+00 1.014833e+00 1.014615e+00 1.018876e+00 1.029643e+00 1.029089e+00 1.024758e+00 1.031390e+00 1.031255e+00 1.036352e+00 1.037131e+00 1.037203e+00 1.039372e+00 1.043568e+00 1.043370e+00 1.037283e+00 1.029420e+00 1.026045e+00 1.025186e+00 1.020157e+00 1.019340e+00 1.021822e+00 1.025628e+00 1.022076e+00 1.017938e+00 1.006738e+00 9.952198e-01 9.933506e-01 9.999277e-01 1.007824e+00 1.007387e+00 9.986454e-01 9.943572e-01 9.909943e-01 1.000503e+00 1.007906e+00 1.006325e+00 1.016735e+00 1.018758e+00 1.016470e+00 1.011321e+00 1.018422e+00 1.025623e+00 1.021949e+00 1.025580e+00 1.028933e+00 1.035966e+00 1.042086e+00 1.041934e+00 1.044672e+00 1.044028e+00 1.048451e+00 1.045382e+00 1.048979e+00 1.057538e+00 1.055170e+00 1.054276e+00 1.059817e+00 1.056860e+00 1.052880e+00 1.053298e+00 1.056496e+00 1.061431e+00 1.064384e+00 1.061760e+00 1.057068e+00 1.056659e+00 1.056223e+00 1.051277e+00 1.044498e+00 1.045707e+00 1.046092e+00 1.045449e+00 1.043020e+00 1.038151e+00 1.034863e+00 1.035982e+00 1.026855e+00 1.017413e+00 1.024708e+00 1.015531e+00 1.008960e+00 1.009723e+00 1.002614e+00 1.000757e+00 1.010599e+00 1.012550e+00 1.006089e+00 1.004711e+00 1.003312e+00 9.953824e-01 9.997884e-01 1.003305e+00 1.006513e+00 1.001405e+00 1.000645e+00 1.006462e+00 1.012923e+00 1.016104e+00 1.012954e+00 1.000886e+00 1.001997e+00 1.000345e+00 9.953797e-01 9.943742e-01 1.006041e+00 1.006311e+00 1.006167e+00 1.013310e+00 1.020127e+00 1.009397e+00 9.990944e-01 1.004244e+00 1.007524e+00 1.010384e+00 1.007061e+00 1.006325e+00 1.013417e+00 1.021952e+00 1.029932e+00 1.026173e+00 1.012878e+00 1.011487e+00 1.023093e+00 1.021911e+00 1.024047e+00 1.035256e+00 1.032370e+00 1.025527e+00 1.029633e+00 1.042345e+00 1.042223e+00 1.034426e+00 1.032853e+00 1.032613e+00 1.034300e+00 1.038759e+00 1.041540e+00 1.039237e+00 1.031090e+00 1.023620e+00 1.019306e+00 1.023496e+00 1.028133e+00 1.032476e+00 1.033432e+00 1.027996e+00 1.023633e+00 1.021203e+00 1.021383e+00 1.022199e+00 1.024293e+00 1.027679e+00 1.028253e+00 1.029751e+00 1.020650e+00 1.023831e+00 1.027737e+00 1.025236e+00 1.014639e+00 1.004114e+00 9.998933e-01 1.005821e+00 1.003380e+00 1.003190e+00 1.008938e+00 1.004571e+00 1.002333e+00 1.008237e+00 1.015038e+00 1.018101e+00 1.017673e+00 1.015242e+00 1.014631e+00 1.010885e+00 1.006261e+00 1.007531e+00
9.324602e-01 9.360776e-01 9.587723e-01 9.649577e-01 9.810201e-01 9.900593e-01 1.004200e+00 1.010103e+00 1.012097e+00 1.013388e+00 1.019604e+00 1.026451e+00 1.031636e+00 1.037157e+00 1.036638e+00 1.041103e+00 1.048043e+00 1.050340e+00 1.051408e+00 1.052226e+00 1.052188e+00 1.051827e+00 1.052321e+00 1.051331e+00 1.047776e+00 1.047297e+00 1.053260e+00 1.055710e+00 1.054553e+00 1.050179e+00 1.049767e+00 1.047610e+00 1.051533e+00 1.053662e+00 1.056704e+00 1.051718e+00 1.048939e+00 1.056711e+00 1.059147e+00 1.056718e+00 1.050528e+00 1.053595e+00 1.056142e+00 1.056961e+00 1.054121e+00 1.045606e+00 1.031972e+00 1.027847e+00 1.027837e+00 1.028493e+00 1.029131e+00 1.032288e+00 1.028039e+00 1.033264e+00 1.035957e+00 1.026566e+00 1.017907e+00 1.014373e+00 1.011930e+00 1.005016e+00 9.998416e-01 9.971945e-01 9.975795e-01 9.991392e-01 1.006271e+00 1.008602e+00 1.005280e+00 1.007705e+00 1.008690e+00 9.990007e-01 1.003572e+00 1.005464e+00 1.002789e+00 1.000038e+00 1.005074e+00 1.009497e+00 1.010331e+00 1.009441e+00 1.004308e+00 1.007396e+00 1.009990e+00 1.006733e+00 1.007969e+00 1.014165e+00 1.020809e+00 1.014258e+00 1.016575e+00 1.024375e+00 1.031329e+00 1.035956e+00 1.035515e+00 1.036744e+00 1.038231e+00 1.035545e+00 1.030073e+00 1.026693e+00 1.025572e+00 1.024216e+00 1.018210e+00 1.016065e+00 1.023084e+00 1.028215e+00 1.021775e+00 1.016314e+00 1.006144e+00 9.980849e-01 9.940525e-01 9.959931e-01 1.003393e+00 1.002893e+00 1.001521e+00 1.007510e+00 1.004491e+00 1.003957e+00 1.006409e+00 1.007721e+00 1.011740e+00 1.009340e+00 1.011839e+00 1.013982e+00 1.017490e+00 1.023277e+00 1.018402e+00 1.025573e+00 1.036448e+00 1.037803e+00 1.042135e+00 1.040307e+00 1.041937e+00 1.045715e+00 1.050469e+00 1.049023e+00 1.051985e+00 1.058454e+00 1.056626e+00 1.054032e+00 1.058287e+00 1.058159e+00 1.055579e+00 1.054946e+00 1.056323e+00 1.057787e+00 1.060841e+00 1.060649e+00 1.059186e+00 1.060412e+00 1.056197e+00 1.049876e+00 1.046133e+00 1.045472e+00 1.047261e+00 1.046165e+00 1.044198e+00 1.037877e+00 1.030396e+00 1.030923e+00 1.025809e+00 1.018567e+00 1.020139e+00 1.008613e+00 1.002073e+00 1.005857e+00 1.009273e+00 1.013449e+00 1.013325e+00 1.001678e+00 9.876590e-01 9.927128e-01 9.913298e-01 9.844354e-01 9.872711e-01 9.957364e-01 1.002332e+00 9.991980e-01 1.002521e+00 1.006459e+00 1.010054e+00 1.008183e+00 1.004295e+00 9.955776e-01 1.004381e+00 1.001319e+00 9.987651e-01 1.004805e+00 1.013444e+00 1.012771e+00 1.013170e+00 1.020053e+00 1.019298e+00 1.005166e+00 1.002463e+00 1.009586e+00 1.006933e+00 1.004517e+00 1.008086e+00 1.015298e+00 1.020140e+00 1.020680e+00 1.026513e+00 1.027294e+00 1.014353e+00 1.013221e+00 1.016649e+00 1.016014e+00 1.026513e+00 1.035833e+00 1.028508e+00 1.016892e+00 1.023253e+00 1.036939e+00 1.038103e+00 1.029561e+00 1.028417e+00 1.026328e+00 1.022107e+00 1.031732e+00 1.043539e+00 1.036132e+00 1.021337e+00 1.015785e+00 1.019827e+00 1.023918e+00 1.029177e+00 1.031546e+00 1.029324e+00 1.023921e+00 1.020613e+00 1.018503e+00 1.012810e+00 1.014240e+00 1.019813e+00 1.025335e+00 1.023766e+00 1.026559e+00 1.021346e+00 1.017566e+00 1.010363e+00 1.009256e+00 1.012016e+00 1.007089e+00 9.975017e-01 9.965022e-01 9.956687e-01 9.949486e-01 9.967309e-01 9.976124e-01 9.964469e-01 9.978736e-01 1.001477e+00 1.005319e+00 1.006711e+00 1.009342e+00 1.010012e+00 1.006223e+00 1.000836e+00 1.000279e+00
9.345662e-01 9.379199e-01 9.583511e-01 9.656939e-01 9.805613e-01 9.930434e-01 1.003091e+00 1.011966e+00 1.014866e+00 1.014834e+00 1.019819e+00 1.027803e+00 1.032306e+00 1.037268e+00 1.038246e+00 1.040572e+00 1.047654e+00 1.050494e+00 1.048280e+00 1.047827e+00 1.052611e+00 1.056686e+00 1.056773e+00 1.053914e+00 1.051430e+00 1.050752e+00 1.051889e+00 1.053574e+00 1.051224e+00 1.047496e+00 1.046628e+00 1.048137e+00 1.054110e+00 1.059193e+00 1.059769e+00 1.051222e+00 1.049045e+00 1.055439e+00 1.058645e+00 1.054750e+00 1.049512e+00 1.053115e+00 1.055445e+00 1.055435e+00 1.054948e+00 1.046492e+00 1.029373e+00 1.026296e+00 1.031814e+00 1.034541e+00 1.036044e+00 1.037054e+00 1.035724e+00 1.035490e+00 1.034021e+00 1.026081e+00 1.017229e+00 1.012546e+00 1.016317e+00 1.003876e+00 9.938267e-01 9.993021e-01 1.002412e+00 1.003144e+00 1.005590e+00 1.002916e+00 9.965016e-01 1.001243e+00 1.010826e+00 1.006304e+00 1.006806e+00 1.007864e+00 9.984080e-01 9.936913e-01 1.003834e+00 1.010886e+00 1.005769e+00 9.997748e-01 9.971350e-01 1.004032e+00 1.008620e+00 1.008885e+00 1.011669e+00 1.015474e+00 1.020082e+00 1.016987e+00 1.015361e+00 1.021482e+00 1.025195e+00 1.028136e+00 1.027940e+00 1.026894e+00 1.030225e+00 1.030090e+00 1.029975e+00 1.032523e+00 1.027115e+00 1.020006e+00 1.015649e+00 1.013099e+00 1.015679e+00 1.018643e+00 1.016913e+00 1.010473e+00 1.002372e+00 9.973811e-01 9.981466e-01 1.002170e+00 1.000686e+00 9.981037e-01 1.004866e+00 1.010488e+00 1.009494e+00 1.002249e+00 1.005116e+00 1.007222e+00 1.000773e+00 1.006766e+00 1.014955e+00 1.020988e+00 1.024196e+00 1.024819e+00 1.024406e+00 1.030016e+00 1.036428e+00 1.040581e+00 1.042272e+00 1.042872e+00 1.042967e+00 1.044071e+00 1.050621e+00 1.050836e+00 1.051706e+00 1.055431e+00 1.057887e+00 1.055735e+00 1.056407e+00 1.059439e+00 1.059304e+00 1.057376e+00 1.058092e+00 1.053695e+00 1.055230e+00 1.056557e+00 1.057543e+00 1.059030e+00 1.055852e+00 1.050696e+00 1.047028e+00 1.047905e+00 1.049511e+00 1.044889e+00 1.044298e+00 1.042528e+00 1.030779e+00 1.027688e+00 1.025222e+00 1.019877e+00 1.014428e+00 1.002832e+00 9.950749e-01 9.981019e-01 1.006615e+00 1.006205e+00 9.949926e-01 9.844849e-01 9.809583e-01 9.848592e-01 9.797478e-01 9.687490e-01 9.750113e-01 9.861716e-01 9.875822e-01 9.906850e-01 1.000400e+00 1.005805e+00 1.005725e+00 1.000528e+00 9.946831e-01 9.944059e-01 1.004180e+00 9.963050e-01 9.966991e-01 1.010773e+00 1.017912e+00 1.012993e+00 1.003184e+00 1.012278e+00 1.006239e+00 9.960881e-01 1.002001e+00 1.006722e+00 1.000957e+00 1.003106e+00 1.014528e+00 1.024017e+00 1.022349e+00 1.015905e+00 1.025977e+00 1.027800e+00 1.017912e+00 1.014598e+00 1.010959e+00 1.015799e+00 1.025051e+00 1.028523e+00 1.023419e+00 1.017961e+00 1.021636e+00 1.025752e+00 1.020826e+00 1.015580e+00 1.016537e+00 1.020434e+00 1.018546e+00 1.026971e+00 1.039661e+00 1.036129e+00 1.022284e+00 1.017975e+00 1.020378e+00 1.024977e+00 1.028836e+00 1.029044e+00 1.031106e+00 1.024126e+00 1.018289e+00 1.016658e+00 1.005697e+00 1.005122e+00 1.010866e+00 1.014440e+00 1.009580e+00 1.010258e+00 1.009828e+00 1.010243e+00 1.002420e+00 1.002113e+00 1.007311e+00 1.001138e+00 9.933004e-01 9.915521e-01 9.853774e-01 9.838703e-01 9.854758e-01 9.947271e-01 9.980998e-01 9.977441e-01 9.986691e-01 9.995364e-01 1.001392e+00 1.002547e+00 9.999862e-01 9.974576e-01 9.924312e-01 9.909414e-01
9.383594e-01 9.423166e-01 9.664944e-01 9.730347e-01 9.853359e-01 9.960696e-01 1.001457e+00 1.010677e+00 1.015134e+00 1.015937e+00 1.019247e+00 1.026347e+00 1.032244e+00 1.033293e+00 1.033699e+00 1.033791e+00 1.038502e+00 1.040954e+00 1.041371e+00 1.046227e+00 1.052098e+00 1.056714e+00 1.055290e+00 1.050754e+00 1.049644e+00 1.050882e+00 1.047827e+00 1.047637e+00 1.047295e+00 1.047584e+00 1.044209e+00 1.043697e+00 1.048481e+00 1.055519e+00 1.056468e+00 1.049120e+00 1.046856e+00 1.053599e+00 1.059314e+00 1.054762e+00 1.046033e+00 1.045205e+00 1.046033e+00 1.047758e+00 1.049418e+00 1.033346e+00 1.022298e+00 1.027401e+00 1.031364e+00 1.036357e+00 1.042736e+00 1.039568e+00 1.037509e+00 1.028809e+00 1.024737e+00 1.018060e+00 1.007852e+00 1.012390e+00 1.019273e+00 1.005971e+00 9.952400e-01 1.001775e+00 1.004881e+00 9.991236e-01 9.947537e-01 9.872658e-01 9.842150e-01 9.917856e-01 1.001761e+00 9.989902e-01 1.000326e+00 9.985988e-01 9.896560e-01 9.858570e-01 9.943344e-01 9.980145e-01 9.958031e-01 9.971827e-01 1.000397e+00 1.002348e+00 1.012345e+00 1.017551e+00 1.015882e+00 1.020584e+00 1.028767e+00 1.025338e+00 1.022185e+00 1.023765e+00 1.026361e+00 1.021990e+00 1.020731e+00 1.020277e+00 1.023568e+00 1.027522e+00 1.025026e+00 1.028672e+00 1.026731e+00 1.024241e+00 1.020395e+00 1.015701e+00 1.012305e+00 1.013763e+00 1.010503e+00 1.006349e+00 9.984438e-01 9.970140e-01 1.004153e+00 1.002542e+00 9.994022e-01 9.983386e-01 1.006843e+00 1.010572e+00 1.004195e+00 9.980288e-01 1.005189e+00 1.008423e+00 1.006659e+00 1.010173e+00 1.020863e+00 1.027437e+00 1.029357e+00 1.028587e+00 1.031724e+00 1.034627e+00 1.040636e+00 1.047703e+00 1.049364e+00 1.042626e+00 1.042214e+00 1.046073e+00 1.051280e+00 1.050789e+00 1.047359e+00 1.052206e+00 1.053867e+00 1.053074e+00 1.054494e+00 1.056135e+00 1.056625e+00 1.056356e+00 1.054872e+00 1.050204e+00 1.050270e+00 1.052951e+00 1.056111e+00 1.056402e+00 1.053731e+00 1.047152e+00 1.042287e+00 1.042563e+00 1.046914e+00 1.042425e+00 1.043510e+00 1.041638e+00 1.028009e+00 1.024721e+00 1.024569e+00 1.024048e+00 1.015073e+00 1.003561e+00 9.954782e-01 9.945841e-01 9.982229e-01 9.961106e-01 9.900951e-01 9.828269e-01 9.865879e-01 9.894260e-01 9.815916e-01 9.712418e-01 9.729676e-01 9.739428e-01 9.734251e-01 9.822029e-01 9.920477e-01 9.998998e-01 1.004605e+00 9.942458e-01 9.882879e-01 9.949793e-01 1.003247e+00 9.931888e-01 9.901558e-01 1.004189e+00 1.015799e+00 1.005621e+00 9.885655e-01 9.852151e-01 9.857720e-01 9.877027e-01 9.963840e-01 1.000471e+00 9.940547e-01 1.002313e+00 1.012471e+00 1.020006e+00 1.016861e+00 1.018105e+00 1.028438e+00 1.024124e+00 1.016466e+00 1.011966e+00 1.009853e+00 1.016007e+00 1.022033e+00 1.024146e+00 1.023928e+00 1.025157e+00 1.024596e+00 1.015202e+00 1.005051e+00 1.006950e+00 1.013661e+00 1.016825e+00 1.014281e+00 1.020628e+00 1.032739e+00 1.035599e+00 1.027204e+00 1.021133e+00 1.024629e+00 1.030614e+00 1.027604e+00 1.026285e+00 1.026610e+00 1.019058e+00 1.011645e+00 1.009088e+00 9.998676e-01 9.956369e-01 9.977456e-01 9.948481e-01 9.930149e-01 9.980822e-01 1.007188e+00 9.989411e-01 9.882647e-01 9.921273e-01 1.000688e+00 9.972492e-01 9.918758e-01 9.887187e-01 9.830394e-01 9.811558e-01 9.858881e-01 9.904998e-01 9.982277e-01 1.001333e+00 1.003586e+00 1.001695e+00 1.000385e+00 9.973791e-01 9.917570e-01 9.902587e-01 9.860499e-01 9.839466e-01
9.392427e-01 9.418580e-01 9.678543e-01 9.736060e-01 9.823882e-01 9.921413e-01 1.000341e+00 1.010168e+00 1.015667e+00 1.021230e+00 1.021032e+00 1.019753e+00 1.024264e+00 1.026990e+00 1.023329e+00 1.023523e+00 1.029028e+00 1.035013e+00 1.040150e+00 1.041375e+00 1.044581e+00 1.051203e+00 1.053707e+00 1.045842e+00 1.045267e+00 1.047056e+00 1.042915e+00 1.040171e+00 1.044550e+00 1.046383e+00 1.041248e+00 1.037383e+00 1.041722e+00 1.046170e+00 1.049222e+00 1.046585e+00 1.045284e+00 1.045997e+00 1.049959e+00 1.044814e+00 1.036863e+00 1.033306e+00 1.030318e+00 1.035376e+00 1.041377e+00 1.029346e+00 1.018178e+00 1.027006e+00 1.032681e+00 1.033142e+00 1.037934e+00 1.036206e+00 1.028180e+00 1.016862e+00 1.012568e+00 1.009114e+00 9.999482e-01 1.007461e+00 1.012680e+00 1.002412e+00 9.950444e-01 9.944721e-01 9.878682e-01 9.818457e-01 9.846095e-01 9.794807e-01 9.789798e-01 9.894291e-01 9.943900e-01 9.922646e-01 9.922294e-01 9.905531e-01 9.845753e-01 9.834346e-01 9.854285e-01 9.878438e-01 9.928621e-01 1.001397e+00 1.002429e+00 1.000883e+00 1.018199e+00 1.023655e+00 1.022717e+00 1.023215e+00 1.029206e+00 1.025965e+00 1.024264e+00 1.028378e+00 1.025911e+00 1.020288e+00 1.021025e+00 1.021394e+00 1.027134e+00 1.028258e+00 1.022711e+00 1.018905e+00 1.016946e+00 1.019040e+00 1.016211e+00 1.015630e+00 1.013294e+00 1.010710e+00 1.005303e+00 1.003773e+00 1.002022e+00 1.005792e+00 1.006275e+00 1.000702e+00 1.000577e+00 1.007061e+00 1.014377e+00 1.014477e+00 1.005592e+00 1.006973e+00 1.014124e+00 1.011313e+00 1.009641e+00 1.014197e+00 1.025961e+00 1.026808e+00 1.027002e+00 1.025594e+00 1.032244e+00 1.036323e+00 1.039876e+00 1.045661e+00 1.048056e+00 1.041191e+00 1.042166e+00 1.047431e+00 1.050404e+00 1.047874e+00 1.043933e+00 1.045153e+00 1.046693e+00 1.047513e+00 1.050902e+00 1.052070e+00 1.052455e+00 1.049838e+00 1.047355e+00 1.048315e+00 1.054157e+00 1.056311e+00 1.055205e+00 1.053647e+00 1.052697e+00 1.044510e+00 1.037418e+00 1.035406e+00 1.038649e+00 1.037707e+00 1.039392e+00 1.033362e+00 1.020459e+00 1.018127e+00 1.021029e+00 1.021958e+00 1.015870e+00 1.012327e+00 1.000706e+00 9.951844e-01 9.896578e-01 9.860620e-01 9.859070e-01 9.895241e-01 9.859052e-01 9.844344e-01 9.817639e-01 9.820721e-01 9.762816e-01 9.718955e-01 9.693264e-01 9.809148e-01 9.899207e-01 9.967810e-01 1.003276e+00 9.914867e-01 9.831625e-01 9.888353e-01 9.951234e-01 9.941881e-01 9.881892e-01 9.869664e-01 9.970111e-01 9.886126e-01 9.683220e-01 9.687025e-01 9.774660e-01 9.831233e-01 9.877740e-01 9.909918e-01 9.933654e-01 9.988148e-01 1.004942e+00 1.013114e+00 1.016204e+00 1.022313e+00 1.020695e+00 1.007931e+00 1.002571e+00 1.001917e+00 1.002746e+00 1.002938e+00 1.003435e+00 1.010125e+00 1.022065e+00 1.025059e+00 1.017479e+00 1.006855e+00 1.003591e+00 1.010016e+00 1.010386e+00 1.011846e+00 1.010675e+00 1.014702e+00 1.019420e+00 1.023800e+00 1.023089e+00 1.017648e+00 1.018469e+00 1.024398e+00 1.023982e+00 1.021582e+00 1.018021e+00 1.009015e+00 9.998183e-01 9.975871e-01 9.934509e-01 9.932910e-01 9.985196e-01 9.941093e-01 9.929004e-01 9.948204e-01 9.988546e-01 9.820458e-01 9.697042e-01 9.826927e-01 9.944252e-01 9.960634e-01 9.959109e-01 9.928431e-01 9.914757e-01 9.913238e-01 9.889587e-01 9.875143e-01 9.977505e-01 1.003188e+00 1.003345e+00 9.982134e-01 9.944343e-01 9.931186e-01 9.888630e-01 9.866865e-01 9.853375e-01 9.860582e-01
9.343813e-01 9.378597e-01 9.640629e-01 9.682422e-01 9.758960e-01 9.885117e-01 9.997826e-01 1.009466e+00 1.015551e+00 1.020023e+00 1.017168e+00 1.012739e+00 1.014283e+00 1.018425e+00 1.012885e+00 1.014679e+00 1.023349e+00 1.030406e+00 1.034811e+00 1.035350e+00 1.035643e+00 1.041517e+00 1.042777e+00 1.038166e+00 1.035324e+00 1.034771e+00 1.036582e+00 1.038465e+00 1.038657e+00 1.037880e+00 1.032368e+00 1.030033e+00 1.036213e+00 1.038323e+00 1.040851e+00 1.039672e+00 1.034116e+00 1.039097e+00 1.040458e+00 1.034081e+00 1.028447e+00 1.029853e+00 1.027820e+00 1.034312e+00 1.036342e+00 1.030543e+00 1.023045e+00 1.028954e+00 1.027213e+00 1.022901e+00 1.023299e+00 1.030891e+00 1.025599e+00 1.008610e+00 1.005923e+00 1.009528e+00 1.001789e+00 1.005849e+00 1.007661e+00 9.988391e-01 9.939890e-01 9.917639e-01 9.844292e-01 9.798316e-01 9.874110e-01 9.860787e-01 9.850507e-01 9.904307e-01 9.930511e-01 9.887686e-01 9.877233e-01 9.911966e-01 9.915966e-01 9.911379e-01 9.889960e-01 9.948686e-01 1.000418e+00 1.006756e+00 1.006873e+00 1.009786e+00 1.020421e+00 1.027726e+00 1.029089e+00 1.025383e+00 1.027392e+00 1.020318e+00 1.022124e+00 1.025953e+00 1.021934e+00 1.017523e+00 1.021069e+00 1.019986e+00 1.018154e+00 1.018427e+00 1.018867e+00 1.011387e+00 1.006504e+00 1.007493e+00 1.006158e+00 1.007700e+00 1.007173e+00 1.010154e+00 1.007164e+00 1.002172e+00 1.006334e+00 1.011946e+00 1.002743e+00 9.962854e-01 1.003334e+00 1.012060e+00 1.012424e+00 1.010197e+00 1.002522e+00 1.009907e+00 1.014826e+00 1.014434e+00 1.013000e+00 1.022796e+00 1.025917e+00 1.023869e+00 1.018695e+00 1.017762e+00 1.022198e+00 1.031232e+00 1.032514e+00 1.031066e+00 1.033200e+00 1.032591e+00 1.035397e+00 1.043866e+00 1.044173e+00 1.043531e+00 1.040376e+00 1.036831e+00 1.035170e+00 1.042233e+00 1.049958e+00 1.048414e+00 1.045953e+00 1.045337e+00 1.045849e+00 1.048976e+00 1.055537e+00 1.054322e+00 1.051929e+00 1.049728e+00 1.047783e+00 1.041739e+00 1.035301e+00 1.033127e+00 1.031390e+00 1.027063e+00 1.029370e+00 1.027193e+00 1.021881e+00 1.020147e+00 1.019016e+00 1.013399e+00 1.010553e+00 1.006058e+00 1.000225e+00 9.944639e-01 9.875650e-01 9.799102e-01 9.756536e-01 9.767554e-01 9.712041e-01 9.685239e-01 9.709277e-01 9.742268e-01 9.698052e-01 9.712284e-01 9.763783e-01 9.824626e-01 9.905503e-01 9.988081e-01 9.962605e-01 9.877852e-01 9.847131e-01 9.877138e-01 9.926551e-01 9.952555e-01 9.885351e-01 9.759518e-01 9.775626e-01 9.723032e-01 9.630873e-01 9.704818e-01 9.830317e-01 9.888473e-01 9.876258e-01 9.902323e-01 9.896113e-01 9.928833e-01 9.954764e-01 9.973678e-01 1.001016e+00 1.007826e+00 9.990804e-01 9.893821e-01 9.842371e-01 9.850653e-01 9.945124e-01 9.909389e-01 9.893582e-01 9.992330e-01 1.010066e+00 1.011887e+00 1.009352e+00 1.009137e+00 1.009939e+00 1.003757e+00 1.002583e+00 1.004328e+00 1.007085e+00 1.012987e+00 1.010380e+00 1.006904e+00 1.011368e+00 1.006715e+00 1.001261e+00 9.993801e-01 1.004563e+00 1.001550e+00 9.917281e-01 9.832758e-01 9.794523e-01 9.821441e-01 9.850850e-01 9.885443e-01 9.902263e-01 9.890290e-01 9.920484e-01 9.931254e-01 9.882710e-01 9.721052e-01 9.658581e-01 9.831240e-01 9.890943e-01 9.901175e-01 9.913259e-01 9.850302e-01 9.895915e-01 9.897665e-01 9.859059e-01 9.852540e-01 9.964509e-01 1.000365e+00 9.961860e-01 9.924773e-01 9.933438e-01 9.941736e-01 9.881597e-01 9.869807e-01 9.873028e-01 9.897635e-01
9.330969e-01 9.384895e-01 9.634166e-01 9.662957e-01 9.761389e-01 9.883927e-01 9.990134e-01 1.005969e+00 1.014303e+00 1.016254e+00 1.010686e+00 1.004248e+00 1.007118e+00 1.011814e+00 1.008800e+00 1.014716e+00 1.023215e+00 1.023987e+00 1.030154e+00 1.029158e+00 1.026922e+00 1.027087e+00 1.031272e+00 1.028891e+00 1.025668e+00 1.023883e+00 1.028478e+00 1.033307e+00 1.028697e+00 1.022585e+00 1.020387e+00 1.020803e+00 1.028644e+00 1.029074e+00 1.031623e+00 1.026804e+00 1.025678e+00 1.030269e+00 1.028069e+00 1.024805e+00 1.028817e+00 1.035773e+00 1.029421e+00 1.030526e+00 1.029346e+00 1.030156e+00 1.020661e+00 1.021238e+00 1.015919e+00 1.014205e+00 1.012785e+00 1.021198e+00 1.014456e+00 1.003500e+00 1.007908e+00 1.008960e+00 1.002907e+00 1.004411e+00 1.000189e+00 9.927961e-01 9.861010e-01 9.888860e-01 9.922742e-01 9.917053e-01 9.970578e-01 9.929094e-01 9.927341e-01 9.898716e-01 9.896517e-01 9.883063e-01 9.858835e-01 9.909675e-01 1.001829e+00 9.997200e-01 1.004225e+00 1.004592e+00 1.004938e+00 1.010057e+00 1.016353e+00 1.015039e+00 1.015085e+00 1.023706e+00 1.028754e+00 1.028690e+00 1.023561e+00 1.015668e+00 1.016291e+00 1.017308e+00 1.016811e+00 1.012501e+00 1.012131e+00 1.010725e+00 1.010165e+00 1.005930e+00 1.006715e+00 1.002488e+00 1.004019e+00 1.006192e+00 1.001724e+00 9.965292e-01 9.976138e-01 1.005142e+00 1.006597e+00 1.007789e+00 1.010605e+00 1.013520e+00 9.975924e-01 9.950065e-01 1.005236e+00 1.011927e+00 1.010518e+00 1.010810e+00 1.009352e+00 1.016851e+00 1.016425e+00 1.015959e+00 1.014229e+00 1.018607e+00 1.016442e+00 1.015333e+00 1.010184e+00 1.008686e+00 1.011394e+00 1.019063e+00 1.022777e+00 1.021034e+00 1.021490e+00 1.025056e+00 1.026494e+00 1.031988e+00 1.035338e+00 1.037075e+00 1.036835e+00 1.032328e+00 1.030461e+00 1.038339e+00 1.046191e+00 1.046950e+00 1.044860e+00 1.043880e+00 1.044129e+00 1.040741e+00 1.042054e+00 1.041230e+00 1.041476e+00 1.041136e+00 1.040016e+00 1.040105e+00 1.035144e+00 1.030131e+00 1.023834e+00 1.023268e+00 1.024127e+00 1.024367e+00 1.020717e+00 1.015583e+00 1.012902e+00 1.003295e+00 1.000683e+00 1.001938e+00 1.001530e+00 1.003437e+00 9.946597e-01 9.828590e-01 9.766774e-01 9.721477e-01 9.617242e-01 9.584770e-01 9.623262e-01 9.637436e-01 9.653472e-01 9.706303e-01 9.793416e-01 9.814971e-01 9.961148e-01 1.001965e+00 9.922497e-01 9.899647e-01 9.888228e-01 9.845615e-01 9.854279e-01 9.910513e-01 9.866210e-01 9.704977e-01 9.678460e-01 9.701615e-01 9.756217e-01 9.811804e-01 9.912664e-01 9.899179e-01 9.871002e-01 9.862720e-01 9.869020e-01 9.843110e-01 9.816068e-01 9.790971e-01 9.782113e-01 9.801115e-01 9.856208e-01 9.802077e-01 9.660696e-01 9.744359e-01 9.839376e-01 9.852571e-01 9.874341e-01 9.986212e-01 1.003808e+00 1.001318e+00 9.996265e-01 1.005133e+00 9.982504e-01 9.887213e-01 1.000758e+00 1.006573e+00 1.008374e+00 1.012578e+00 1.004393e+00 9.941689e-01 9.942052e-01 9.893551e-01 9.905748e-01 9.894980e-01 9.873327e-01 9.778209e-01 9.631791e-01 9.566854e-01 9.678529e-01 9.746270e-01 9.745581e-01 9.737169e-01 9.778817e-01 9.826365e-01 9.853657e-01 9.829820e-01 9.794231e-01 9.751014e-01 9.689825e-01 9.743204e-01 9.780984e-01 9.790738e-01 9.780917e-01 9.689181e-01 9.724096e-01 9.814724e-01 9.849238e-01 9.897950e-01 9.944258e-01 9.980088e-01 9.975109e-01 9.952064e-01 9.979407e-01 9.957299e-01 9.878734e-01 9.874125e-01 9.887069e-01 9.926964e-01
9.366103e-01 9.421078e-01 9.636159e-01 9.656139e-01 9.763595e-01 9.889074e-01 9.972556e-01 1.001666e+00 1.008423e+00 1.007841e+00 1.003890e+00 1.003072e+00 1.007720e+00 1.012238e+00 1.013953e+00 1.020023e+00 1.020784e+00 1.016865e+00 1.021259e+00 1.020223e+00 1.015358e+00 1.018806e+00 1.022065e+00 1.019369e+00 1.020700e+00 1.016227e+00 1.023882e+00 1.025951e+00 1.021196e+00 1.019208e+00 1.019157e+00 1.022840e+00 1.026395e+00 1.025066e+00 1.026930e+00 1.030063e+00 1.029404e+00 1.024076e+00 1.020521e+00 1.014816e+00 1.022061e+00 1.028545e+00 1.026187e+00 1.021633e+00 1.018296e+00 1.020492e+00 1.017606e+00 1.007032e+00 9.981924e-01 9.936384e-01 9.933637e-01 1.002081e+00 9.976764e-01 9.975486e-01 9.974827e-01 1.001413e+00 9.983225e-01 9.978684e-01 9.952269e-01 9.866551e-01 9.894474e-01 9.966694e-01 1.000707e+00 9.968886e-01 9.935944e-01 9.887343e-01 9.872007e-01 9.835204e-01 9.839182e-01 9.851632e-01 9.897595e-01 1.000097e+00 1.009898e+00 1.005572e+00 1.007450e+00 1.001081e+00 1.006726e+00 1.012421e+00 1.013050e+00 1.006080e+00 1.010758e+00 1.016528e+00 1.016343e+00 1.016054e+00 1.014335e+00 1.010618e+00 1.006507e+00 1.006590e+00 1.003722e+00 1.005663e+00 1.006822e+00 1.004950e+00 1.004321e+00 1.001772e+00 9.934582e-01 9.952445e-01 1.002552e+00 1.000440e+00 9.999764e-01 9.973719e-01 9.977199e-01 1.006363e+00 1.009032e+00 1.008784e+00 1.014297e+00 1.009469e+00 1.001040e+00 1.002867e+00 1.006211e+00 1.006347e+00 1.003816e+00 1.008336e+00 1.020649e+00 1.021606e+00 1.019421e+00 1.020560e+00 1.017319e+00 1.013294e+00 1.008551e+00 1.007614e+00 1.006613e+00 1.009036e+00 1.006246e+00 1.006332e+00 1.011245e+00 1.016827e+00 1.016971e+00 1.019745e+00 1.020426e+00 1.022865e+00 1.025035e+00 1.024754e+00 1.032551e+00 1.029070e+00 1.022042e+00 1.026981e+00 1.039772e+00 1.047674e+00 1.045795e+00 1.036153e+00 1.035126e+00 1.029636e+00 1.027226e+00 1.027216e+00 1.026832e+00 1.028722e+00 1.033104e+00 1.035892e+00 1.028210e+00 1.022668e+00 1.019448e+00 1.015749e+00 1.012310e+00 1.015684e+00 1.011888e+00 1.009037e+00 1.002859e+00 9.965271e-01 1.000288e+00 1.002282e+00 1.003430e+00 1.005043e+00 1.000257e+00 9.915929e-01 9.849719e-01 9.747652e-01 9.653743e-01 9.593707e-01 9.596817e-01 9.626128e-01 9.680039e-01 9.721777e-01 9.744431e-01 9.777459e-01 9.899073e-01 9.938890e-01 9.886994e-01 9.865372e-01 9.826009e-01 9.785929e-01 9.820417e-01 9.825359e-01 9.809074e-01 9.726644e-01 9.661282e-01 9.699302e-01 9.812844e-01 9.763829e-01 9.852479e-01 9.859128e-01 9.754704e-01 9.773625e-01 9.798628e-01 9.765224e-01 9.697595e-01 9.746622e-01 9.713515e-01 9.697105e-01 9.772440e-01 9.679536e-01 9.617599e-01 9.751441e-01 9.815292e-01 9.809282e-01 9.832026e-01 9.856349e-01 9.906092e-01 9.898975e-01 9.867498e-01 9.890870e-01 9.888356e-01 9.871079e-01 1.000236e+00 1.003993e+00 1.000681e+00 9.988886e-01 9.942944e-01 9.861873e-01 9.848119e-01 9.843634e-01 9.861673e-01 9.890538e-01 9.810814e-01 9.648236e-01 9.536608e-01 9.405575e-01 9.515234e-01 9.630117e-01 9.612915e-01 9.572866e-01 9.633430e-01 9.742447e-01 9.717053e-01 9.738612e-01 9.830384e-01 9.764927e-01 9.698564e-01 9.668584e-01 9.745426e-01 9.802688e-01 9.793777e-01 9.678849e-01 9.730754e-01 9.850627e-01 9.901382e-01 9.891546e-01 9.882424e-01 9.919631e-01 9.946692e-01 9.948215e-01 9.944630e-01 9.882379e-01 9.822069e-01 9.842317e-01 9.876961e-01 9.922970e-01
9.372658e-01 9.428508e-01 9.627161e-01 9.631161e-01 9.734851e-01 9.852059e-01 9.958862e-01 1.000237e+00 1.005111e+00 1.004065e+00 1.003301e+00 1.004660e+00 1.011783e+00 1.016337e+00 1.017171e+00 1.018648e+00 1.015501e+00 1.010171e+00 1.007492e+00 1.001714e+00 9.983632e-01 1.008234e+00 1.010031e+00 1.005543e+00 1.007473e+00 1.010313e+00 1.015448e+00 1.017409e+00 1.019339e+00 1.021620e+00 1.025492e+00 1.027952e+00 1.024133e+00 1.019003e+00 1.016778e+00 1.023414e+00 1.021842e+00 1.013067e+00 1.009842e+00 1.007393e+00 1.009844e+00 1.011670e+00 1.015723e+00 1.013871e+00 1.013906e+00 1.011092e+00 1.006702e+00 9.946828e-01 9.834105e-01 9.757487e-01 9.758661e-01 9.815548e-01 9.884126e-01 9.927530e-01 9.885596e-01 9.821787e-01 9.886105e-01 9.948844e-01 9.919119e-01 9.940717e-01 1.002519e+00 1.000157e+00 9.971340e-01 9.970181e-01 9.983065e-01 9.951144e-01 9.925679e-01 9.919601e-01 9.893714e-01 9.883838e-01 9.951562e-01 1.002051e+00 1.007952e+00 1.007408e+00 1.003446e+00 1.000340e+00 1.007093e+00 1.003424e+00 9.975529e-01 9.939554e-01 1.003236e+00 1.007415e+00 1.005987e+00 1.006195e+00 1.006351e+00 1.000326e+00 9.956282e-01 9.986194e-01 1.000399e+00 9.973266e-01 1.000018e+00 1.003862e+00 1.004153e+00 1.000028e+00 9.971938e-01 9.989326e-01 1.002094e+00 1.001874e+00 9.989715e-01 1.008272e+00 1.007295e+00 1.007327e+00 1.011640e+00 1.009230e+00 1.011518e+00 1.011084e+00 1.008805e+00 1.006276e+00 1.003287e+00 9.989744e-01 1.000784e+00 1.009830e+00 1.021509e+00 1.023234e+00 1.022067e+00 1.024129e+00 1.020768e+00 1.015124e+00 1.013118e+00 1.013963e+00 1.010637e+00 1.008802e+00 1.009343e+00 1.004634e+00 1.008181e+00 1.014495e+00 1.010555e+00 1.006438e+00 1.011915e+00 1.016899e+00 1.015906e+00 1.014046e+00 1.021542e+00 1.019452e+00 1.014761e+00 1.017223e+00 1.029802e+00 1.038524e+00 1.035439e+00 1.022842e+00 1.014420e+00 1.006257e+00 1.005257e+00 1.014623e+00 1.016710e+00 1.019189e+00 1.033244e+00 1.032650e+00 1.013652e+00 1.014711e+00 1.014123e+00 1.010059e+00 1.008308e+00 1.016050e+00 1.018643e+00 1.014244e+00 1.006398e+00 9.995354e-01 1.000621e+00 9.973730e-01 9.951244e-01 9.965097e-01 9.961964e-01 9.906565e-01 9.854304e-01 9.783292e-01 9.718247e-01 9.629723e-01 9.616711e-01 9.696581e-01 9.755318e-01 9.746170e-01 9.719642e-01 9.697028e-01 9.751948e-01 9.798526e-01 9.817808e-01 9.801807e-01 9.760215e-01 9.806568e-01 9.843836e-01 9.784231e-01 9.764992e-01 9.695457e-01 9.621722e-01 9.673266e-01 9.704685e-01 9.676028e-01 9.761432e-01 9.720975e-01 9.662461e-01 9.648415e-01 9.728588e-01 9.709193e-01 9.694654e-01 9.723706e-01 9.707378e-01 9.731899e-01 9.763692e-01 9.704880e-01 9.597150e-01 9.595519e-01 9.630233e-01 9.659290e-01 9.701066e-01 9.750487e-01 9.831787e-01 9.746403e-01 9.700524e-01 9.761160e-01 9.848937e-01 9.871799e-01 9.870608e-01 9.878392e-01 9.821824e-01 9.799982e-01 9.812709e-01 9.798558e-01 9.777229e-01 9.836227e-01 9.898990e-01 9.796931e-01 9.649690e-01 9.594273e-01 9.505067e-01 9.468177e-01 9.498870e-01 9.508371e-01 9.468077e-01 9.492581e-01 9.539335e-01 9.680459e-01 9.709777e-01 9.715533e-01 9.746996e-01 9.691867e-01 9.653201e-01 9.655849e-01 9.701272e-01 9.760684e-01 9.781584e-01 9.656053e-01 9.686204e-01 9.749190e-01 9.797895e-01 9.816796e-01 9.835355e-01 9.885363e-01 9.922242e-01 9.896394e-01 9.875063e-01 9.819210e-01 9.777977e-01 9.789548e-01 9.826148e-01 9.892870e-01
9.382660e-01 9.424165e-01 9.633583e-01 9.621608e-01 9.703109e-01 9.816775e-01 9.945659e-01 9.999141e-01 1.003988e+00 1.005777e+00 1.005563e+00 1.007369e+00 1.014684e+00 1.022246e+00 1.021891e+00 1.015590e+00 1.012343e+00 1.009002e+00 1.001123e+00 9.932072e-01 9.932765e-01 1.000571e+00 1.004997e+00 9.969339e-01 9.931070e-01 1.002280e+00 1.004412e+00 1.003660e+00 1.008562e+00 1.013089e+00 1.013442e+00 1.014884e+00 1.011147e+00 1.002342e+00 9.998456e-01 1.002792e+00 9.987320e-01 9.957105e-01 9.937071e-01 9.925403e-01 9.981525e-01 9.985395e-01 1.005354e+00 1.007522e+00 1.006479e+00 1.001026e+00 1.001180e+00 9.936257e-01 9.837492e-01 9.722114e-01 9.703314e-01 9.789599e-01 9.854607e-01 9.873949e-01 9.803235e-01 9.766276e-01 9.842440e-01 9.936488e-01 9.946823e-01 9.954683e-01 9.987637e-01 9.934338e-01 9.898614e-01 9.975514e-01 9.984827e-01 9.948877e-01 9.959095e-01 9.986687e-01 9.985182e-01 9.949908e-01 9.979523e-01 9.991733e-01 1.004108e+00 1.005900e+00 9.977645e-01 9.914041e-01 9.981343e-01 9.937273e-01 9.897538e-01 9.866908e-01 9.919452e-01 9.983878e-01 1.002664e+00 1.002810e+00 1.000374e+00 9.964824e-01 9.945349e-01 9.971815e-01 9.994738e-01 9.945337e-01 9.973703e-01 1.002819e+00 1.004533e+00 9.987891e-01 1.001554e+00 1.001208e+00 1.001437e+00 1.009467e+00 1.010096e+00 1.009167e+00 1.008631e+00 1.009916e+00 1.009771e+00 1.001056e+00 9.977118e-01 1.002283e+00 1.005599e+00 1.003362e+00 9.978435e-01 9.940428e-01 9.990259e-01 1.003332e+00 1.008286e+00 1.011211e+00 1.016099e+00 1.019674e+00 1.012810e+00 1.010261e+00 1.012004e+00 1.014035e+00 1.009228e+00 1.001917e+00 1.010370e+00 1.007954e+00 1.008369e+00 1.015877e+00 1.013013e+00 1.005004e+00 1.010807e+00 1.011219e+00 1.007016e+00 1.009248e+00 1.010324e+00 1.007937e+00 1.008534e+00 1.012207e+00 1.019701e+00 1.016744e+00 1.016953e+00 1.011822e+00 1.001246e+00 9.880126e-01 9.979563e-01 1.004643e+00 1.007291e+00 1.014250e+00 1.021063e+00 1.017875e+00 1.006644e+00 1.003224e+00 1.004577e+00 1.002238e+00 1.003063e+00 1.010301e+00 1.016758e+00 1.014696e+00 1.006034e+00 1.002132e+00 1.000983e+00 9.934425e-01 9.837736e-01 9.869120e-01 9.877780e-01 9.868332e-01 9.801304e-01 9.785317e-01 9.825363e-01 9.738098e-01 9.670989e-01 9.709122e-01 9.748586e-01 9.786584e-01 9.781286e-01 9.687970e-01 9.679119e-01 9.774474e-01 9.773384e-01 9.729739e-01 9.768666e-01 9.843135e-01 9.852309e-01 9.788257e-01 9.803226e-01 9.747416e-01 9.672852e-01 9.690967e-01 9.693344e-01 9.660119e-01 9.602858e-01 9.600983e-01 9.642242e-01 9.598829e-01 9.664909e-01 9.705563e-01 9.693680e-01 9.695253e-01 9.723409e-01 9.739126e-01 9.768611e-01 9.713185e-01 9.577482e-01 9.516405e-01 9.527999e-01 9.632354e-01 9.678927e-01 9.707943e-01 9.726932e-01 9.704804e-01 9.648346e-01 9.720601e-01 9.865781e-01 9.895308e-01 9.825414e-01 9.723473e-01 9.589657e-01 9.645426e-01 9.721440e-01 9.757099e-01 9.708135e-01 9.776054e-01 9.835312e-01 9.687063e-01 9.615131e-01 9.670241e-01 9.636793e-01 9.576922e-01 9.499329e-01 9.450293e-01 9.479418e-01 9.582112e-01 9.596515e-01 9.718961e-01 9.738284e-01 9.673509e-01 9.618317e-01 9.571876e-01 9.533787e-01 9.584554e-01 9.616988e-01 9.664119e-01 9.647634e-01 9.590290e-01 9.612727e-01 9.667952e-01 9.690624e-01 9.749118e-01 9.817011e-01 9.898364e-01 9.920891e-01 9.877287e-01 9.855665e-01 9.821016e-01 9.785149e-01 9.799264e-01 9.821143e-01 9.883308e-01
9.420860e-01 9.439659e-01 9.648866e-01 9.621069e-01 9.661849e-01 9.760069e-01 9.894910e-01 9.951493e-01 1.001304e+00 1.004894e+00 1.006250e+00 1.007578e+00 1.014895e+00 1.023376e+00 1.020896e+00 1.015374e+00 1.012626e+00 1.008613e+00 1.000754e+00 9.969162e-01 9.953550e-01 9.994942e-01 1.002905e+00 9.971880e-01 9.915425e-01 9.953538e-01 9.976546e-01 9.959837e-01 9.929574e-01 9.899681e-01 9.907761e-01 9.930109e-01 9.896318e-01 9.821392e-01 9.837496e-01 9.857072e-01 9.827875e-01 9.799881e-01 9.777743e-01 9.770135e-01 9.777284e-01 9.859611e-01 9.858333e-01 9.909811e-01 9.892139e-01 9.845182e-01 9.889725e-01 9.804236e-01 9.699687e-01 9.613309e-01 9.669486e-01 9.776463e-01 9.829991e-01 9.826750e-01 9.681870e-01 9.630556e-01 9.737104e-01 9.809443e-01 9.851233e-01 9.813849e-01 9.860549e-01 9.887799e-01 9.834171e-01 9.872819e-01 9.874896e-01 9.826759e-01 9.869406e-01 9.956028e-01 1.004773e+00 9.974688e-01 9.934477e-01 9.955682e-01 9.990975e-01 1.000812e+00 9.952132e-01 9.935794e-01 9.977935e-01 9.983655e-01 9.908099e-01 9.881145e-01 9.926546e-01 1.001760e+00 1.005580e+00 1.003615e+00 1.000416e+00 1.000868e+00 1.003525e+00 1.008969e+00 1.007154e+00 9.979469e-01 1.001223e+00 1.006189e+00 9.976267e-01 9.955469e-01 1.003639e+00 1.007234e+00 1.008491e+00 1.014583e+00 1.011586e+00 1.007255e+00 1.010140e+00 1.013206e+00 1.015466e+00 1.012582e+00 1.003431e+00 1.001596e+00 1.005313e+00 1.001253e+00 9.956263e-01 9.949021e-01 9.967293e-01 9.958581e-01 9.943772e-01 1.005429e+00 1.010536e+00 1.008388e+00 1.003300e+00 9.992599e-01 1.007360e+00 1.011602e+00 1.002953e+00 9.975073e-01 1.002550e+00 1.004789e+00 1.004134e+00 1.011497e+00 1.012624e+00 1.010968e+00 1.014002e+00 1.011460e+00 1.008881e+00 1.008175e+00 1.006412e+00 1.003102e+00 1.002784e+00 1.006057e+00 1.009148e+00 1.007831e+00 1.007387e+00 1.006096e+00 9.964359e-01 9.851579e-01 9.989907e-01 1.004744e+00 1.005227e+00 1.006309e+00 1.003132e+00 1.005245e+00 9.982221e-01 9.926245e-01 9.999847e-01 1.005334e+00 1.004706e+00 1.001768e+00 1.009640e+00 1.004319e+00 9.995973e-01 1.005660e+00 1.006166e+00 1.000351e+00 9.969280e-01 9.958490e-01 9.903066e-01 9.846421e-01 9.786392e-01 9.834685e-01 9.872732e-01 9.869927e-01 9.858193e-01 9.796498e-01 9.765484e-01 9.820036e-01 9.796202e-01 9.701733e-01 9.734172e-01 9.804172e-01 9.802921e-01 9.828204e-01 9.867859e-01 9.872514e-01 9.843941e-01 9.869606e-01 9.930711e-01 9.925706e-01 9.901882e-01 9.888814e-01 9.798923e-01 9.701218e-01 9.638427e-01 9.718019e-01 9.771170e-01 9.724235e-01 9.733394e-01 9.830257e-01 9.851504e-01 9.843206e-01 9.827638e-01 9.829658e-01 9.855602e-01 9.830121e-01 9.768462e-01 9.686164e-01 9.701276e-01 9.726645e-01 9.831907e-01 9.857004e-01 9.772611e-01 9.727520e-01 9.682396e-01 9.781115e-01 9.881860e-01 9.854361e-01 9.776947e-01 9.713984e-01 9.707822e-01 9.708483e-01 9.732516e-01 9.709718e-01 9.687251e-01 9.719858e-01 9.685650e-01 9.663531e-01 9.654426e-01 9.712310e-01 9.737203e-01 9.690785e-01 9.621587e-01 9.543459e-01 9.521486e-01 9.607977e-01 9.698771e-01 9.687472e-01 9.673564e-01 9.649867e-01 9.574145e-01 9.522341e-01 9.555535e-01 9.564064e-01 9.570620e-01 9.620315e-01 9.580788e-01 9.592102e-01 9.611651e-01 9.656972e-01 9.703618e-01 9.753140e-01 9.847761e-01 9.917658e-01 9.910277e-01 9.898148e-01 9.884328e-01 9.858423e-01 9.823336e-01 9.847494e-01 9.875306e-01 9.909924e-01
9.407635e-01 9.426101e-01 9.606690e-01 9.580730e-01 9.632436e-01 9.712293e-01 9.803171e-01 9.867207e-01 9.957760e-01 1.001362e+00 1.003648e+00 1.007394e+00 1.012672e+00 1.020080e+00 1.018267e+00 1.016318e+00 1.016628e+00 1.015324e+00 1.012500e+00 1.007687e+00 9.965337e-01 9.940552e-01 9.991345e-01 1.003090e+00 9.970358e-01 9.898050e-01 9.843984e-01 9.777656e-01 9.715531e-01 9.674086e-01 9.682522e-01 9.768907e-01 9.765996e-01 9.689283e-01 9.745995e-01 9.781038e-01 9.701278e-01 9.618414e-01 9.594572e-01 9.589861e-01 9.551119e-01 9.593161e-01 9.641572e-01 9.689768e-01 9.721094e-01 9.715490e-01 9.716787e-01 9.678562e-01 9.599212e-01 9.572831e-01 9.658489e-01 9.748914e-01 9.791573e-01 9.676134e-01 9.496414e-01 9.430151e-01 9.519486e-01 9.652265e-01 9.699734e-01 9.782811e-01 9.808308e-01 9.793175e-01 9.763508e-01 9.819427e-01 9.833044e-01 9.859645e-01 9.895751e-01 9.940174e-01 1.004964e+00 1.004286e+00 9.992975e-01 9.978957e-01 1.004850e+00 1.004452e+00 1.002436e+00 1.001845e+00 9.992093e-01 1.005547e+00 1.007310e+00 1.001041e+00 1.002265e+00 1.008732e+00 1.009808e+00 1.011545e+00 1.013201e+00 1.016290e+00 1.012886e+00 1.013180e+00 1.009742e+00 1.007143e+00 1.015562e+00 1.018106e+00 1.005430e+00 9.939802e-01 9.971248e-01 1.004317e+00 1.006927e+00 1.008641e+00 1.010682e+00 1.009961e+00 1.013523e+00 1.019805e+00 1.024395e+00 1.026228e+00 1.018084e+00 1.011033e+00 1.012557e+00 1.008528e+00 1.002271e+00 9.973385e-01 9.921781e-01 9.957767e-01 1.001150e+00 1.006729e+00 1.009415e+00 1.007648e+00 9.991341e-01 9.929881e-01 9.952002e-01 9.967217e-01 9.947573e-01 9.927420e-01 9.887633e-01 9.876280e-01 9.888074e-01 9.932237e-01 1.003970e+00 1.006310e+00 1.008564e+00 1.008295e+00 1.003943e+00 1.004372e+00 9.985396e-01 9.925213e-01 9.914812e-01 9.956746e-01 9.998936e-01 9.992470e-01 9.979151e-01 9.979277e-01 9.948507e-01 9.909387e-01 9.948173e-01 1.001693e+00 1.001727e+00 9.962134e-01 9.921971e-01 9.900946e-01 9.847566e-01 9.917535e-01 1.004455e+00 1.007867e+00 1.007562e+00 9.968904e-01 1.002353e+00 9.973850e-01 9.973885e-01 1.004301e+00 1.012315e+00 1.006359e+00 1.004085e+00 1.000299e+00 9.956515e-01 9.926907e-01 9.888017e-01 9.871506e-01 9.855799e-01 9.896266e-01 9.993656e-01 9.908075e-01 9.831679e-01 9.863217e-01 9.835265e-01 9.772679e-01 9.835670e-01 9.885092e-01 9.941981e-01 9.983703e-01 9.999348e-01 9.940414e-01 9.907825e-01 9.973271e-01 9.957256e-01 9.978419e-01 1.004167e+00 1.004462e+00 9.992508e-01 9.938447e-01 9.950824e-01 9.959253e-01 9.932052e-01 9.918061e-01 9.922562e-01 9.944676e-01 1.001900e+00 1.001414e+00 9.978960e-01 9.973975e-01 9.960677e-01 9.905397e-01 9.834988e-01 9.879524e-01 9.902852e-01 9.894625e-01 9.893391e-01 9.900612e-01 9.827523e-01 9.806361e-01 9.786845e-01 9.823067e-01 9.836071e-01 9.802191e-01 9.747711e-01 9.774545e-01 9.830026e-01 9.829055e-01 9.800253e-01 9.774529e-01 9.819686e-01 9.808514e-01 9.728800e-01 9.646010e-01 9.673988e-01 9.694403e-01 9.665762e-01 9.631053e-01 9.654824e-01 9.636824e-01 9.505154e-01 9.493899e-01 9.585454e-01 9.611678e-01 9.610135e-01 9.611869e-01 9.610834e-01 9.612047e-01 9.603919e-01 9.598626e-01 9.564351e-01 9.574190e-01 9.605545e-01 9.597480e-01 9.588289e-01 9.623283e-01 9.709736e-01 9.805067e-01 9.872918e-01 9.902688e-01 9.914464e-01 9.905494e-01 9.892727e-01 9.871634e-01 9.850954e-01 9.878924e-01 9.930106e-01 9.938708e-01
9.413956e-01 9.432790e-01 9.589947e-01 9.559197e-01 9.624845e-01 9.709603e-01 9.761298e-01 9.811703e-01 9.896399e-01 9.923787e-01 9.931206e-01 9.993396e-01 1.008070e+00 1.015086e+00 1.017472e+00 1.018491e+00 1.018893e+00 1.019054e+00 1.018434e+00 1.014502e+00 1.007524e+00 1.003102e+00 1.000381e+00 9.985040e-01 9.949642e-01 9.831609e-01 9.749832e-01 9.709333e-01 9.662812e-01 9.660422e-01 9.659424e-01 9.721246e-01 9.752286e-01 9.681966e-01 9.674783e-01 9.683704e-01 9.582767e-01 9.520724e-01 9.569200e-01 9.541927e-01 9.430091e-01 9.418182e-01 9.490101e-01 9.579870e-01 9.650417e-01 9.679965e-01 9.643959e-01 9.653029e-01 9.580348e-01 9.550253e-01 9.604440e-01 9.692003e-01 9.708036e-01 9.586657e-01 9.450270e-01 9.479419e-01 9.575428e-01 9.681712e-01 9.707215e-01 9.816040e-01 9.909268e-01 9.827491e-01 9.839145e-01 9.901472e-01 9.907373e-01 9.942169e-01 9.986286e-01 9.982249e-01 9.990488e-01 1.004308e+00 1.003882e+00 1.003049e+00 1.010210e+00 1.008595e+00 1.005446e+00 1.007566e+00 1.009300e+00 1.013892e+00 1.015657e+00 1.010656e+00 1.009063e+00 1.012307e+00 1.010058e+00 1.019029e+00 1.019855e+00 1.018980e+00 1.018003e+00 1.016469e+00 1.017205e+00 1.019226e+00 1.024236e+00 1.022372e+00 1.008781e+00 9.911686e-01 9.902510e-01 1.000252e+00 1.004373e+00 1.007351e+00 1.013902e+00 1.013355e+00 1.015390e+00 1.023022e+00 1.028826e+00 1.024768e+00 1.019794e+00 1.020213e+00 1.012138e+00 1.006141e+00 1.006652e+00 1.002472e+00 9.959002e-01 9.995956e-01 1.004750e+00 1.004925e+00 1.005974e+00 1.006237e+00 1.002559e+00 9.965478e-01 9.910051e-01 9.954883e-01 9.982529e-01 9.967372e-01 9.917443e-01 9.838062e-01 9.807086e-01 9.868386e-01 1.002166e+00 1.002302e+00 1.000500e+00 1.002125e+00 9.976422e-01 9.985405e-01 9.973431e-01 9.889866e-01 9.835334e-01 9.842924e-01 9.946018e-01 9.982057e-01 9.983633e-01 9.955350e-01 9.967539e-01 1.002611e+00 1.001256e+00 9.964219e-01 9.955685e-01 9.920267e-01 9.953521e-01 9.910718e-01 9.886621e-01 9.949305e-01 1.003285e+00 9.999018e-01 1.000558e+00 9.960480e-01 9.980582e-01 9.997242e-01 1.003264e+00 1.006952e+00 1.007133e+00 1.007726e+00 1.012190e+00 1.008128e+00 1.001868e+00 9.965251e-01 9.986313e-01 9.926565e-01 9.861860e-01 9.908934e-01 1.002577e+00 9.989842e-01 9.919740e-01 9.893452e-01 9.848383e-01 9.877748e-01 9.944028e-01 9.987435e-01 1.009668e+00 1.011887e+00 1.005634e+00 9.985606e-01 9.876162e-01 9.898702e-01 9.949318e-01 1.001673e+00 1.016092e+00 1.021457e+00 1.016131e+00 1.008761e+00 1.005002e+00 1.004693e+00 1.001505e+00 1.006592e+00 1.010638e+00 1.009285e+00 1.012915e+00 1.015147e+00 1.015044e+00 1.014363e+00 1.011838e+00 1.002536e+00 9.924192e-01 9.985008e-01 9.984981e-01 9.976085e-01 9.920868e-01 9.952902e-01 9.945348e-01 9.887646e-01 9.842051e-01 9.866480e-01 9.870511e-01 9.899644e-01 9.881794e-01 9.994338e-01 1.005281e+00 9.997774e-01 9.934571e-01 9.885914e-01 9.900571e-01 9.900086e-01 9.861415e-01 9.758782e-01 9.695423e-01 9.685735e-01 9.661438e-01 9.698020e-01 9.762818e-01 9.747555e-01 9.557415e-01 9.567962e-01 9.650190e-01 9.715535e-01 9.655085e-01 9.657311e-01 9.696527e-01 9.701660e-01 9.643890e-01 9.633366e-01 9.595683e-01 9.576654e-01 9.600902e-01 9.580935e-01 9.583186e-01 9.634268e-01 9.744635e-01 9.829962e-01 9.847836e-01 9.858837e-01 9.901840e-01 9.893016e-01 9.876915e-01 9.858704e-01 9.855212e-01 9.903910e-01 9.939057e-01 9.965737e-01
9.501515e-01 9.496962e-01 9.608681e-01 9.610220e-01 9.671890e-01 9.737613e-01 9.764720e-01 9.779603e-01 9.859351e-01 9.880983e-01 9.883338e-01 9.941361e-01 1.003151e+00 1.007402e+00 1.008775e+00 1.009036e+00 1.012172e+00 1.012983e+00 1.010552e+00 1.006851e+00 1.004750e+00 1.004315e+00 1.002436e+00 1.001018e+00 9.957816e-01 9.843321e-01 9.774522e-01 9.782963e-01 9.772346e-01 9.790229e-01 9.767297e-01 9.825851e-01 9.821113e-01 9.785501e-01 9.713046e-01 9.689764e-01 9.676046e-01 9.699395e-01 9.710864e-01 9.699966e-01 9.604746e-01 9.590841e-01 9.596632e-01 9.622884e-01 9.688446e-01 9.703900e-01 9.660116e-01 9.666106e-01 9.590968e-01 9.603340e-01 9.622578e-01 9.747545e-01 9.742814e-01 9.595668e-01 9.573433e-01 9.683954e-01 9.818508e-01 9.813879e-01 9.764218e-01 9.836085e-01 9.936142e-01 9.893364e-01 9.916651e-01 9.978757e-01 1.000571e+00 9.939612e-01 9.935763e-01 1.003049e+00 1.004497e+00 1.004391e+00 1.004832e+00 1.006323e+00 1.016098e+00 1.015180e+00 1.009615e+00 1.008705e+00 1.011644e+00 1.017561e+00 1.012697e+00 1.006455e+00 1.005585e+00 1.006791e+00 1.010072e+00 1.016979e+00 1.016215e+00 1.013594e+00 1.016183e+00 1.015309e+00 1.015594e+00 1.015041e+00 1.015441e+00 1.014684e+00 1.005306e+00 9.917129e-01 9.912087e-01 1.000356e+00 1.011030e+00 1.012401e+00 1.014968e+00 1.012621e+00 1.016493e+00 1.023265e+00 1.022930e+00 1.018859e+00 1.018814e+00 1.018671e+00 1.013089e+00 1.003852e+00 1.007793e+00 1.007944e+00 1.002923e+00 1.001179e+00 1.008132e+00 1.009792e+00 1.009707e+00 1.009413e+00 1.010518e+00 1.007376e+00 1.005635e+00 1.005870e+00 1.005448e+00 1.006787e+00 1.006167e+00 9.955354e-01 9.914019e-01 9.974030e-01 1.006597e+00 1.001611e+00 9.994463e-01 1.001051e+00 9.980831e-01 9.943083e-01 1.003120e+00 9.970562e-01 9.870743e-01 9.864350e-01 9.994984e-01 1.003489e+00 1.002501e+00 1.005785e+00 1.009819e+00 1.014751e+00 1.010592e+00 1.001874e+00 1.002151e+00 1.003846e+00 1.005306e+00 1.000325e+00 9.971538e-01 9.975003e-01 9.955954e-01 9.994377e-01 1.006310e+00 1.000963e+00 1.003786e+00 1.009824e+00 1.008136e+00 1.009901e+00 1.008854e+00 1.008073e+00 1.013355e+00 1.011669e+00 1.007850e+00 1.000974e+00 9.993822e-01 1.001818e+00 1.004818e+00 1.008597e+00 1.011504e+00 1.012911e+00 1.007991e+00 1.003223e+00 9.989339e-01 9.991959e-01 1.002834e+00 1.008594e+00 1.016494e+00 1.015476e+00 1.012112e+00 1.004754e+00 9.938810e-01 9.926852e-01 1.002252e+00 1.009619e+00 1.018927e+00 1.023566e+00 1.021341e+00 1.012142e+00 1.008621e+00 1.010564e+00 1.013303e+00 1.018631e+00 1.026359e+00 1.023720e+00 1.025369e+00 1.028954e+00 1.029040e+00 1.026800e+00 1.023285e+00 1.010111e+00 1.008459e+00 1.015031e+00 1.011715e+00 1.005514e+00 1.002591e+00 1.005784e+00 1.008843e+00 1.006348e+00 1.002624e+00 9.997422e-01 1.008643e+00 1.011606e+00 1.006699e+00 1.009007e+00 1.011480e+00 1.011563e+00 1.007427e+00 9.995025e-01 9.984724e-01 9.991995e-01 9.924645e-01 9.854701e-01 9.806582e-01 9.761172e-01 9.766221e-01 9.754114e-01 9.824678e-01 9.807183e-01 9.755803e-01 9.739473e-01 9.732130e-01 9.756072e-01 9.720609e-01 9.725539e-01 9.797748e-01 9.785599e-01 9.742159e-01 9.763181e-01 9.744745e-01 9.693656e-01 9.642720e-01 9.637095e-01 9.645532e-01 9.665909e-01 9.722385e-01 9.773228e-01 9.793354e-01 9.826844e-01 9.846746e-01 9.841837e-01 9.828451e-01 9.815245e-01 9.790024e-01 9.848548e-01 9.892099e-01 9.934266e-01
9.564969e-01 9.545919e-01 9.660224e-01 9.662548e-01 9.737821e-01 9.785973e-01 9.793063e-01 9.785322e-01 9.853405e-01 9.881789e-01 9.893869e-01 9.943573e-01 1.001435e+00 1.004552e+00 1.004584e+00 1.004560e+00 1.008579e+00 1.007834e+00 1.005538e+00 1.007617e+00 1.010325e+00 1.009687e+00 1.009117e+00 1.011834e+00 1.010340e+00 9.985122e-01 9.957636e-01 9.999937e-01 9.973684e-01 9.938807e-01 9.935893e-01 1.004224e+00 1.006040e+00 1.000192e+00 9.895953e-01 9.866748e-01 9.889777e-01 9.908541e-01 9.881505e-01 9.776254e-01 9.695050e-01 9.667569e-01 9.704394e-01 9.759086e-01 9.810358e-01 9.770883e-01 9.733527e-01 9.747023e-01 9.687295e-01 9.631870e-01 9.703751e-01 9.858733e-01 9.860727e-01 9.694795e-01 9.732653e-01 9.888706e-01 9.945794e-01 9.899617e-01 9.842430e-01 9.909733e-01 9.934581e-01 9.865961e-01 9.830990e-01 9.920040e-01 9.986035e-01 9.916071e-01 9.937146e-01 1.004118e+00 1.008462e+00 1.007086e+00 1.007098e+00 1.008950e+00 1.016705e+00 1.017100e+00 1.010587e+00 1.010076e+00 1.011994e+00 1.016849e+00 1.010668e+00 1.009435e+00 1.009691e+00 1.008548e+00 1.012657e+00 1.015636e+00 1.012446e+00 1.010573e+00 1.007413e+00 1.008635e+00 1.012244e+00 1.009822e+00 1.008384e+00 1.005870e+00 1.003767e+00 1.000679e+00 1.002427e+00 1.005626e+00 1.012241e+00 1.018235e+00 1.016706e+00 1.018228e+00 1.022614e+00 1.020230e+00 1.020817e+00 1.020818e+00 1.019892e+00 1.017484e+00 1.015318e+00 1.015270e+00 1.020480e+00 1.018456e+00 1.008158e+00 1.006658e+00 1.013996e+00 1.018817e+00 1.018524e+00 1.013529e+00 1.010980e+00 1.012639e+00 1.012596e+00 1.013586e+00 1.015518e+00 1.017571e+00 1.013831e+00 1.010941e+00 1.004180e+00 1.006436e+00 1.009546e+00 1.006315e+00 1.007869e+00 1.009853e+00 1.003899e+00 1.002365e+00 1.004043e+00 9.973274e-01 9.943350e-01 1.000013e+00 1.009470e+00 1.008713e+00 1.006213e+00 1.011657e+00 1.016482e+00 1.014576e+00 1.011496e+00 1.012662e+00 1.007050e+00 1.006515e+00 1.007509e+00 1.005537e+00 1.001696e+00 9.991918e-01 1.006390e+00 1.013902e+00 1.015907e+00 1.016842e+00 1.019471e+00 1.017319e+00 1.012194e+00 1.012989e+00 1.014536e+00 1.006691e+00 1.013671e+00 1.017935e+00 1.008876e+00 1.006022e+00 1.007280e+00 1.005595e+00 1.009919e+00 1.015818e+00 1.014215e+00 1.015975e+00 1.018002e+00 1.011942e+00 1.011096e+00 1.013523e+00 1.013941e+00 1.012419e+00 1.011596e+00 1.013429e+00 1.015036e+00 1.010422e+00 1.001768e+00 1.001565e+00 1.010156e+00 1.016060e+00 1.019163e+00 1.021260e+00 1.022190e+00 1.016809e+00 1.011005e+00 1.013924e+00 1.015023e+00 1.019778e+00 1.026947e+00 1.027490e+00 1.026468e+00 1.028948e+00 1.029337e+00 1.026706e+00 1.017767e+00 1.009711e+00 1.010093e+00 1.015823e+00 1.017648e+00 1.013120e+00 1.010920e+00 1.012155e+00 1.012617e+00 1.013511e+00 1.009500e+00 1.014068e+00 1.020916e+00 1.015159e+00 1.008775e+00 1.010372e+00 1.012576e+00 1.008182e+00 1.006109e+00 1.006242e+00 1.006893e+00 1.003546e+00 9.942552e-01 9.878626e-01 9.896979e-01 9.881581e-01 9.905562e-01 9.903338e-01 9.890205e-01 9.920149e-01 9.938327e-01 9.901255e-01 9.792199e-01 9.748147e-01 9.783171e-01 9.810276e-01 9.882186e-01 9.816564e-01 9.772732e-01 9.829146e-01 9.834998e-01 9.714944e-01 9.595275e-01 9.556745e-01 9.612852e-01 9.645785e-01 9.680976e-01 9.708439e-01 9.711091e-01 9.716062e-01 9.740169e-01 9.753669e-01 9.745790e-01 9.725054e-01 9.702244e-01 9.746566e-01 9.806274e-01 9.850447e-01
9.504671e-01 9.507990e-01 9.598066e-01 9.592353e-01 9.665579e-01 9.687053e-01 9.680274e-01 9.681077e-01 9.758366e-01 9.807571e-01 9.838254e-01 9.874234e-01 9.924117e-01 9.943868e-01 9.947405e-01 9.965028e-01 1.000354e+00 1.003089e+00 1.007065e+00 1.009556e+00 1.011979e+00 1.013459e+00 1.012970e+00 1.021919e+00 1.020549e+00 1.004933e+00 1.002436e+00 1.004627e+00 1.005469e+00 9.985933e-01 9.976925e-01 1.005618e+00 1.005137e+00 9.988500e-01 9.956174e-01 9.975043e-01 9.956853e-01 9.914123e-01 9.863370e-01 9.802744e-01 9.768133e-01 9.707305e-01 9.728367e-01 9.789221e-01 9.897444e-01 9.905005e-01 9.867322e-01 9.830385e-01 9.755988e-01 9.730059e-01 9.786072e-01 9.942573e-01 9.980111e-01 9.881025e-01 9.897630e-01 9.928889e-01 9.909629e-01 9.905965e-01 9.919625e-01 9.904824e-01 9.886146e-01 9.838141e-01 9.797440e-01 9.910344e-01 9.993883e-01 9.966452e-01 9.993272e-01 1.003576e+00 1.004398e+00 1.000983e+00 1.002523e+00 1.004139e+00 1.012076e+00 1.014364e+00 1.005301e+00 1.001867e+00 1.001475e+00 1.003059e+00 1.008368e+00 1.015078e+00 1.015624e+00 1.014042e+00 1.012938e+00 1.016532e+00 1.015024e+00 1.011659e+00 1.012445e+00 1.010454e+00 1.012134e+00 1.012551e+00 1.006794e+00 1.003369e+00 1.002658e+00 1.003118e+00 1.008631e+00 1.009500e+00 1.010178e+00 1.014809e+00 1.013258e+00 1.015642e+00 1.018307e+00 1.018786e+00 1.028503e+00 1.029531e+00 1.024748e+00 1.018772e+00 1.019166e+00 1.019972e+00 1.020481e+00 1.019473e+00 1.013628e+00 1.014670e+00 1.019318e+00 1.024043e+00 1.022262e+00 1.018837e+00 1.014236e+00 1.009367e+00 1.012347e+00 1.017533e+00 1.020769e+00 1.022192e+00 1.017319e+00 1.014055e+00 1.013970e+00 1.015261e+00 1.014730e+00 1.012396e+00 1.010589e+00 1.015292e+00 1.016479e+00 1.015793e+00 1.016289e+00 1.013614e+00 1.008941e+00 1.009759e+00 1.014561e+00 1.019996e+00 1.018145e+00 1.017945e+00 1.019973e+00 1.023518e+00 1.021757e+00 1.023163e+00 1.021748e+00 1.012552e+00 1.008812e+00 1.012771e+00 1.007875e+00 1.003026e+00 1.012459e+00 1.022212e+00 1.030043e+00 1.028719e+00 1.027157e+00 1.026615e+00 1.023730e+00 1.020237e+00 1.017747e+00 1.012595e+00 1.020362e+00 1.023500e+00 1.020352e+00 1.017197e+00 1.018956e+00 1.013339e+00 1.013077e+00 1.013290e+00 1.015022e+00 1.018845e+00 1.020080e+00 1.019343e+00 1.019085e+00 1.019580e+00 1.019875e+00 1.015007e+00 1.011085e+00 1.006046e+00 1.010221e+00 1.014086e+00 1.009918e+00 1.013026e+00 1.019135e+00 1.017021e+00 1.013104e+00 1.014220e+00 1.018769e+00 1.016699e+00 1.013897e+00 1.011552e+00 1.011227e+00 1.014570e+00 1.023532e+00 1.026503e+00 1.024014e+00 1.021955e+00 1.016602e+00 1.013641e+00 1.013390e+00 1.009924e+00 1.009305e+00 1.012311e+00 1.014086e+00 1.011806e+00 1.014585e+00 1.021418e+00 1.019195e+00 1.014986e+00 1.012029e+00 1.013792e+00 1.018705e+00 1.018388e+00 1.010002e+00 1.007050e+00 1.007361e+00 1.003669e+00 1.002946e+00 1.004566e+00 1.010695e+00 1.010103e+00 1.005690e+00 1.005219e+00 9.956983e-01 9.886680e-01 9.937855e-01 1.000291e+00 9.966649e-01 9.861188e-01 9.792423e-01 9.726545e-01 9.757789e-01 9.829566e-01 9.862104e-01 9.874372e-01 9.853743e-01 9.776092e-01 9.811592e-01 9.860452e-01 9.802758e-01 9.675235e-01 9.594353e-01 9.578009e-01 9.567614e-01 9.591405e-01 9.611439e-01 9.602169e-01 9.588800e-01 9.595487e-01 9.615498e-01 9.641311e-01 9.672465e-01 9.660187e-01 9.623587e-01 9.660783e-01 9.700317e-01 9.713464e-01
9.551797e-01 9.539323e-01 9.612682e-01 9.547357e-01 9.540604e-01 9.569525e-01 9.570494e-01 9.565123e-01 9.624022e-01 9.689595e-01 9.736063e-01 9.787158e-01 9.849281e-01 9.904122e-01 9.941267e-01 9.959275e-01 1.000132e+00 1.003435e+00 1.002837e+00 1.001797e+00 1.007659e+00 1.015062e+00 1.015342e+00 1.018197e+00 1.012752e+00 9.999980e-01 9.998432e-01 9.956221e-01 9.939229e-01 9.889278e-01 9.881914e-01 9.914379e-01 9.875463e-01 9.876660e-01 9.895687e-01 9.860148e-01 9.815601e-01 9.825377e-01 9.806352e-01 9.749815e-01 9.658180e-01 9.563518e-01 9.515870e-01 9.608254e-01 9.779909e-01 9.805093e-01 9.738550e-01 9.679167e-01 9.627852e-01 9.598829e-01 9.662778e-01 9.754344e-01 9.812795e-01 9.774768e-01 9.695947e-01 9.726161e-01 9.814519e-01 9.834028e-01 9.757603e-01 9.721869e-01 9.797270e-01 9.829795e-01 9.777628e-01 9.769130e-01 9.853095e-01 9.901974e-01 9.975217e-01 9.949502e-01 9.923313e-01 9.985421e-01 1.002671e+00 9.949785e-01 1.006251e+00 1.011432e+00 1.008548e+00 1.003246e+00 9.971969e-01 9.970325e-01 1.004781e+00 1.011273e+00 1.011493e+00 1.014062e+00 1.012737e+00 1.015691e+00 1.012946e+00 1.010649e+00 1.016703e+00 1.019950e+00 1.023336e+00 1.016047e+00 1.003462e+00 9.974965e-01 1.000604e+00 9.968852e-01 1.003808e+00 1.013158e+00 1.018966e+00 1.022402e+00 1.022928e+00 1.019218e+00 1.021020e+00 1.019559e+00 1.022792e+00 1.027331e+00 1.027065e+00 1.020351e+00 1.017340e+00 1.023121e+00 1.026852e+00 1.023738e+00 1.022167e+00 1.026030e+00 1.026363e+00 1.022788e+00 1.022008e+00 1.020792e+00 1.020198e+00 1.015108e+00 1.013022e+00 1.016662e+00 1.023762e+00 1.028236e+00 1.026846e+00 1.018059e+00 1.010700e+00 1.011188e+00 1.015529e+00 1.014633e+00 1.017105e+00 1.023243e+00 1.024649e+00 1.022830e+00 1.020466e+00 1.017780e+00 1.012267e+00 1.012180e+00 1.021067e+00 1.022218e+00 1.022554e+00 1.022036e+00 1.017041e+00 1.021682e+00 1.025232e+00 1.022929e+00 1.026985e+00 1.017220e+00 1.007723e+00 1.007183e+00 1.000666e+00 9.917464e-01 1.004682e+00 1.017077e+00 1.021990e+00 1.019489e+00 1.021169e+00 1.025852e+00 1.030318e+00 1.025340e+00 1.019368e+00 1.015319e+00 1.021497e+00 1.024125e+00 1.015837e+00 1.005490e+00 1.012422e+00 1.012190e+00 1.009735e+00 1.013819e+00 1.019974e+00 1.016600e+00 1.014843e+00 1.017891e+00 1.022793e+00 1.019029e+00 1.014387e+00 1.007414e+00 1.006962e+00 1.006407e+00 1.007652e+00 1.007379e+00 1.003739e+00 1.001877e+00 1.006826e+00 1.005476e+00 1.005417e+00 1.008914e+00 1.011376e+00 1.010952e+00 1.009865e+00 1.003867e+00 9.981874e-01 1.005075e+00 1.016879e+00 1.017614e+00 1.015493e+00 1.014393e+00 1.012209e+00 1.007620e+00 1.006094e+00 1.005252e+00 1.003978e+00 1.008426e+00 1.006503e+00 1.007728e+00 1.013851e+00 1.015211e+00 1.008368e+00 9.998401e-01 9.968584e-01 1.001852e+00 1.003160e+00 1.008415e+00 1.008408e+00 1.003760e+00 1.001896e+00 9.984114e-01 9.987124e-01 9.995523e-01 1.004432e+00 1.003056e+00 9.999357e-01 1.002088e+00 9.947370e-01 9.870719e-01 9.892815e-01 1.001603e+00 1.000916e+00 9.910861e-01 9.789724e-01 9.719364e-01 9.717522e-01 9.757363e-01 9.743493e-01 9.744066e-01 9.726599e-01 9.724872e-01 9.744383e-01 9.762027e-01 9.723890e-01 9.657187e-01 9.610160e-01 9.572443e-01 9.546806e-01 9.555175e-01 9.564207e-01 9.527525e-01 9.485028e-01 9.477413e-01 9.524634e-01 9.568143e-01 9.623832e-01 9.623151e-01 9.604961e-01 9.606010e-01 9.612760e-01 9.613579e-01
9.561619e-01 9.548290e-01 9.596022e-01 9.530116e-01 9.503511e-01 9.525360e-01 9.533761e-01 9.524337e-01 9.582806e-01 9.645122e-01 9.705207e-01 9.752510e-01 9.792516e-01 9.816601e-01 9.851502e-01 9.892920e-01 9.937662e-01 9.942822e-01 9.929755e-01 9.958218e-01 1.002255e+00 1.005359e+00 1.002799e+00 1.004215e+00 1.002837e+00 1.002574e+00 9.942756e-01 9.858453e-01 9.831260e-01 9.806018e-01 9.788248e-01 9.755847e-01 9.738782e-01 9.788001e-01 9.809303e-01 9.803345e-01 9.784481e-01 9.777104e-01 9.708304e-01 9.641073e-01 9.618313e-01 9.593546e-01 9.529344e-01 9.479960e-01 9.607186e-01 9.582473e-01 9.535837e-01 9.501165e-01 9.470420e-01 9.480014e-01 9.528967e-01 9.637280e-01 9.723002e-01 9.700311e-01 9.646328e-01 9.705645e-01 9.749441e-01 9.719493e-01 9.709033e-01 9.761485e-01 9.811922e-01 9.711918e-01 9.677546e-01 9.728504e-01 9.802172e-01 9.824296e-01 9.839125e-01 9.867944e-01 9.882601e-01 9.908822e-01 9.934196e-01 9.957988e-01 1.006831e+00 1.004228e+00 1.001569e+00 1.003542e+00 1.004351e+00 1.007719e+00 1.009556e+00 1.009235e+00 1.010359e+00 1.011994e+00 1.007220e+00 1.008211e+00 1.005928e+00 1.001622e+00 1.004304e+00 1.012306e+00 1.016307e+00 1.006898e+00 9.977399e-01 1.001378e+00 9.983680e-01 9.922639e-01 1.002466e+00 1.011951e+00 1.013794e+00 1.013553e+00 1.016378e+00 1.018537e+00 1.023971e+00 1.021757e+00 1.027173e+00 1.029468e+00 1.023725e+00 1.014859e+00 1.011202e+00 1.014529e+00 1.020056e+00 1.022147e+00 1.021472e+00 1.023754e+00 1.027504e+00 1.023915e+00 1.017655e+00 1.019636e+00 1.018365e+00 1.012624e+00 1.012853e+00 1.012132e+00 1.017755e+00 1.021911e+00 1.018992e+00 1.014865e+00 1.012015e+00 1.012848e+00 1.012672e+00 1.011311e+00 1.016450e+00 1.024302e+00 1.025188e+00 1.020334e+00 1.014471e+00 1.012115e+00 1.004154e+00 1.000464e+00 1.010433e+00 1.015702e+00 1.009575e+00 1.013382e+00 1.016478e+00 1.019752e+00 1.023662e+00 1.021636e+00 1.020255e+00 1.017726e+00 1.011111e+00 9.991245e-01 9.856114e-01 9.852381e-01 9.992816e-01 1.010246e+00 1.021913e+00 1.022159e+00 1.019479e+00 1.021409e+00 1.026053e+00 1.019954e+00 1.011752e+00 1.009170e+00 1.016922e+00 1.020487e+00 1.012024e+00 1.000344e+00 1.003487e+00 1.005154e+00 1.006176e+00 1.013578e+00 1.019749e+00 1.019661e+00 1.014737e+00 1.015675e+00 1.011018e+00 1.003259e+00 1.004397e+00 9.980658e-01 1.002761e+00 1.007018e+00 1.003956e+00 9.955572e-01 9.922894e-01 9.944690e-01 9.919495e-01 9.909897e-01 9.926177e-01 9.976583e-01 9.974563e-01 9.943950e-01 9.931781e-01 9.894215e-01 9.886653e-01 9.944249e-01 1.001857e+00 1.001589e+00 1.002176e+00 1.005592e+00 1.004286e+00 1.001778e+00 9.999933e-01 9.905894e-01 9.858842e-01 9.932249e-01 9.955323e-01 9.992925e-01 1.004442e+00 1.004719e+00 9.988307e-01 9.888706e-01 9.868952e-01 9.857705e-01 9.902253e-01 1.000047e+00 1.004162e+00 1.000715e+00 9.955250e-01 9.895063e-01 9.874517e-01 9.845538e-01 9.857895e-01 9.799556e-01 9.751317e-01 9.855779e-01 9.838047e-01 9.776978e-01 9.816716e-01 9.843777e-01 9.860415e-01 9.759426e-01 9.646668e-01 9.621784e-01 9.614320e-01 9.614009e-01 9.548984e-01 9.488919e-01 9.491795e-01 9.562026e-01 9.564258e-01 9.576690e-01 9.559087e-01 9.549055e-01 9.537956e-01 9.502785e-01 9.461441e-01 9.464101e-01 9.470462e-01 9.438821e-01 9.384675e-01 9.380348e-01 9.424971e-01 9.483093e-01 9.574204e-01 9.604188e-01 9.574095e-01 9.581620e-01 9.558463e-01 9.539893e-01
